15:41:51.054757 [debug]: Started rendering model TRANSFORM.sl_account
15:41:51.054805 [info ]: Started model TRANSFORM.v_account
15:41:51.054829 [debug]: Started rendering model TRANSFORM.v_account
15:41:51.054879 [info ]: Started model analytics.gld_fraud_alert
15:41:51.054906 [debug]: Started rendering model analytics.gld_fraud_alert
15:41:51.054968 [info ]: Started model analytics.gld_rule_results
15:41:51.055027 [debug]: Started rendering model analytics.gld_rule_results
15:41:51.054977 [debug]: Started connection limit wait
15:41:51.055120 [debug]: Started connection limit wait
15:41:51.055115 [info ]: Started seed TRANSFORM.dim_fraud_rule
15:41:51.055150 [debug]: Started rendering seed TRANSFORM.dim_fraud_rule
15:41:51.055188 [info ]: Started model TRANSFORM.sl_beneficiary
15:41:51.055200 [debug]: Started connection limit wait
15:41:51.055209 [debug]: Started rendering model TRANSFORM.sl_beneficiary
15:41:51.055232 [info ]: Started model TRANSFORM.v_beneficiary
15:41:51.055251 [debug]: Started rendering model TRANSFORM.v_beneficiary
15:41:51.055282 [info ]: Started model TRANSFORM.sl_watchlist
15:41:51.055308 [debug]: Started rendering model TRANSFORM.sl_watchlist
15:41:51.055342 [info ]: Started model TRANSFORM.v_watchlist
15:41:51.055364 [debug]: Started rendering model TRANSFORM.v_watchlist
15:41:51.055421 [info ]: Started model TRANSFORM.sl_transaction
15:41:51.055447 [debug]: Started rendering model TRANSFORM.sl_transaction
15:41:51.055484 [info ]: Started model TRANSFORM.v_transaction
15:41:51.055504 [debug]: Started rendering model TRANSFORM.v_transaction
15:41:51.055532 [info ]: Started model TRANSFORM.sl_merchant
15:41:51.055551 [debug]: Started rendering model TRANSFORM.sl_merchant
15:41:51.055593 [info ]: Started model TRANSFORM.v_merchant
15:41:51.055606 [debug]: Started rendering model TRANSFORM.v_merchant
15:41:51.055828 [info ]: Started model TRANSFORM.sl_device_registry
15:41:51.055870 [debug]: Started rendering model TRANSFORM.sl_device_registry
15:41:51.055943 [info ]: Started model TRANSFORM.v_device_registry
15:41:51.055966 [debug]: Started rendering model TRANSFORM.v_device_registry
15:41:51.056042 [info ]: Started model TRANSFORM.sl_customer
15:41:51.056096 [debug]: Started rendering model TRANSFORM.sl_customer
15:41:51.056182 [info ]: Started model TRANSFORM.v_customer
15:41:51.056219 [debug]: Started rendering model TRANSFORM.v_customer
15:41:51.057725 [debug]: Started connection limit wait
15:41:51.057892 [debug]: Started connection limit wait
15:41:51.058084 [debug]: Finished rendering [  0.00s] seed TRANSFORM.dim_fraud_rule [success]
15:41:51.058139 [info ]:  Succeeded [  0.00s] seed  TRANSFORM.dim_fraud_rule (table)
15:41:51.058205 [debug]: Started connection limit wait
15:41:51.058236 [debug]: Started connection limit wait
15:41:51.058251 [debug]: Started connection limit wait
15:41:51.058934 [debug]: Started connection limit wait
15:41:51.059005 [debug]: Started connection limit wait
15:41:51.059044 [debug]: Started connection limit wait
15:41:51.059064 [debug]: Started connection limit wait
15:41:51.059082 [debug]: Started connection limit wait
15:41:51.059082 [debug]: Started connection limit wait
15:41:51.059096 [debug]: Started connection limit wait
15:41:51.059289 [debug]: Started connection limit wait
15:41:51.060338 [debug]: Compiled SQL for node model.UPI_Fraud_Monitoring.v_raw_transaction at target\.lsp\compiled\UPI_Fraud_Monitoring\models\bronze\raw_views\v_raw_transaction.sql
15:41:51.060584 [debug]: Compiled SQL for node snapshot.UPI_Fraud_Monitoring.policy_snapshot at target\.lsp\compiled\UPI_Fraud_Monitoring\snapshots\sl_account.sql\policy_snapshot.sql
15:41:51.061100 [debug]: Finished rendering [  0.01s] model TRANSFORM.v_raw_transaction [success]
15:41:51.061218 [info ]: Started analyzing (33 nodes)
15:41:51.061243 [debug]: Started analyzing model TRANSFORM.v_raw_transaction
15:41:51.061298 [debug]: Finished connection limit wait [  0.01s]
15:41:51.062006 [debug]: Compiled SQL for node model.UPI_Fraud_Monitoring.v_raw_customer at target\.lsp\compiled\UPI_Fraud_Monitoring\models\bronze\raw_views\v_raw_customer.sql
15:41:51.062887 [debug]: Compiled SQL for node model.UPI_Fraud_Monitoring.v_raw_device_registry at target\.lsp\compiled\UPI_Fraud_Monitoring\models\bronze\raw_views\v_raw_device_registry.sql
15:41:51.063813 [debug]: Compiled SQL for node model.UPI_Fraud_Monitoring.v_raw_merchant at target\.lsp\compiled\UPI_Fraud_Monitoring\models\bronze\raw_views\v_raw_merchant.sql
15:41:51.064055 [debug]: Finished rendering [  0.01s] snapshot snapshots.policy_snapshot [success]
15:41:51.064144 [debug]: Started analyzing snapshot snapshots.policy_snapshot
15:41:51.065089 [debug]: Finished analyzing [  0.00s] model TRANSFORM.v_raw_transaction [success]
15:41:51.065193 [info ]:  Succeeded [  0.01s] model TRANSFORM.v_raw_transaction (view)
15:41:51.065267 [debug]: Finished analyzing [  0.00s] snapshot snapshots.policy_snapshot [success]
15:41:51.065289 [info ]:  Succeeded [  0.01s] snapshot snapshots.policy_snapshot (snapshot)
15:41:51.065317 [debug]: Compiled SQL for node model.UPI_Fraud_Monitoring.v_raw_watchlist at target\.lsp\compiled\UPI_Fraud_Monitoring\models\bronze\raw_views\v_raw_watchlist.sql
15:41:51.065698 [debug]: Started analyzing model TRANSFORM.v_raw_customer
15:41:51.065935 [debug]: Finished connection limit wait [  0.01s]
15:41:51.066240 [debug]: Finished rendering [  0.01s] model TRANSFORM.v_raw_device_registry [success]
15:41:51.066322 [debug]: Started analyzing model TRANSFORM.v_raw_device_registry
15:41:51.066329 [debug]: Compiled SQL for node model.UPI_Fraud_Monitoring.v_raw_collect_request at target\.lsp\compiled\UPI_Fraud_Monitoring\models\bronze\raw_views\v_raw_collect_request.sql
15:41:51.067252 [debug]: Compiled SQL for node model.UPI_Fraud_Monitoring.gld_fraud_alert at target\.lsp\compiled\UPI_Fraud_Monitoring\models\gold\gld_fraud_alert.sql
15:41:51.067362 [debug]: Finished analyzing [  0.00s] model TRANSFORM.v_raw_customer [success]
15:41:51.067416 [info ]:  Succeeded [  0.01s] model TRANSFORM.v_raw_customer (view)
15:41:51.067781 [debug]: Finished connection limit wait [  0.01s]
15:41:51.068240 [debug]: Compiled SQL for node model.UPI_Fraud_Monitoring.v_raw_beneficiary at target\.lsp\compiled\UPI_Fraud_Monitoring\models\bronze\raw_views\v_raw_beneficiary.sql
15:41:51.069092 [debug]: Compiled SQL for node model.UPI_Fraud_Monitoring.sl_account at target\.lsp\compiled\UPI_Fraud_Monitoring\models\silver\sl_account.sql
15:41:51.069091 [debug]: Compiled SQL for node model.UPI_Fraud_Monitoring.v_raw_account at target\.lsp\compiled\UPI_Fraud_Monitoring\models\bronze\raw_views\v_raw_account.sql
15:41:51.069301 [debug]: Finished analyzing [  0.00s] model TRANSFORM.v_raw_device_registry [success]
15:41:51.069365 [info ]:  Succeeded [  0.01s] model TRANSFORM.v_raw_device_registry (view)
15:41:51.069517 [debug]: Finished connection limit wait [  0.01s]
15:41:51.069519 [debug]: Finished connection limit wait [  0.01s]
15:41:51.069530 [debug]: Finished rendering [  0.02s] model TRANSFORM.v_raw_merchant [success]
15:41:51.069630 [debug]: Started analyzing model TRANSFORM.v_raw_merchant
15:41:51.069614 [debug]: Finished connection limit wait [  0.01s]
15:41:51.069711 [debug]: Started analyzing model TRANSFORM.v_raw_watchlist
15:41:51.069777 [debug]: Finished rendering [  0.02s] model TRANSFORM.v_raw_collect_request [success]
15:41:51.069868 [debug]: Finished connection limit wait [  0.01s]
15:41:51.069805 [debug]: Started analyzing model TRANSFORM.v_raw_collect_request
15:41:51.069938 [debug]: Started analyzing model analytics.gld_fraud_alert
15:41:51.069979 [debug]: Started analyzing model TRANSFORM.v_raw_beneficiary
15:41:51.069979 [debug]: Finished rendering [  0.02s] model TRANSFORM.v_raw_watchlist [success]
15:41:51.070030 [debug]: Finished rendering [  0.02s] model analytics.gld_fraud_alert [success]
15:41:51.070073 [debug]: Finished rendering [  0.01s] model TRANSFORM.v_raw_beneficiary [success]
15:41:51.070084 [debug]: Started analyzing model TRANSFORM.sl_account
15:41:51.070145 [debug]: Started analyzing model TRANSFORM.v_raw_account
15:41:51.070167 [debug]: Finished rendering [  0.02s] model TRANSFORM.sl_account [success]
15:41:51.070192 [debug]: Finished connection limit wait [  0.02s]
15:41:51.070211 [debug]: Finished rendering [  0.00s] model TRANSFORM.v_raw_account [success]
15:41:51.070635 [debug]: Compiled SQL for node model.UPI_Fraud_Monitoring.gld_rule_results at target\.lsp\compiled\UPI_Fraud_Monitoring\models\gold\gld_rule_results.sql
15:41:51.072704 [debug]: Started analyzing model analytics.gld_rule_results
15:41:51.073642 [debug]: Compiled SQL for node model.UPI_Fraud_Monitoring.v_collect_request at target\.lsp\compiled\UPI_Fraud_Monitoring\models\bronze\views\v_collect_request.sql
15:41:51.074376 [debug]: Finished analyzing [  0.00s] model TRANSFORM.v_raw_merchant [success]
15:41:51.074448 [info ]:  Succeeded [  0.02s] model TRANSFORM.v_raw_merchant (view)
15:41:51.074556 [debug]: Finished rendering [  0.01s] model TRANSFORM.v_collect_request [success]
15:41:51.074598 [debug]: Started analyzing model TRANSFORM.v_collect_request
15:41:51.074639 [debug]: Finished connection limit wait [  0.02s]
15:41:51.074828 [debug]: Compiled SQL for node model.UPI_Fraud_Monitoring.sl_collect_request at target\.lsp\compiled\UPI_Fraud_Monitoring\models\silver\sl_collect_request.sql
15:41:51.077198 [debug]: Finished analyzing [  0.01s] model analytics.gld_fraud_alert [success]
15:41:51.077252 [debug]: Compiled SQL for node model.UPI_Fraud_Monitoring.v_password_change at target\.lsp\compiled\UPI_Fraud_Monitoring\models\bronze\views\v_password_change.sql
15:41:51.077280 [info ]:  Succeeded [  0.02s] model analytics.gld_fraud_alert (incremental)
15:41:51.077372 [debug]: Finished analyzing [  0.01s] model TRANSFORM.v_raw_watchlist [success]
15:41:51.077392 [info ]:  Succeeded [  0.02s] model TRANSFORM.v_raw_watchlist (view)
15:41:51.078695 [debug]: Finished connection limit wait [  0.02s]
15:41:51.079166 [debug]: Finished connection limit wait [  0.02s]
15:41:51.078226 [debug]: Finished analyzing [  0.01s] model TRANSFORM.v_raw_beneficiary [success]
15:41:51.080465 [info ]:  Succeeded [  0.02s] model TRANSFORM.v_raw_beneficiary (view)
15:41:51.080877 [debug]: Finished rendering [  0.01s] model TRANSFORM.sl_collect_request [success]
15:41:51.080888 [debug]: Compiled SQL for node model.UPI_Fraud_Monitoring.sl_login_activity at target\.lsp\compiled\UPI_Fraud_Monitoring\models\silver\sl_login_activity.sql
15:41:51.080962 [debug]: Started analyzing model TRANSFORM.sl_collect_request
15:41:51.081020 [debug]: Finished analyzing [  0.01s] model TRANSFORM.v_raw_collect_request [success]
15:41:51.081041 [info ]:  Succeeded [  0.03s] model TRANSFORM.v_raw_collect_request (view)
15:41:51.081079 [debug]: Finished rendering [  0.01s] model TRANSFORM.v_password_change [success]
15:41:51.081098 [debug]: Started analyzing model TRANSFORM.v_password_change
15:41:51.081128 [debug]: Finished analyzing [  0.01s] model TRANSFORM.sl_account [success]
15:41:51.081145 [info ]:  Succeeded [  0.03s] model TRANSFORM.sl_account (incremental)
15:41:51.082116 [debug]: Finished analyzing [  0.01s] model TRANSFORM.v_raw_account [success]
15:41:51.082190 [info ]:  Succeeded [  0.01s] model TRANSFORM.v_raw_account (view)
15:41:51.082241 [debug]: Compiled SQL for node model.UPI_Fraud_Monitoring.sl_transaction at target\.lsp\compiled\UPI_Fraud_Monitoring\models\silver\sl_transaction.sql
15:41:51.082480 [debug]: Finished rendering [  0.01s] model TRANSFORM.sl_login_activity [success]
15:41:51.082538 [debug]: Started analyzing model TRANSFORM.sl_login_activity
15:41:51.082593 [debug]: Finished connection limit wait [  0.02s]
15:41:51.083988 [debug]: Compiled SQL for node model.UPI_Fraud_Monitoring.v_beneficiary at target\.lsp\compiled\UPI_Fraud_Monitoring\models\bronze\views\v_beneficiary.sql
15:41:51.084943 [debug]: Finished rendering [  0.03s] model TRANSFORM.v_raw_customer [success]
15:41:51.085098 [debug]: Compiled SQL for node model.UPI_Fraud_Monitoring.sl_beneficiary at target\.lsp\compiled\UPI_Fraud_Monitoring\models\silver\sl_beneficiary.sql
15:41:51.085245 [debug]: Finished analyzing [  0.00s] model TRANSFORM.sl_collect_request [success]
15:41:51.085294 [info ]:  Succeeded [  0.02s] model TRANSFORM.sl_collect_request (incremental)
15:41:51.085356 [debug]: Finished rendering [  0.01s] model TRANSFORM.sl_transaction [success]
15:41:51.085404 [debug]: Started analyzing model TRANSFORM.sl_transaction
15:41:51.085399 [debug]: Finished connection limit wait [  0.03s]
15:41:51.085455 [debug]: Finished rendering [  0.01s] model TRANSFORM.v_beneficiary [success]
15:41:51.085479 [debug]: Started analyzing model TRANSFORM.v_beneficiary
15:41:51.084769 [debug]: Compiled SQL for node model.UPI_Fraud_Monitoring.v_raw_password_change at target\.lsp\compiled\UPI_Fraud_Monitoring\models\bronze\raw_views\v_raw_password_change.sql
15:41:51.085705 [debug]: Finished connection limit wait [  0.03s]
15:41:51.085858 [debug]: Finished rendering [  0.01s] model TRANSFORM.sl_beneficiary [success]
15:41:51.085907 [debug]: Started analyzing model TRANSFORM.sl_beneficiary
15:41:51.085944 [debug]: Finished connection limit wait [  0.03s]
15:41:51.086818 [debug]: Compiled SQL for node model.UPI_Fraud_Monitoring.v_transaction at target\.lsp\compiled\UPI_Fraud_Monitoring\models\bronze\views\v_transaction.sql
15:41:51.087019 [debug]: Finished analyzing [  0.01s] model TRANSFORM.v_collect_request [success]
15:41:51.088138 [info ]:  Succeeded [  0.02s] model TRANSFORM.v_collect_request (view)
15:41:51.088280 [debug]: Compiled SQL for node model.UPI_Fraud_Monitoring.sl_merchant at target\.lsp\compiled\UPI_Fraud_Monitoring\models\silver\sl_merchant.sql
15:41:51.088715 [debug]: Finished rendering [  0.03s] model TRANSFORM.v_raw_password_change [success]
15:41:51.088837 [debug]: Started analyzing model TRANSFORM.v_raw_password_change
15:41:51.088899 [debug]: Finished analyzing [  0.01s] model TRANSFORM.sl_login_activity [success]
15:41:51.089100 [debug]: Finished connection limit wait [  0.03s]
15:41:51.089105 [info ]:  Succeeded [  0.02s] model TRANSFORM.sl_login_activity (incremental)
15:41:51.089187 [debug]: Finished rendering [  0.01s] model TRANSFORM.v_transaction [success]
15:41:51.089225 [debug]: Started analyzing model TRANSFORM.v_transaction
15:41:51.089394 [debug]: Finished rendering [  0.01s] model TRANSFORM.sl_merchant [success]
15:41:51.089396 [debug]: Finished connection limit wait [  0.03s]
15:41:51.089436 [debug]: Started analyzing model TRANSFORM.sl_merchant
15:41:51.089466 [debug]: Finished connection limit wait [  0.03s]
15:41:51.089806 [debug]: Compiled SQL for node model.UPI_Fraud_Monitoring.sl_watchlist at target\.lsp\compiled\UPI_Fraud_Monitoring\models\silver\sl_watchlist.sql
15:41:51.090416 [debug]: Finished analyzing [  0.00s] model TRANSFORM.v_raw_password_change [success]
15:41:51.090480 [info ]:  Succeeded [  0.04s] model TRANSFORM.v_raw_password_change (view)
15:41:51.090605 [debug]: Finished rendering [  0.01s] model TRANSFORM.sl_watchlist [success]
15:41:51.090659 [debug]: Started analyzing model TRANSFORM.sl_watchlist
15:41:51.091654 [debug]: Compiled SQL for node model.UPI_Fraud_Monitoring.v_watchlist at target\.lsp\compiled\UPI_Fraud_Monitoring\models\bronze\views\v_watchlist.sql
15:41:51.092536 [debug]: Compiled SQL for node model.UPI_Fraud_Monitoring.v_customer at target\.lsp\compiled\UPI_Fraud_Monitoring\models\bronze\views\v_customer.sql
15:41:51.094178 [debug]: Finished analyzing [  0.00s] model TRANSFORM.sl_merchant [success]
15:41:51.094252 [info ]:  Succeeded [  0.01s] model TRANSFORM.sl_merchant (incremental)
15:41:51.094671 [debug]: Finished connection limit wait [  0.04s]
15:41:51.094618 [debug]: Finished rendering [  0.01s] model TRANSFORM.v_watchlist [success]
15:41:51.094854 [debug]: Finished connection limit wait [  0.04s]
15:41:51.094865 [debug]: Started analyzing model TRANSFORM.v_watchlist
15:41:51.094913 [debug]: Finished connection limit wait [  0.04s]
15:41:51.094923 [debug]: Finished rendering [  0.01s] model TRANSFORM.v_customer [success]
15:41:51.094945 [debug]: Started analyzing model TRANSFORM.v_customer
15:41:51.094982 [debug]: Finished analyzing [  0.02s] model analytics.gld_rule_results [success]
15:41:51.095007 [info ]:  Succeeded [  0.04s] model analytics.gld_rule_results (incremental)
15:41:51.097355 [debug]: Compiled SQL for node model.UPI_Fraud_Monitoring.sl_customer at target\.lsp\compiled\UPI_Fraud_Monitoring\models\silver\sl_customer.sql
15:41:51.097413 [debug]: Compiled SQL for node model.UPI_Fraud_Monitoring.v_device_registry at target\.lsp\compiled\UPI_Fraud_Monitoring\models\bronze\views\v_device_registry.sql
15:41:51.097466 [debug]: Compiled SQL for node model.UPI_Fraud_Monitoring.sl_password_change at target\.lsp\compiled\UPI_Fraud_Monitoring\models\silver\sl_password_change.sql
15:41:51.098607 [debug]: Finished rendering [  0.04s] model analytics.gld_rule_results [success]
15:41:51.099680 [debug]: Finished analyzing [  0.01s] model TRANSFORM.sl_watchlist [success]
15:41:51.099769 [info ]:  Succeeded [  0.01s] model TRANSFORM.sl_watchlist (incremental)
15:41:51.099870 [debug]: Finished rendering [  0.01s] model TRANSFORM.sl_customer [success]
15:41:51.099914 [debug]: Started analyzing model TRANSFORM.sl_customer
15:41:51.099975 [debug]: Finished rendering [  0.01s] model TRANSFORM.v_device_registry [success]
15:41:51.099997 [debug]: Started analyzing model TRANSFORM.v_device_registry
15:41:51.100048 [debug]: Finished rendering [  0.03s] model TRANSFORM.sl_password_change [success]
15:41:51.100070 [debug]: Started analyzing model TRANSFORM.sl_password_change
15:41:51.100141 [debug]: Finished analyzing [  0.02s] model TRANSFORM.v_password_change [success]
15:41:51.100176 [info ]:  Succeeded [  0.03s] model TRANSFORM.v_password_change (view)
15:41:51.101071 [debug]: Compiled SQL for node model.UPI_Fraud_Monitoring.v_login_activity at target\.lsp\compiled\UPI_Fraud_Monitoring\models\bronze\views\v_login_activity.sql
15:41:51.102011 [debug]: Compiled SQL for node model.UPI_Fraud_Monitoring.v_account at target\.lsp\compiled\UPI_Fraud_Monitoring\models\bronze\views\v_account.sql
15:41:51.102231 [debug]: Compiled SQL for node model.UPI_Fraud_Monitoring.v_raw_login_activity at target\.lsp\compiled\UPI_Fraud_Monitoring\models\bronze\raw_views\v_raw_login_activity.sql
15:41:51.102576 [debug]: Finished analyzing [  0.00s] model TRANSFORM.sl_customer [success]
15:41:51.102623 [info ]:  Succeeded [  0.01s] model TRANSFORM.sl_customer (incremental)
15:41:51.103957 [debug]: Compiled SQL for node model.UPI_Fraud_Monitoring.sl_device_registry at target\.lsp\compiled\UPI_Fraud_Monitoring\models\silver\sl_device_registry.sql
15:41:51.104191 [debug]: Finished rendering [  0.04s] model TRANSFORM.v_login_activity [success]
15:41:51.104268 [debug]: Started analyzing model TRANSFORM.v_login_activity
15:41:51.106347 [debug]: create_debug_span(...).entered() took 49.6µs
15:41:51.106343 [debug]: Finished analyzing [  0.02s] model TRANSFORM.sl_transaction [success]
15:41:51.106397 [info ]:  Succeeded [  0.03s] model TRANSFORM.sl_transaction (incremental)
15:41:51.106582 [debug]: Finished analyzing [  0.01s] model TRANSFORM.v_watchlist [success]
15:41:51.106611 [info ]:  Succeeded [  0.02s] model TRANSFORM.v_watchlist (view)
15:41:51.106697 [debug]: Finished rendering [  0.02s] model TRANSFORM.v_account [success]
15:41:51.106734 [debug]: Started analyzing model TRANSFORM.v_account
15:41:51.106773 [debug]: Finished rendering [  0.05s] model TRANSFORM.v_raw_login_activity [success]
15:41:51.106793 [debug]: Started analyzing model TRANSFORM.v_raw_login_activity
15:41:51.106828 [debug]: Finished rendering [  0.02s] model TRANSFORM.sl_device_registry [success]
15:41:51.106849 [debug]: Started analyzing model TRANSFORM.sl_device_registry
15:41:51.107303 [debug]: Finished analyzing [  0.00s] model TRANSFORM.v_raw_login_activity [success]
15:41:51.107340 [info ]:  Succeeded [  0.05s] model TRANSFORM.v_raw_login_activity (view)
15:41:51.109270 [debug]: Finished analyzing [  0.00s] model TRANSFORM.sl_device_registry [success]
15:41:51.110506 [info ]:  Succeeded [  0.02s] model TRANSFORM.sl_device_registry (incremental)
15:41:51.113265 [debug]: Finished analyzing [  0.01s] model TRANSFORM.v_device_registry [success]
15:41:51.113330 [info ]:  Succeeded [  0.03s] model TRANSFORM.v_device_registry (view)
15:41:51.114919 [debug]: Finished analyzing [  0.01s] model TRANSFORM.v_login_activity [success]
15:41:51.114998 [info ]:  Succeeded [  0.04s] model TRANSFORM.v_login_activity (view)
15:41:51.115313 [debug]: Finished analyzing [  0.02s] model TRANSFORM.sl_password_change [success]
15:41:51.115347 [info ]:  Succeeded [  0.05s] model TRANSFORM.sl_password_change (incremental)
15:41:51.115485 [debug]: Finished analyzing [  0.03s] model TRANSFORM.v_transaction [success]
15:41:51.115513 [info ]:  Succeeded [  0.04s] model TRANSFORM.v_transaction (view)
15:41:51.118694 [debug]: Finished analyzing [  0.03s] model TRANSFORM.sl_beneficiary [success]
15:41:51.118767 [info ]:  Succeeded [  0.04s] model TRANSFORM.sl_beneficiary (incremental)
15:41:51.119644 [debug]: Finished analyzing [  0.03s] model TRANSFORM.v_beneficiary [success]
15:41:51.119712 [info ]:  Succeeded [  0.04s] model TRANSFORM.v_beneficiary (view)
15:41:51.121234 [debug]: Finished analyzing [  0.03s] model TRANSFORM.v_customer [success]
15:41:51.121317 [info ]:  Succeeded [  0.03s] model TRANSFORM.v_customer (view)
15:41:51.123142 [debug]: Finished analyzing [  0.02s] model TRANSFORM.v_account [success]
15:41:51.123226 [info ]:  Succeeded [  0.03s] model TRANSFORM.v_account (view)
15:41:51.282006 [debug]: stmt.execute() (submit+wait_for_completion, returns reader) took 174.4711ms
15:41:51.282058 [debug]: reader.schema() took 1.1µs
15:41:51.284390 [debug]: batch-consume loop (for res in reader) took 2.2921ms
15:41:51.286601 [debug]: do_execute(conn) (closure: stmt.execute + schema + batch loop) took 180.1857ms
15:41:51.286735 [debug]: concat_batches + normalize_result_column_names took 83.2µs
15:41:51.286750 [debug]: record_current_span_status_from_attrs took 7.1µs
15:41:51.286768 [debug]: Query executed on node model.UPI_Fraud_Monitoring.v_merchant:
describe table "UPI_FRAUD_MONITORING_DB"."TRANSFORM"."V_RAW_MERCHANT"
/* {"app": "dbt", "connection_name": "", "dbt_version": "2.0.0", "profile_name": "UPI_Fraud_Monitoring", "target_name": "dev"} */
15:41:51.286791 [debug]: drop(query_span_guard) (span exit/export) took 32.9µs
15:41:51.290779 [debug]: Compiled SQL for node model.UPI_Fraud_Monitoring.v_merchant at target\.lsp\compiled\UPI_Fraud_Monitoring\models\bronze\views\v_merchant.sql
15:41:51.291358 [debug]: Finished rendering [  0.20s] model TRANSFORM.v_merchant [success]
15:41:51.291495 [info ]: Finished rendering [  0.24s] (34 nodes, 0 skipped, 0 errors)
15:41:51.291569 [debug]: Started analyzing model TRANSFORM.v_merchant
15:41:51.297931 [debug]: Finished analyzing [  0.01s] model TRANSFORM.v_merchant [success]
15:41:51.297990 [info ]: Finished analyzing [  0.24s] (33 nodes, 0 skipped, 0 errors)
15:41:51.298008 [info ]:  Succeeded [  0.21s] model TRANSFORM.v_merchant (view)
15:41:51.317978 [info ]: Started scheduling
15:41:51.318180 [info ]: Finished scheduling [  0.00s]
15:41:51.318557 [info ]: 
==================== Execution Summary =====================
Finished 'compile' successfully for target 'dev' [1.1s]
Processed: 32 models | 1 snapshot | 1 seed
Summary: 34 total | 34 success
15:41:51.319834 [info ]: Cached model count updated: 32 models (accurate)
==================== 2026-09-10T15:50:01.002336Z | f4f8cae4-7841-43d2-95ba-8e9642779373 ====================
15:50:01.002528 [info ]: Started loading project
15:50:01.003572 [info ]: Loading profiles.yml
15:50:01.030559 [info ]: Started parsing
15:50:01.112021 [info ]: Finished loading project [  0.11s]
15:50:01.120464 [debug]: Finished parsing models/schema.yml [  0.00s]
15:50:01.124865 [debug]: Finished parsing snapshots\sl_account.sql [  0.00s]
15:50:01.128762 [debug]: Finished parsing models/silver/sl_account.sql [  0.00s]
15:50:01.130712 [debug]: Finished parsing models/silver/sl_customer.sql [  0.00s]
15:50:01.454868 [info ]: Finished parsing [  0.42s]
15:50:01.462293 [info ]: Cached model count updated: 32 models (estimate)
15:50:01.462330 [info ]: Cached model count updated: 32 models (accurate)
15:50:01.462451 [info ]: Started scheduling
15:50:01.462715 [info ]: Finished scheduling [  0.00s]
15:50:01.462742 [debug]: Compilation - 2 nodes selected: {"model.UPI_Fraud_Monitoring.sl_account", "model.UPI_Fraud_Monitoring.v_account"}
15:50:01.466226 [debug]:    Started downloading relations (1 items)
15:50:01.999986 [debug]: create_debug_span(...).entered() took 31.5µs
15:50:02.181810 [debug]: stmt.execute() (submit+wait_for_completion, returns reader) took 181.6824ms
15:50:02.181864 [debug]: reader.schema() took 1.2µs
15:50:02.188535 [debug]: batch-consume loop (for res in reader) took 6.6221ms
15:50:02.192407 [debug]: do_execute(conn) (closure: stmt.execute + schema + batch loop) took 192.3442ms
15:50:02.192587 [debug]: concat_batches + normalize_result_column_names took 122.4µs
15:50:02.192607 [debug]: record_current_span_status_from_attrs took 7.7µs
15:50:02.192628 [debug]: Query executed on node unknown:
SHOW OBJECTS IN SCHEMA "UPI_FRAUD_MONITORING_DB"."TRANSFORM" LIMIT 10000
15:50:02.192641 [debug]: drop(query_span_guard) (span exit/export) took 24.4µs
15:50:02.549208 [debug]:   Finished [  1.08s] downloading relations (1 items)
15:50:02.622298 [info ]: Started building task graph
15:50:02.622405 [info ]: Finished building task graph [  0.00s]
15:50:02.631168 [info ]: Started rendering (2 nodes)
15:50:02.631230 [info ]: Started model TRANSFORM.sl_account
15:50:02.631245 [debug]: Started rendering model TRANSFORM.sl_account
15:50:02.631281 [info ]: Started model TRANSFORM.v_account
15:50:02.631289 [debug]: Started rendering model TRANSFORM.v_account
15:50:02.632022 [debug]: Compiled SQL for node model.UPI_Fraud_Monitoring.v_account at target\.lsp\compiled\UPI_Fraud_Monitoring\models\bronze\views\v_account.sql
15:50:02.632289 [debug]: Finished rendering [  0.00s] model TRANSFORM.v_account [success]
15:50:02.632380 [info ]: Started analyzing (2 nodes)
15:50:02.632406 [debug]: Started analyzing model TRANSFORM.v_account
15:50:02.634825 [debug]: Compiled SQL for node model.UPI_Fraud_Monitoring.sl_account at target\.lsp\compiled\UPI_Fraud_Monitoring\models\silver\sl_account.sql
15:50:02.635263 [debug]: Finished rendering [  0.00s] model TRANSFORM.sl_account [success]
15:50:02.635330 [info ]: Finished rendering [  0.00s] (2 nodes, 0 skipped, 0 errors)
15:50:02.635381 [debug]: Started analyzing model TRANSFORM.sl_account
15:50:02.638566 [debug]: Finished analyzing [  0.01s] model TRANSFORM.v_account [success]
15:50:02.638637 [info ]:  Succeeded [  0.01s] model TRANSFORM.v_account (view)
15:50:02.638690 [debug]: Finished analyzing [  0.00s] model TRANSFORM.sl_account [success]
15:50:02.638703 [info ]: Finished analyzing [  0.01s] (2 nodes, 0 skipped, 0 errors)
15:50:02.638712 [info ]:  Succeeded [  0.01s] model TRANSFORM.sl_account (incremental)
15:50:02.649770 [info ]: Started scheduling
15:50:02.650179 [info ]: Finished scheduling [  0.00s]
15:50:02.651807 [info ]: 
==================== Execution Summary =====================
Finished 'compile' successfully for target 'dev' [1.6s]
Processed: 2 models
Summary: 2 total | 2 success
15:50:02.652110 [info ]: Cached model count updated: 32 models (accurate)
==================== 2026-09-10T15:50:04.347668Z | 4b00de71-f4c6-448d-9db9-b841eb40f92b ====================
15:50:04.347751 [info ]: Started loading project
15:50:04.348474 [info ]: Loading profiles.yml
15:50:04.396283 [info ]: Cached model count updated: 32 models (estimate)
15:50:04.396323 [info ]: Cached model count updated: 32 models (accurate)
15:50:04.396418 [info ]: Started scheduling
15:50:04.396759 [info ]: Finished scheduling [  0.00s]
15:50:04.396792 [debug]: Compilation - 34 nodes selected: {"model.UPI_Fraud_Monitoring.gld_fraud_alert", "model.UPI_Fraud_Monitoring.gld_rule_results", "model.UPI_Fraud_Monitoring.sl_account", "model.UPI_Fraud_Monitoring.sl_beneficiary", "model.UPI_Fraud_Monitoring.sl_collect_request", "model.UPI_Fraud_Monitoring.sl_customer", "model.UPI_Fraud_Monitoring.sl_device_registry", "model.UPI_Fraud_Monitoring.sl_login_activity", "model.UPI_Fraud_Monitoring.sl_merchant", "model.UPI_Fraud_Monitoring.sl_password_change", "model.UPI_Fraud_Monitoring.sl_transaction", "model.UPI_Fraud_Monitoring.sl_watchlist", "model.UPI_Fraud_Monitoring.v_account", "model.UPI_Fraud_Monitoring.v_beneficiary", "model.UPI_Fraud_Monitoring.v_collect_request", "model.UPI_Fraud_Monitoring.v_customer", "model.UPI_Fraud_Monitoring.v_device_registry", "model.UPI_Fraud_Monitoring.v_login_activity", "model.UPI_Fraud_Monitoring.v_merchant", "model.UPI_Fraud_Monitoring.v_password_change", "model.UPI_Fraud_Monitoring.v_raw_account", "model.UPI_Fraud_Monitoring.v_raw_beneficiary", "model.UPI_Fraud_Monitoring.v_raw_collect_request", "model.UPI_Fraud_Monitoring.v_raw_customer", "model.UPI_Fraud_Monitoring.v_raw_device_registry", "model.UPI_Fraud_Monitoring.v_raw_login_activity", "model.UPI_Fraud_Monitoring.v_raw_merchant", "model.UPI_Fraud_Monitoring.v_raw_password_change", "model.UPI_Fraud_Monitoring.v_raw_transaction", "model.UPI_Fraud_Monitoring.v_raw_watchlist", "model.UPI_Fraud_Monitoring.v_transaction", "model.UPI_Fraud_Monitoring.v_watchlist", "seed.UPI_Fraud_Monitoring.dim_fraud_rule", "snapshot.UPI_Fraud_Monitoring.policy_snapshot"}
15:50:04.399232 [debug]:    Started downloading relations (1 items)
15:50:04.399361 [info ]: Finished loading project [  0.05s]
15:50:04.751682 [debug]: create_debug_span(...).entered() took 30.4µs
15:50:04.901696 [debug]: stmt.execute() (submit+wait_for_completion, returns reader) took 149.9014ms
15:50:04.901762 [debug]: reader.schema() took 1.1µs
15:50:04.904776 [debug]: batch-consume loop (for res in reader) took 2.9754ms
15:50:04.908633 [debug]: do_execute(conn) (closure: stmt.execute + schema + batch loop) took 156.8778ms
15:50:04.908818 [debug]: concat_batches + normalize_result_column_names took 116.7µs
15:50:04.908835 [debug]: record_current_span_status_from_attrs took 7.4µs
15:50:04.908849 [debug]: Query executed on node unknown:
SHOW OBJECTS IN SCHEMA "UPI_FRAUD_MONITORING_DB"."TRANSFORM" LIMIT 10000
15:50:04.908866 [debug]: drop(query_span_guard) (span exit/export) took 22.2µs
15:50:05.111201 [debug]:   Finished [  0.71s] downloading relations (1 items)
15:50:05.176307 [info ]: Started building task graph
15:50:05.176744 [info ]: Finished building task graph [  0.00s]
15:50:05.187268 [info ]: Started rendering (34 nodes)
15:50:05.187349 [info ]: Started snapshot snapshots.policy_snapshot
15:50:05.187362 [debug]: Started rendering snapshot snapshots.policy_snapshot
15:50:05.187401 [info ]: Started model TRANSFORM.v_raw_watchlist
15:50:05.187409 [debug]: Started rendering model TRANSFORM.v_raw_watchlist
15:50:05.187420 [info ]: Started model TRANSFORM.v_raw_transaction
15:50:05.187427 [debug]: Started rendering model TRANSFORM.v_raw_transaction
15:50:05.187438 [info ]: Started model TRANSFORM.v_raw_password_change
15:50:05.187445 [debug]: Started rendering model TRANSFORM.v_raw_password_change
15:50:05.187456 [info ]: Started model TRANSFORM.v_raw_merchant
15:50:05.187471 [debug]: Started rendering model TRANSFORM.v_raw_merchant
15:50:05.187493 [info ]: Started model TRANSFORM.v_raw_login_activity
15:50:05.187505 [debug]: Started rendering model TRANSFORM.v_raw_login_activity
15:50:05.187521 [info ]: Started model TRANSFORM.v_raw_device_registry
15:50:05.187539 [debug]: Started rendering model TRANSFORM.v_raw_device_registry
15:50:05.187555 [info ]: Started model TRANSFORM.v_raw_customer
15:50:05.187568 [debug]: Started rendering model TRANSFORM.v_raw_customer
15:50:05.187589 [info ]: Started model TRANSFORM.v_raw_collect_request
15:50:05.187599 [debug]: Started rendering model TRANSFORM.v_raw_collect_request
15:50:05.187640 [info ]: Started model TRANSFORM.v_raw_beneficiary
15:50:05.187651 [debug]: Started rendering model TRANSFORM.v_raw_beneficiary
15:50:05.187672 [info ]: Started model TRANSFORM.v_raw_account
15:50:05.187681 [debug]: Started rendering model TRANSFORM.v_raw_account
15:50:05.187700 [info ]: Started model TRANSFORM.sl_password_change
15:50:05.187709 [debug]: Started rendering model TRANSFORM.sl_password_change
15:50:05.187729 [info ]: Started model TRANSFORM.v_password_change
15:50:05.187762 [debug]: Started rendering model TRANSFORM.v_password_change
15:50:05.187788 [info ]: Started model TRANSFORM.sl_login_activity
15:50:05.187799 [debug]: Started rendering model TRANSFORM.sl_login_activity
15:50:05.187818 [info ]: Started model TRANSFORM.v_login_activity
15:50:05.187829 [debug]: Started rendering model TRANSFORM.v_login_activity
15:50:05.187852 [info ]: Started model TRANSFORM.sl_collect_request
15:50:05.187865 [debug]: Started rendering model TRANSFORM.sl_collect_request
15:50:05.187883 [info ]: Started model TRANSFORM.v_collect_request
15:50:05.187949 [debug]: Started rendering model TRANSFORM.v_collect_request
15:50:05.188018 [info ]: Started model TRANSFORM.sl_account
15:50:05.188036 [debug]: Started rendering model TRANSFORM.sl_account
15:50:05.188056 [info ]: Started model TRANSFORM.v_account
15:50:05.188064 [debug]: Started rendering model TRANSFORM.v_account
15:50:05.188080 [info ]: Started model analytics.gld_fraud_alert
15:50:05.188090 [debug]: Started rendering model analytics.gld_fraud_alert
15:50:05.188107 [info ]: Started model analytics.gld_rule_results
15:50:05.188116 [debug]: Started rendering model analytics.gld_rule_results
15:50:05.188161 [debug]: Started connection limit wait
15:50:05.188196 [debug]: Started connection limit wait
15:50:05.188211 [debug]: Started connection limit wait
15:50:05.188208 [debug]: Started connection limit wait
15:50:05.188226 [debug]: Started connection limit wait
15:50:05.188229 [debug]: Started connection limit wait
15:50:05.188238 [debug]: Started connection limit wait
15:50:05.188241 [debug]: Started connection limit wait
15:50:05.188340 [debug]: Started connection limit wait
15:50:05.188465 [info ]: Started seed TRANSFORM.dim_fraud_rule
15:50:05.188504 [debug]: Started rendering seed TRANSFORM.dim_fraud_rule
15:50:05.188587 [info ]: Started model TRANSFORM.sl_beneficiary
15:50:05.188617 [debug]: Started rendering model TRANSFORM.sl_beneficiary
15:50:05.188648 [info ]: Started model TRANSFORM.v_beneficiary
15:50:05.188663 [debug]: Started rendering model TRANSFORM.v_beneficiary
15:50:05.188686 [info ]: Started model TRANSFORM.sl_watchlist
15:50:05.188686 [debug]: Started connection limit wait
15:50:05.188702 [debug]: Started rendering model TRANSFORM.sl_watchlist
15:50:05.188725 [info ]: Started model TRANSFORM.v_watchlist
15:50:05.188739 [debug]: Started rendering model TRANSFORM.v_watchlist
15:50:05.188765 [info ]: Started model TRANSFORM.sl_transaction
15:50:05.188777 [debug]: Started rendering model TRANSFORM.sl_transaction
15:50:05.188804 [info ]: Started model TRANSFORM.v_transaction
15:50:05.188816 [debug]: Started rendering model TRANSFORM.v_transaction
15:50:05.188841 [info ]: Started model TRANSFORM.sl_merchant
15:50:05.188857 [debug]: Started rendering model TRANSFORM.sl_merchant
15:50:05.188887 [info ]: Started model TRANSFORM.v_merchant
15:50:05.188900 [debug]: Started rendering model TRANSFORM.v_merchant
15:50:05.188907 [debug]: Compiled SQL for node model.UPI_Fraud_Monitoring.v_raw_transaction at target\.lsp\compiled\UPI_Fraud_Monitoring\models\bronze\raw_views\v_raw_transaction.sql
15:50:05.188919 [info ]: Started model TRANSFORM.sl_device_registry
15:50:05.188934 [debug]: Started rendering model TRANSFORM.sl_device_registry
15:50:05.188954 [info ]: Started model TRANSFORM.v_device_registry
15:50:05.188963 [debug]: Started rendering model TRANSFORM.v_device_registry
15:50:05.188982 [info ]: Started model TRANSFORM.sl_customer
15:50:05.188993 [debug]: Started rendering model TRANSFORM.sl_customer
15:50:05.189008 [info ]: Started model TRANSFORM.v_customer
15:50:05.189034 [debug]: Started rendering model TRANSFORM.v_customer
15:50:05.189060 [debug]: Finished connection limit wait [  0.00s]
15:50:05.189166 [debug]: Finished rendering [  0.00s] seed TRANSFORM.dim_fraud_rule [success]
15:50:05.189192 [info ]:  Succeeded [-------] seed  TRANSFORM.dim_fraud_rule (table)
15:50:05.189240 [debug]: Finished rendering [  0.00s] model TRANSFORM.v_raw_transaction [success]
15:50:05.189293 [debug]: Started connection limit wait
15:50:05.189316 [debug]: Started connection limit wait
15:50:05.189325 [info ]: Started analyzing (33 nodes)
15:50:05.189325 [debug]: Started connection limit wait
15:50:05.189349 [debug]: Started analyzing model TRANSFORM.v_raw_transaction
15:50:05.189366 [debug]: Started connection limit wait
15:50:05.189377 [debug]: Started connection limit wait
15:50:05.189391 [debug]: Started connection limit wait
15:50:05.189401 [debug]: Started connection limit wait
15:50:05.189410 [debug]: Started connection limit wait
15:50:05.189414 [debug]: Started connection limit wait
15:50:05.189424 [debug]: Started connection limit wait
15:50:05.189426 [debug]: Started connection limit wait
15:50:05.189757 [debug]: Compiled SQL for node model.UPI_Fraud_Monitoring.v_raw_watchlist at target\.lsp\compiled\UPI_Fraud_Monitoring\models\bronze\raw_views\v_raw_watchlist.sql
15:50:05.190208 [debug]: Finished analyzing [  0.00s] model TRANSFORM.v_raw_transaction [success]
15:50:05.190271 [info ]:  Succeeded [  0.00s] model TRANSFORM.v_raw_transaction (view)
15:50:05.190434 [debug]: Started analyzing model TRANSFORM.v_raw_watchlist
15:50:05.190474 [debug]: Finished connection limit wait [  0.00s]
15:50:05.190857 [debug]: Compiled SQL for node model.UPI_Fraud_Monitoring.v_raw_merchant at target\.lsp\compiled\UPI_Fraud_Monitoring\models\bronze\raw_views\v_raw_merchant.sql
15:50:05.190857 [debug]: Finished rendering [  0.00s] model TRANSFORM.v_raw_watchlist [success]
15:50:05.191391 [debug]: Finished analyzing [  0.00s] model TRANSFORM.v_raw_watchlist [success]
15:50:05.191448 [info ]:  Succeeded [  0.00s] model TRANSFORM.v_raw_watchlist (view)
15:50:05.191482 [debug]: Finished connection limit wait [  0.00s]
15:50:05.191512 [debug]: Finished rendering [  0.00s] model TRANSFORM.v_raw_merchant [success]
15:50:05.191549 [debug]: Started analyzing model TRANSFORM.v_raw_merchant
15:50:05.191680 [debug]: Compiled SQL for node model.UPI_Fraud_Monitoring.v_raw_login_activity at target\.lsp\compiled\UPI_Fraud_Monitoring\models\bronze\raw_views\v_raw_login_activity.sql
15:50:05.192650 [debug]: Finished analyzing [  0.00s] model TRANSFORM.v_raw_merchant [success]
15:50:05.192678 [debug]: Compiled SQL for node model.UPI_Fraud_Monitoring.v_raw_device_registry at target\.lsp\compiled\UPI_Fraud_Monitoring\models\bronze\raw_views\v_raw_device_registry.sql
15:50:05.192721 [info ]:  Succeeded [  0.01s] model TRANSFORM.v_raw_merchant (view)
15:50:05.192984 [debug]: Compiled SQL for node snapshot.UPI_Fraud_Monitoring.policy_snapshot at target\.lsp\compiled\UPI_Fraud_Monitoring\snapshots\sl_account.sql\policy_snapshot.sql
15:50:05.193072 [debug]: Finished rendering [  0.01s] model TRANSFORM.v_raw_login_activity [success]
15:50:05.193134 [debug]: Started analyzing model TRANSFORM.v_raw_login_activity
15:50:05.193312 [debug]: Finished connection limit wait [  0.01s]
15:50:05.193641 [debug]: Compiled SQL for node model.UPI_Fraud_Monitoring.v_raw_customer at target\.lsp\compiled\UPI_Fraud_Monitoring\models\bronze\raw_views\v_raw_customer.sql
15:50:05.194030 [debug]: Compiled SQL for node model.UPI_Fraud_Monitoring.sl_account at target\.lsp\compiled\UPI_Fraud_Monitoring\models\silver\sl_account.sql
15:50:05.194221 [debug]: Compiled SQL for node model.UPI_Fraud_Monitoring.gld_rule_results at target\.lsp\compiled\UPI_Fraud_Monitoring\models\gold\gld_rule_results.sql
15:50:05.194267 [debug]: Finished analyzing [  0.00s] model TRANSFORM.v_raw_login_activity [success]
15:50:05.194310 [info ]:  Succeeded [  0.01s] model TRANSFORM.v_raw_login_activity (view)
15:50:05.194370 [debug]: Finished rendering [  0.01s] model TRANSFORM.v_raw_device_registry [success]
15:50:05.194402 [debug]: Finished connection limit wait [  0.01s]
15:50:05.194407 [debug]: Started analyzing model TRANSFORM.v_raw_device_registry
15:50:05.194446 [debug]: Finished rendering [  0.01s] snapshot snapshots.policy_snapshot [success]
15:50:05.194484 [debug]: Started analyzing snapshot snapshots.policy_snapshot
15:50:05.194684 [debug]: Compiled SQL for node model.UPI_Fraud_Monitoring.gld_fraud_alert at target\.lsp\compiled\UPI_Fraud_Monitoring\models\gold\gld_fraud_alert.sql
15:50:05.194751 [debug]: Compiled SQL for node model.UPI_Fraud_Monitoring.v_raw_password_change at target\.lsp\compiled\UPI_Fraud_Monitoring\models\bronze\raw_views\v_raw_password_change.sql
15:50:05.194772 [debug]: Finished rendering [  0.01s] model TRANSFORM.v_raw_customer [success]
15:50:05.194823 [debug]: Started analyzing model TRANSFORM.v_raw_customer
15:50:05.194987 [debug]: Finished rendering [  0.01s] model TRANSFORM.sl_account [success]
15:50:05.195023 [debug]: Started analyzing model TRANSFORM.sl_account
15:50:05.195059 [debug]: Finished connection limit wait [  0.01s]
15:50:05.195311 [debug]: Finished analyzing [  0.00s] model TRANSFORM.v_raw_device_registry [success]
15:50:05.195342 [info ]:  Succeeded [  0.01s] model TRANSFORM.v_raw_device_registry (view)
15:50:05.195448 [debug]: Compiled SQL for node model.UPI_Fraud_Monitoring.v_raw_account at target\.lsp\compiled\UPI_Fraud_Monitoring\models\bronze\raw_views\v_raw_account.sql
15:50:05.195527 [debug]: Compiled SQL for node model.UPI_Fraud_Monitoring.v_raw_beneficiary at target\.lsp\compiled\UPI_Fraud_Monitoring\models\bronze\raw_views\v_raw_beneficiary.sql
15:50:05.196047 [debug]: Finished analyzing [  0.00s] snapshot snapshots.policy_snapshot [success]
15:50:05.196109 [info ]:  Succeeded [  0.01s] snapshot snapshots.policy_snapshot (snapshot)
15:50:05.196227 [debug]: Finished rendering [  0.01s] model analytics.gld_rule_results [success]
15:50:05.196275 [debug]: Started analyzing model analytics.gld_rule_results
15:50:05.196410 [debug]: Finished analyzing [  0.00s] model TRANSFORM.v_raw_customer [success]
15:50:05.196438 [info ]:  Succeeded [  0.01s] model TRANSFORM.v_raw_customer (view)
15:50:05.196504 [debug]: Finished rendering [  0.01s] model analytics.gld_fraud_alert [success]
15:50:05.196535 [debug]: Started analyzing model analytics.gld_fraud_alert
15:50:05.197061 [debug]: Compiled SQL for node model.UPI_Fraud_Monitoring.sl_collect_request at target\.lsp\compiled\UPI_Fraud_Monitoring\models\silver\sl_collect_request.sql
15:50:05.197412 [debug]: Compiled SQL for node model.UPI_Fraud_Monitoring.v_password_change at target\.lsp\compiled\UPI_Fraud_Monitoring\models\bronze\views\v_password_change.sql
15:50:05.197485 [debug]: Compiled SQL for node model.UPI_Fraud_Monitoring.v_raw_collect_request at target\.lsp\compiled\UPI_Fraud_Monitoring\models\bronze\raw_views\v_raw_collect_request.sql
15:50:05.197706 [debug]: Compiled SQL for node model.UPI_Fraud_Monitoring.sl_login_activity at target\.lsp\compiled\UPI_Fraud_Monitoring\models\silver\sl_login_activity.sql
15:50:05.197860 [debug]: Compiled SQL for node model.UPI_Fraud_Monitoring.sl_password_change at target\.lsp\compiled\UPI_Fraud_Monitoring\models\silver\sl_password_change.sql
15:50:05.198010 [debug]: Finished rendering [  0.01s] model TRANSFORM.v_raw_account [success]
15:50:05.198090 [debug]: Started analyzing model TRANSFORM.v_raw_account
15:50:05.198100 [debug]: Finished connection limit wait [  0.01s]
15:50:05.198145 [debug]: Finished rendering [  0.01s] model TRANSFORM.v_raw_beneficiary [success]
15:50:05.198175 [debug]: Finished connection limit wait [  0.01s]
15:50:05.198173 [debug]: Started analyzing model TRANSFORM.v_raw_beneficiary
15:50:05.198210 [debug]: Finished rendering [  0.01s] model TRANSFORM.sl_collect_request [success]
15:50:05.198242 [debug]: Finished connection limit wait [  0.01s]
15:50:05.198241 [debug]: Started analyzing model TRANSFORM.sl_collect_request
15:50:05.198286 [debug]: Finished rendering [  0.01s] model TRANSFORM.v_raw_password_change [success]
15:50:05.198313 [debug]: Started analyzing model TRANSFORM.v_raw_password_change
15:50:05.198317 [debug]: Finished connection limit wait [  0.01s]
15:50:05.198343 [debug]: Finished rendering [  0.00s] model TRANSFORM.v_password_change [success]
15:50:05.198351 [debug]: Finished connection limit wait [  0.01s]
15:50:05.198368 [debug]: Finished connection limit wait [  0.01s]
15:50:05.198365 [debug]: Started analyzing model TRANSFORM.v_password_change
15:50:05.198401 [debug]: Finished rendering [  0.01s] model TRANSFORM.v_raw_collect_request [success]
15:50:05.198413 [debug]: Finished connection limit wait [  0.01s]
15:50:05.198423 [debug]: Started analyzing model TRANSFORM.v_raw_collect_request
15:50:05.198455 [debug]: Finished rendering [  0.00s] model TRANSFORM.sl_login_activity [success]
15:50:05.198476 [debug]: Started analyzing model TRANSFORM.sl_login_activity
15:50:05.198507 [debug]: Finished rendering [  0.01s] model TRANSFORM.sl_password_change [success]
15:50:05.198531 [debug]: Started analyzing model TRANSFORM.sl_password_change
15:50:05.198574 [debug]: Finished connection limit wait [  0.01s]
15:50:05.199304 [debug]: Finished analyzing [  0.00s] model TRANSFORM.v_raw_account [success]
15:50:05.199363 [info ]:  Succeeded [  0.01s] model TRANSFORM.v_raw_account (view)
15:50:05.199449 [debug]: Compiled SQL for node model.UPI_Fraud_Monitoring.v_collect_request at target\.lsp\compiled\UPI_Fraud_Monitoring\models\bronze\views\v_collect_request.sql
15:50:05.199842 [debug]: Finished analyzing [  0.00s] model TRANSFORM.v_raw_beneficiary [success]
15:50:05.199875 [info ]:  Succeeded [  0.01s] model TRANSFORM.v_raw_beneficiary (view)
15:50:05.200628 [debug]: Compiled SQL for node model.UPI_Fraud_Monitoring.sl_beneficiary at target\.lsp\compiled\UPI_Fraud_Monitoring\models\silver\sl_beneficiary.sql
15:50:05.200661 [debug]: Finished analyzing [  0.00s] model analytics.gld_fraud_alert [success]
15:50:05.200711 [info ]:  Succeeded [  0.01s] model analytics.gld_fraud_alert (incremental)
15:50:05.200796 [debug]: Finished rendering [  0.00s] model TRANSFORM.v_collect_request [success]
15:50:05.200836 [debug]: Started analyzing model TRANSFORM.v_collect_request
15:50:05.201093 [debug]: Finished connection limit wait [  0.01s]
15:50:05.201565 [debug]: Compiled SQL for node model.UPI_Fraud_Monitoring.sl_transaction at target\.lsp\compiled\UPI_Fraud_Monitoring\models\silver\sl_transaction.sql
15:50:05.201658 [debug]: Finished analyzing [  0.01s] model TRANSFORM.sl_account [success]
15:50:05.201705 [info ]:  Succeeded [  0.01s] model TRANSFORM.sl_account (incremental)
15:50:05.202031 [debug]: Finished rendering [  0.00s] model TRANSFORM.sl_beneficiary [success]
15:50:05.202095 [debug]: Started analyzing model TRANSFORM.sl_beneficiary
15:50:05.202225 [debug]: Finished connection limit wait [  0.01s]
15:50:05.202255 [debug]: Compiled SQL for node model.UPI_Fraud_Monitoring.sl_watchlist at target\.lsp\compiled\UPI_Fraud_Monitoring\models\silver\sl_watchlist.sql
15:50:05.202369 [debug]: Compiled SQL for node model.UPI_Fraud_Monitoring.v_watchlist at target\.lsp\compiled\UPI_Fraud_Monitoring\models\bronze\views\v_watchlist.sql
15:50:05.202984 [debug]: Compiled SQL for node model.UPI_Fraud_Monitoring.v_account at target\.lsp\compiled\UPI_Fraud_Monitoring\models\bronze\views\v_account.sql
15:50:05.203621 [debug]: Finished rendering [  0.01s] model TRANSFORM.sl_transaction [success]
15:50:05.203818 [debug]: Started analyzing model TRANSFORM.sl_transaction
15:50:05.203890 [debug]: Finished analyzing [  0.01s] model TRANSFORM.sl_collect_request [success]
15:50:05.203918 [info ]:  Succeeded [  0.01s] model TRANSFORM.sl_collect_request (incremental)
15:50:05.203978 [debug]: Finished connection limit wait [  0.01s]
15:50:05.204418 [debug]: Compiled SQL for node model.UPI_Fraud_Monitoring.v_device_registry at target\.lsp\compiled\UPI_Fraud_Monitoring\models\bronze\views\v_device_registry.sql
15:50:05.204441 [debug]: Finished analyzing [  0.01s] model TRANSFORM.v_raw_password_change [success]
15:50:05.204479 [info ]:  Succeeded [  0.02s] model TRANSFORM.v_raw_password_change (view)
15:50:05.204561 [debug]: Finished rendering [  0.01s] model TRANSFORM.sl_watchlist [success]
15:50:05.204605 [debug]: Started analyzing model TRANSFORM.sl_watchlist
15:50:05.204649 [debug]: Finished analyzing [  0.01s] model TRANSFORM.v_password_change [success]
15:50:05.204665 [info ]:  Succeeded [  0.01s] model TRANSFORM.v_password_change (view)
15:50:05.204691 [debug]: Finished connection limit wait [  0.02s]
15:50:05.204935 [debug]: Finished rendering [  0.01s] model TRANSFORM.v_watchlist [success]
15:50:05.204973 [debug]: Started analyzing model TRANSFORM.v_watchlist
15:50:05.205057 [debug]: Finished analyzing [  0.01s] model TRANSFORM.v_raw_collect_request [success]
15:50:05.205090 [info ]:  Succeeded [  0.02s] model TRANSFORM.v_raw_collect_request (view)
15:50:05.205331 [debug]: Finished rendering [  0.01s] model TRANSFORM.v_account [success]
15:50:05.205378 [debug]: Started analyzing model TRANSFORM.v_account
15:50:05.205421 [debug]: Finished connection limit wait [  0.02s]
15:50:05.205646 [debug]: Compiled SQL for node model.UPI_Fraud_Monitoring.v_beneficiary at target\.lsp\compiled\UPI_Fraud_Monitoring\models\bronze\views\v_beneficiary.sql
15:50:05.206377 [debug]: Finished analyzing [  0.00s] model TRANSFORM.sl_watchlist [success]
15:50:05.206455 [info ]:  Succeeded [  0.01s] model TRANSFORM.sl_watchlist (incremental)
15:50:05.206664 [debug]: Compiled SQL for node model.UPI_Fraud_Monitoring.sl_merchant at target\.lsp\compiled\UPI_Fraud_Monitoring\models\silver\sl_merchant.sql
15:50:05.206823 [debug]: Finished connection limit wait [  0.02s]
15:50:05.207440 [debug]: Finished analyzing [  0.00s] model TRANSFORM.sl_transaction [success]
15:50:05.207507 [info ]:  Succeeded [  0.01s] model TRANSFORM.sl_transaction (incremental)
15:50:05.207691 [debug]: Finished rendering [  0.01s] model TRANSFORM.v_device_registry [success]
15:50:05.207739 [debug]: Started analyzing model TRANSFORM.v_device_registry
15:50:05.207797 [debug]: Finished connection limit wait [  0.02s]
15:50:05.208764 [debug]: Compiled SQL for node model.UPI_Fraud_Monitoring.v_transaction at target\.lsp\compiled\UPI_Fraud_Monitoring\models\bronze\views\v_transaction.sql
15:50:05.208826 [debug]: Compiled SQL for node model.UPI_Fraud_Monitoring.sl_device_registry at target\.lsp\compiled\UPI_Fraud_Monitoring\models\silver\sl_device_registry.sql
15:50:05.210277 [debug]: Compiled SQL for node model.UPI_Fraud_Monitoring.v_merchant at target\.lsp\compiled\UPI_Fraud_Monitoring\models\bronze\views\v_merchant.sql
15:50:05.210573 [debug]: Compiled SQL for node model.UPI_Fraud_Monitoring.v_login_activity at target\.lsp\compiled\UPI_Fraud_Monitoring\models\bronze\views\v_login_activity.sql
15:50:05.211162 [debug]: Finished rendering [  0.01s] model TRANSFORM.v_beneficiary [success]
15:50:05.211261 [debug]: Started analyzing model TRANSFORM.v_beneficiary
15:50:05.211341 [debug]: Started analyzing model TRANSFORM.sl_merchant
15:50:05.211337 [debug]: Compiled SQL for node model.UPI_Fraud_Monitoring.v_customer at target\.lsp\compiled\UPI_Fraud_Monitoring\models\bronze\views\v_customer.sql
15:50:05.211386 [debug]: Finished rendering [  0.01s] model TRANSFORM.sl_merchant [success]
15:50:05.213169 [debug]: Compiled SQL for node model.UPI_Fraud_Monitoring.sl_customer at target\.lsp\compiled\UPI_Fraud_Monitoring\models\silver\sl_customer.sql
15:50:05.213227 [debug]: Finished analyzing [  0.01s] model TRANSFORM.sl_login_activity [success]
15:50:05.213290 [info ]:  Succeeded [  0.02s] model TRANSFORM.sl_login_activity (incremental)
15:50:05.213789 [debug]: Finished analyzing [  0.02s] model analytics.gld_rule_results [success]
15:50:05.213848 [info ]:  Succeeded [  0.03s] model analytics.gld_rule_results (incremental)
15:50:05.214163 [debug]: Finished rendering [  0.01s] model TRANSFORM.sl_device_registry [success]
15:50:05.214218 [debug]: Started analyzing model TRANSFORM.sl_device_registry
15:50:05.214274 [debug]: Finished rendering [  0.01s] model TRANSFORM.v_transaction [success]
15:50:05.214292 [debug]: Started analyzing model TRANSFORM.v_transaction
15:50:05.216446 [debug]: Finished analyzing [  0.02s] model TRANSFORM.v_collect_request [success]
15:50:05.216524 [info ]:  Succeeded [  0.02s] model TRANSFORM.v_collect_request (view)
15:50:05.217481 [debug]: Finished analyzing [  0.00s] model TRANSFORM.sl_device_registry [success]
15:50:05.217548 [info ]:  Succeeded [  0.01s] model TRANSFORM.sl_device_registry (incremental)
15:50:05.217654 [debug]: Finished rendering [  0.01s] model TRANSFORM.v_merchant [success]
15:50:05.217694 [debug]: Started analyzing model TRANSFORM.v_merchant
15:50:05.217748 [debug]: Finished rendering [  0.02s] model TRANSFORM.v_login_activity [success]
15:50:05.217773 [debug]: Started analyzing model TRANSFORM.v_login_activity
15:50:05.217802 [debug]: Finished rendering [  0.01s] model TRANSFORM.v_customer [success]
15:50:05.217823 [debug]: Started analyzing model TRANSFORM.v_customer
15:50:05.217857 [debug]: Finished rendering [  0.01s] model TRANSFORM.sl_customer [success]
15:50:05.217870 [info ]: Finished rendering [  0.03s] (34 nodes, 0 skipped, 0 errors)
15:50:05.217888 [debug]: Started analyzing model TRANSFORM.sl_customer
15:50:05.217916 [debug]: Finished analyzing [  0.02s] model TRANSFORM.sl_beneficiary [success]
15:50:05.217935 [info ]:  Succeeded [  0.02s] model TRANSFORM.sl_beneficiary (incremental)
15:50:05.217968 [debug]: Finished analyzing [  0.01s] model TRANSFORM.v_account [success]
15:50:05.217981 [info ]:  Succeeded [  0.02s] model TRANSFORM.v_account (view)
15:50:05.218006 [debug]: Finished analyzing [  0.02s] model TRANSFORM.sl_password_change [success]
15:50:05.218023 [info ]:  Succeeded [  0.03s] model TRANSFORM.sl_password_change (incremental)
15:50:05.218609 [debug]: Finished analyzing [  0.01s] model TRANSFORM.v_beneficiary [success]
15:50:05.218657 [info ]:  Succeeded [  0.02s] model TRANSFORM.v_beneficiary (view)
15:50:05.218701 [debug]: Finished analyzing [  0.01s] model TRANSFORM.v_watchlist [success]
15:50:05.218718 [info ]:  Succeeded [  0.02s] model TRANSFORM.v_watchlist (view)
15:50:05.218921 [debug]: Finished analyzing [  0.01s] model TRANSFORM.sl_merchant [success]
15:50:05.218945 [info ]:  Succeeded [  0.01s] model TRANSFORM.sl_merchant (incremental)
15:50:05.219732 [debug]: Finished analyzing [  0.00s] model TRANSFORM.sl_customer [success]
15:50:05.219791 [info ]:  Succeeded [  0.01s] model TRANSFORM.sl_customer (incremental)
15:50:05.220947 [debug]: Finished analyzing [  0.01s] model TRANSFORM.v_device_registry [success]
15:50:05.221019 [info ]:  Succeeded [  0.02s] model TRANSFORM.v_device_registry (view)
15:50:05.222194 [debug]: Finished analyzing [  0.00s] model TRANSFORM.v_merchant [success]
15:50:05.222238 [info ]:  Succeeded [  0.01s] model TRANSFORM.v_merchant (view)
15:50:05.224669 [debug]: Finished analyzing [  0.01s] model TRANSFORM.v_login_activity [success]
15:50:05.224711 [info ]:  Succeeded [  0.03s] model TRANSFORM.v_login_activity (view)
15:50:05.224747 [debug]: Finished analyzing [  0.01s] model TRANSFORM.v_customer [success]
15:50:05.224759 [info ]:  Succeeded [  0.02s] model TRANSFORM.v_customer (view)
15:50:05.227679 [debug]: Finished analyzing [  0.01s] model TRANSFORM.v_transaction [success]
15:50:05.227744 [info ]: Finished analyzing [  0.04s] (33 nodes, 0 skipped, 0 errors)
15:50:05.227768 [info ]:  Succeeded [  0.03s] model TRANSFORM.v_transaction (view)
15:50:05.239443 [info ]: Started scheduling
15:50:05.239627 [info ]: Finished scheduling [  0.00s]
15:50:05.239955 [info ]: 
==================== Execution Summary =====================
Finished 'compile' successfully for target 'dev' [892ms]
Processed: 32 models | 1 snapshot | 1 seed
Summary: 34 total | 34 success
15:50:05.240602 [info ]: Cached model count updated: 32 models (accurate)
==================== 2026-09-10T16:00:00.816776Z | ccae08c6-7c77-4d87-9a43-20c9f61db0fb ====================
16:00:00.816960 [info ]: Started loading project
16:00:00.817867 [info ]: Loading profiles.yml
16:00:00.843455 [info ]: Started parsing
16:00:00.930070 [info ]: Finished loading project [  0.11s]
16:00:00.938833 [debug]: Finished parsing models/schema.yml [  0.00s]
16:00:00.944058 [debug]: Finished parsing snapshots\sl_account.sql [  0.00s]
16:00:00.951121 [debug]: Failed to render SQL invalid operation: Failed to parse node configuration: YAML error: unique_key: data did not match any variant of untagged enum DbtUniqueKey
(in models/silver/sl_account.sql:1:1)
  --> models/silver/sl_account.sql:1:1
16:00:00.951589 [debug]: Finished parsing models/silver/sl_account.sql [  0.01s]
16:00:00.953590 [debug]: Finished parsing models/silver/sl_customer.sql [  0.00s]
16:00:01.146756 [info ]: Finished parsing [  0.30s]
16:00:01.152489 [info ]: Cached model count updated: 32 models (estimate)
16:00:01.152555 [info ]: Cached model count updated: 32 models (accurate)
16:00:01.152689 [info ]: Started scheduling
16:00:01.152913 [info ]: Finished scheduling [  0.00s]
16:00:01.152948 [debug]: Compilation - 1 nodes selected: {"model.UPI_Fraud_Monitoring.sl_account"}
16:00:01.224125 [info ]: Started building task graph
16:00:01.224218 [info ]: Finished building task graph [  0.00s]
16:00:01.231723 [info ]: Started rendering (1 nodes)
16:00:01.231788 [info ]: Started model TRANSFORM.sl_account
16:00:01.231802 [debug]: Started rendering model TRANSFORM.sl_account
16:00:01.233483 [error]: [JinjaError (dbt1501)]: Failed to render SQL invalid operation: dbt was unable to infer all dependencies for the model "v_account". This typically happens when ref() is placed within a conditional block.
To fix this, add the following hint to the top of the model "v_account":
-- depends_on: {{ ref('v_account') }}
(in models/silver/sl_account.sql:40:10)
  --> models/silver/sl_account.sql:40:10
16:00:01.233690 [debug]: Finished rendering [  0.00s] model TRANSFORM.sl_account [error]
16:00:01.233754 [info ]: Finished rendering [  0.00s] (1 nodes, 0 skipped, 1 errors)
16:00:01.233831 [info ]: Started analyzing (1 nodes)
16:00:01.233858 [debug]: Started analyzing model TRANSFORM.sl_account
16:00:01.233894 [debug]: Finished analyzing [  0.00s] model TRANSFORM.sl_account [skipped]
16:00:01.233906 [info ]: Finished analyzing [  0.00s] (1 nodes, 1 skipped, 0 errors)
16:00:01.233916 [info ]:     Failed [  0.00s] model TRANSFORM.sl_account (view)
16:00:01.243006 [info ]: Started scheduling
16:00:01.243332 [info ]: Finished scheduling [  0.00s]
16:00:01.244774 [info ]: 
==================== Execution Summary =====================
Finished 'compile' with 1 error for target 'dev' [427ms]
Processed: 1 model
Summary: 1 total | 1 error
16:00:01.244997 [info ]: Cached model count updated: 32 models (accurate)
==================== 2026-09-10T16:00:02.833710Z | 9d281323-8669-47a5-968f-3613af660e83 ====================
16:00:02.833878 [info ]: Started loading project
16:00:02.835076 [info ]: Loading profiles.yml
16:00:02.890747 [info ]: Cached model count updated: 32 models (estimate)
16:00:02.890799 [info ]: Cached model count updated: 32 models (accurate)
16:00:02.890943 [info ]: Started scheduling
16:00:02.891364 [info ]: Finished scheduling [  0.00s]
16:00:02.891416 [debug]: Compilation - 34 nodes selected: {"model.UPI_Fraud_Monitoring.gld_fraud_alert", "model.UPI_Fraud_Monitoring.gld_rule_results", "model.UPI_Fraud_Monitoring.sl_account", "model.UPI_Fraud_Monitoring.sl_beneficiary", "model.UPI_Fraud_Monitoring.sl_collect_request", "model.UPI_Fraud_Monitoring.sl_customer", "model.UPI_Fraud_Monitoring.sl_device_registry", "model.UPI_Fraud_Monitoring.sl_login_activity", "model.UPI_Fraud_Monitoring.sl_merchant", "model.UPI_Fraud_Monitoring.sl_password_change", "model.UPI_Fraud_Monitoring.sl_transaction", "model.UPI_Fraud_Monitoring.sl_watchlist", "model.UPI_Fraud_Monitoring.v_account", "model.UPI_Fraud_Monitoring.v_beneficiary", "model.UPI_Fraud_Monitoring.v_collect_request", "model.UPI_Fraud_Monitoring.v_customer", "model.UPI_Fraud_Monitoring.v_device_registry", "model.UPI_Fraud_Monitoring.v_login_activity", "model.UPI_Fraud_Monitoring.v_merchant", "model.UPI_Fraud_Monitoring.v_password_change", "model.UPI_Fraud_Monitoring.v_raw_account", "model.UPI_Fraud_Monitoring.v_raw_beneficiary", "model.UPI_Fraud_Monitoring.v_raw_collect_request", "model.UPI_Fraud_Monitoring.v_raw_customer", "model.UPI_Fraud_Monitoring.v_raw_device_registry", "model.UPI_Fraud_Monitoring.v_raw_login_activity", "model.UPI_Fraud_Monitoring.v_raw_merchant", "model.UPI_Fraud_Monitoring.v_raw_password_change", "model.UPI_Fraud_Monitoring.v_raw_transaction", "model.UPI_Fraud_Monitoring.v_raw_watchlist", "model.UPI_Fraud_Monitoring.v_transaction", "model.UPI_Fraud_Monitoring.v_watchlist", "seed.UPI_Fraud_Monitoring.dim_fraud_rule", "snapshot.UPI_Fraud_Monitoring.policy_snapshot"}
16:00:02.894229 [debug]:    Started downloading relations (1 items)
16:00:02.894423 [info ]: Finished loading project [  0.06s]
16:00:03.909884 [debug]: create_debug_span(...).entered() took 59.5µs
16:00:04.130003 [debug]: stmt.execute() (submit+wait_for_completion, returns reader) took 219.9861ms
16:00:04.130059 [debug]: reader.schema() took 1.2µs
16:00:04.134280 [debug]: batch-consume loop (for res in reader) took 4.179ms
16:00:04.141853 [debug]: do_execute(conn) (closure: stmt.execute + schema + batch loop) took 231.7572ms
16:00:04.142106 [debug]: concat_batches + normalize_result_column_names took 154µs
16:00:04.142145 [debug]: record_current_span_status_from_attrs took 8.8µs
16:00:04.142170 [debug]: Query executed on node unknown:
SHOW OBJECTS IN SCHEMA "UPI_FRAUD_MONITORING_DB"."TRANSFORM" LIMIT 10000
16:00:04.142213 [debug]: drop(query_span_guard) (span exit/export) took 47.9µs
16:00:04.926181 [debug]:   Finished [  2.03s] downloading relations (1 items)
16:00:04.995939 [info ]: Started building task graph
16:00:04.996286 [info ]: Finished building task graph [  0.00s]
16:00:05.007437 [info ]: Started rendering (34 nodes)
16:00:05.007496 [info ]: Started snapshot snapshots.policy_snapshot
16:00:05.007509 [debug]: Started rendering snapshot snapshots.policy_snapshot
16:00:05.007548 [info ]: Started model TRANSFORM.v_raw_watchlist
16:00:05.007557 [debug]: Started rendering model TRANSFORM.v_raw_watchlist
16:00:05.007572 [info ]: Started model TRANSFORM.v_raw_transaction
16:00:05.007581 [debug]: Started rendering model TRANSFORM.v_raw_transaction
16:00:05.007598 [info ]: Started model TRANSFORM.v_raw_password_change
16:00:05.007608 [debug]: Started rendering model TRANSFORM.v_raw_password_change
16:00:05.007624 [info ]: Started model TRANSFORM.v_raw_merchant
16:00:05.007632 [debug]: Started rendering model TRANSFORM.v_raw_merchant
16:00:05.007647 [info ]: Started model TRANSFORM.v_raw_login_activity
16:00:05.007657 [debug]: Started rendering model TRANSFORM.v_raw_login_activity
16:00:05.007674 [info ]: Started model TRANSFORM.v_raw_device_registry
16:00:05.007683 [debug]: Started rendering model TRANSFORM.v_raw_device_registry
16:00:05.007697 [info ]: Started model TRANSFORM.v_raw_customer
16:00:05.007708 [debug]: Started rendering model TRANSFORM.v_raw_customer
16:00:05.007728 [info ]: Started model TRANSFORM.v_raw_collect_request
16:00:05.007740 [debug]: Started rendering model TRANSFORM.v_raw_collect_request
16:00:05.007755 [info ]: Started model TRANSFORM.v_raw_beneficiary
16:00:05.007764 [debug]: Started rendering model TRANSFORM.v_raw_beneficiary
16:00:05.007779 [info ]: Started model TRANSFORM.v_raw_account
16:00:05.007786 [debug]: Started rendering model TRANSFORM.v_raw_account
16:00:05.007823 [info ]: Started model TRANSFORM.v_account
16:00:05.007832 [debug]: Started rendering model TRANSFORM.v_account
16:00:05.007851 [info ]: Started model TRANSFORM.sl_password_change
16:00:05.007861 [debug]: Started rendering model TRANSFORM.sl_password_change
16:00:05.007879 [info ]: Started model TRANSFORM.v_password_change
16:00:05.007889 [debug]: Started rendering model TRANSFORM.v_password_change
16:00:05.007903 [info ]: Started model TRANSFORM.sl_login_activity
16:00:05.007915 [debug]: Started rendering model TRANSFORM.sl_login_activity
16:00:05.007934 [info ]: Started model TRANSFORM.v_login_activity
16:00:05.008088 [debug]: Started rendering model TRANSFORM.v_login_activity
16:00:05.008159 [info ]: Started model TRANSFORM.sl_collect_request
16:00:05.008186 [debug]: Started rendering model TRANSFORM.sl_collect_request
16:00:05.008218 [info ]: Started model TRANSFORM.v_collect_request
16:00:05.008239 [debug]: Started rendering model TRANSFORM.v_collect_request
16:00:05.008242 [debug]: Started connection limit wait
16:00:05.008276 [debug]: Started connection limit wait
16:00:05.008270 [info ]: Started model TRANSFORM.sl_account
16:00:05.008295 [debug]: Started connection limit wait
16:00:05.008291 [debug]: Started rendering model TRANSFORM.sl_account
16:00:05.008310 [debug]: Started connection limit wait
16:00:05.008325 [info ]: Started model analytics.gld_fraud_alert
16:00:05.008335 [debug]: Started rendering model analytics.gld_fraud_alert
16:00:05.008346 [debug]: Started connection limit wait
16:00:05.008354 [debug]: Started connection limit wait
16:00:05.008355 [info ]: Started model analytics.gld_rule_results
16:00:05.008362 [debug]: Started connection limit wait
16:00:05.008370 [debug]: Started connection limit wait
16:00:05.008368 [debug]: Started rendering model analytics.gld_rule_results
16:00:05.008390 [info ]: Started seed TRANSFORM.dim_fraud_rule
16:00:05.008400 [debug]: Started rendering seed TRANSFORM.dim_fraud_rule
16:00:05.008417 [info ]: Started model TRANSFORM.sl_beneficiary
16:00:05.008428 [debug]: Started rendering model TRANSFORM.sl_beneficiary
16:00:05.008440 [debug]: Started connection limit wait
16:00:05.008445 [info ]: Started model TRANSFORM.v_beneficiary
16:00:05.008601 [debug]: Started connection limit wait
16:00:05.008457 [debug]: Started rendering model TRANSFORM.v_beneficiary
16:00:05.008653 [info ]: Started model TRANSFORM.sl_watchlist
16:00:05.008665 [debug]: Started rendering model TRANSFORM.sl_watchlist
16:00:05.008685 [info ]: Started model TRANSFORM.v_watchlist
16:00:05.008694 [debug]: Started rendering model TRANSFORM.v_watchlist
16:00:05.008709 [info ]: Started model TRANSFORM.sl_transaction
16:00:05.008718 [debug]: Started rendering model TRANSFORM.sl_transaction
16:00:05.008737 [info ]: Started model TRANSFORM.v_transaction
16:00:05.008746 [debug]: Started rendering model TRANSFORM.v_transaction
16:00:05.008761 [info ]: Started model TRANSFORM.sl_merchant
16:00:05.008774 [debug]: Started rendering model TRANSFORM.sl_merchant
16:00:05.008795 [info ]: Started model TRANSFORM.v_merchant
16:00:05.008807 [debug]: Started rendering model TRANSFORM.v_merchant
16:00:05.008827 [info ]: Started model TRANSFORM.sl_device_registry
16:00:05.008837 [debug]: Started rendering model TRANSFORM.sl_device_registry
16:00:05.008852 [info ]: Started model TRANSFORM.v_device_registry
16:00:05.008859 [debug]: Started rendering model TRANSFORM.v_device_registry
16:00:05.008878 [info ]: Started model TRANSFORM.sl_customer
16:00:05.008886 [debug]: Started rendering model TRANSFORM.sl_customer
16:00:05.008901 [info ]: Started model TRANSFORM.v_customer
16:00:05.008911 [debug]: Started rendering model TRANSFORM.v_customer
16:00:05.008958 [debug]: Finished rendering [  0.00s] seed TRANSFORM.dim_fraud_rule [success]
16:00:05.008978 [debug]: Started connection limit wait
16:00:05.008993 [info ]:  Succeeded [-------] seed  TRANSFORM.dim_fraud_rule (table)
16:00:05.009039 [debug]: Started connection limit wait
16:00:05.009045 [debug]: Started connection limit wait
16:00:05.009054 [debug]: Started connection limit wait
16:00:05.009055 [debug]: Started connection limit wait
16:00:05.009061 [debug]: Started connection limit wait
16:00:05.009063 [debug]: Started connection limit wait
16:00:05.009068 [debug]: Started connection limit wait
16:00:05.009071 [debug]: Started connection limit wait
16:00:05.009078 [debug]: Started connection limit wait
16:00:05.009082 [debug]: Started connection limit wait
16:00:05.011014 [debug]: Compiled SQL for node model.UPI_Fraud_Monitoring.v_raw_transaction at target\.lsp\compiled\UPI_Fraud_Monitoring\models\bronze\raw_views\v_raw_transaction.sql
16:00:05.011334 [debug]: Compiled SQL for node snapshot.UPI_Fraud_Monitoring.policy_snapshot at target\.lsp\compiled\UPI_Fraud_Monitoring\snapshots\sl_account.sql\policy_snapshot.sql
16:00:05.011775 [debug]: Compiled SQL for node model.UPI_Fraud_Monitoring.v_raw_merchant at target\.lsp\compiled\UPI_Fraud_Monitoring\models\bronze\raw_views\v_raw_merchant.sql
16:00:05.011826 [debug]: Finished rendering [  0.00s] model TRANSFORM.v_raw_transaction [success]
16:00:05.011900 [info ]: Started analyzing (33 nodes)
16:00:05.011917 [debug]: Started analyzing model TRANSFORM.v_raw_transaction
16:00:05.012001 [debug]: Compiled SQL for node model.UPI_Fraud_Monitoring.v_raw_beneficiary at target\.lsp\compiled\UPI_Fraud_Monitoring\models\bronze\raw_views\v_raw_beneficiary.sql
16:00:05.012054 [debug]: Finished connection limit wait [  0.00s]
16:00:05.012373 [debug]: Compiled SQL for node model.UPI_Fraud_Monitoring.v_account at target\.lsp\compiled\UPI_Fraud_Monitoring\models\bronze\views\v_account.sql
16:00:05.012452 [debug]: Compiled SQL for node model.UPI_Fraud_Monitoring.v_raw_password_change at target\.lsp\compiled\UPI_Fraud_Monitoring\models\bronze\raw_views\v_raw_password_change.sql
16:00:05.012642 [debug]: Compiled SQL for node model.UPI_Fraud_Monitoring.v_raw_account at target\.lsp\compiled\UPI_Fraud_Monitoring\models\bronze\raw_views\v_raw_account.sql
16:00:05.012845 [debug]: Finished rendering [  0.01s] snapshot snapshots.policy_snapshot [success]
16:00:05.012930 [debug]: Started analyzing snapshot snapshots.policy_snapshot
16:00:05.012973 [debug]: Finished analyzing [  0.00s] model TRANSFORM.v_raw_transaction [success]
16:00:05.012991 [info ]:  Succeeded [  0.01s] model TRANSFORM.v_raw_transaction (view)
16:00:05.013248 [debug]: Finished rendering [  0.01s] model TRANSFORM.v_raw_merchant [success]
16:00:05.013330 [debug]: Started analyzing model TRANSFORM.v_raw_merchant
16:00:05.013417 [debug]: Finished connection limit wait [  0.01s]
16:00:05.013508 [debug]: Compiled SQL for node model.UPI_Fraud_Monitoring.gld_rule_results at target\.lsp\compiled\UPI_Fraud_Monitoring\models\gold\gld_rule_results.sql
16:00:05.013659 [debug]: Finished rendering [  0.01s] model TRANSFORM.v_raw_beneficiary [success]
16:00:05.013696 [debug]: Started analyzing model TRANSFORM.v_raw_beneficiary
16:00:05.013793 [debug]: Finished analyzing [  0.00s] snapshot snapshots.policy_snapshot [success]
16:00:05.013820 [info ]:  Succeeded [  0.01s] snapshot snapshots.policy_snapshot (snapshot)
16:00:05.014136 [debug]: Finished analyzing [  0.00s] model TRANSFORM.v_raw_merchant [success]
16:00:05.014160 [info ]:  Succeeded [  0.01s] model TRANSFORM.v_raw_merchant (view)
16:00:05.014219 [debug]: Finished rendering [  0.01s] model TRANSFORM.v_account [success]
16:00:05.014260 [debug]: Finished connection limit wait [  0.01s]
16:00:05.014257 [debug]: Started analyzing model TRANSFORM.v_account
16:00:05.014367 [debug]: Finished rendering [  0.01s] model TRANSFORM.v_raw_password_change [success]
16:00:05.014395 [debug]: Started analyzing model TRANSFORM.v_raw_password_change
16:00:05.014416 [debug]: Finished connection limit wait [  0.01s]
16:00:05.015088 [debug]: Finished analyzing [  0.00s] model TRANSFORM.v_raw_beneficiary [success]
16:00:05.015145 [info ]:  Succeeded [  0.01s] model TRANSFORM.v_raw_beneficiary (view)
16:00:05.015499 [debug]: Finished rendering [  0.01s] model TRANSFORM.v_raw_account [success]
16:00:05.015553 [debug]: Started analyzing model TRANSFORM.v_raw_account
16:00:05.015666 [debug]: Finished connection limit wait [  0.01s]
16:00:05.016647 [debug]: Finished analyzing [  0.00s] model TRANSFORM.v_raw_account [success]
16:00:05.016708 [info ]:  Succeeded [  0.01s] model TRANSFORM.v_raw_account (view)
16:00:05.016801 [debug]: Finished rendering [  0.01s] model analytics.gld_rule_results [success]
16:00:05.016839 [debug]: Started analyzing model analytics.gld_rule_results
16:00:05.017102 [debug]: Compiled SQL for node model.UPI_Fraud_Monitoring.v_raw_login_activity at target\.lsp\compiled\UPI_Fraud_Monitoring\models\bronze\raw_views\v_raw_login_activity.sql
16:00:05.017881 [debug]: Compiled SQL for node model.UPI_Fraud_Monitoring.v_raw_watchlist at target\.lsp\compiled\UPI_Fraud_Monitoring\models\bronze\raw_views\v_raw_watchlist.sql
16:00:05.018727 [debug]: Finished rendering [  0.01s] model TRANSFORM.v_raw_login_activity [success]
16:00:05.018805 [debug]: Started analyzing model TRANSFORM.v_raw_login_activity
16:00:05.018847 [debug]: Finished connection limit wait [  0.01s]
16:00:05.018806 [debug]: Compiled SQL for node model.UPI_Fraud_Monitoring.gld_fraud_alert at target\.lsp\compiled\UPI_Fraud_Monitoring\models\gold\gld_fraud_alert.sql
16:00:05.019507 [debug]: Finished analyzing [  0.00s] model TRANSFORM.v_raw_login_activity [success]
16:00:05.019562 [info ]:  Succeeded [  0.01s] model TRANSFORM.v_raw_login_activity (view)
16:00:05.019887 [debug]: Finished rendering [  0.01s] model TRANSFORM.v_raw_watchlist [success]
16:00:05.019935 [debug]: Started analyzing model TRANSFORM.v_raw_watchlist
16:00:05.019970 [debug]: Finished connection limit wait [  0.01s]
16:00:05.020578 [debug]: Finished analyzing [  0.00s] model TRANSFORM.v_raw_watchlist [success]
16:00:05.020620 [info ]:  Succeeded [  0.01s] model TRANSFORM.v_raw_watchlist (view)
16:00:05.021213 [debug]: Finished rendering [  0.01s] model analytics.gld_fraud_alert [success]
16:00:05.021475 [debug]: Started analyzing model analytics.gld_fraud_alert
16:00:05.020807 [debug]: Compiled SQL for node model.UPI_Fraud_Monitoring.sl_password_change at target\.lsp\compiled\UPI_Fraud_Monitoring\models\silver\sl_password_change.sql
16:00:05.022742 [debug]: Compiled SQL for node model.UPI_Fraud_Monitoring.v_password_change at target\.lsp\compiled\UPI_Fraud_Monitoring\models\bronze\views\v_password_change.sql
16:00:05.023483 [debug]: Compiled SQL for node model.UPI_Fraud_Monitoring.v_login_activity at target\.lsp\compiled\UPI_Fraud_Monitoring\models\bronze\views\v_login_activity.sql
16:00:05.024145 [debug]: Compiled SQL for node model.UPI_Fraud_Monitoring.sl_collect_request at target\.lsp\compiled\UPI_Fraud_Monitoring\models\silver\sl_collect_request.sql
16:00:05.025414 [debug]: Compiled SQL for node model.UPI_Fraud_Monitoring.v_raw_collect_request at target\.lsp\compiled\UPI_Fraud_Monitoring\models\bronze\raw_views\v_raw_collect_request.sql
16:00:05.026272 [debug]: Compiled SQL for node model.UPI_Fraud_Monitoring.v_raw_customer at target\.lsp\compiled\UPI_Fraud_Monitoring\models\bronze\raw_views\v_raw_customer.sql
16:00:05.027399 [debug]: Compiled SQL for node model.UPI_Fraud_Monitoring.sl_login_activity at target\.lsp\compiled\UPI_Fraud_Monitoring\models\silver\sl_login_activity.sql
16:00:05.027612 [debug]: Finished analyzing [  0.01s] model analytics.gld_rule_results [success]
16:00:05.027653 [info ]:  Succeeded [  0.02s] model analytics.gld_rule_results (incremental)
16:00:05.027733 [debug]: Finished rendering [  0.01s] model TRANSFORM.sl_password_change [success]
16:00:05.027766 [debug]: Started analyzing model TRANSFORM.sl_password_change
16:00:05.027797 [debug]: Finished connection limit wait [  0.02s]
16:00:05.027921 [debug]: Finished rendering [  0.02s] model TRANSFORM.v_password_change [success]
16:00:05.027956 [debug]: Started analyzing model TRANSFORM.v_password_change
16:00:05.028021 [debug]: Finished connection limit wait [  0.02s]
16:00:05.030001 [debug]: Finished rendering [  0.01s] model TRANSFORM.v_login_activity [success]
16:00:05.030100 [debug]: Started analyzing model TRANSFORM.v_login_activity
16:00:05.030147 [debug]: Finished analyzing [  0.01s] model analytics.gld_fraud_alert [success]
16:00:05.030166 [info ]:  Succeeded [  0.02s] model analytics.gld_fraud_alert (incremental)
16:00:05.030230 [debug]: Finished connection limit wait [  0.02s]
16:00:05.030677 [debug]: Finished rendering [  0.01s] model TRANSFORM.sl_collect_request [success]
16:00:05.030755 [debug]: Started analyzing model TRANSFORM.sl_collect_request
16:00:05.031073 [debug]: Finished rendering [  0.01s] model TRANSFORM.v_raw_collect_request [success]
16:00:05.031123 [debug]: Started analyzing model TRANSFORM.v_raw_collect_request
16:00:05.031157 [debug]: Finished connection limit wait [  0.02s]
16:00:05.032502 [debug]: Compiled SQL for node model.UPI_Fraud_Monitoring.v_collect_request at target\.lsp\compiled\UPI_Fraud_Monitoring\models\bronze\views\v_collect_request.sql
16:00:05.033837 [debug]: Finished analyzing [  0.00s] model TRANSFORM.sl_collect_request [success]
16:00:05.033896 [info ]:  Succeeded [  0.01s] model TRANSFORM.sl_collect_request (incremental)
16:00:05.033959 [debug]: Finished connection limit wait [  0.02s]
16:00:05.034202 [debug]: Finished rendering [  0.02s] model TRANSFORM.v_raw_customer [success]
16:00:05.034250 [debug]: Started analyzing model TRANSFORM.v_raw_customer
16:00:05.034306 [debug]: Finished rendering [  0.02s] model TRANSFORM.sl_login_activity [success]
16:00:05.034332 [debug]: Started analyzing model TRANSFORM.sl_login_activity
16:00:05.034352 [debug]: Finished connection limit wait [  0.03s]
16:00:05.035239 [debug]: Compiled SQL for node model.UPI_Fraud_Monitoring.sl_merchant at target\.lsp\compiled\UPI_Fraud_Monitoring\models\silver\sl_merchant.sql
16:00:05.035299 [error]: [JinjaError (dbt1501)]: Failed to render SQL invalid operation: dbt was unable to infer all dependencies for the model "v_account". This typically happens when ref() is placed within a conditional block.
To fix this, add the following hint to the top of the model "v_account":
-- depends_on: {{ ref('v_account') }}
(in models/silver/sl_account.sql:40:10)
  --> models/silver/sl_account.sql:40:10
16:00:05.035387 [debug]: Finished rendering [  0.03s] model TRANSFORM.sl_account [error]
16:00:05.035457 [debug]: Started analyzing model TRANSFORM.sl_account
16:00:05.035489 [debug]: Finished analyzing [  0.00s] model TRANSFORM.sl_account [skipped]
16:00:05.035509 [info ]:     Failed [  0.03s] model TRANSFORM.sl_account (view)
16:00:05.035894 [debug]: Finished rendering [  0.01s] model TRANSFORM.v_collect_request [success]
16:00:05.035931 [debug]: Started analyzing model TRANSFORM.v_collect_request
16:00:05.035960 [debug]: Finished connection limit wait [  0.03s]
16:00:05.036034 [debug]: Compiled SQL for node model.UPI_Fraud_Monitoring.sl_beneficiary at target\.lsp\compiled\UPI_Fraud_Monitoring\models\silver\sl_beneficiary.sql
16:00:05.039608 [debug]: Finished analyzing [  0.01s] model TRANSFORM.sl_password_change [success]
16:00:05.039663 [info ]:  Succeeded [  0.03s] model TRANSFORM.sl_password_change (incremental)
16:00:05.040047 [debug]: Finished rendering [  0.01s] model TRANSFORM.sl_merchant [success]
16:00:05.040093 [debug]: Started analyzing model TRANSFORM.sl_merchant
16:00:05.040188 [debug]: Finished connection limit wait [  0.03s]
16:00:05.040824 [debug]: Finished rendering [  0.01s] model TRANSFORM.sl_beneficiary [success]
16:00:05.040917 [debug]: Started analyzing model TRANSFORM.sl_beneficiary
16:00:05.040966 [debug]: Finished connection limit wait [  0.03s]
16:00:05.041120 [debug]: Finished analyzing [  0.03s] model TRANSFORM.v_account [success]
16:00:05.041165 [info ]:  Succeeded [  0.03s] model TRANSFORM.v_account (view)
16:00:05.041520 [debug]: Compiled SQL for node model.UPI_Fraud_Monitoring.sl_device_registry at target\.lsp\compiled\UPI_Fraud_Monitoring\models\silver\sl_device_registry.sql
16:00:05.041555 [debug]: Finished connection limit wait [  0.03s]
16:00:05.042513 [debug]: Compiled SQL for node model.UPI_Fraud_Monitoring.v_beneficiary at target\.lsp\compiled\UPI_Fraud_Monitoring\models\bronze\views\v_beneficiary.sql
16:00:05.042933 [debug]: Compiled SQL for node model.UPI_Fraud_Monitoring.v_merchant at target\.lsp\compiled\UPI_Fraud_Monitoring\models\bronze\views\v_merchant.sql
16:00:05.042985 [debug]: Finished analyzing [  0.01s] model TRANSFORM.v_raw_customer [success]
16:00:05.043031 [info ]:  Succeeded [  0.03s] model TRANSFORM.v_raw_customer (view)
16:00:05.043104 [debug]: Finished rendering [  0.01s] model TRANSFORM.sl_device_registry [success]
16:00:05.043137 [debug]: Started analyzing model TRANSFORM.sl_device_registry
16:00:05.043412 [debug]: Finished connection limit wait [  0.03s]
16:00:05.043791 [debug]: Finished analyzing [  0.02s] model TRANSFORM.v_password_change [success]
16:00:05.043828 [info ]:  Succeeded [  0.03s] model TRANSFORM.v_password_change (view)
16:00:05.044069 [debug]: Finished rendering [  0.01s] model TRANSFORM.v_beneficiary [success]
16:00:05.044110 [debug]: Started analyzing model TRANSFORM.v_beneficiary
16:00:05.044146 [debug]: Finished connection limit wait [  0.04s]
16:00:05.044228 [debug]: Finished analyzing [  0.01s] model TRANSFORM.v_collect_request [success]
16:00:05.044323 [info ]:  Succeeded [  0.02s] model TRANSFORM.v_collect_request (view)
16:00:05.044508 [debug]: Finished rendering [  0.01s] model TRANSFORM.v_merchant [success]
16:00:05.044539 [debug]: Started analyzing model TRANSFORM.v_merchant
16:00:05.044568 [debug]: Finished connection limit wait [  0.04s]
16:00:05.044904 [debug]: Finished analyzing [  0.01s] model TRANSFORM.sl_login_activity [success]
16:00:05.044942 [info ]:  Succeeded [  0.03s] model TRANSFORM.sl_login_activity (incremental)
16:00:05.046143 [debug]: Compiled SQL for node model.UPI_Fraud_Monitoring.v_device_registry at target\.lsp\compiled\UPI_Fraud_Monitoring\models\bronze\views\v_device_registry.sql
16:00:05.047181 [debug]: Finished analyzing [  0.00s] model TRANSFORM.sl_device_registry [success]
16:00:05.047248 [info ]:  Succeeded [  0.01s] model TRANSFORM.sl_device_registry (incremental)
16:00:05.047659 [debug]: Compiled SQL for node model.UPI_Fraud_Monitoring.sl_customer at target\.lsp\compiled\UPI_Fraud_Monitoring\models\silver\sl_customer.sql
16:00:05.047666 [debug]: Finished rendering [  0.01s] model TRANSFORM.v_device_registry [success]
16:00:05.047724 [debug]: Started analyzing model TRANSFORM.v_device_registry
16:00:05.047788 [debug]: Compiled SQL for node model.UPI_Fraud_Monitoring.v_watchlist at target\.lsp\compiled\UPI_Fraud_Monitoring\models\bronze\views\v_watchlist.sql
16:00:05.048016 [debug]: Finished analyzing [  0.01s] model TRANSFORM.sl_merchant [success]
16:00:05.048047 [info ]:  Succeeded [  0.02s] model TRANSFORM.sl_merchant (incremental)
16:00:05.048350 [debug]: Finished rendering [  0.00s] model TRANSFORM.sl_customer [success]
16:00:05.048397 [debug]: Started analyzing model TRANSFORM.sl_customer
16:00:05.049051 [debug]: Finished connection limit wait [  0.04s]
16:00:05.049067 [debug]: Finished analyzing [  0.01s] model TRANSFORM.sl_beneficiary [success]
16:00:05.049104 [info ]:  Succeeded [  0.02s] model TRANSFORM.sl_beneficiary (incremental)
16:00:05.049158 [debug]: Finished analyzing [  0.02s] model TRANSFORM.v_login_activity [success]
16:00:05.049177 [info ]:  Succeeded [  0.03s] model TRANSFORM.v_login_activity (view)
16:00:05.049227 [debug]: Finished rendering [  0.01s] model TRANSFORM.v_watchlist [success]
16:00:05.049270 [debug]: Started analyzing model TRANSFORM.v_watchlist
16:00:05.049304 [debug]: Finished analyzing [  0.02s] model TRANSFORM.v_raw_collect_request [success]
16:00:05.049324 [info ]:  Succeeded [  0.03s] model TRANSFORM.v_raw_collect_request (view)
16:00:05.050441 [debug]: Compiled SQL for node model.UPI_Fraud_Monitoring.sl_transaction at target\.lsp\compiled\UPI_Fraud_Monitoring\models\silver\sl_transaction.sql
16:00:05.050508 [debug]: Finished analyzing [  0.00s] model TRANSFORM.sl_customer [success]
16:00:05.050546 [info ]:  Succeeded [  0.01s] model TRANSFORM.sl_customer (incremental)
16:00:05.050921 [debug]: Finished rendering [  0.01s] model TRANSFORM.sl_transaction [success]
16:00:05.050975 [debug]: Started analyzing model TRANSFORM.sl_transaction
16:00:05.052535 [debug]: Compiled SQL for node model.UPI_Fraud_Monitoring.sl_watchlist at target\.lsp\compiled\UPI_Fraud_Monitoring\models\silver\sl_watchlist.sql
16:00:05.052650 [debug]: Finished analyzing [  0.01s] model TRANSFORM.v_beneficiary [success]
16:00:05.052687 [info ]:  Succeeded [  0.02s] model TRANSFORM.v_beneficiary (view)
16:00:05.052994 [debug]: Finished rendering [  0.02s] model TRANSFORM.sl_watchlist [success]
16:00:05.053048 [debug]: Started analyzing model TRANSFORM.sl_watchlist
16:00:05.053670 [debug]: Finished analyzing [  0.00s] model TRANSFORM.sl_transaction [success]
16:00:05.053713 [info ]:  Succeeded [  0.01s] model TRANSFORM.sl_transaction (incremental)
16:00:05.054159 [debug]: Finished analyzing [  0.04s] model TRANSFORM.v_raw_password_change [success]
16:00:05.054197 [info ]:  Succeeded [  0.04s] model TRANSFORM.v_raw_password_change (view)
16:00:05.054240 [debug]: Finished analyzing [  0.01s] model TRANSFORM.v_device_registry [success]
16:00:05.054259 [info ]:  Succeeded [  0.01s] model TRANSFORM.v_device_registry (view)
16:00:05.054290 [debug]: Finished analyzing [  0.00s] model TRANSFORM.sl_watchlist [success]
16:00:05.054309 [info ]:  Succeeded [  0.02s] model TRANSFORM.sl_watchlist (incremental)
16:00:05.054346 [debug]: Finished analyzing [  0.01s] model TRANSFORM.v_merchant [success]
16:00:05.054365 [info ]:  Succeeded [  0.02s] model TRANSFORM.v_merchant (view)
16:00:05.054435 [debug]: Finished analyzing [  0.01s] model TRANSFORM.v_watchlist [success]
16:00:05.054466 [info ]:  Succeeded [  0.01s] model TRANSFORM.v_watchlist (view)
16:00:05.055443 [debug]: Compiled SQL for node model.UPI_Fraud_Monitoring.v_customer at target\.lsp\compiled\UPI_Fraud_Monitoring\models\bronze\views\v_customer.sql
16:00:05.055542 [debug]: Compiled SQL for node model.UPI_Fraud_Monitoring.v_raw_device_registry at target\.lsp\compiled\UPI_Fraud_Monitoring\models\bronze\raw_views\v_raw_device_registry.sql
16:00:05.055674 [debug]: Compiled SQL for node model.UPI_Fraud_Monitoring.v_transaction at target\.lsp\compiled\UPI_Fraud_Monitoring\models\bronze\views\v_transaction.sql
16:00:05.055791 [debug]: Finished rendering [  0.01s] model TRANSFORM.v_customer [success]
16:00:05.055880 [debug]: Started analyzing model TRANSFORM.v_customer
16:00:05.055941 [debug]: Finished rendering [  0.02s] model TRANSFORM.v_raw_device_registry [success]
16:00:05.055976 [debug]: Started analyzing model TRANSFORM.v_raw_device_registry
16:00:05.056014 [debug]: Finished rendering [  0.01s] model TRANSFORM.v_transaction [success]
16:00:05.056032 [info ]: Finished rendering [  0.05s] (34 nodes, 0 skipped, 1 errors)
16:00:05.056049 [debug]: Started analyzing model TRANSFORM.v_transaction
16:00:05.056660 [debug]: Finished analyzing [  0.00s] model TRANSFORM.v_raw_device_registry [success]
16:00:05.056742 [info ]:  Succeeded [  0.01s] model TRANSFORM.v_raw_device_registry (view)
16:00:05.062309 [debug]: Finished analyzing [  0.01s] model TRANSFORM.v_customer [success]
16:00:05.062394 [info ]:  Succeeded [  0.02s] model TRANSFORM.v_customer (view)
16:00:05.064039 [debug]: Finished analyzing [  0.01s] model TRANSFORM.v_transaction [success]
16:00:05.064107 [info ]: Finished analyzing [  0.05s] (33 nodes, 1 skipped, 0 errors)
16:00:05.064137 [info ]:  Succeeded [  0.01s] model TRANSFORM.v_transaction (view)
16:00:05.104891 [info ]: Started scheduling
16:00:05.105105 [info ]: Finished scheduling [  0.00s]
16:00:05.105487 [info ]: 
==================== Execution Summary =====================
Finished 'compile' with 1 error for target 'dev' [2.3s]
Processed: 32 models | 1 snapshot | 1 seed
Summary: 34 total | 33 success | 1 error
16:00:05.106594 [info ]: Cached model count updated: 32 models (accurate)
==================== 2026-09-10T16:00:33.589132Z | d88ad763-d693-4e08-ab6e-6878431b4cd3 ====================
16:00:33.589372 [info ]: Started loading project
16:00:33.590877 [info ]: Loading profiles.yml
16:00:33.616112 [info ]: Started parsing
16:00:33.731710 [info ]: Finished loading project [  0.14s]
16:00:33.740479 [debug]: Finished parsing models/schema.yml [  0.00s]
16:00:33.745558 [debug]: Finished parsing snapshots\sl_account.sql [  0.00s]
16:00:33.748150 [error]: [MacroSyntaxInvalid (dbt1502)]: Failed to render SQL syntax error: unexpected identifier, expected `,`
(in models/silver/sl_account.sql:5:23)
  --> models/silver/sl_account.sql:5:23
16:00:33.748282 [debug]: Finished parsing models/silver/sl_account.sql [  0.00s]
16:00:33.750075 [debug]: Finished parsing models/silver/sl_customer.sql [  0.00s]
16:00:33.979695 [info ]: Finished parsing [  0.36s]
16:00:33.985850 [info ]: Cached model count updated: 32 models (estimate)
16:00:33.985892 [info ]: Cached model count updated: 31 models (accurate)
16:00:33.985992 [info ]: Started scheduling
16:00:33.986131 [info ]: Finished scheduling [  0.00s]
16:00:33.986158 [debug]: Compilation - 0 nodes selected: {}
16:00:33.986209 [warn ]: [NoNodesForSelectionCriteria (dbt1092)]: The selection criterion '' does not match any enabled nodes
16:00:33.986454 [warn ]: [NoNodesSelected (dbt1601)]: Nothing to do. Try checking your model configs and model specification args
16:00:34.071605 [info ]: Started building task graph
16:00:34.071681 [info ]: Finished building task graph [  0.00s]
16:00:34.090423 [info ]: Started scheduling
16:00:34.090604 [info ]: Finished scheduling [  0.00s]
16:00:34.092241 [info ]: 
==================== Execution Summary =====================
Finished 'compile' with 2 warnings and 1 error for target 'dev' [503ms]
16:00:34.092485 [info ]: Cached model count updated: 31 models (accurate)
==================== 2026-09-10T16:00:35.692849Z | 38616e03-9ca5-443d-808a-5004d5292157 ====================
16:00:35.693000 [info ]: Started loading project
16:00:35.694142 [info ]: Loading profiles.yml
16:00:35.741087 [info ]: Cached model count updated: 32 models (estimate)
16:00:35.741138 [info ]: Cached model count updated: 31 models (accurate)
16:00:35.741251 [info ]: Started scheduling
16:00:35.741647 [info ]: Finished scheduling [  0.00s]
16:00:35.741683 [debug]: Compilation - 33 nodes selected: {"model.UPI_Fraud_Monitoring.gld_fraud_alert", "model.UPI_Fraud_Monitoring.gld_rule_results", "model.UPI_Fraud_Monitoring.sl_beneficiary", "model.UPI_Fraud_Monitoring.sl_collect_request", "model.UPI_Fraud_Monitoring.sl_customer", "model.UPI_Fraud_Monitoring.sl_device_registry", "model.UPI_Fraud_Monitoring.sl_login_activity", "model.UPI_Fraud_Monitoring.sl_merchant", "model.UPI_Fraud_Monitoring.sl_password_change", "model.UPI_Fraud_Monitoring.sl_transaction", "model.UPI_Fraud_Monitoring.sl_watchlist", "model.UPI_Fraud_Monitoring.v_account", "model.UPI_Fraud_Monitoring.v_beneficiary", "model.UPI_Fraud_Monitoring.v_collect_request", "model.UPI_Fraud_Monitoring.v_customer", "model.UPI_Fraud_Monitoring.v_device_registry", "model.UPI_Fraud_Monitoring.v_login_activity", "model.UPI_Fraud_Monitoring.v_merchant", "model.UPI_Fraud_Monitoring.v_password_change", "model.UPI_Fraud_Monitoring.v_raw_account", "model.UPI_Fraud_Monitoring.v_raw_beneficiary", "model.UPI_Fraud_Monitoring.v_raw_collect_request", "model.UPI_Fraud_Monitoring.v_raw_customer", "model.UPI_Fraud_Monitoring.v_raw_device_registry", "model.UPI_Fraud_Monitoring.v_raw_login_activity", "model.UPI_Fraud_Monitoring.v_raw_merchant", "model.UPI_Fraud_Monitoring.v_raw_password_change", "model.UPI_Fraud_Monitoring.v_raw_transaction", "model.UPI_Fraud_Monitoring.v_raw_watchlist", "model.UPI_Fraud_Monitoring.v_transaction", "model.UPI_Fraud_Monitoring.v_watchlist", "seed.UPI_Fraud_Monitoring.dim_fraud_rule", "snapshot.UPI_Fraud_Monitoring.policy_snapshot"}
16:00:35.744335 [debug]:    Started downloading relations (1 items)
16:00:35.744515 [info ]: Finished loading project [  0.05s]
16:00:36.221167 [debug]: create_debug_span(...).entered() took 27.8µs
16:00:36.414250 [debug]: stmt.execute() (submit+wait_for_completion, returns reader) took 192.9584ms
16:00:36.414301 [debug]: reader.schema() took 1.1µs
16:00:36.417790 [debug]: batch-consume loop (for res in reader) took 3.4513ms
16:00:36.421547 [debug]: do_execute(conn) (closure: stmt.execute + schema + batch loop) took 200.3096ms
16:00:36.421703 [debug]: concat_batches + normalize_result_column_names took 105.7µs
16:00:36.421724 [debug]: record_current_span_status_from_attrs took 6.6µs
16:00:36.421737 [debug]: Query executed on node unknown:
SHOW OBJECTS IN SCHEMA "UPI_FRAUD_MONITORING_DB"."TRANSFORM" LIMIT 10000
16:00:36.421754 [debug]: drop(query_span_guard) (span exit/export) took 23.4µs
16:00:36.709664 [debug]:   Finished [  0.97s] downloading relations (1 items)
16:00:36.776607 [info ]: Started building task graph
16:00:36.776935 [info ]: Finished building task graph [  0.00s]
16:00:36.786787 [info ]: Started rendering (33 nodes)
16:00:36.786863 [info ]: Started snapshot snapshots.policy_snapshot
16:00:36.786882 [debug]: Started rendering snapshot snapshots.policy_snapshot
16:00:36.786938 [info ]: Started model TRANSFORM.v_raw_watchlist
16:00:36.786947 [debug]: Started rendering model TRANSFORM.v_raw_watchlist
16:00:36.787007 [info ]: Started model TRANSFORM.v_raw_transaction
16:00:36.787023 [debug]: Started rendering model TRANSFORM.v_raw_transaction
16:00:36.787046 [info ]: Started model TRANSFORM.v_raw_password_change
16:00:36.787058 [debug]: Started rendering model TRANSFORM.v_raw_password_change
16:00:36.787077 [info ]: Started model TRANSFORM.v_raw_merchant
16:00:36.787091 [debug]: Started rendering model TRANSFORM.v_raw_merchant
16:00:36.787107 [info ]: Started model TRANSFORM.v_raw_login_activity
16:00:36.787119 [debug]: Started rendering model TRANSFORM.v_raw_login_activity
16:00:36.787136 [info ]: Started model TRANSFORM.v_raw_device_registry
16:00:36.787144 [debug]: Started rendering model TRANSFORM.v_raw_device_registry
16:00:36.787160 [info ]: Started model TRANSFORM.v_raw_customer
16:00:36.787172 [debug]: Started rendering model TRANSFORM.v_raw_customer
16:00:36.787190 [info ]: Started model TRANSFORM.v_raw_collect_request
16:00:36.787199 [debug]: Started rendering model TRANSFORM.v_raw_collect_request
16:00:36.787215 [info ]: Started model TRANSFORM.v_raw_beneficiary
16:00:36.787223 [debug]: Started rendering model TRANSFORM.v_raw_beneficiary
16:00:36.787238 [info ]: Started model TRANSFORM.v_raw_account
16:00:36.787245 [debug]: Started rendering model TRANSFORM.v_raw_account
16:00:36.787263 [info ]: Started model TRANSFORM.v_account
16:00:36.787274 [debug]: Started rendering model TRANSFORM.v_account
16:00:36.787290 [info ]: Started model TRANSFORM.sl_password_change
16:00:36.787299 [debug]: Started rendering model TRANSFORM.sl_password_change
16:00:36.787713 [debug]: Started connection limit wait
16:00:36.787828 [debug]: Started connection limit wait
16:00:36.787841 [debug]: Started connection limit wait
16:00:36.787315 [info ]: Started model TRANSFORM.v_password_change
16:00:36.787912 [debug]: Started rendering model TRANSFORM.v_password_change
16:00:36.787961 [info ]: Started model TRANSFORM.sl_login_activity
16:00:36.787973 [debug]: Started rendering model TRANSFORM.sl_login_activity
16:00:36.788014 [info ]: Started model TRANSFORM.v_login_activity
16:00:36.788030 [debug]: Started rendering model TRANSFORM.v_login_activity
16:00:36.788050 [info ]: Started model TRANSFORM.sl_collect_request
16:00:36.788061 [debug]: Started rendering model TRANSFORM.sl_collect_request
16:00:36.788079 [info ]: Started model TRANSFORM.v_collect_request
16:00:36.788087 [debug]: Started rendering model TRANSFORM.v_collect_request
16:00:36.788103 [info ]: Started model analytics.gld_fraud_alert
16:00:36.788111 [debug]: Started rendering model analytics.gld_fraud_alert
16:00:36.788130 [info ]: Started model analytics.gld_rule_results
16:00:36.788141 [debug]: Started rendering model analytics.gld_rule_results
16:00:36.788163 [info ]: Started seed TRANSFORM.dim_fraud_rule
16:00:36.788173 [debug]: Started rendering seed TRANSFORM.dim_fraud_rule
16:00:36.788190 [info ]: Started model TRANSFORM.sl_beneficiary
16:00:36.788199 [debug]: Started rendering model TRANSFORM.sl_beneficiary
16:00:36.788214 [info ]: Started model TRANSFORM.v_beneficiary
16:00:36.788228 [debug]: Started rendering model TRANSFORM.v_beneficiary
16:00:36.788244 [info ]: Started model TRANSFORM.sl_watchlist
16:00:36.788256 [debug]: Started rendering model TRANSFORM.sl_watchlist
16:00:36.788276 [info ]: Started model TRANSFORM.v_watchlist
16:00:36.788286 [debug]: Started rendering model TRANSFORM.v_watchlist
16:00:36.788304 [info ]: Started model TRANSFORM.sl_transaction
16:00:36.788313 [debug]: Started rendering model TRANSFORM.sl_transaction
16:00:36.788329 [info ]: Started model TRANSFORM.v_transaction
16:00:36.788341 [debug]: Started rendering model TRANSFORM.v_transaction
16:00:36.788360 [info ]: Started model TRANSFORM.sl_merchant
16:00:36.788369 [debug]: Started rendering model TRANSFORM.sl_merchant
16:00:36.788387 [info ]: Started model TRANSFORM.v_merchant
16:00:36.788399 [debug]: Started rendering model TRANSFORM.v_merchant
16:00:36.788421 [info ]: Started model TRANSFORM.sl_device_registry
16:00:36.788430 [debug]: Started rendering model TRANSFORM.sl_device_registry
16:00:36.788444 [info ]: Started model TRANSFORM.v_device_registry
16:00:36.788453 [debug]: Started rendering model TRANSFORM.v_device_registry
16:00:36.788466 [info ]: Started model TRANSFORM.sl_customer
16:00:36.788475 [debug]: Started rendering model TRANSFORM.sl_customer
16:00:36.789465 [info ]: Started model TRANSFORM.v_customer
16:00:36.789537 [debug]: Started rendering model TRANSFORM.v_customer
16:00:36.789688 [debug]: Started connection limit wait
16:00:36.789718 [debug]: Started connection limit wait
16:00:36.789730 [debug]: Started connection limit wait
16:00:36.789740 [debug]: Started connection limit wait
16:00:36.789750 [debug]: Started connection limit wait
16:00:36.789745 [debug]: Started connection limit wait
16:00:36.789760 [debug]: Started connection limit wait
16:00:36.789769 [debug]: Started connection limit wait
16:00:36.789774 [debug]: Started connection limit wait
16:00:36.789778 [debug]: Started connection limit wait
16:00:36.789787 [debug]: Started connection limit wait
16:00:36.789788 [debug]: Started connection limit wait
16:00:36.789796 [debug]: Started connection limit wait
16:00:36.789798 [debug]: Started connection limit wait
16:00:36.789803 [debug]: Started connection limit wait
16:00:36.789812 [debug]: Started connection limit wait
16:00:36.790097 [debug]: Finished rendering [  0.00s] seed TRANSFORM.dim_fraud_rule [success]
16:00:36.790383 [debug]: Started connection limit wait
16:00:36.790461 [debug]: Started connection limit wait
16:00:36.790704 [info ]:  Succeeded [  0.00s] seed  TRANSFORM.dim_fraud_rule (table)
16:00:36.791853 [debug]: Compiled SQL for node snapshot.UPI_Fraud_Monitoring.policy_snapshot at target\.lsp\compiled\UPI_Fraud_Monitoring\snapshots\sl_account.sql\policy_snapshot.sql
16:00:36.792084 [debug]: Compiled SQL for node model.UPI_Fraud_Monitoring.v_raw_password_change at target\.lsp\compiled\UPI_Fraud_Monitoring\models\bronze\raw_views\v_raw_password_change.sql
16:00:36.792278 [debug]: Finished rendering [  0.01s] snapshot snapshots.policy_snapshot [success]
16:00:36.792375 [info ]: Started analyzing (32 nodes)
16:00:36.792392 [debug]: Started analyzing snapshot snapshots.policy_snapshot
16:00:36.793256 [debug]: Compiled SQL for node model.UPI_Fraud_Monitoring.v_raw_merchant at target\.lsp\compiled\UPI_Fraud_Monitoring\models\bronze\raw_views\v_raw_merchant.sql
16:00:36.793533 [debug]: Finished connection limit wait [  0.01s]
16:00:36.793199 [debug]: Finished rendering [  0.01s] model TRANSFORM.v_raw_password_change [success]
16:00:36.794031 [debug]: Finished connection limit wait [  0.01s]
16:00:36.794056 [debug]: Started analyzing model TRANSFORM.v_raw_password_change
16:00:36.794136 [debug]: Finished analyzing [  0.00s] snapshot snapshots.policy_snapshot [success]
16:00:36.794165 [info ]:  Succeeded [  0.01s] snapshot snapshots.policy_snapshot (snapshot)
16:00:36.794223 [debug]: Finished rendering [  0.01s] model TRANSFORM.v_raw_merchant [success]
16:00:36.794242 [debug]: Started analyzing model TRANSFORM.v_raw_merchant
16:00:36.794870 [debug]: Finished analyzing [  0.00s] model TRANSFORM.v_raw_password_change [success]
16:00:36.794910 [info ]:  Succeeded [  0.01s] model TRANSFORM.v_raw_password_change (view)
16:00:36.794951 [debug]: Finished analyzing [  0.00s] model TRANSFORM.v_raw_merchant [success]
16:00:36.794966 [info ]:  Succeeded [  0.01s] model TRANSFORM.v_raw_merchant (view)
16:00:36.795553 [debug]: Compiled SQL for node model.UPI_Fraud_Monitoring.v_raw_login_activity at target\.lsp\compiled\UPI_Fraud_Monitoring\models\bronze\raw_views\v_raw_login_activity.sql
16:00:36.795581 [debug]: Compiled SQL for node model.UPI_Fraud_Monitoring.v_raw_device_registry at target\.lsp\compiled\UPI_Fraud_Monitoring\models\bronze\raw_views\v_raw_device_registry.sql
16:00:36.796103 [debug]: Compiled SQL for node model.UPI_Fraud_Monitoring.gld_fraud_alert at target\.lsp\compiled\UPI_Fraud_Monitoring\models\gold\gld_fraud_alert.sql
16:00:36.796120 [debug]: Compiled SQL for node model.UPI_Fraud_Monitoring.v_raw_account at target\.lsp\compiled\UPI_Fraud_Monitoring\models\bronze\raw_views\v_raw_account.sql
16:00:36.796168 [debug]: Finished rendering [  0.01s] model TRANSFORM.v_raw_device_registry [success]
16:00:36.796234 [debug]: Started analyzing model TRANSFORM.v_raw_device_registry
16:00:36.796291 [debug]: Finished rendering [  0.01s] model TRANSFORM.v_raw_login_activity [success]
16:00:36.796311 [debug]: Started analyzing model TRANSFORM.v_raw_login_activity
16:00:36.796333 [debug]: Finished connection limit wait [  0.01s]
16:00:36.796674 [debug]: Compiled SQL for node model.UPI_Fraud_Monitoring.gld_rule_results at target\.lsp\compiled\UPI_Fraud_Monitoring\models\gold\gld_rule_results.sql
16:00:36.797614 [debug]: Finished connection limit wait [  0.01s]
16:00:36.797692 [debug]: Started analyzing model analytics.gld_fraud_alert
16:00:36.797747 [debug]: Finished analyzing [  0.00s] model TRANSFORM.v_raw_device_registry [success]
16:00:36.797774 [info ]:  Succeeded [  0.01s] model TRANSFORM.v_raw_device_registry (view)
16:00:36.797844 [debug]: Finished rendering [  0.01s] model TRANSFORM.v_raw_account [success]
16:00:36.797871 [debug]: Started analyzing model TRANSFORM.v_raw_account
16:00:36.797917 [debug]: Finished rendering [  0.01s] model analytics.gld_fraud_alert [success]
16:00:36.798130 [debug]: Compiled SQL for node model.UPI_Fraud_Monitoring.v_raw_customer at target\.lsp\compiled\UPI_Fraud_Monitoring\models\bronze\raw_views\v_raw_customer.sql
16:00:36.798477 [debug]: Finished analyzing [  0.00s] model TRANSFORM.v_raw_login_activity [success]
16:00:36.798507 [info ]:  Succeeded [  0.01s] model TRANSFORM.v_raw_login_activity (view)
16:00:36.798639 [debug]: Finished connection limit wait [  0.01s]
16:00:36.798845 [debug]: Finished rendering [  0.01s] model analytics.gld_rule_results [success]
16:00:36.798883 [debug]: Started analyzing model analytics.gld_rule_results
16:00:36.799181 [debug]: Compiled SQL for node model.UPI_Fraud_Monitoring.v_raw_watchlist at target\.lsp\compiled\UPI_Fraud_Monitoring\models\bronze\raw_views\v_raw_watchlist.sql
16:00:36.799181 [debug]: Compiled SQL for node model.UPI_Fraud_Monitoring.v_raw_beneficiary at target\.lsp\compiled\UPI_Fraud_Monitoring\models\bronze\raw_views\v_raw_beneficiary.sql
16:00:36.799730 [debug]: Compiled SQL for node model.UPI_Fraud_Monitoring.v_raw_collect_request at target\.lsp\compiled\UPI_Fraud_Monitoring\models\bronze\raw_views\v_raw_collect_request.sql
16:00:36.799804 [debug]: Compiled SQL for node model.UPI_Fraud_Monitoring.sl_password_change at target\.lsp\compiled\UPI_Fraud_Monitoring\models\silver\sl_password_change.sql
16:00:36.800109 [debug]: Finished analyzing [  0.00s] model analytics.gld_fraud_alert [success]
16:00:36.800148 [info ]:  Succeeded [  0.01s] model analytics.gld_fraud_alert (incremental)
16:00:36.800622 [debug]: Compiled SQL for node model.UPI_Fraud_Monitoring.v_raw_transaction at target\.lsp\compiled\UPI_Fraud_Monitoring\models\bronze\raw_views\v_raw_transaction.sql
16:00:36.800874 [debug]: Finished rendering [  0.01s] model TRANSFORM.v_raw_customer [success]
16:00:36.800930 [debug]: Started analyzing model TRANSFORM.v_raw_customer
16:00:36.801060 [debug]: Finished analyzing [  0.00s] model TRANSFORM.v_raw_account [success]
16:00:36.801084 [info ]:  Succeeded [  0.01s] model TRANSFORM.v_raw_account (view)
16:00:36.801142 [debug]: Finished rendering [  0.01s] model TRANSFORM.v_raw_watchlist [success]
16:00:36.801163 [debug]: Started analyzing model TRANSFORM.v_raw_watchlist
16:00:36.801187 [debug]: Finished connection limit wait [  0.01s]
16:00:36.801235 [debug]: Started analyzing model TRANSFORM.v_raw_beneficiary
16:00:36.801512 [debug]: Finished analyzing [  0.00s] model TRANSFORM.v_raw_watchlist [success]
16:00:36.801536 [info ]:  Succeeded [  0.01s] model TRANSFORM.v_raw_watchlist (view)
16:00:36.801572 [debug]: Finished connection limit wait [  0.01s]
16:00:36.801612 [debug]: Finished rendering [  0.01s] model TRANSFORM.v_raw_beneficiary [success]
16:00:36.801721 [debug]: Finished connection limit wait [  0.01s]
16:00:36.802755 [debug]: Finished rendering [  0.01s] model TRANSFORM.v_raw_collect_request [success]
16:00:36.802718 [debug]: Compiled SQL for node model.UPI_Fraud_Monitoring.v_account at target\.lsp\compiled\UPI_Fraud_Monitoring\models\bronze\views\v_account.sql
16:00:36.803018 [debug]: Started analyzing model TRANSFORM.v_raw_collect_request
16:00:36.803251 [debug]: Finished connection limit wait [  0.01s]
16:00:36.804073 [debug]: Compiled SQL for node model.UPI_Fraud_Monitoring.v_watchlist at target\.lsp\compiled\UPI_Fraud_Monitoring\models\bronze\views\v_watchlist.sql
16:00:36.804152 [debug]: Finished analyzing [  0.00s] model TRANSFORM.v_raw_collect_request [success]
16:00:36.804187 [info ]:  Succeeded [  0.01s] model TRANSFORM.v_raw_collect_request (view)
16:00:36.804443 [debug]: Finished rendering [  0.01s] model TRANSFORM.sl_password_change [success]
16:00:36.804527 [debug]: Started analyzing model TRANSFORM.sl_password_change
16:00:36.805365 [debug]: Finished connection limit wait [  0.02s]
16:00:36.805364 [debug]: Finished rendering [  0.02s] model TRANSFORM.v_raw_transaction [success]
16:00:36.805431 [debug]: Started analyzing model TRANSFORM.v_raw_transaction
16:00:36.805490 [debug]: Finished rendering [  0.01s] model TRANSFORM.v_account [success]
16:00:36.805511 [debug]: Started analyzing model TRANSFORM.v_account
16:00:36.805534 [debug]: Finished connection limit wait [  0.02s]
16:00:36.802718 [debug]: Compiled SQL for node model.UPI_Fraud_Monitoring.v_password_change at target\.lsp\compiled\UPI_Fraud_Monitoring\models\bronze\views\v_password_change.sql
16:00:36.807106 [debug]: Compiled SQL for node model.UPI_Fraud_Monitoring.v_transaction at target\.lsp\compiled\UPI_Fraud_Monitoring\models\bronze\views\v_transaction.sql
16:00:36.807197 [debug]: Finished analyzing [  0.01s] model TRANSFORM.v_raw_beneficiary [success]
16:00:36.807239 [info ]:  Succeeded [  0.01s] model TRANSFORM.v_raw_beneficiary (view)
16:00:36.807561 [debug]: Finished rendering [  0.01s] model TRANSFORM.v_watchlist [success]
16:00:36.807601 [debug]: Started analyzing model TRANSFORM.v_watchlist
16:00:36.807693 [debug]: Finished connection limit wait [  0.02s]
16:00:36.808265 [debug]: Finished rendering [  0.01s] model TRANSFORM.v_password_change [success]
16:00:36.808461 [debug]: Started analyzing model TRANSFORM.v_password_change
16:00:36.808537 [debug]: Finished connection limit wait [  0.02s]
16:00:36.809869 [debug]: Compiled SQL for node model.UPI_Fraud_Monitoring.sl_transaction at target\.lsp\compiled\UPI_Fraud_Monitoring\models\silver\sl_transaction.sql
16:00:36.810524 [debug]: Compiled SQL for node model.UPI_Fraud_Monitoring.v_merchant at target\.lsp\compiled\UPI_Fraud_Monitoring\models\bronze\views\v_merchant.sql
16:00:36.810661 [debug]: Finished analyzing [  0.01s] model analytics.gld_rule_results [success]
16:00:36.810703 [info ]:  Succeeded [  0.02s] model analytics.gld_rule_results (incremental)
16:00:36.810793 [debug]: Finished rendering [  0.01s] model TRANSFORM.v_transaction [success]
16:00:36.810826 [debug]: Started analyzing model TRANSFORM.v_transaction
16:00:36.810859 [debug]: Finished connection limit wait [  0.02s]
16:00:36.811071 [debug]: Finished rendering [  0.01s] model TRANSFORM.sl_transaction [success]
16:00:36.811117 [debug]: Started analyzing model TRANSFORM.sl_transaction
16:00:36.811155 [debug]: Finished connection limit wait [  0.02s]
16:00:36.811206 [debug]: Compiled SQL for node model.UPI_Fraud_Monitoring.sl_login_activity at target\.lsp\compiled\UPI_Fraud_Monitoring\models\silver\sl_login_activity.sql
16:00:36.813624 [debug]: Compiled SQL for node model.UPI_Fraud_Monitoring.sl_collect_request at target\.lsp\compiled\UPI_Fraud_Monitoring\models\silver\sl_collect_request.sql
16:00:36.814073 [debug]: Finished analyzing [  0.01s] model TRANSFORM.sl_password_change [success]
16:00:36.814132 [info ]:  Succeeded [  0.02s] model TRANSFORM.sl_password_change (incremental)
16:00:36.814246 [debug]: Finished rendering [  0.01s] model TRANSFORM.sl_login_activity [success]
16:00:36.814288 [debug]: Started analyzing model TRANSFORM.sl_login_activity
16:00:36.814340 [debug]: Finished connection limit wait [  0.02s]
16:00:36.814556 [debug]: Finished analyzing [  0.01s] model TRANSFORM.v_watchlist [success]
16:00:36.814602 [info ]:  Succeeded [  0.01s] model TRANSFORM.v_watchlist (view)
16:00:36.814655 [debug]: Finished rendering [  0.01s] model TRANSFORM.v_merchant [success]
16:00:36.814690 [debug]: Started analyzing model TRANSFORM.v_merchant
16:00:36.814921 [debug]: Finished rendering [  0.01s] model TRANSFORM.sl_collect_request [success]
16:00:36.814968 [debug]: Started analyzing model TRANSFORM.sl_collect_request
16:00:36.815220 [debug]: Finished connection limit wait [  0.03s]
16:00:36.816721 [debug]: Finished analyzing [  0.01s] model TRANSFORM.v_raw_transaction [success]
16:00:36.816816 [info ]:  Succeeded [  0.03s] model TRANSFORM.v_raw_transaction (view)
16:00:36.816844 [debug]: Finished connection limit wait [  0.03s]
16:00:36.816882 [debug]: Finished analyzing [  0.02s] model TRANSFORM.v_raw_customer [success]
16:00:36.816906 [info ]:  Succeeded [  0.03s] model TRANSFORM.v_raw_customer (view)
16:00:36.816937 [debug]: Finished connection limit wait [  0.03s]
16:00:36.818040 [debug]: Compiled SQL for node model.UPI_Fraud_Monitoring.sl_watchlist at target\.lsp\compiled\UPI_Fraud_Monitoring\models\silver\sl_watchlist.sql
16:00:36.820040 [debug]: Finished analyzing [  0.01s] model TRANSFORM.sl_transaction [success]
16:00:36.820197 [info ]:  Succeeded [  0.02s] model TRANSFORM.sl_transaction (incremental)
16:00:36.820357 [debug]: Compiled SQL for node model.UPI_Fraud_Monitoring.v_customer at target\.lsp\compiled\UPI_Fraud_Monitoring\models\bronze\views\v_customer.sql
16:00:36.820599 [debug]: Finished rendering [  0.02s] model TRANSFORM.sl_watchlist [success]
16:00:36.820645 [debug]: Compiled SQL for node model.UPI_Fraud_Monitoring.sl_merchant at target\.lsp\compiled\UPI_Fraud_Monitoring\models\silver\sl_merchant.sql
16:00:36.820646 [debug]: Started analyzing model TRANSFORM.sl_watchlist
16:00:36.820728 [debug]: Finished connection limit wait [  0.03s]
16:00:36.821760 [debug]: Finished analyzing [  0.01s] model TRANSFORM.v_merchant [success]
16:00:36.821827 [info ]:  Succeeded [  0.02s] model TRANSFORM.v_merchant (view)
16:00:36.822150 [debug]: Finished rendering [  0.01s] model TRANSFORM.v_customer [success]
16:00:36.822207 [debug]: Started analyzing model TRANSFORM.v_customer
16:00:36.822246 [debug]: Finished rendering [  0.02s] model TRANSFORM.sl_merchant [success]
16:00:36.822264 [debug]: Started analyzing model TRANSFORM.sl_merchant
16:00:36.822263 [debug]: Compiled SQL for node model.UPI_Fraud_Monitoring.sl_device_registry at target\.lsp\compiled\UPI_Fraud_Monitoring\models\silver\sl_device_registry.sql
16:00:36.822294 [debug]: Finished connection limit wait [  0.03s]
16:00:36.823838 [debug]: Finished analyzing [  0.01s] model TRANSFORM.sl_login_activity [success]
16:00:36.823908 [info ]:  Succeeded [  0.02s] model TRANSFORM.sl_login_activity (incremental)
16:00:36.823996 [debug]: Finished rendering [  0.02s] model TRANSFORM.sl_device_registry [success]
16:00:36.824038 [debug]: Started analyzing model TRANSFORM.sl_device_registry
16:00:36.824111 [debug]: Finished analyzing [  0.02s] model TRANSFORM.v_password_change [success]
16:00:36.824144 [info ]:  Succeeded [  0.03s] model TRANSFORM.v_password_change (view)
16:00:36.824391 [debug]: Compiled SQL for node model.UPI_Fraud_Monitoring.v_collect_request at target\.lsp\compiled\UPI_Fraud_Monitoring\models\bronze\views\v_collect_request.sql
16:00:36.825368 [debug]: Compiled SQL for node model.UPI_Fraud_Monitoring.v_device_registry at target\.lsp\compiled\UPI_Fraud_Monitoring\models\bronze\views\v_device_registry.sql
16:00:36.825496 [debug]: Finished analyzing [  0.01s] model TRANSFORM.sl_collect_request [success]
16:00:36.825533 [info ]:  Succeeded [  0.01s] model TRANSFORM.sl_collect_request (incremental)
16:00:36.825577 [debug]: Finished analyzing [  0.00s] model TRANSFORM.sl_device_registry [success]
16:00:36.825592 [info ]:  Succeeded [  0.02s] model TRANSFORM.sl_device_registry (incremental)
16:00:36.825645 [debug]: Finished rendering [  0.01s] model TRANSFORM.v_collect_request [success]
16:00:36.825680 [debug]: Started analyzing model TRANSFORM.v_collect_request
16:00:36.825829 [debug]: Finished rendering [  0.02s] model TRANSFORM.v_device_registry [success]
16:00:36.825866 [debug]: Started analyzing model TRANSFORM.v_device_registry
16:00:36.826259 [debug]: Finished analyzing [  0.02s] model TRANSFORM.v_transaction [success]
16:00:36.826289 [info ]:  Succeeded [  0.02s] model TRANSFORM.v_transaction (view)
16:00:36.827395 [debug]: Finished analyzing [  0.01s] model TRANSFORM.sl_watchlist [success]
16:00:36.827441 [info ]:  Succeeded [  0.03s] model TRANSFORM.sl_watchlist (incremental)
16:00:36.828405 [debug]: Finished analyzing [  0.02s] model TRANSFORM.v_account [success]
16:00:36.828456 [info ]:  Succeeded [  0.03s] model TRANSFORM.v_account (view)
16:00:36.828635 [debug]: Compiled SQL for node model.UPI_Fraud_Monitoring.v_beneficiary at target\.lsp\compiled\UPI_Fraud_Monitoring\models\bronze\views\v_beneficiary.sql
16:00:36.829188 [debug]: Finished rendering [  0.01s] model TRANSFORM.v_beneficiary [success]
16:00:36.829254 [debug]: Started analyzing model TRANSFORM.v_beneficiary
16:00:36.829416 [debug]: Finished analyzing [  0.01s] model TRANSFORM.sl_merchant [success]
16:00:36.829447 [info ]:  Succeeded [  0.03s] model TRANSFORM.sl_merchant (incremental)
16:00:36.829493 [debug]: Finished analyzing [  0.00s] model TRANSFORM.v_collect_request [success]
16:00:36.829511 [info ]:  Succeeded [  0.02s] model TRANSFORM.v_collect_request (view)
16:00:36.830472 [debug]: Compiled SQL for node model.UPI_Fraud_Monitoring.v_login_activity at target\.lsp\compiled\UPI_Fraud_Monitoring\models\bronze\views\v_login_activity.sql
16:00:36.830726 [debug]: Finished rendering [  0.02s] model TRANSFORM.v_login_activity [success]
16:00:36.830896 [debug]: Started analyzing model TRANSFORM.v_login_activity
16:00:36.831221 [debug]: Finished analyzing [  0.01s] model TRANSFORM.v_customer [success]
16:00:36.831271 [info ]:  Succeeded [  0.01s] model TRANSFORM.v_customer (view)
16:00:36.831435 [debug]: Compiled SQL for node model.UPI_Fraud_Monitoring.sl_customer at target\.lsp\compiled\UPI_Fraud_Monitoring\models\silver\sl_customer.sql
16:00:36.831745 [debug]: Finished rendering [  0.02s] model TRANSFORM.sl_customer [success]
16:00:36.831816 [debug]: Started analyzing model TRANSFORM.sl_customer
16:00:36.831920 [debug]: Compiled SQL for node model.UPI_Fraud_Monitoring.sl_beneficiary at target\.lsp\compiled\UPI_Fraud_Monitoring\models\silver\sl_beneficiary.sql
16:00:36.832130 [debug]: Finished rendering [  0.01s] model TRANSFORM.sl_beneficiary [success]
16:00:36.832162 [info ]: Finished rendering [  0.05s] (33 nodes, 0 skipped, 0 errors)
16:00:36.832196 [debug]: Started analyzing model TRANSFORM.sl_beneficiary
16:00:36.833214 [debug]: Finished analyzing [  0.00s] model TRANSFORM.sl_customer [success]
16:00:36.833280 [info ]:  Succeeded [  0.02s] model TRANSFORM.sl_customer (incremental)
16:00:36.833429 [debug]: Finished analyzing [  0.01s] model TRANSFORM.v_device_registry [success]
16:00:36.833463 [info ]:  Succeeded [  0.02s] model TRANSFORM.v_device_registry (view)
16:00:36.836218 [debug]: Finished analyzing [  0.01s] model TRANSFORM.v_beneficiary [success]
16:00:36.836300 [info ]:  Succeeded [  0.01s] model TRANSFORM.v_beneficiary (view)
16:00:36.836384 [debug]: Finished analyzing [  0.00s] model TRANSFORM.sl_beneficiary [success]
16:00:36.836429 [info ]:  Succeeded [  0.02s] model TRANSFORM.sl_beneficiary (incremental)
16:00:36.838420 [debug]: Finished analyzing [  0.01s] model TRANSFORM.v_login_activity [success]
16:00:36.838487 [info ]: Finished analyzing [  0.05s] (32 nodes, 0 skipped, 0 errors)
16:00:36.838509 [info ]:  Succeeded [  0.02s] model TRANSFORM.v_login_activity (view)
16:00:36.853959 [info ]: Started scheduling
16:00:36.854155 [info ]: Finished scheduling [  0.00s]
16:00:36.854520 [info ]: 
==================== Execution Summary =====================
Finished 'compile' successfully for target 'dev' [1.2s]
Processed: 31 models | 1 snapshot | 1 seed
Summary: 33 total | 33 success
16:00:36.855744 [info ]: Cached model count updated: 31 models (accurate)
==================== 2026-09-10T16:01:13.916347Z | 4caf29cb-557e-4cea-903d-43b25cd56c01 ====================
16:01:13.916466 [info ]: Started loading project
16:01:13.917550 [info ]: Loading profiles.yml
16:01:13.949167 [info ]: Started parsing
16:01:14.059006 [info ]: Finished loading project [  0.14s]
16:01:14.072045 [debug]: Finished parsing snapshots\sl_account.sql [  0.00s]
16:01:14.075130 [debug]: Finished parsing models/silver/sl_account.sql [  0.00s]
16:01:14.272410 [info ]: Finished parsing [  0.32s]
16:01:14.278274 [info ]: Cached model count updated: 32 models (estimate)
16:01:14.278320 [info ]: Cached model count updated: 32 models (accurate)
16:01:14.278421 [info ]: Started scheduling
16:01:14.278649 [info ]: Finished scheduling [  0.00s]
16:01:14.278678 [debug]: Compilation - 2 nodes selected: {"model.UPI_Fraud_Monitoring.sl_account", "model.UPI_Fraud_Monitoring.v_account"}
16:01:14.281007 [debug]:    Started downloading relations (1 items)
16:01:14.937873 [debug]: create_debug_span(...).entered() took 28.7µs
16:01:15.077996 [debug]: stmt.execute() (submit+wait_for_completion, returns reader) took 140.0103ms
16:01:15.078053 [debug]: reader.schema() took 1.2µs
16:01:15.081693 [debug]: batch-consume loop (for res in reader) took 3.6003ms
16:01:15.084954 [debug]: do_execute(conn) (closure: stmt.execute + schema + batch loop) took 147.0153ms
16:01:15.085176 [debug]: concat_batches + normalize_result_column_names took 160.9µs
16:01:15.085201 [debug]: record_current_span_status_from_attrs took 6.7µs
16:01:15.085221 [debug]: Query executed on node unknown:
SHOW OBJECTS IN SCHEMA "UPI_FRAUD_MONITORING_DB"."TRANSFORM" LIMIT 10000
16:01:15.085247 [debug]: drop(query_span_guard) (span exit/export) took 36.5µs
16:01:15.599386 [debug]:   Finished [  1.32s] downloading relations (1 items)
16:01:15.670204 [info ]: Started building task graph
16:01:15.670304 [info ]: Finished building task graph [  0.00s]
16:01:15.679527 [info ]: Started rendering (2 nodes)
16:01:15.679588 [info ]: Started model TRANSFORM.sl_account
16:01:15.679603 [debug]: Started rendering model TRANSFORM.sl_account
16:01:15.679647 [info ]: Started model TRANSFORM.v_account
16:01:15.679660 [debug]: Started rendering model TRANSFORM.v_account
16:01:15.680360 [debug]: Compiled SQL for node model.UPI_Fraud_Monitoring.v_account at target\.lsp\compiled\UPI_Fraud_Monitoring\models\bronze\views\v_account.sql
16:01:15.680604 [debug]: Finished rendering [  0.00s] model TRANSFORM.v_account [success]
16:01:15.680679 [info ]: Started analyzing (2 nodes)
16:01:15.680696 [debug]: Started analyzing model TRANSFORM.v_account
16:01:15.683611 [debug]: Compiled SQL for node model.UPI_Fraud_Monitoring.sl_account at target\.lsp\compiled\UPI_Fraud_Monitoring\models\silver\sl_account.sql
16:01:15.684482 [debug]: Finished rendering [  0.00s] model TRANSFORM.sl_account [success]
16:01:15.684547 [info ]: Finished rendering [  0.01s] (2 nodes, 0 skipped, 0 errors)
16:01:15.684598 [debug]: Started analyzing model TRANSFORM.sl_account
16:01:15.689397 [debug]: Finished analyzing [  0.00s] model TRANSFORM.sl_account [success]
16:01:15.689455 [info ]:  Succeeded [  0.01s] model TRANSFORM.sl_account (incremental)
16:01:15.690859 [debug]: Finished analyzing [  0.01s] model TRANSFORM.v_account [success]
16:01:15.691040 [info ]: Finished analyzing [  0.01s] (2 nodes, 0 skipped, 0 errors)
16:01:15.691063 [info ]:  Succeeded [  0.01s] model TRANSFORM.v_account (view)
16:01:15.706838 [info ]: Started scheduling
16:01:15.707244 [info ]: Finished scheduling [  0.00s]
16:01:15.709346 [info ]: 
==================== Execution Summary =====================
Finished 'compile' successfully for target 'dev' [1.8s]
Processed: 2 models
Summary: 2 total | 2 success
16:01:15.709562 [info ]: Cached model count updated: 32 models (accurate)
==================== 2026-09-10T16:01:17.345057Z | b53f5c7a-70d7-4a15-bd0e-663e85e8d0f8 ====================
16:01:17.345247 [info ]: Started loading project
16:01:17.346560 [info ]: Loading profiles.yml
16:01:17.401859 [info ]: Cached model count updated: 32 models (estimate)
16:01:17.401904 [info ]: Cached model count updated: 32 models (accurate)
16:01:17.402028 [info ]: Started scheduling
16:01:17.402411 [info ]: Finished scheduling [  0.00s]
16:01:17.402446 [debug]: Compilation - 34 nodes selected: {"model.UPI_Fraud_Monitoring.gld_fraud_alert", "model.UPI_Fraud_Monitoring.gld_rule_results", "model.UPI_Fraud_Monitoring.sl_account", "model.UPI_Fraud_Monitoring.sl_beneficiary", "model.UPI_Fraud_Monitoring.sl_collect_request", "model.UPI_Fraud_Monitoring.sl_customer", "model.UPI_Fraud_Monitoring.sl_device_registry", "model.UPI_Fraud_Monitoring.sl_login_activity", "model.UPI_Fraud_Monitoring.sl_merchant", "model.UPI_Fraud_Monitoring.sl_password_change", "model.UPI_Fraud_Monitoring.sl_transaction", "model.UPI_Fraud_Monitoring.sl_watchlist", "model.UPI_Fraud_Monitoring.v_account", "model.UPI_Fraud_Monitoring.v_beneficiary", "model.UPI_Fraud_Monitoring.v_collect_request", "model.UPI_Fraud_Monitoring.v_customer", "model.UPI_Fraud_Monitoring.v_device_registry", "model.UPI_Fraud_Monitoring.v_login_activity", "model.UPI_Fraud_Monitoring.v_merchant", "model.UPI_Fraud_Monitoring.v_password_change", "model.UPI_Fraud_Monitoring.v_raw_account", "model.UPI_Fraud_Monitoring.v_raw_beneficiary", "model.UPI_Fraud_Monitoring.v_raw_collect_request", "model.UPI_Fraud_Monitoring.v_raw_customer", "model.UPI_Fraud_Monitoring.v_raw_device_registry", "model.UPI_Fraud_Monitoring.v_raw_login_activity", "model.UPI_Fraud_Monitoring.v_raw_merchant", "model.UPI_Fraud_Monitoring.v_raw_password_change", "model.UPI_Fraud_Monitoring.v_raw_transaction", "model.UPI_Fraud_Monitoring.v_raw_watchlist", "model.UPI_Fraud_Monitoring.v_transaction", "model.UPI_Fraud_Monitoring.v_watchlist", "seed.UPI_Fraud_Monitoring.dim_fraud_rule", "snapshot.UPI_Fraud_Monitoring.policy_snapshot"}
16:01:17.405261 [debug]:    Started downloading relations (1 items)
16:01:17.405403 [info ]: Finished loading project [  0.06s]
16:01:18.154494 [debug]: create_debug_span(...).entered() took 29.1µs
16:01:19.264344 [debug]: stmt.execute() (submit+wait_for_completion, returns reader) took 1.1097181s
16:01:19.264417 [debug]: reader.schema() took 1.2µs
16:01:19.268096 [debug]: batch-consume loop (for res in reader) took 3.6387ms
16:01:19.271891 [debug]: do_execute(conn) (closure: stmt.execute + schema + batch loop) took 1.1173197s
16:01:19.272116 [debug]: concat_batches + normalize_result_column_names took 166µs
16:01:19.272154 [debug]: record_current_span_status_from_attrs took 7.3µs
16:01:19.272181 [debug]: Query executed on node unknown:
SHOW OBJECTS IN SCHEMA "UPI_FRAUD_MONITORING_DB"."TRANSFORM" LIMIT 10000
16:01:19.272209 [debug]: drop(query_span_guard) (span exit/export) took 39.3µs
16:01:19.272845 [debug]:   Finished [  1.87s] downloading relations (1 items)
16:01:19.386347 [info ]: Started building task graph
16:01:19.387207 [info ]: Finished building task graph [  0.00s]
16:01:19.410305 [info ]: Started rendering (34 nodes)
16:01:19.410370 [info ]: Started snapshot snapshots.policy_snapshot
16:01:19.410389 [debug]: Started rendering snapshot snapshots.policy_snapshot
16:01:19.410451 [info ]: Started model TRANSFORM.v_raw_watchlist
16:01:19.410467 [debug]: Started rendering model TRANSFORM.v_raw_watchlist
16:01:19.410503 [info ]: Started model TRANSFORM.v_raw_transaction
16:01:19.410529 [debug]: Started rendering model TRANSFORM.v_raw_transaction
16:01:19.410554 [info ]: Started model TRANSFORM.v_raw_password_change
16:01:19.410575 [debug]: Started rendering model TRANSFORM.v_raw_password_change
16:01:19.410628 [info ]: Started model TRANSFORM.v_raw_merchant
16:01:19.410650 [debug]: Started rendering model TRANSFORM.v_raw_merchant
16:01:19.410680 [info ]: Started model TRANSFORM.v_raw_login_activity
16:01:19.410708 [debug]: Started rendering model TRANSFORM.v_raw_login_activity
16:01:19.410734 [info ]: Started model TRANSFORM.v_raw_device_registry
16:01:19.410747 [debug]: Started rendering model TRANSFORM.v_raw_device_registry
16:01:19.410777 [info ]: Started model TRANSFORM.v_raw_customer
16:01:19.410798 [debug]: Started rendering model TRANSFORM.v_raw_customer
16:01:19.410826 [info ]: Started model TRANSFORM.v_raw_collect_request
16:01:19.410840 [debug]: Started rendering model TRANSFORM.v_raw_collect_request
16:01:19.410869 [info ]: Started model TRANSFORM.v_raw_beneficiary
16:01:19.410889 [debug]: Started rendering model TRANSFORM.v_raw_beneficiary
16:01:19.410921 [info ]: Started model TRANSFORM.v_raw_account
16:01:19.410939 [debug]: Started rendering model TRANSFORM.v_raw_account
16:01:19.410965 [info ]: Started model TRANSFORM.sl_password_change
16:01:19.410979 [debug]: Started rendering model TRANSFORM.sl_password_change
16:01:19.411004 [info ]: Started model TRANSFORM.v_password_change
16:01:19.411018 [debug]: Started rendering model TRANSFORM.v_password_change
16:01:19.411042 [info ]: Started model TRANSFORM.sl_login_activity
16:01:19.411057 [debug]: Started rendering model TRANSFORM.sl_login_activity
16:01:19.411083 [info ]: Started model TRANSFORM.v_login_activity
16:01:19.411105 [debug]: Started rendering model TRANSFORM.v_login_activity
16:01:19.411137 [info ]: Started model TRANSFORM.sl_collect_request
16:01:19.411154 [debug]: Started rendering model TRANSFORM.sl_collect_request
16:01:19.411182 [info ]: Started model TRANSFORM.v_collect_request
16:01:19.411196 [debug]: Started rendering model TRANSFORM.v_collect_request
16:01:19.411226 [info ]: Started model TRANSFORM.sl_account
16:01:19.411241 [debug]: Started rendering model TRANSFORM.sl_account
16:01:19.411266 [info ]: Started model TRANSFORM.v_account
16:01:19.411280 [debug]: Started rendering model TRANSFORM.v_account
16:01:19.411305 [info ]: Started model analytics.gld_fraud_alert
16:01:19.411321 [debug]: Started rendering model analytics.gld_fraud_alert
16:01:19.411310 [debug]: Started connection limit wait
16:01:19.411343 [debug]: Started connection limit wait
16:01:19.411346 [info ]: Started model analytics.gld_rule_results
16:01:19.411358 [debug]: Started connection limit wait
16:01:19.411369 [debug]: Started connection limit wait
16:01:19.411364 [debug]: Started rendering model analytics.gld_rule_results
16:01:19.411380 [debug]: Started connection limit wait
16:01:19.411392 [debug]: Started connection limit wait
16:01:19.411402 [debug]: Started connection limit wait
16:01:19.411403 [info ]: Started seed TRANSFORM.dim_fraud_rule
16:01:19.411413 [debug]: Started connection limit wait
16:01:19.411417 [debug]: Started rendering seed TRANSFORM.dim_fraud_rule
16:01:19.411425 [debug]: Started connection limit wait
16:01:19.411442 [info ]: Started model TRANSFORM.sl_beneficiary
16:01:19.411459 [debug]: Started rendering model TRANSFORM.sl_beneficiary
16:01:19.411488 [info ]: Started model TRANSFORM.v_beneficiary
16:01:19.411505 [debug]: Started rendering model TRANSFORM.v_beneficiary
16:01:19.411526 [info ]: Started model TRANSFORM.sl_watchlist
16:01:19.411543 [debug]: Started rendering model TRANSFORM.sl_watchlist
16:01:19.411578 [info ]: Started model TRANSFORM.v_watchlist
16:01:19.411667 [debug]: Started connection limit wait
16:01:19.411731 [debug]: Started connection limit wait
16:01:19.411745 [debug]: Started connection limit wait
16:01:19.414029 [debug]: Compiled SQL for node model.UPI_Fraud_Monitoring.v_raw_watchlist at target\.lsp\compiled\UPI_Fraud_Monitoring\models\bronze\raw_views\v_raw_watchlist.sql
16:01:19.414718 [debug]: Started rendering model TRANSFORM.v_watchlist
16:01:19.414816 [debug]: Compiled SQL for node model.UPI_Fraud_Monitoring.v_raw_transaction at target\.lsp\compiled\UPI_Fraud_Monitoring\models\bronze\raw_views\v_raw_transaction.sql
16:01:19.415208 [debug]: Compiled SQL for node model.UPI_Fraud_Monitoring.v_raw_login_activity at target\.lsp\compiled\UPI_Fraud_Monitoring\models\bronze\raw_views\v_raw_login_activity.sql
16:01:19.414969 [info ]: Started model TRANSFORM.sl_transaction
16:01:19.415297 [debug]: Started rendering model TRANSFORM.sl_transaction
16:01:19.415366 [info ]: Started model TRANSFORM.v_transaction
16:01:19.415419 [debug]: Started rendering model TRANSFORM.v_transaction
16:01:19.415457 [info ]: Started model TRANSFORM.sl_merchant
16:01:19.415480 [debug]: Started rendering model TRANSFORM.sl_merchant
16:01:19.415515 [info ]: Started model TRANSFORM.v_merchant
16:01:19.415536 [debug]: Started rendering model TRANSFORM.v_merchant
16:01:19.415565 [info ]: Started model TRANSFORM.sl_device_registry
16:01:19.415584 [debug]: Started rendering model TRANSFORM.sl_device_registry
16:01:19.415617 [info ]: Started model TRANSFORM.v_device_registry
16:01:19.415632 [debug]: Started rendering model TRANSFORM.v_device_registry
16:01:19.415659 [info ]: Started model TRANSFORM.sl_customer
16:01:19.415655 [debug]: Compiled SQL for node model.UPI_Fraud_Monitoring.v_raw_password_change at target\.lsp\compiled\UPI_Fraud_Monitoring\models\bronze\raw_views\v_raw_password_change.sql
16:01:19.415674 [debug]: Started rendering model TRANSFORM.sl_customer
16:01:19.415699 [info ]: Started model TRANSFORM.v_customer
16:01:19.415713 [debug]: Started rendering model TRANSFORM.v_customer
16:01:19.415779 [debug]: Finished rendering [  0.00s] seed TRANSFORM.dim_fraud_rule [success]
16:01:19.415819 [info ]:  Succeeded [  0.00s] seed  TRANSFORM.dim_fraud_rule (table)
16:01:19.415949 [debug]: Compiled SQL for node model.UPI_Fraud_Monitoring.v_raw_customer at target\.lsp\compiled\UPI_Fraud_Monitoring\models\bronze\raw_views\v_raw_customer.sql
16:01:19.416064 [debug]: Finished connection limit wait [  0.00s]
16:01:19.416162 [debug]: Finished rendering [  0.01s] model TRANSFORM.v_raw_watchlist [success]
16:01:19.416582 [debug]: Finished connection limit wait [  0.01s]
16:01:19.416593 [info ]: Started analyzing (33 nodes)
16:01:19.416601 [debug]: Compiled SQL for node model.UPI_Fraud_Monitoring.v_raw_beneficiary at target\.lsp\compiled\UPI_Fraud_Monitoring\models\bronze\raw_views\v_raw_beneficiary.sql
16:01:19.416626 [debug]: Started analyzing model TRANSFORM.v_raw_watchlist
16:01:19.416659 [debug]: Compiled SQL for node model.UPI_Fraud_Monitoring.sl_account at target\.lsp\compiled\UPI_Fraud_Monitoring\models\silver\sl_account.sql
16:01:19.416710 [debug]: Finished rendering [  0.01s] model TRANSFORM.v_raw_transaction [success]
16:01:19.416748 [debug]: Started analyzing model TRANSFORM.v_raw_transaction
16:01:19.416855 [debug]: Finished rendering [  0.01s] model TRANSFORM.v_raw_login_activity [success]
16:01:19.416901 [debug]: Started analyzing model TRANSFORM.v_raw_login_activity
16:01:19.416934 [debug]: Finished connection limit wait [  0.01s]
16:01:19.417658 [debug]: Started connection limit wait
16:01:19.417963 [debug]: Started connection limit wait
16:01:19.417980 [debug]: Compiled SQL for node model.UPI_Fraud_Monitoring.gld_fraud_alert at target\.lsp\compiled\UPI_Fraud_Monitoring\models\gold\gld_fraud_alert.sql
16:01:19.418010 [debug]: Compiled SQL for node model.UPI_Fraud_Monitoring.gld_rule_results at target\.lsp\compiled\UPI_Fraud_Monitoring\models\gold\gld_rule_results.sql
16:01:19.418093 [debug]: Finished rendering [  0.01s] model TRANSFORM.v_raw_password_change [success]
16:01:19.418171 [debug]: Started analyzing model TRANSFORM.v_raw_password_change
16:01:19.418204 [debug]: Compiled SQL for node snapshot.UPI_Fraud_Monitoring.policy_snapshot at target\.lsp\compiled\UPI_Fraud_Monitoring\snapshots\sl_account.sql\policy_snapshot.sql
16:01:19.419123 [debug]: Compiled SQL for node model.UPI_Fraud_Monitoring.v_raw_merchant at target\.lsp\compiled\UPI_Fraud_Monitoring\models\bronze\raw_views\v_raw_merchant.sql
16:01:19.419168 [debug]: Compiled SQL for node model.UPI_Fraud_Monitoring.v_raw_device_registry at target\.lsp\compiled\UPI_Fraud_Monitoring\models\bronze\raw_views\v_raw_device_registry.sql
16:01:19.419379 [debug]: Finished rendering [  0.01s] model TRANSFORM.v_raw_customer [success]
16:01:19.419469 [debug]: Started analyzing model TRANSFORM.v_raw_customer
16:01:19.420222 [debug]: Compiled SQL for node model.UPI_Fraud_Monitoring.v_raw_account at target\.lsp\compiled\UPI_Fraud_Monitoring\models\bronze\raw_views\v_raw_account.sql
16:01:19.420608 [debug]: Compiled SQL for node model.UPI_Fraud_Monitoring.sl_password_change at target\.lsp\compiled\UPI_Fraud_Monitoring\models\silver\sl_password_change.sql
16:01:19.421636 [debug]: Compiled SQL for node model.UPI_Fraud_Monitoring.sl_merchant at target\.lsp\compiled\UPI_Fraud_Monitoring\models\silver\sl_merchant.sql
16:01:19.421636 [debug]: Compiled SQL for node model.UPI_Fraud_Monitoring.v_transaction at target\.lsp\compiled\UPI_Fraud_Monitoring\models\bronze\views\v_transaction.sql
16:01:19.421579 [debug]: Started connection limit wait
16:01:19.422025 [debug]: Finished rendering [  0.01s] model TRANSFORM.v_raw_beneficiary [success]
16:01:19.422189 [debug]: Started analyzing model TRANSFORM.v_raw_beneficiary
16:01:19.422315 [debug]: Compiled SQL for node model.UPI_Fraud_Monitoring.v_password_change at target\.lsp\compiled\UPI_Fraud_Monitoring\models\bronze\views\v_password_change.sql
16:01:19.422781 [debug]: Finished rendering [  0.01s] model TRANSFORM.sl_account [success]
16:01:19.422864 [debug]: Started analyzing model TRANSFORM.sl_account
16:01:19.422924 [debug]: Finished analyzing [  0.01s] model TRANSFORM.v_raw_login_activity [success]
16:01:19.422950 [info ]:  Succeeded [  0.01s] model TRANSFORM.v_raw_login_activity (view)
16:01:19.423047 [debug]: Finished rendering [  0.01s] model analytics.gld_fraud_alert [success]
16:01:19.423077 [debug]: Started analyzing model analytics.gld_fraud_alert
16:01:19.423113 [debug]: Started connection limit wait
16:01:19.423170 [debug]: Finished rendering [  0.01s] model analytics.gld_rule_results [success]
16:01:19.423212 [debug]: Started analyzing model analytics.gld_rule_results
16:01:19.423307 [debug]: Started connection limit wait
16:01:19.423411 [debug]: Finished rendering [  0.01s] model TRANSFORM.v_raw_merchant [success]
16:01:19.423445 [debug]: Started analyzing model TRANSFORM.v_raw_merchant
16:01:19.423513 [debug]: Finished rendering [  0.01s] model TRANSFORM.v_raw_device_registry [success]
16:01:19.423538 [debug]: Started analyzing model TRANSFORM.v_raw_device_registry
16:01:19.423833 [debug]: Compiled SQL for node model.UPI_Fraud_Monitoring.sl_device_registry at target\.lsp\compiled\UPI_Fraud_Monitoring\models\silver\sl_device_registry.sql
16:01:19.424710 [debug]: Finished analyzing [  0.01s] model TRANSFORM.v_raw_watchlist [success]
16:01:19.424769 [info ]:  Succeeded [  0.01s] model TRANSFORM.v_raw_watchlist (view)
16:01:19.424860 [debug]: Finished rendering [  0.01s] snapshot snapshots.policy_snapshot [success]
16:01:19.424931 [debug]: Started analyzing snapshot snapshots.policy_snapshot
16:01:19.425607 [debug]: Finished analyzing [  0.01s] model TRANSFORM.v_raw_transaction [success]
16:01:19.425682 [info ]:  Succeeded [  0.01s] model TRANSFORM.v_raw_transaction (view)
16:01:19.426352 [debug]: Finished connection limit wait [  0.01s]
16:01:19.426486 [debug]: Finished connection limit wait [  0.01s]
16:01:19.426587 [debug]: Finished connection limit wait [  0.01s]
16:01:19.426850 [debug]: Finished connection limit wait [  0.02s]
16:01:19.426899 [debug]: Finished rendering [  0.01s] model TRANSFORM.sl_password_change [success]
16:01:19.427007 [debug]: Started analyzing model TRANSFORM.sl_password_change
16:01:19.427099 [debug]: Finished rendering [  0.01s] model TRANSFORM.v_transaction [success]
16:01:19.427137 [debug]: Started analyzing model TRANSFORM.v_transaction
16:01:19.427591 [debug]: Finished rendering [  0.01s] model TRANSFORM.sl_merchant [success]
16:01:19.427874 [debug]: Started analyzing model TRANSFORM.sl_merchant
16:01:19.427969 [debug]: Finished rendering [  0.01s] model TRANSFORM.v_password_change [success]
16:01:19.428047 [debug]: Started analyzing model TRANSFORM.v_password_change
16:01:19.428094 [debug]: Finished rendering [  0.01s] model TRANSFORM.sl_device_registry [success]
16:01:19.428121 [debug]: Started analyzing model TRANSFORM.sl_device_registry
16:01:19.428219 [debug]: Finished rendering [  0.01s] model TRANSFORM.v_raw_account [success]
16:01:19.428241 [debug]: Started analyzing model TRANSFORM.v_raw_account
16:01:19.428273 [debug]: Finished connection limit wait [  0.02s]
16:01:19.430875 [debug]: Compiled SQL for node model.UPI_Fraud_Monitoring.v_customer at target\.lsp\compiled\UPI_Fraud_Monitoring\models\bronze\views\v_customer.sql
16:01:19.433883 [debug]: Finished connection limit wait [  0.01s]
16:01:19.433926 [debug]: Finished rendering [  0.02s] model TRANSFORM.v_customer [success]
16:01:19.434001 [debug]: Started analyzing model TRANSFORM.v_customer
16:01:19.438342 [debug]: Finished connection limit wait [  0.03s]
16:01:19.439244 [debug]: Finished analyzing [  0.02s] model TRANSFORM.v_raw_password_change [success]
16:01:19.439299 [info ]:  Succeeded [  0.03s] model TRANSFORM.v_raw_password_change (view)
16:01:19.439349 [debug]: Finished connection limit wait [  0.03s]
16:01:19.441786 [debug]: Compiled SQL for node model.UPI_Fraud_Monitoring.sl_watchlist at target\.lsp\compiled\UPI_Fraud_Monitoring\models\silver\sl_watchlist.sql
16:01:19.443942 [debug]: Finished analyzing [  0.02s] model TRANSFORM.sl_password_change [success]
16:01:19.444015 [info ]:  Succeeded [  0.03s] model TRANSFORM.sl_password_change (incremental)
16:01:19.444125 [debug]: Finished rendering [  0.02s] model TRANSFORM.sl_watchlist [success]
16:01:19.444171 [debug]: Started analyzing model TRANSFORM.sl_watchlist
16:01:19.444221 [debug]: Finished analyzing [  0.02s] model analytics.gld_rule_results [success]
16:01:19.444242 [info ]:  Succeeded [  0.03s] model analytics.gld_rule_results (incremental)
16:01:19.446401 [debug]: Finished connection limit wait [  0.03s]
16:01:19.447419 [debug]: Finished analyzing [  0.02s] model TRANSFORM.sl_device_registry [success]
16:01:19.447497 [info ]:  Succeeded [  0.03s] model TRANSFORM.sl_device_registry (incremental)
16:01:19.447573 [debug]: Finished analyzing [  0.02s] model TRANSFORM.v_password_change [success]
16:01:19.447607 [info ]:  Succeeded [  0.03s] model TRANSFORM.v_password_change (view)
16:01:19.447699 [debug]: Compiled SQL for node model.UPI_Fraud_Monitoring.v_watchlist at target\.lsp\compiled\UPI_Fraud_Monitoring\models\bronze\views\v_watchlist.sql
16:01:19.448137 [debug]: Finished analyzing [  0.03s] model TRANSFORM.v_raw_customer [success]
16:01:19.448173 [info ]:  Succeeded [  0.04s] model TRANSFORM.v_raw_customer (view)
16:01:19.448220 [debug]: Finished analyzing [  0.03s] model analytics.gld_fraud_alert [success]
16:01:19.448241 [info ]:  Succeeded [  0.04s] model analytics.gld_fraud_alert (incremental)
16:01:19.448285 [debug]: Finished rendering [  0.03s] model TRANSFORM.v_watchlist [success]
16:01:19.448327 [debug]: Started analyzing model TRANSFORM.v_watchlist
16:01:19.448553 [debug]: Finished analyzing [  0.03s] model TRANSFORM.v_raw_beneficiary [success]
16:01:19.448629 [info ]:  Succeeded [  0.04s] model TRANSFORM.v_raw_beneficiary (view)
16:01:19.449073 [debug]: Finished connection limit wait [  0.04s]
16:01:19.449164 [debug]: Compiled SQL for node model.UPI_Fraud_Monitoring.v_collect_request at target\.lsp\compiled\UPI_Fraud_Monitoring\models\bronze\views\v_collect_request.sql
16:01:19.449471 [debug]: Finished rendering [  0.02s] model TRANSFORM.v_collect_request [success]
16:01:19.449543 [debug]: Started analyzing model TRANSFORM.v_collect_request
16:01:19.449591 [debug]: Finished connection limit wait [  0.03s]
16:01:19.451659 [debug]: Compiled SQL for node model.UPI_Fraud_Monitoring.v_account at target\.lsp\compiled\UPI_Fraud_Monitoring\models\bronze\views\v_account.sql
16:01:19.451824 [debug]: Finished analyzing [  0.02s] model TRANSFORM.v_customer [success]
16:01:19.451875 [info ]:  Succeeded [  0.04s] model TRANSFORM.v_customer (view)
16:01:19.452401 [debug]: Finished rendering [  0.03s] model TRANSFORM.v_account [success]
16:01:19.452461 [debug]: Started analyzing model TRANSFORM.v_account
16:01:19.454676 [debug]: Finished connection limit wait [  0.04s]
16:01:19.456224 [debug]: Compiled SQL for node model.UPI_Fraud_Monitoring.v_merchant at target\.lsp\compiled\UPI_Fraud_Monitoring\models\bronze\views\v_merchant.sql
16:01:19.456473 [debug]: Compiled SQL for node model.UPI_Fraud_Monitoring.sl_beneficiary at target\.lsp\compiled\UPI_Fraud_Monitoring\models\silver\sl_beneficiary.sql
16:01:19.457015 [debug]: Finished analyzing [  0.01s] model TRANSFORM.v_collect_request [success]
16:01:19.457077 [info ]:  Succeeded [  0.03s] model TRANSFORM.v_collect_request (view)
16:01:19.457142 [debug]: Finished analyzing [  0.03s] model TRANSFORM.sl_account [success]
16:01:19.457173 [info ]:  Succeeded [  0.04s] model TRANSFORM.sl_account (incremental)
16:01:19.457311 [debug]: Finished rendering [  0.03s] model TRANSFORM.v_merchant [success]
16:01:19.457359 [debug]: Started analyzing model TRANSFORM.v_merchant
16:01:19.457447 [debug]: Finished rendering [  0.03s] model TRANSFORM.sl_beneficiary [success]
16:01:19.457492 [debug]: Started analyzing model TRANSFORM.sl_beneficiary
16:01:19.459405 [debug]: Compiled SQL for node model.UPI_Fraud_Monitoring.v_login_activity at target\.lsp\compiled\UPI_Fraud_Monitoring\models\bronze\views\v_login_activity.sql
16:01:19.461282 [debug]: Compiled SQL for node model.UPI_Fraud_Monitoring.v_beneficiary at target\.lsp\compiled\UPI_Fraud_Monitoring\models\bronze\views\v_beneficiary.sql
16:01:19.462923 [debug]: Compiled SQL for node model.UPI_Fraud_Monitoring.sl_login_activity at target\.lsp\compiled\UPI_Fraud_Monitoring\models\silver\sl_login_activity.sql
16:01:19.463228 [debug]: Finished analyzing [  0.01s] model TRANSFORM.v_watchlist [success]
16:01:19.463280 [info ]:  Succeeded [  0.04s] model TRANSFORM.v_watchlist (view)
16:01:19.463625 [debug]: Finished rendering [  0.02s] model TRANSFORM.v_login_activity [success]
16:01:19.463681 [debug]: Started analyzing model TRANSFORM.v_login_activity
16:01:19.463979 [debug]: Finished analyzing [  0.01s] model TRANSFORM.v_account [success]
16:01:19.464015 [info ]:  Succeeded [  0.04s] model TRANSFORM.v_account (view)
16:01:19.464245 [debug]: Finished rendering [  0.03s] model TRANSFORM.v_beneficiary [success]
16:01:19.464286 [debug]: Started analyzing model TRANSFORM.v_beneficiary
16:01:19.465287 [debug]: Finished connection limit wait [  0.05s]
16:01:19.465297 [debug]: Finished rendering [  0.03s] model TRANSFORM.sl_login_activity [success]
16:01:19.465389 [debug]: Started analyzing model TRANSFORM.sl_login_activity
16:01:19.465448 [debug]: Finished analyzing [  0.01s] model TRANSFORM.v_merchant [success]
16:01:19.465476 [info ]:  Succeeded [  0.04s] model TRANSFORM.v_merchant (view)
16:01:19.465538 [debug]: Finished analyzing [  0.04s] model TRANSFORM.v_transaction [success]
16:01:19.465560 [info ]:  Succeeded [  0.05s] model TRANSFORM.v_transaction (view)
16:01:19.465657 [debug]: Finished analyzing [  0.04s] model TRANSFORM.v_raw_account [success]
16:01:19.465696 [info ]:  Succeeded [  0.05s] model TRANSFORM.v_raw_account (view)
16:01:19.466002 [debug]: Finished analyzing [  0.04s] model TRANSFORM.v_raw_merchant [success]
16:01:19.466030 [info ]:  Succeeded [  0.05s] model TRANSFORM.v_raw_merchant (view)
16:01:19.466379 [debug]: Finished analyzing [  0.04s] model TRANSFORM.v_raw_device_registry [success]
16:01:19.466417 [info ]:  Succeeded [  0.05s] model TRANSFORM.v_raw_device_registry (view)
16:01:19.466660 [debug]: Finished analyzing [  0.04s] snapshot snapshots.policy_snapshot [success]
16:01:19.466686 [info ]:  Succeeded [  0.06s] snapshot snapshots.policy_snapshot (snapshot)
16:01:19.467000 [debug]: Finished analyzing [  0.01s] model TRANSFORM.sl_beneficiary [success]
16:01:19.467050 [info ]:  Succeeded [  0.04s] model TRANSFORM.sl_beneficiary (incremental)
16:01:19.467172 [debug]: Finished connection limit wait [  0.04s]
16:01:19.468093 [debug]: Finished analyzing [  0.04s] model TRANSFORM.sl_merchant [success]
16:01:19.468158 [info ]:  Succeeded [  0.05s] model TRANSFORM.sl_merchant (incremental)
16:01:19.468250 [debug]: Finished analyzing [  0.02s] model TRANSFORM.sl_watchlist [success]
16:01:19.468285 [info ]:  Succeeded [  0.04s] model TRANSFORM.sl_watchlist (incremental)
16:01:19.468988 [debug]: Compiled SQL for node model.UPI_Fraud_Monitoring.sl_customer at target\.lsp\compiled\UPI_Fraud_Monitoring\models\silver\sl_customer.sql
16:01:19.469346 [debug]: Finished rendering [  0.03s] model TRANSFORM.sl_customer [success]
16:01:19.469415 [debug]: Started analyzing model TRANSFORM.sl_customer
16:01:19.470294 [debug]: Compiled SQL for node model.UPI_Fraud_Monitoring.sl_collect_request at target\.lsp\compiled\UPI_Fraud_Monitoring\models\silver\sl_collect_request.sql
16:01:19.470608 [debug]: Finished rendering [  0.02s] model TRANSFORM.sl_collect_request [success]
16:01:19.470675 [debug]: Started analyzing model TRANSFORM.sl_collect_request
16:01:19.470735 [debug]: Finished analyzing [  0.01s] model TRANSFORM.sl_login_activity [success]
16:01:19.470766 [info ]:  Succeeded [  0.03s] model TRANSFORM.sl_login_activity (incremental)
16:01:19.471514 [debug]: Finished analyzing [  0.00s] model TRANSFORM.sl_customer [success]
16:01:19.471567 [info ]:  Succeeded [  0.03s] model TRANSFORM.sl_customer (incremental)
16:01:19.472734 [debug]: Compiled SQL for node model.UPI_Fraud_Monitoring.v_raw_collect_request at target\.lsp\compiled\UPI_Fraud_Monitoring\models\bronze\raw_views\v_raw_collect_request.sql
16:01:19.472734 [debug]: Compiled SQL for node model.UPI_Fraud_Monitoring.sl_transaction at target\.lsp\compiled\UPI_Fraud_Monitoring\models\silver\sl_transaction.sql
16:01:19.473332 [debug]: Finished rendering [  0.01s] model TRANSFORM.v_raw_collect_request [success]
16:01:19.473424 [debug]: Started analyzing model TRANSFORM.v_raw_collect_request
16:01:19.473483 [debug]: Finished analyzing [  0.00s] model TRANSFORM.sl_collect_request [success]
16:01:19.473514 [info ]:  Succeeded [  0.02s] model TRANSFORM.sl_collect_request (incremental)
16:01:19.473577 [debug]: Finished rendering [  0.03s] model TRANSFORM.sl_transaction [success]
16:01:19.473605 [debug]: Started analyzing model TRANSFORM.sl_transaction
16:01:19.474142 [debug]: Compiled SQL for node model.UPI_Fraud_Monitoring.v_device_registry at target\.lsp\compiled\UPI_Fraud_Monitoring\models\bronze\views\v_device_registry.sql
16:01:19.474291 [debug]: Finished analyzing [  0.00s] model TRANSFORM.v_raw_collect_request [success]
16:01:19.474341 [info ]:  Succeeded [  0.01s] model TRANSFORM.v_raw_collect_request (view)
16:01:19.474442 [debug]: Finished rendering [  0.01s] model TRANSFORM.v_device_registry [success]
16:01:19.474468 [info ]: Finished rendering [  0.06s] (34 nodes, 0 skipped, 0 errors)
16:01:19.474511 [debug]: Started analyzing model TRANSFORM.v_device_registry
16:01:19.474603 [debug]: Finished analyzing [  0.01s] model TRANSFORM.v_beneficiary [success]
16:01:19.474632 [info ]:  Succeeded [  0.04s] model TRANSFORM.v_beneficiary (view)
16:01:19.476348 [debug]: Finished analyzing [  0.01s] model TRANSFORM.v_login_activity [success]
16:01:19.476433 [info ]:  Succeeded [  0.03s] model TRANSFORM.v_login_activity (view)
16:01:19.476858 [debug]: Finished analyzing [  0.00s] model TRANSFORM.sl_transaction [success]
16:01:19.476922 [info ]:  Succeeded [  0.03s] model TRANSFORM.sl_transaction (incremental)
16:01:19.483534 [debug]: Finished analyzing [  0.01s] model TRANSFORM.v_device_registry [success]
16:01:19.483606 [info ]: Finished analyzing [  0.07s] (33 nodes, 0 skipped, 0 errors)
16:01:19.483635 [info ]:  Succeeded [  0.02s] model TRANSFORM.v_device_registry (view)
16:01:19.500042 [info ]: Started scheduling
16:01:19.500306 [info ]: Finished scheduling [  0.00s]
16:01:19.500746 [info ]: 
==================== Execution Summary =====================
Finished 'compile' successfully for target 'dev' [2.2s]
Processed: 32 models | 1 snapshot | 1 seed
Summary: 34 total | 34 success
16:01:19.502047 [info ]: Cached model count updated: 32 models (accurate)
==================== 2026-09-10T16:04:12.629359Z | 002b738e-858f-43d8-8f93-1bd0df3ca615 ====================
16:04:12.629592 [info ]: Started loading project
16:04:12.631070 [info ]: Loading profiles.yml
==================== 2026-09-10T16:04:12.655872Z | ccdd1ac0-c75d-4c09-a48c-6b3951f14b54 ====================
16:04:12.656010 [info ]: Started loading project
16:04:12.657223 [info ]: Loading profiles.yml
16:04:12.657432 [info ]: Finished loading project [  0.03s]
16:04:12.671012 [info ]:    Started resolving packages from packages.yml
16:04:12.991186 [info ]:   Finished [  0.32s] resolving packages from packages.yml (2 items)
16:04:12.991960 [debug]:    Started loading packages
16:04:13.016768 [debug]:     Loaded [  0.02s] packages
16:04:13.018151 [info ]: Finished loading project [  0.36s]
16:04:13.018568 [info ]: Started parsing
16:04:13.101691 [debug]: Finished parsing models/gold/gld_fraud_alert.yml [  0.00s]
16:04:13.102099 [debug]: Finished parsing models/schema.yml [  0.00s]
16:04:13.102554 [debug]: Finished parsing models/sources.yml [  0.00s]
16:04:13.110884 [debug]: Finished parsing snapshots\sl_account.sql [  0.01s]
16:04:13.114422 [debug]: Finished parsing models/bronze/raw_views/v_raw_account.sql [  0.00s]
16:04:13.115780 [debug]: Finished parsing models/bronze/raw_views/v_raw_beneficiary.sql [  0.00s]
16:04:13.116997 [debug]: Finished parsing models/bronze/raw_views/v_raw_collect_request.sql [  0.00s]
16:04:13.118210 [debug]: Finished parsing models/bronze/raw_views/v_raw_customer.sql [  0.00s]
16:04:13.119559 [debug]: Finished parsing models/bronze/raw_views/v_raw_device_registry.sql [  0.00s]
16:04:13.121086 [debug]: Finished parsing models/bronze/raw_views/v_raw_login_activity.sql [  0.00s]
16:04:13.122570 [debug]: Finished parsing models/bronze/raw_views/v_raw_merchant.sql [  0.00s]
16:04:13.124607 [debug]: Finished parsing models/bronze/raw_views/v_raw_password_change.sql [  0.00s]
16:04:13.127209 [debug]: Finished parsing models/bronze/raw_views/v_raw_transaction.sql [  0.00s]
16:04:13.129378 [debug]: Finished parsing models/bronze/raw_views/v_raw_watchlist.sql [  0.00s]
16:04:13.130719 [debug]: Finished parsing models/bronze/views/v_account.sql [  0.00s]
16:04:13.131961 [debug]: Finished parsing models/bronze/views/v_beneficiary.sql [  0.00s]
16:04:13.133641 [debug]: Finished parsing models/bronze/views/v_collect_request.sql [  0.00s]
16:04:13.135279 [debug]: Finished parsing models/bronze/views/v_customer.sql [  0.00s]
16:04:13.136651 [debug]: Finished parsing models/bronze/views/v_device_registry.sql [  0.00s]
16:04:13.137873 [debug]: Finished parsing models/bronze/views/v_login_activity.sql [  0.00s]
16:04:13.139255 [debug]: Finished parsing models/bronze/views/v_merchant.sql [  0.00s]
16:04:13.141093 [debug]: Finished parsing models/bronze/views/v_password_change.sql [  0.00s]
16:04:13.142903 [debug]: Finished parsing models/bronze/views/v_transaction.sql [  0.00s]
16:04:13.144374 [debug]: Finished parsing models/bronze/views/v_watchlist.sql [  0.00s]
16:04:13.146732 [debug]: Finished parsing models/gold/gld_fraud_alert.sql [  0.00s]
16:04:13.148376 [debug]: Finished parsing models/gold/gld_rule_results.sql [  0.00s]
16:04:13.149967 [debug]: Finished parsing models/silver/sl_account.sql [  0.00s]
16:04:13.151780 [debug]: Finished parsing models/silver/sl_beneficiary.sql [  0.00s]
16:04:13.153485 [debug]: Finished parsing models/silver/sl_collect_request.sql [  0.00s]
16:04:13.155131 [debug]: Finished parsing models/silver/sl_customer.sql [  0.00s]
16:04:13.156855 [debug]: Finished parsing models/silver/sl_device_registry.sql [  0.00s]
16:04:13.159129 [debug]: Finished parsing models/silver/sl_login_activity.sql [  0.00s]
16:04:13.161093 [debug]: Finished parsing models/silver/sl_merchant.sql [  0.00s]
16:04:13.162783 [debug]: Finished parsing models/silver/sl_password_change.sql [  0.00s]
16:04:13.164411 [debug]: Finished parsing models/silver/sl_transaction.sql [  0.00s]
16:04:13.166329 [debug]: Finished parsing models/silver/sl_watchlist.sql [  0.00s]
16:04:13.549123 [info ]: Finished parsing [  0.53s]
16:04:13.551379 [info ]: Cached model count updated: 32 models (estimate)
16:04:13.551402 [info ]: Cached model count updated: 32 models (accurate)
16:04:13.551515 [info ]: Started scheduling
16:04:13.551667 [info ]: Finished scheduling [  0.00s]
16:04:13.551683 [debug]: Compilation - 0 nodes selected: {}
16:04:13.551714 [warn ]: [NoNodesForSelectionCriteria (dbt1092)]: The selection criterion '' does not match any enabled nodes
16:04:13.551733 [warn ]: [NoNodesSelected (dbt1601)]: Nothing to do. Try checking your model configs and model specification args
16:04:13.551745 [info ]: Started scheduling
16:04:13.552119 [info ]: Finished scheduling [  0.00s]
16:04:13.557689 [debug]: Initializing schema store with entry: Frontier(CanonicalFqn { catalog: "UPI_FRAUD_MONITORING_DB", schema: "STAGING", table: "LOGIN_ACTIVITY" }) and interval: None
16:04:13.557879 [debug]: Initializing schema store with entry: Frontier(CanonicalFqn { catalog: "UPI_FRAUD_MONITORING_DB", schema: "STAGING", table: "MERCHANT" }) and interval: None
16:04:13.557934 [debug]: Initializing schema store with entry: Frontier(CanonicalFqn { catalog: "UPI_FRAUD_MONITORING_DB", schema: "STAGING", table: "UPI_TRANSACTION" }) and interval: None
16:04:13.558035 [debug]: Initializing schema store with entry: Frontier(CanonicalFqn { catalog: "UPI_FRAUD_MONITORING_DB", schema: "STAGING", table: "PASSWORD_CHANGE" }) and interval: None
16:04:13.558102 [debug]: Initializing schema store with entry: Frontier(CanonicalFqn { catalog: "UPI_FRAUD_MONITORING_DB", schema: "STAGING", table: "COLLECT_REQUEST" }) and interval: None
16:04:13.558155 [debug]: Initializing schema store with entry: Frontier(CanonicalFqn { catalog: "UPI_FRAUD_MONITORING_DB", schema: "STAGING", table: "BENEFICIARY" }) and interval: None
16:04:13.558210 [debug]: Initializing schema store with entry: Frontier(CanonicalFqn { catalog: "UPI_FRAUD_MONITORING_DB", schema: "STAGING", table: "ACCOUNT" }) and interval: None
16:04:13.558275 [debug]: Initializing schema store with entry: Frontier(CanonicalFqn { catalog: "UPI_FRAUD_MONITORING_DB", schema: "STAGING", table: "DEVICE_REGISTRY" }) and interval: None
16:04:13.558356 [debug]: Initializing schema store with entry: Frontier(CanonicalFqn { catalog: "UPI_FRAUD_MONITORING_DB", schema: "STAGING", table: "WATCHLIST" }) and interval: None
16:04:13.558413 [debug]: Initializing schema store with entry: Frontier(CanonicalFqn { catalog: "UPI_FRAUD_MONITORING_DB", schema: "STAGING", table: "CUSTOMER" }) and interval: None
16:04:13.638731 [info ]: Started building task graph
16:04:13.638793 [info ]: Finished building task graph [  0.00s]
16:04:13.655354 [info ]: Started scheduling
16:04:13.655537 [info ]: Finished scheduling [  0.00s]
16:04:13.655770 [info ]: 
==================== Execution Summary =====================
Finished 'compile' with 2 warnings for target 'dev' [999ms]
16:04:13.655859 [info ]: 
==================== Execution Summary =====================
Finished 'compile' successfully for target 'dev' [1.0s]
16:04:13.663856 [info ]: Cached model count updated: 32 models (accurate)
==================== 2026-09-10T16:04:15.231896Z | fd99f861-5440-4acd-8bb9-17e1e4e6786a ====================
16:04:15.232027 [info ]: Started loading project
16:04:15.232945 [info ]: Loading profiles.yml
16:04:15.306909 [info ]: Cached model count updated: 32 models (accurate)
16:04:15.307083 [info ]: Finished loading project [  0.08s]
16:04:15.307151 [info ]: 
==================== Execution Summary =====================
Finished 'compile' successfully for target 'dev' [75ms]
==================== 2026-09-10T16:04:15.358152Z | 55375ba8-63c9-4291-9c2f-4a6c893ac0e9 ====================
16:04:15.358290 [info ]: Started loading project
16:04:15.359219 [info ]: Loading profiles.yml
16:04:15.381897 [info ]: Started parsing
16:04:15.449625 [info ]: Finished loading project [  0.09s]
16:04:15.457299 [debug]: Finished parsing models/gold/gld_fraud_alert.yml [  0.00s]
16:04:15.462608 [debug]: Finished parsing snapshots\sl_account.sql [  0.00s]
16:04:15.464513 [warn ]: [NoNodeForYamlKey (dbt1089)]: Unused schema.yml entry for model 'alert_results'
  --> models/gold/gld_fraud_alert.yml
16:04:15.681843 [info ]: Finished parsing [  0.30s]
16:04:15.687549 [info ]: Cached model count updated: 32 models (estimate)
16:04:15.687591 [info ]: Cached model count updated: 32 models (accurate)
16:04:15.687696 [info ]: Started scheduling
16:04:15.687830 [info ]: Finished scheduling [  0.00s]
16:04:15.687854 [debug]: Compilation - 0 nodes selected: {}
16:04:15.687887 [warn ]: [NoNodesForSelectionCriteria (dbt1092)]: The selection criterion '' does not match any enabled nodes
16:04:15.687904 [warn ]: [NoNodesSelected (dbt1601)]: Nothing to do. Try checking your model configs and model specification args
16:04:15.760841 [info ]: Started building task graph
16:04:15.760956 [info ]: Finished building task graph [  0.00s]
16:04:15.780250 [info ]: Started scheduling
16:04:15.780445 [info ]: Finished scheduling [  0.00s]
16:04:15.781762 [info ]: 
==================== Execution Summary =====================
Finished 'compile' with 3 warnings for target 'dev' [423ms]
16:04:15.781908 [info ]: Cached model count updated: 32 models (accurate)
==================== 2026-09-10T16:04:17.373071Z | 2f4950fe-2cc9-490e-8a2a-caf82f84918a ====================
16:04:17.373290 [info ]: Started loading project
16:04:17.374900 [info ]: Loading profiles.yml
16:04:17.425207 [info ]: Cached model count updated: 32 models (estimate)
16:04:17.425259 [info ]: Cached model count updated: 32 models (accurate)
16:04:17.425398 [info ]: Started scheduling
16:04:17.425885 [info ]: Finished scheduling [  0.00s]
16:04:17.425967 [debug]: Compilation - 34 nodes selected: {"model.UPI_Fraud_Monitoring.gld_fraud_alert", "model.UPI_Fraud_Monitoring.gld_rule_results", "model.UPI_Fraud_Monitoring.sl_account", "model.UPI_Fraud_Monitoring.sl_beneficiary", "model.UPI_Fraud_Monitoring.sl_collect_request", "model.UPI_Fraud_Monitoring.sl_customer", "model.UPI_Fraud_Monitoring.sl_device_registry", "model.UPI_Fraud_Monitoring.sl_login_activity", "model.UPI_Fraud_Monitoring.sl_merchant", "model.UPI_Fraud_Monitoring.sl_password_change", "model.UPI_Fraud_Monitoring.sl_transaction", "model.UPI_Fraud_Monitoring.sl_watchlist", "model.UPI_Fraud_Monitoring.v_account", "model.UPI_Fraud_Monitoring.v_beneficiary", "model.UPI_Fraud_Monitoring.v_collect_request", "model.UPI_Fraud_Monitoring.v_customer", "model.UPI_Fraud_Monitoring.v_device_registry", "model.UPI_Fraud_Monitoring.v_login_activity", "model.UPI_Fraud_Monitoring.v_merchant", "model.UPI_Fraud_Monitoring.v_password_change", "model.UPI_Fraud_Monitoring.v_raw_account", "model.UPI_Fraud_Monitoring.v_raw_beneficiary", "model.UPI_Fraud_Monitoring.v_raw_collect_request", "model.UPI_Fraud_Monitoring.v_raw_customer", "model.UPI_Fraud_Monitoring.v_raw_device_registry", "model.UPI_Fraud_Monitoring.v_raw_login_activity", "model.UPI_Fraud_Monitoring.v_raw_merchant", "model.UPI_Fraud_Monitoring.v_raw_password_change", "model.UPI_Fraud_Monitoring.v_raw_transaction", "model.UPI_Fraud_Monitoring.v_raw_watchlist", "model.UPI_Fraud_Monitoring.v_transaction", "model.UPI_Fraud_Monitoring.v_watchlist", "seed.UPI_Fraud_Monitoring.dim_fraud_rule", "snapshot.UPI_Fraud_Monitoring.policy_snapshot"}
16:04:17.429202 [debug]:    Started downloading relations (1 items)
16:04:17.429361 [info ]: Finished loading project [  0.06s]
16:04:18.005715 [debug]: create_debug_span(...).entered() took 36.2µs
16:04:18.157997 [debug]: stmt.execute() (submit+wait_for_completion, returns reader) took 152.1657ms
16:04:18.158058 [debug]: reader.schema() took 1.1µs
16:04:18.161574 [debug]: batch-consume loop (for res in reader) took 3.477ms
16:04:18.165127 [debug]: do_execute(conn) (closure: stmt.execute + schema + batch loop) took 159.3385ms
16:04:18.165317 [debug]: concat_batches + normalize_result_column_names took 118.4µs
16:04:18.165344 [debug]: record_current_span_status_from_attrs took 8.3µs
16:04:18.165360 [debug]: Query executed on node unknown:
SHOW OBJECTS IN SCHEMA "UPI_FRAUD_MONITORING_DB"."TRANSFORM" LIMIT 10000
16:04:18.165374 [debug]: drop(query_span_guard) (span exit/export) took 24.3µs
16:04:18.585920 [debug]:   Finished [  1.16s] downloading relations (1 items)
16:04:18.586132 [info ]: Started downloading schemas
16:04:18.586430 [debug]: create_debug_span(...).entered() took 22.4µs
16:04:18.719359 [debug]: Query executed on node unknown:
describe table 
16:04:19.719841 [info ]: Finished downloading schemas [  1.13s]
16:04:19.845165 [info ]: Started building task graph
16:04:19.845651 [info ]: Finished building task graph [  0.00s]
16:04:19.859363 [info ]: Started rendering (34 nodes)
16:04:19.859424 [info ]: Started snapshot snapshots.policy_snapshot
16:04:19.859439 [debug]: Started rendering snapshot snapshots.policy_snapshot
16:04:19.859482 [info ]: Started model TRANSFORM.v_raw_watchlist
16:04:19.859494 [debug]: Started rendering model TRANSFORM.v_raw_watchlist
16:04:19.859508 [info ]: Started model TRANSFORM.v_raw_transaction
16:04:19.859519 [debug]: Started rendering model TRANSFORM.v_raw_transaction
16:04:19.859534 [info ]: Started model TRANSFORM.v_raw_password_change
16:04:19.859543 [debug]: Started rendering model TRANSFORM.v_raw_password_change
16:04:19.859560 [info ]: Started model TRANSFORM.v_raw_merchant
16:04:19.859568 [debug]: Started rendering model TRANSFORM.v_raw_merchant
16:04:19.859584 [info ]: Started model TRANSFORM.v_raw_login_activity
16:04:19.859597 [debug]: Started rendering model TRANSFORM.v_raw_login_activity
16:04:19.859615 [info ]: Started model TRANSFORM.v_raw_device_registry
16:04:19.859627 [debug]: Started rendering model TRANSFORM.v_raw_device_registry
16:04:19.859664 [info ]: Started model TRANSFORM.v_raw_customer
16:04:19.859684 [debug]: Started rendering model TRANSFORM.v_raw_customer
16:04:19.859708 [info ]: Started model TRANSFORM.v_raw_collect_request
16:04:19.859729 [debug]: Started rendering model TRANSFORM.v_raw_collect_request
16:04:19.859764 [info ]: Started model TRANSFORM.v_raw_beneficiary
16:04:19.859779 [debug]: Started rendering model TRANSFORM.v_raw_beneficiary
16:04:19.859811 [info ]: Started model TRANSFORM.v_raw_account
16:04:19.859825 [debug]: Started rendering model TRANSFORM.v_raw_account
16:04:19.859850 [info ]: Started model TRANSFORM.sl_password_change
16:04:19.859862 [debug]: Started rendering model TRANSFORM.sl_password_change
16:04:19.859868 [debug]: Started connection limit wait
16:04:19.859886 [info ]: Started model TRANSFORM.v_password_change
16:04:19.859905 [debug]: Started rendering model TRANSFORM.v_password_change
16:04:19.859910 [debug]: Started connection limit wait
16:04:19.859933 [info ]: Started model TRANSFORM.sl_login_activity
16:04:19.859951 [debug]: Started rendering model TRANSFORM.sl_login_activity
16:04:19.859951 [debug]: Started connection limit wait
16:04:19.859968 [debug]: Started connection limit wait
16:04:19.859980 [debug]: Started connection limit wait
16:04:19.859979 [info ]: Started model TRANSFORM.v_login_activity
16:04:19.859994 [debug]: Started rendering model TRANSFORM.v_login_activity
16:04:19.860029 [info ]: Started model TRANSFORM.sl_collect_request
16:04:19.860043 [debug]: Started rendering model TRANSFORM.sl_collect_request
16:04:19.860067 [info ]: Started model TRANSFORM.v_collect_request
16:04:19.860078 [debug]: Started rendering model TRANSFORM.v_collect_request
16:04:19.860097 [info ]: Started model TRANSFORM.sl_account
16:04:19.860112 [debug]: Started rendering model TRANSFORM.sl_account
16:04:19.860132 [info ]: Started model TRANSFORM.v_account
16:04:19.860127 [debug]: Started connection limit wait
16:04:19.860144 [debug]: Started rendering model TRANSFORM.v_account
16:04:19.860152 [debug]: Started connection limit wait
16:04:19.860164 [debug]: Started connection limit wait
16:04:19.860167 [info ]: Started model analytics.gld_fraud_alert
16:04:19.860179 [debug]: Started rendering model analytics.gld_fraud_alert
16:04:19.860204 [info ]: Started model analytics.gld_rule_results
16:04:19.860214 [debug]: Started rendering model analytics.gld_rule_results
16:04:19.860236 [info ]: Started seed TRANSFORM.dim_fraud_rule
16:04:19.860248 [debug]: Started rendering seed TRANSFORM.dim_fraud_rule
16:04:19.860255 [debug]: Started connection limit wait
16:04:19.860270 [info ]: Started model TRANSFORM.sl_beneficiary
16:04:19.860296 [debug]: Started rendering model TRANSFORM.sl_beneficiary
16:04:19.860318 [info ]: Started model TRANSFORM.v_beneficiary
16:04:19.860335 [debug]: Started rendering model TRANSFORM.v_beneficiary
16:04:19.860360 [info ]: Started model TRANSFORM.sl_watchlist
16:04:19.860373 [debug]: Started rendering model TRANSFORM.sl_watchlist
16:04:19.860397 [info ]: Started model TRANSFORM.v_watchlist
16:04:19.860407 [debug]: Started rendering model TRANSFORM.v_watchlist
16:04:19.860425 [debug]: Started connection limit wait
16:04:19.860438 [debug]: Started connection limit wait
16:04:19.860432 [info ]: Started model TRANSFORM.sl_transaction
16:04:19.860447 [debug]: Started rendering model TRANSFORM.sl_transaction
16:04:19.860474 [info ]: Started model TRANSFORM.v_transaction
16:04:19.860486 [debug]: Started rendering model TRANSFORM.v_transaction
16:04:19.860507 [info ]: Started model TRANSFORM.sl_merchant
16:04:19.860525 [debug]: Started rendering model TRANSFORM.sl_merchant
16:04:19.860555 [info ]: Started model TRANSFORM.v_merchant
16:04:19.860568 [debug]: Started rendering model TRANSFORM.v_merchant
16:04:19.860591 [info ]: Started model TRANSFORM.sl_device_registry
16:04:19.860603 [debug]: Started rendering model TRANSFORM.sl_device_registry
16:04:19.860624 [debug]: Started connection limit wait
16:04:19.860624 [info ]: Started model TRANSFORM.v_device_registry
16:04:19.860639 [debug]: Started connection limit wait
16:04:19.860638 [debug]: Started rendering model TRANSFORM.v_device_registry
16:04:19.860649 [debug]: Started connection limit wait
16:04:19.860658 [debug]: Started connection limit wait
16:04:19.860668 [debug]: Started connection limit wait
16:04:19.860662 [info ]: Started model TRANSFORM.sl_customer
16:04:19.860675 [debug]: Started rendering model TRANSFORM.sl_customer
16:04:19.860680 [debug]: Started connection limit wait
16:04:19.860688 [debug]: Started connection limit wait
16:04:19.860702 [info ]: Started model TRANSFORM.v_customer
16:04:19.860714 [debug]: Started rendering model TRANSFORM.v_customer
16:04:19.860750 [debug]: Started connection limit wait
16:04:19.860762 [debug]: Started connection limit wait
16:04:19.860771 [debug]: Started connection limit wait
16:04:19.860774 [debug]: Finished rendering [  0.00s] seed TRANSFORM.dim_fraud_rule [success]
16:04:19.860814 [info ]:  Succeeded [-------] seed  TRANSFORM.dim_fraud_rule (table)
16:04:19.864950 [debug]: Compiled SQL for node model.UPI_Fraud_Monitoring.v_raw_watchlist at target\.lsp\compiled\UPI_Fraud_Monitoring\models\bronze\raw_views\v_raw_watchlist.sql
16:04:19.867036 [debug]: Finished rendering [  0.01s] model TRANSFORM.v_raw_watchlist [success]
16:04:19.867166 [info ]: Started analyzing (33 nodes)
16:04:19.867198 [debug]: Started analyzing model TRANSFORM.v_raw_watchlist
16:04:19.867345 [debug]: Finished connection limit wait [  0.01s]
16:04:19.870183 [debug]: Finished analyzing [  0.00s] model TRANSFORM.v_raw_watchlist [success]
16:04:19.870289 [info ]:  Succeeded [  0.01s] model TRANSFORM.v_raw_watchlist (view)
16:04:19.871837 [debug]: Compiled SQL for node model.UPI_Fraud_Monitoring.v_raw_device_registry at target\.lsp\compiled\UPI_Fraud_Monitoring\models\bronze\raw_views\v_raw_device_registry.sql
16:04:19.872717 [debug]: Finished rendering [  0.01s] model TRANSFORM.v_raw_device_registry [success]
16:04:19.872818 [debug]: Started analyzing model TRANSFORM.v_raw_device_registry
16:04:19.872867 [debug]: Finished connection limit wait [  0.01s]
16:04:19.875127 [debug]: Finished analyzing [  0.00s] model TRANSFORM.v_raw_device_registry [success]
16:04:19.875288 [info ]:  Succeeded [  0.01s] model TRANSFORM.v_raw_device_registry (view)
16:04:19.895040 [debug]: Compiled SQL for node snapshot.UPI_Fraud_Monitoring.policy_snapshot at target\.lsp\compiled\UPI_Fraud_Monitoring\snapshots\sl_account.sql\policy_snapshot.sql
16:04:19.894983 [debug]: Compiled SQL for node model.UPI_Fraud_Monitoring.gld_fraud_alert at target\.lsp\compiled\UPI_Fraud_Monitoring\models\gold\gld_fraud_alert.sql
16:04:19.898905 [debug]: Finished rendering [  0.04s] snapshot snapshots.policy_snapshot [success]
16:04:19.899112 [debug]: Started analyzing snapshot snapshots.policy_snapshot
16:04:19.899377 [debug]: Finished rendering [  0.04s] model analytics.gld_fraud_alert [success]
16:04:19.899443 [debug]: Started analyzing model analytics.gld_fraud_alert
16:04:19.900783 [debug]: Finished analyzing [  0.00s] snapshot snapshots.policy_snapshot [success]
16:04:19.900859 [info ]:  Succeeded [  0.04s] snapshot snapshots.policy_snapshot (snapshot)
16:04:19.901340 [debug]: Compiled SQL for node model.UPI_Fraud_Monitoring.sl_account at target\.lsp\compiled\UPI_Fraud_Monitoring\models\silver\sl_account.sql
16:04:19.902115 [debug]: Finished rendering [  0.04s] model TRANSFORM.sl_account [success]
16:04:19.902279 [debug]: Started analyzing model TRANSFORM.sl_account
16:04:19.902712 [debug]: Finished analyzing [  0.00s] model analytics.gld_fraud_alert [success]
16:04:19.902782 [info ]:  Succeeded [  0.04s] model analytics.gld_fraud_alert (incremental)
16:04:19.905680 [debug]: Compiled SQL for node model.UPI_Fraud_Monitoring.gld_rule_results at target\.lsp\compiled\UPI_Fraud_Monitoring\models\gold\gld_rule_results.sql
16:04:19.906368 [debug]: Finished rendering [  0.05s] model analytics.gld_rule_results [success]
16:04:19.906478 [debug]: Started analyzing model analytics.gld_rule_results
16:04:19.908226 [debug]: Finished analyzing [  0.01s] model TRANSFORM.sl_account [success]
16:04:19.908342 [info ]:  Succeeded [  0.05s] model TRANSFORM.sl_account (incremental)
16:04:19.912994 [debug]: Compiled SQL for node model.UPI_Fraud_Monitoring.v_raw_customer at target\.lsp\compiled\UPI_Fraud_Monitoring\models\bronze\raw_views\v_raw_customer.sql
16:04:19.913170 [debug]: Compiled SQL for node model.UPI_Fraud_Monitoring.v_raw_login_activity at target\.lsp\compiled\UPI_Fraud_Monitoring\models\bronze\raw_views\v_raw_login_activity.sql
16:04:19.913356 [debug]: Compiled SQL for node model.UPI_Fraud_Monitoring.v_raw_transaction at target\.lsp\compiled\UPI_Fraud_Monitoring\models\bronze\raw_views\v_raw_transaction.sql
16:04:19.913522 [debug]: Compiled SQL for node model.UPI_Fraud_Monitoring.v_raw_collect_request at target\.lsp\compiled\UPI_Fraud_Monitoring\models\bronze\raw_views\v_raw_collect_request.sql
16:04:19.913858 [debug]: Compiled SQL for node model.UPI_Fraud_Monitoring.v_raw_merchant at target\.lsp\compiled\UPI_Fraud_Monitoring\models\bronze\raw_views\v_raw_merchant.sql
16:04:19.914918 [debug]: Finished rendering [  0.06s] model TRANSFORM.v_raw_customer [success]
16:04:19.915148 [debug]: Started analyzing model TRANSFORM.v_raw_customer
16:04:19.915602 [debug]: Finished connection limit wait [  0.06s]
16:04:19.915858 [debug]: Finished rendering [  0.06s] model TRANSFORM.v_raw_collect_request [success]
16:04:19.915932 [debug]: Started analyzing model TRANSFORM.v_raw_collect_request
16:04:19.916011 [debug]: Finished rendering [  0.06s] model TRANSFORM.v_raw_login_activity [success]
16:04:19.916041 [debug]: Started analyzing model TRANSFORM.v_raw_login_activity
16:04:19.916073 [debug]: Finished connection limit wait [  0.06s]
16:04:19.916361 [debug]: Finished analyzing [  0.00s] model TRANSFORM.v_raw_customer [success]
16:04:19.916398 [info ]:  Succeeded [  0.06s] model TRANSFORM.v_raw_customer (view)
16:04:19.916487 [debug]: Finished rendering [  0.06s] model TRANSFORM.v_raw_transaction [success]
16:04:19.916537 [debug]: Started analyzing model TRANSFORM.v_raw_transaction
16:04:19.916587 [debug]: Finished connection limit wait [  0.06s]
16:04:19.917238 [debug]: Compiled SQL for node model.UPI_Fraud_Monitoring.v_raw_account at target\.lsp\compiled\UPI_Fraud_Monitoring\models\bronze\raw_views\v_raw_account.sql
16:04:19.917864 [debug]: Compiled SQL for node model.UPI_Fraud_Monitoring.v_raw_password_change at target\.lsp\compiled\UPI_Fraud_Monitoring\models\bronze\raw_views\v_raw_password_change.sql
16:04:19.918186 [debug]: Compiled SQL for node model.UPI_Fraud_Monitoring.v_raw_beneficiary at target\.lsp\compiled\UPI_Fraud_Monitoring\models\bronze\raw_views\v_raw_beneficiary.sql
16:04:19.918762 [debug]: Finished analyzing [  0.00s] model TRANSFORM.v_raw_collect_request [success]
16:04:19.918826 [info ]:  Succeeded [  0.06s] model TRANSFORM.v_raw_collect_request (view)
16:04:19.918898 [debug]: Finished rendering [  0.05s] model TRANSFORM.v_raw_account [success]
16:04:19.918940 [debug]: Started analyzing model TRANSFORM.v_raw_account
16:04:19.919019 [debug]: Finished rendering [  0.06s] model TRANSFORM.v_raw_merchant [success]
16:04:19.919049 [debug]: Started analyzing model TRANSFORM.v_raw_merchant
16:04:19.919080 [debug]: Finished connection limit wait [  0.06s]
16:04:19.919450 [debug]: Finished analyzing [  0.00s] model TRANSFORM.v_raw_transaction [success]
16:04:19.919497 [info ]:  Succeeded [  0.06s] model TRANSFORM.v_raw_transaction (view)
16:04:19.919595 [debug]: Finished connection limit wait [  0.06s]
16:04:19.919760 [debug]: Finished rendering [  0.06s] model TRANSFORM.v_raw_password_change [success]
16:04:19.919816 [debug]: Started analyzing model TRANSFORM.v_raw_password_change
16:04:19.919858 [debug]: Finished connection limit wait [  0.06s]
16:04:19.920723 [debug]: Finished rendering [  0.05s] model TRANSFORM.v_raw_beneficiary [success]
16:04:19.920860 [debug]: Started analyzing model TRANSFORM.v_raw_beneficiary
16:04:19.921056 [debug]: Finished connection limit wait [  0.06s]
16:04:19.927889 [debug]: Finished analyzing [  0.01s] model TRANSFORM.v_raw_password_change [success]
16:04:19.927993 [info ]:  Succeeded [  0.07s] model TRANSFORM.v_raw_password_change (view)
16:04:19.928774 [debug]: Finished analyzing [  0.01s] model TRANSFORM.v_raw_beneficiary [success]
16:04:19.928833 [info ]:  Succeeded [  0.06s] model TRANSFORM.v_raw_beneficiary (view)
16:04:19.929859 [debug]: Finished analyzing [  0.01s] model TRANSFORM.v_raw_account [success]
16:04:19.930129 [debug]: create_debug_span(...).entered() took 47.3µs
16:04:19.929929 [info ]:  Succeeded [  0.06s] model TRANSFORM.v_raw_account (view)
16:04:19.931218 [debug]: Finished connection limit wait [  0.07s]
16:04:19.931515 [debug]: Finished analyzing [  0.02s] model TRANSFORM.v_raw_login_activity [success]
16:04:19.931566 [info ]:  Succeeded [  0.07s] model TRANSFORM.v_raw_login_activity (view)
16:04:19.931639 [debug]: Finished analyzing [  0.03s] model analytics.gld_rule_results [success]
16:04:19.931659 [info ]:  Succeeded [  0.07s] model analytics.gld_rule_results (incremental)
16:04:19.932082 [debug]: Finished analyzing [  0.01s] model TRANSFORM.v_raw_merchant [success]
16:04:19.932142 [info ]:  Succeeded [  0.07s] model TRANSFORM.v_raw_merchant (view)
16:04:19.934186 [debug]: Compiled SQL for node model.UPI_Fraud_Monitoring.sl_password_change at target\.lsp\compiled\UPI_Fraud_Monitoring\models\silver\sl_password_change.sql
16:04:19.937577 [debug]: Finished rendering [  0.02s] model TRANSFORM.sl_password_change [success]
16:04:19.937681 [debug]: Started analyzing model TRANSFORM.sl_password_change
16:04:19.937736 [debug]: Finished connection limit wait [  0.08s]
16:04:19.938983 [debug]: create_debug_span(...).entered() took 77.5µs
16:04:19.942847 [debug]: Compiled SQL for node model.UPI_Fraud_Monitoring.sl_login_activity at target\.lsp\compiled\UPI_Fraud_Monitoring\models\silver\sl_login_activity.sql
16:04:19.944545 [debug]: create_debug_span(...).entered() took 60µs
16:04:19.945244 [debug]: Finished analyzing [  0.01s] model TRANSFORM.sl_password_change [success]
16:04:19.945320 [info ]:  Succeeded [  0.03s] model TRANSFORM.sl_password_change (incremental)
16:04:19.945443 [debug]: Finished rendering [  0.03s] model TRANSFORM.sl_login_activity [success]
16:04:19.945494 [debug]: Started analyzing model TRANSFORM.sl_login_activity
16:04:19.945721 [debug]: Finished connection limit wait [  0.09s]
16:04:19.946129 [debug]: create_debug_span(...).entered() took 36.1µs
16:04:19.946557 [debug]: Compiled SQL for node model.UPI_Fraud_Monitoring.sl_beneficiary at target\.lsp\compiled\UPI_Fraud_Monitoring\models\silver\sl_beneficiary.sql
16:04:19.947165 [debug]: Finished rendering [  0.03s] model TRANSFORM.sl_beneficiary [success]
16:04:19.947269 [debug]: Started analyzing model TRANSFORM.sl_beneficiary
16:04:19.947323 [debug]: Finished connection limit wait [  0.09s]
16:04:19.948908 [debug]: Finished analyzing [  0.00s] model TRANSFORM.sl_login_activity [success]
16:04:19.948997 [info ]:  Succeeded [  0.03s] model TRANSFORM.sl_login_activity (incremental)
16:04:19.950568 [debug]: Compiled SQL for node model.UPI_Fraud_Monitoring.sl_collect_request at target\.lsp\compiled\UPI_Fraud_Monitoring\models\silver\sl_collect_request.sql
16:04:19.951867 [debug]: Finished rendering [  0.02s] model TRANSFORM.sl_collect_request [success]
16:04:19.951982 [debug]: Started analyzing model TRANSFORM.sl_collect_request
16:04:19.952036 [debug]: Finished connection limit wait [  0.09s]
16:04:19.955789 [debug]: Finished analyzing [  0.00s] model TRANSFORM.sl_collect_request [success]
16:04:19.955869 [info ]:  Succeeded [  0.02s] model TRANSFORM.sl_collect_request (incremental)
16:04:19.956629 [debug]: create_debug_span(...).entered() took 57.8µs
16:04:19.964395 [debug]: Finished analyzing [  0.02s] model TRANSFORM.sl_beneficiary [success]
16:04:19.964486 [info ]:  Succeeded [  0.04s] model TRANSFORM.sl_beneficiary (incremental)
16:04:19.966503 [debug]: create_debug_span(...).entered() took 59.4µs
16:04:19.966503 [debug]: create_debug_span(...).entered() took 60.5µs
16:04:19.968697 [debug]: Compiled SQL for node model.UPI_Fraud_Monitoring.sl_watchlist at target\.lsp\compiled\UPI_Fraud_Monitoring\models\silver\sl_watchlist.sql
16:04:19.970080 [debug]: Finished connection limit wait [  0.11s]
16:04:19.970283 [debug]: Finished rendering [  0.02s] model TRANSFORM.sl_watchlist [success]
16:04:19.970402 [debug]: Started analyzing model TRANSFORM.sl_watchlist
16:04:19.973226 [debug]: Finished analyzing [  0.00s] model TRANSFORM.sl_watchlist [success]
16:04:19.973311 [info ]:  Succeeded [  0.03s] model TRANSFORM.sl_watchlist (incremental)
16:04:19.978597 [debug]: Compiled SQL for node model.UPI_Fraud_Monitoring.sl_transaction at target\.lsp\compiled\UPI_Fraud_Monitoring\models\silver\sl_transaction.sql
16:04:19.979121 [debug]: Finished rendering [  0.01s] model TRANSFORM.sl_transaction [success]
16:04:19.979217 [debug]: Started analyzing model TRANSFORM.sl_transaction
16:04:19.979232 [debug]: Finished connection limit wait [  0.12s]
16:04:19.983193 [debug]: Finished analyzing [  0.00s] model TRANSFORM.sl_transaction [success]
16:04:19.983284 [info ]:  Succeeded [  0.01s] model TRANSFORM.sl_transaction (incremental)
16:04:19.985614 [debug]: create_debug_span(...).entered() took 46.8µs
16:04:20.102068 [debug]: stmt.execute() (submit+wait_for_completion, returns reader) took 135.1496ms
16:04:20.102130 [debug]: reader.schema() took 1.2µs
16:04:20.106290 [debug]: batch-consume loop (for res in reader) took 4.105ms
16:04:20.109205 [debug]: do_execute(conn) (closure: stmt.execute + schema + batch loop) took 142.5151ms
16:04:20.109434 [debug]: concat_batches + normalize_result_column_names took 123.3µs
16:04:20.109454 [debug]: record_current_span_status_from_attrs took 8.8µs
16:04:20.109482 [debug]: Query executed on node model.UPI_Fraud_Monitoring.v_transaction:
describe table "UPI_FRAUD_MONITORING_DB"."TRANSFORM"."V_RAW_TRANSACTION"
/* {"app": "dbt", "connection_name": "", "dbt_version": "2.0.0", "profile_name": "UPI_Fraud_Monitoring", "target_name": "dev"} */
16:04:20.109520 [debug]: drop(query_span_guard) (span exit/export) took 52µs
16:04:20.114887 [debug]: Compiled SQL for node model.UPI_Fraud_Monitoring.v_transaction at target\.lsp\compiled\UPI_Fraud_Monitoring\models\bronze\views\v_transaction.sql
16:04:20.115275 [debug]: Finished connection limit wait [  0.25s]
16:04:20.115363 [debug]: Finished rendering [  0.17s] model TRANSFORM.v_transaction [success]
16:04:20.115437 [debug]: Started analyzing model TRANSFORM.v_transaction
16:04:20.119526 [debug]: Compiled SQL for node model.UPI_Fraud_Monitoring.sl_merchant at target\.lsp\compiled\UPI_Fraud_Monitoring\models\silver\sl_merchant.sql
16:04:20.119964 [debug]: Finished connection limit wait [  0.26s]
16:04:20.121003 [debug]: Finished rendering [  0.01s] model TRANSFORM.sl_merchant [success]
16:04:20.121115 [debug]: Started analyzing model TRANSFORM.sl_merchant
16:04:20.124307 [debug]: Finished analyzing [  0.00s] model TRANSFORM.sl_merchant [success]
16:04:20.124386 [info ]:  Succeeded [  0.01s] model TRANSFORM.sl_merchant (incremental)
16:04:20.125667 [debug]: Compiled SQL for node model.UPI_Fraud_Monitoring.sl_device_registry at target\.lsp\compiled\UPI_Fraud_Monitoring\models\silver\sl_device_registry.sql
16:04:20.126890 [debug]: Finished rendering [  0.01s] model TRANSFORM.sl_device_registry [success]
16:04:20.127052 [debug]: Started analyzing model TRANSFORM.sl_device_registry
16:04:20.127159 [debug]: Finished connection limit wait [  0.27s]
16:04:20.130707 [debug]: Finished analyzing [  0.00s] model TRANSFORM.sl_device_registry [success]
16:04:20.130796 [info ]:  Succeeded [  0.01s] model TRANSFORM.sl_device_registry (incremental)
16:04:20.132495 [debug]: create_debug_span(...).entered() took 47.1µs
16:04:20.134472 [debug]: Finished analyzing [  0.02s] model TRANSFORM.v_transaction [success]
16:04:20.134559 [info ]:  Succeeded [  0.19s] model TRANSFORM.v_transaction (view)
16:04:20.135038 [debug]: stmt.execute() (submit+wait_for_completion, returns reader) took 201.6255ms
16:04:20.135087 [debug]: reader.schema() took 1µs
16:04:20.138405 [debug]: batch-consume loop (for res in reader) took 3.255ms
16:04:20.143908 [debug]: do_execute(conn) (closure: stmt.execute + schema + batch loop) took 213.6794ms
16:04:20.144231 [debug]: concat_batches + normalize_result_column_names took 117.5µs
16:04:20.144357 [debug]: record_current_span_status_from_attrs took 10.1µs
16:04:20.144395 [debug]: Query executed on node model.UPI_Fraud_Monitoring.v_password_change:
describe table "UPI_FRAUD_MONITORING_DB"."TRANSFORM"."V_RAW_PASSWORD_CHANGE"
/* {"app": "dbt", "connection_name": "", "dbt_version": "2.0.0", "profile_name": "UPI_Fraud_Monitoring", "target_name": "dev"} */
16:04:20.144422 [debug]: drop(query_span_guard) (span exit/export) took 37.8µs
16:04:20.145131 [debug]: stmt.execute() (submit+wait_for_completion, returns reader) took 196.5669ms
16:04:20.145197 [debug]: reader.schema() took 1.3µs
16:04:20.145272 [debug]: stmt.execute() (submit+wait_for_completion, returns reader) took 196.5324ms
16:04:20.145290 [debug]: reader.schema() took 200ns
16:04:20.148743 [debug]: stmt.execute() (submit+wait_for_completion, returns reader) took 191.5947ms
16:04:20.148817 [debug]: reader.schema() took 1.7µs
16:04:20.150754 [debug]: stmt.execute() (submit+wait_for_completion, returns reader) took 183.6624ms
16:04:20.150816 [debug]: reader.schema() took 1.1µs
16:04:20.152389 [debug]: batch-consume loop (for res in reader) took 6.7154ms
16:04:20.153477 [debug]: Compiled SQL for node model.UPI_Fraud_Monitoring.v_password_change at target\.lsp\compiled\UPI_Fraud_Monitoring\models\bronze\views\v_password_change.sql
16:04:20.154130 [debug]: Finished connection limit wait [  0.29s]
16:04:20.154301 [debug]: Finished rendering [  0.24s] model TRANSFORM.v_password_change [success]
16:04:20.154379 [debug]: Started analyzing model TRANSFORM.v_password_change
16:04:20.156929 [debug]: batch-consume loop (for res in reader) took 11.6887ms
16:04:20.157422 [debug]: batch-consume loop (for res in reader) took 6.5697ms
16:04:20.160000 [debug]: batch-consume loop (for res in reader) took 11.1333ms
16:04:20.161486 [debug]: Compiled SQL for node model.UPI_Fraud_Monitoring.sl_customer at target\.lsp\compiled\UPI_Fraud_Monitoring\models\silver\sl_customer.sql
16:04:20.162141 [debug]: Finished rendering [  0.01s] model TRANSFORM.sl_customer [success]
16:04:20.162271 [debug]: Finished connection limit wait [  0.30s]
16:04:20.162296 [debug]: Started analyzing model TRANSFORM.sl_customer
16:04:20.165143 [debug]: Finished analyzing [  0.00s] model TRANSFORM.sl_customer [success]
16:04:20.165226 [info ]:  Succeeded [  0.01s] model TRANSFORM.sl_customer (incremental)
16:04:20.165531 [debug]: do_execute(conn) (closure: stmt.execute + schema + batch loop) took 220.8926ms
16:04:20.165830 [debug]: concat_batches + normalize_result_column_names took 229.6µs
16:04:20.165854 [debug]: record_current_span_status_from_attrs took 7.8µs
16:04:20.165872 [debug]: Query executed on node model.UPI_Fraud_Monitoring.v_collect_request:
describe table "UPI_FRAUD_MONITORING_DB"."TRANSFORM"."V_RAW_COLLECT_REQUEST"
/* {"app": "dbt", "connection_name": "", "dbt_version": "2.0.0", "profile_name": "UPI_Fraud_Monitoring", "target_name": "dev"} */
16:04:20.165890 [debug]: drop(query_span_guard) (span exit/export) took 24.7µs
16:04:20.167341 [debug]: Finished analyzing [  0.01s] model TRANSFORM.v_password_change [success]
16:04:20.167585 [info ]:  Succeeded [  0.25s] model TRANSFORM.v_password_change (view)
16:04:20.169877 [debug]: create_debug_span(...).entered() took 63µs
16:04:20.171148 [debug]: Compiled SQL for node model.UPI_Fraud_Monitoring.v_collect_request at target\.lsp\compiled\UPI_Fraud_Monitoring\models\bronze\views\v_collect_request.sql
16:04:20.171854 [debug]: Finished rendering [  0.25s] model TRANSFORM.v_collect_request [success]
16:04:20.172014 [debug]: Started analyzing model TRANSFORM.v_collect_request
16:04:20.172040 [debug]: do_execute(conn) (closure: stmt.execute + schema + batch loop) took 225.8384ms
16:04:20.172297 [debug]: concat_batches + normalize_result_column_names took 213.5µs
16:04:20.172316 [debug]: record_current_span_status_from_attrs took 7.9µs
16:04:20.172337 [debug]: Query executed on node model.UPI_Fraud_Monitoring.v_account:
describe table "UPI_FRAUD_MONITORING_DB"."TRANSFORM"."V_RAW_ACCOUNT"
/* {"app": "dbt", "connection_name": "", "dbt_version": "2.0.0", "profile_name": "UPI_Fraud_Monitoring", "target_name": "dev"} */
16:04:20.172358 [debug]: drop(query_span_guard) (span exit/export) took 32.2µs
16:04:20.172393 [debug]: do_execute(conn) (closure: stmt.execute + schema + batch loop) took 205.7661ms
16:04:20.173087 [debug]: do_execute(conn) (closure: stmt.execute + schema + batch loop) took 216.364ms
16:04:20.173208 [debug]: concat_batches + normalize_result_column_names took 376.4µs
16:04:20.173223 [debug]: concat_batches + normalize_result_column_names took 102.9µs
16:04:20.173233 [debug]: record_current_span_status_from_attrs took 5.8µs
16:04:20.173238 [debug]: record_current_span_status_from_attrs took 3.9µs
16:04:20.173250 [debug]: Query executed on node model.UPI_Fraud_Monitoring.v_watchlist:
describe table "UPI_FRAUD_MONITORING_DB"."TRANSFORM"."V_RAW_WATCHLIST"
/* {"app": "dbt", "connection_name": "", "dbt_version": "2.0.0", "profile_name": "UPI_Fraud_Monitoring", "target_name": "dev"} */
16:04:20.173250 [debug]: Query executed on node model.UPI_Fraud_Monitoring.v_beneficiary:
describe table "UPI_FRAUD_MONITORING_DB"."TRANSFORM"."V_RAW_BENEFICIARY"
/* {"app": "dbt", "connection_name": "", "dbt_version": "2.0.0", "profile_name": "UPI_Fraud_Monitoring", "target_name": "dev"} */
16:04:20.173269 [debug]: drop(query_span_guard) (span exit/export) took 27.9µs
16:04:20.173272 [debug]: drop(query_span_guard) (span exit/export) took 26.2µs
16:04:20.177995 [debug]: Compiled SQL for node model.UPI_Fraud_Monitoring.v_account at target\.lsp\compiled\UPI_Fraud_Monitoring\models\bronze\views\v_account.sql
16:04:20.179318 [debug]: Compiled SQL for node model.UPI_Fraud_Monitoring.v_beneficiary at target\.lsp\compiled\UPI_Fraud_Monitoring\models\bronze\views\v_beneficiary.sql
16:04:20.181093 [debug]: Finished rendering [  0.26s] model TRANSFORM.v_account [success]
16:04:20.181630 [debug]: Started analyzing model TRANSFORM.v_account
16:04:20.181801 [debug]: Finished rendering [  0.24s] model TRANSFORM.v_beneficiary [success]
16:04:20.181860 [debug]: Started analyzing model TRANSFORM.v_beneficiary
16:04:20.185948 [debug]: stmt.execute() (submit+wait_for_completion, returns reader) took 199.9527ms
16:04:20.185981 [debug]: reader.schema() took 800ns
16:04:20.187082 [debug]: Compiled SQL for node model.UPI_Fraud_Monitoring.v_watchlist at target\.lsp\compiled\UPI_Fraud_Monitoring\models\bronze\views\v_watchlist.sql
16:04:20.188657 [debug]: Finished analyzing [  0.02s] model TRANSFORM.v_collect_request [success]
16:04:20.188710 [info ]:  Succeeded [  0.27s] model TRANSFORM.v_collect_request (view)
16:04:20.188899 [debug]: Finished rendering [  0.24s] model TRANSFORM.v_watchlist [success]
16:04:20.189223 [debug]: Started analyzing model TRANSFORM.v_watchlist
16:04:20.189702 [debug]: Finished analyzing [  0.01s] model TRANSFORM.v_beneficiary [success]
16:04:20.189751 [info ]:  Succeeded [  0.25s] model TRANSFORM.v_beneficiary (view)
16:04:20.190543 [debug]: Finished analyzing [  0.01s] model TRANSFORM.v_account [success]
16:04:20.190594 [info ]:  Succeeded [  0.27s] model TRANSFORM.v_account (view)
16:04:20.192348 [debug]: batch-consume loop (for res in reader) took 6.3386ms
16:04:20.195259 [debug]: Finished analyzing [  0.01s] model TRANSFORM.v_watchlist [success]
16:04:20.195246 [debug]: do_execute(conn) (closure: stmt.execute + schema + batch loop) took 209.5567ms
16:04:20.195313 [info ]:  Succeeded [  0.24s] model TRANSFORM.v_watchlist (view)
16:04:20.195408 [debug]: concat_batches + normalize_result_column_names took 91.9µs
16:04:20.195428 [debug]: record_current_span_status_from_attrs took 5.6µs
16:04:20.195440 [debug]: Query executed on node model.UPI_Fraud_Monitoring.v_merchant:
describe table "UPI_FRAUD_MONITORING_DB"."TRANSFORM"."V_RAW_MERCHANT"
/* {"app": "dbt", "connection_name": "", "dbt_version": "2.0.0", "profile_name": "UPI_Fraud_Monitoring", "target_name": "dev"} */
16:04:20.195452 [debug]: drop(query_span_guard) (span exit/export) took 16.4µs
16:04:20.198219 [debug]: Compiled SQL for node model.UPI_Fraud_Monitoring.v_merchant at target\.lsp\compiled\UPI_Fraud_Monitoring\models\bronze\views\v_merchant.sql
16:04:20.198537 [debug]: Finished rendering [  0.22s] model TRANSFORM.v_merchant [success]
16:04:20.198620 [debug]: Started analyzing model TRANSFORM.v_merchant
16:04:20.202194 [debug]: stmt.execute() (submit+wait_for_completion, returns reader) took 69.4142ms
16:04:20.202239 [debug]: reader.schema() took 600ns
16:04:20.205262 [debug]: Finished analyzing [  0.01s] model TRANSFORM.v_merchant [success]
16:04:20.205317 [info ]:  Succeeded [  0.23s] model TRANSFORM.v_merchant (view)
16:04:20.205947 [debug]: batch-consume loop (for res in reader) took 3.6707ms
16:04:20.209059 [debug]: do_execute(conn) (closure: stmt.execute + schema + batch loop) took 76.481ms
16:04:20.209228 [debug]: concat_batches + normalize_result_column_names took 116.3µs
16:04:20.209248 [debug]: record_current_span_status_from_attrs took 8.1µs
16:04:20.209268 [debug]: Query executed on node model.UPI_Fraud_Monitoring.v_device_registry:
describe table "UPI_FRAUD_MONITORING_DB"."TRANSFORM"."V_RAW_DEVICE_REGISTRY"
/* {"app": "dbt", "connection_name": "", "dbt_version": "2.0.0", "profile_name": "UPI_Fraud_Monitoring", "target_name": "dev"} */
16:04:20.209295 [debug]: drop(query_span_guard) (span exit/export) took 38.6µs
16:04:20.212087 [debug]: Compiled SQL for node model.UPI_Fraud_Monitoring.v_device_registry at target\.lsp\compiled\UPI_Fraud_Monitoring\models\bronze\views\v_device_registry.sql
16:04:20.212361 [debug]: Finished rendering [  0.09s] model TRANSFORM.v_device_registry [success]
16:04:20.212433 [debug]: Started analyzing model TRANSFORM.v_device_registry
16:04:20.218418 [debug]: Finished analyzing [  0.01s] model TRANSFORM.v_device_registry [success]
16:04:20.218474 [info ]:  Succeeded [  0.09s] model TRANSFORM.v_device_registry (view)
16:04:20.240978 [debug]: stmt.execute() (submit+wait_for_completion, returns reader) took 300.8967ms
16:04:20.241030 [debug]: reader.schema() took 700ns
16:04:20.243931 [debug]: batch-consume loop (for res in reader) took 2.8693ms
16:04:20.246163 [debug]: do_execute(conn) (closure: stmt.execute + schema + batch loop) took 307.0487ms
16:04:20.246338 [debug]: concat_batches + normalize_result_column_names took 132.8µs
16:04:20.246359 [debug]: record_current_span_status_from_attrs took 7.2µs
16:04:20.246372 [debug]: Query executed on node model.UPI_Fraud_Monitoring.v_login_activity:
describe table "UPI_FRAUD_MONITORING_DB"."TRANSFORM"."V_RAW_LOGIN_ACTIVITY"
/* {"app": "dbt", "connection_name": "", "dbt_version": "2.0.0", "profile_name": "UPI_Fraud_Monitoring", "target_name": "dev"} */
16:04:20.246396 [debug]: drop(query_span_guard) (span exit/export) took 30.3µs
16:04:20.249115 [debug]: Compiled SQL for node model.UPI_Fraud_Monitoring.v_login_activity at target\.lsp\compiled\UPI_Fraud_Monitoring\models\bronze\views\v_login_activity.sql
16:04:20.249411 [debug]: Finished rendering [  0.33s] model TRANSFORM.v_login_activity [success]
16:04:20.249481 [debug]: Started analyzing model TRANSFORM.v_login_activity
16:04:20.256714 [debug]: Finished analyzing [  0.01s] model TRANSFORM.v_login_activity [success]
16:04:20.256779 [info ]:  Succeeded [  0.34s] model TRANSFORM.v_login_activity (view)
16:04:20.359533 [debug]: stmt.execute() (submit+wait_for_completion, returns reader) took 189.4183ms
16:04:20.359575 [debug]: reader.schema() took 800ns
16:04:20.374281 [debug]: batch-consume loop (for res in reader) took 14.6707ms
16:04:20.379988 [debug]: do_execute(conn) (closure: stmt.execute + schema + batch loop) took 210.0202ms
16:04:20.380192 [debug]: concat_batches + normalize_result_column_names took 112.3µs
16:04:20.380218 [debug]: record_current_span_status_from_attrs took 7.9µs
16:04:20.380236 [debug]: Query executed on node model.UPI_Fraud_Monitoring.v_customer:
describe table "UPI_FRAUD_MONITORING_DB"."TRANSFORM"."V_RAW_CUSTOMER"
/* {"app": "dbt", "connection_name": "", "dbt_version": "2.0.0", "profile_name": "UPI_Fraud_Monitoring", "target_name": "dev"} */
16:04:20.380265 [debug]: drop(query_span_guard) (span exit/export) took 38.3µs
16:04:20.383751 [debug]: Compiled SQL for node model.UPI_Fraud_Monitoring.v_customer at target\.lsp\compiled\UPI_Fraud_Monitoring\models\bronze\views\v_customer.sql
16:04:20.384011 [debug]: Finished rendering [  0.22s] model TRANSFORM.v_customer [success]
16:04:20.384048 [info ]: Finished rendering [  0.52s] (34 nodes, 0 skipped, 0 errors)
16:04:20.384084 [debug]: Started analyzing model TRANSFORM.v_customer
16:04:20.389736 [debug]: Finished analyzing [  0.01s] model TRANSFORM.v_customer [success]
16:04:20.389780 [info ]: Finished analyzing [  0.52s] (33 nodes, 0 skipped, 0 errors)
16:04:20.389793 [info ]:  Succeeded [  0.23s] model TRANSFORM.v_customer (view)
16:04:20.402947 [info ]: Started scheduling
16:04:20.403116 [info ]: Finished scheduling [  0.00s]
16:04:20.403349 [info ]: 
==================== Execution Summary =====================
Finished 'compile' successfully for target 'dev' [3.0s]
Processed: 32 models | 1 snapshot | 1 seed
Summary: 34 total | 34 success
16:04:20.403986 [info ]: Cached model count updated: 32 models (accurate)
==================== 2026-09-10T16:06:14.752775Z | 46a208c8-7059-4336-91c1-fafe111fd7b1 ====================
16:06:14.753065 [info ]: Started loading project
16:06:14.754702 [info ]: Loading profiles.yml
==================== 2026-09-10T16:06:14.773910Z | 7375d80d-3b63-4618-a7c4-cffffdc23007 ====================
16:06:14.774035 [info ]: Started loading project
16:06:14.774903 [info ]: Loading profiles.yml
16:06:14.775025 [info ]: Finished loading project [  0.02s]
16:06:14.782479 [info ]:    Started resolving packages from packages.yml
16:06:15.076517 [info ]:   Finished [  0.29s] resolving packages from packages.yml (2 items)
16:06:15.077114 [debug]:    Started loading packages
16:06:15.101686 [debug]:     Loaded [  0.02s] packages
16:06:15.103708 [info ]: Finished loading project [  0.33s]
16:06:15.104327 [info ]: Started parsing
16:06:15.191371 [debug]: Finished parsing models/gold/gld_fraud_alert.yml [  0.00s]
16:06:15.192021 [debug]: Finished parsing models/gold/gld_rule_results.yml [  0.00s]
16:06:15.192447 [debug]: Finished parsing models/schema.yml [  0.00s]
16:06:15.192818 [debug]: Finished parsing models/sources.yml [  0.00s]
16:06:15.199272 [debug]: Finished parsing snapshots\sl_account.sql [  0.00s]
16:06:15.204411 [debug]: Finished parsing models/bronze/raw_views/v_raw_account.sql [  0.00s]
16:06:15.206656 [debug]: Finished parsing models/bronze/raw_views/v_raw_beneficiary.sql [  0.00s]
16:06:15.208272 [debug]: Finished parsing models/bronze/raw_views/v_raw_collect_request.sql [  0.00s]
16:06:15.209791 [debug]: Finished parsing models/bronze/raw_views/v_raw_customer.sql [  0.00s]
16:06:15.211118 [debug]: Finished parsing models/bronze/raw_views/v_raw_device_registry.sql [  0.00s]
16:06:15.212290 [debug]: Finished parsing models/bronze/raw_views/v_raw_login_activity.sql [  0.00s]
16:06:15.213465 [debug]: Finished parsing models/bronze/raw_views/v_raw_merchant.sql [  0.00s]
16:06:15.214643 [debug]: Finished parsing models/bronze/raw_views/v_raw_password_change.sql [  0.00s]
16:06:15.216154 [debug]: Finished parsing models/bronze/raw_views/v_raw_transaction.sql [  0.00s]
16:06:15.218036 [debug]: Finished parsing models/bronze/raw_views/v_raw_watchlist.sql [  0.00s]
16:06:15.220054 [debug]: Finished parsing models/bronze/views/v_account.sql [  0.00s]
16:06:15.222635 [debug]: Finished parsing models/bronze/views/v_beneficiary.sql [  0.00s]
16:06:15.224178 [debug]: Finished parsing models/bronze/views/v_collect_request.sql [  0.00s]
16:06:15.225466 [debug]: Finished parsing models/bronze/views/v_customer.sql [  0.00s]
16:06:15.226953 [debug]: Finished parsing models/bronze/views/v_device_registry.sql [  0.00s]
16:06:15.228643 [debug]: Finished parsing models/bronze/views/v_login_activity.sql [  0.00s]
16:06:15.230094 [debug]: Finished parsing models/bronze/views/v_merchant.sql [  0.00s]
16:06:15.231327 [debug]: Finished parsing models/bronze/views/v_password_change.sql [  0.00s]
16:06:15.232462 [debug]: Finished parsing models/bronze/views/v_transaction.sql [  0.00s]
16:06:15.234784 [debug]: Finished parsing models/bronze/views/v_watchlist.sql [  0.00s]
16:06:15.237211 [debug]: Finished parsing models/gold/gld_fraud_alert.sql [  0.00s]
16:06:15.240477 [debug]: Finished parsing models/gold/gld_rule_results.sql [  0.00s]
16:06:15.241988 [debug]: Finished parsing models/silver/sl_account.sql [  0.00s]
16:06:15.243477 [debug]: Finished parsing models/silver/sl_beneficiary.sql [  0.00s]
16:06:15.245257 [debug]: Finished parsing models/silver/sl_collect_request.sql [  0.00s]
16:06:15.246760 [debug]: Finished parsing models/silver/sl_customer.sql [  0.00s]
16:06:15.248198 [debug]: Finished parsing models/silver/sl_device_registry.sql [  0.00s]
16:06:15.249989 [debug]: Finished parsing models/silver/sl_login_activity.sql [  0.00s]
16:06:15.252042 [debug]: Finished parsing models/silver/sl_merchant.sql [  0.00s]
16:06:15.254983 [debug]: Finished parsing models/silver/sl_password_change.sql [  0.00s]
16:06:15.256359 [debug]: Finished parsing models/silver/sl_transaction.sql [  0.00s]
16:06:15.258203 [debug]: Finished parsing models/silver/sl_watchlist.sql [  0.00s]
16:06:15.294167 [warn ]: [NoNodeForYamlKey (dbt1089)]: Unused schema.yml entry for model 'alert_results'
  --> models/gold/gld_fraud_alert.yml
16:06:15.521431 [info ]: Finished parsing [  0.42s]
16:06:15.523682 [info ]: Cached model count updated: 32 models (estimate)
16:06:15.523705 [info ]: Cached model count updated: 32 models (accurate)
16:06:15.523825 [info ]: Started scheduling
16:06:15.523975 [info ]: Finished scheduling [  0.00s]
16:06:15.523993 [debug]: Compilation - 0 nodes selected: {}
16:06:15.524045 [warn ]: [NoNodesForSelectionCriteria (dbt1092)]: The selection criterion '' does not match any enabled nodes
16:06:15.524078 [warn ]: [NoNodesSelected (dbt1601)]: Nothing to do. Try checking your model configs and model specification args
16:06:15.524101 [info ]: Started scheduling
16:06:15.524529 [info ]: Finished scheduling [  0.00s]
16:06:15.529157 [debug]: Initializing schema store with entry: Frontier(CanonicalFqn { catalog: "UPI_FRAUD_MONITORING_DB", schema: "STAGING", table: "UPI_TRANSACTION" }) and interval: None
16:06:15.529293 [debug]: Initializing schema store with entry: Frontier(CanonicalFqn { catalog: "UPI_FRAUD_MONITORING_DB", schema: "STAGING", table: "ACCOUNT" }) and interval: None
16:06:15.529345 [debug]: Initializing schema store with entry: Frontier(CanonicalFqn { catalog: "UPI_FRAUD_MONITORING_DB", schema: "STAGING", table: "MERCHANT" }) and interval: None
16:06:15.529377 [debug]: Initializing schema store with entry: Frontier(CanonicalFqn { catalog: "UPI_FRAUD_MONITORING_DB", schema: "STAGING", table: "PASSWORD_CHANGE" }) and interval: None
16:06:15.529421 [debug]: Initializing schema store with entry: Frontier(CanonicalFqn { catalog: "UPI_FRAUD_MONITORING_DB", schema: "STAGING", table: "WATCHLIST" }) and interval: None
16:06:15.529455 [debug]: Initializing schema store with entry: Frontier(CanonicalFqn { catalog: "UPI_FRAUD_MONITORING_DB", schema: "STAGING", table: "CUSTOMER" }) and interval: None
16:06:15.529501 [debug]: Initializing schema store with entry: Frontier(CanonicalFqn { catalog: "UPI_FRAUD_MONITORING_DB", schema: "STAGING", table: "LOGIN_ACTIVITY" }) and interval: None
16:06:15.529547 [debug]: Initializing schema store with entry: Frontier(CanonicalFqn { catalog: "UPI_FRAUD_MONITORING_DB", schema: "STAGING", table: "COLLECT_REQUEST" }) and interval: None
16:06:15.529577 [debug]: Initializing schema store with entry: Frontier(CanonicalFqn { catalog: "UPI_FRAUD_MONITORING_DB", schema: "STAGING", table: "BENEFICIARY" }) and interval: None
16:06:15.529606 [debug]: Initializing schema store with entry: Frontier(CanonicalFqn { catalog: "UPI_FRAUD_MONITORING_DB", schema: "STAGING", table: "DEVICE_REGISTRY" }) and interval: None
16:06:15.611909 [info ]: Started building task graph
16:06:15.611992 [info ]: Finished building task graph [  0.00s]
16:06:15.630180 [info ]: Started scheduling
16:06:15.630369 [info ]: Finished scheduling [  0.00s]
16:06:15.630629 [info ]: 
==================== Execution Summary =====================
Finished 'compile' with 3 warnings for target 'dev' [856ms]
16:06:15.630732 [info ]: 
==================== Execution Summary =====================
Finished 'compile' successfully for target 'dev' [877ms]
16:06:15.636715 [info ]: Cached model count updated: 32 models (accurate)
==================== 2026-09-10T16:06:17.222095Z | 0c81e856-1388-42d4-8708-08a7e9bdffbc ====================
16:06:17.222235 [info ]: Started loading project
16:06:17.223270 [info ]: Loading profiles.yml
16:06:17.276636 [info ]: Cached model count updated: 32 models (estimate)
16:06:17.276683 [info ]: Cached model count updated: 32 models (accurate)
16:06:17.276815 [info ]: Started scheduling
16:06:17.277299 [info ]: Finished scheduling [  0.00s]
16:06:17.277337 [debug]: Compilation - 34 nodes selected: {"model.UPI_Fraud_Monitoring.gld_fraud_alert", "model.UPI_Fraud_Monitoring.gld_rule_results", "model.UPI_Fraud_Monitoring.sl_account", "model.UPI_Fraud_Monitoring.sl_beneficiary", "model.UPI_Fraud_Monitoring.sl_collect_request", "model.UPI_Fraud_Monitoring.sl_customer", "model.UPI_Fraud_Monitoring.sl_device_registry", "model.UPI_Fraud_Monitoring.sl_login_activity", "model.UPI_Fraud_Monitoring.sl_merchant", "model.UPI_Fraud_Monitoring.sl_password_change", "model.UPI_Fraud_Monitoring.sl_transaction", "model.UPI_Fraud_Monitoring.sl_watchlist", "model.UPI_Fraud_Monitoring.v_account", "model.UPI_Fraud_Monitoring.v_beneficiary", "model.UPI_Fraud_Monitoring.v_collect_request", "model.UPI_Fraud_Monitoring.v_customer", "model.UPI_Fraud_Monitoring.v_device_registry", "model.UPI_Fraud_Monitoring.v_login_activity", "model.UPI_Fraud_Monitoring.v_merchant", "model.UPI_Fraud_Monitoring.v_password_change", "model.UPI_Fraud_Monitoring.v_raw_account", "model.UPI_Fraud_Monitoring.v_raw_beneficiary", "model.UPI_Fraud_Monitoring.v_raw_collect_request", "model.UPI_Fraud_Monitoring.v_raw_customer", "model.UPI_Fraud_Monitoring.v_raw_device_registry", "model.UPI_Fraud_Monitoring.v_raw_login_activity", "model.UPI_Fraud_Monitoring.v_raw_merchant", "model.UPI_Fraud_Monitoring.v_raw_password_change", "model.UPI_Fraud_Monitoring.v_raw_transaction", "model.UPI_Fraud_Monitoring.v_raw_watchlist", "model.UPI_Fraud_Monitoring.v_transaction", "model.UPI_Fraud_Monitoring.v_watchlist", "seed.UPI_Fraud_Monitoring.dim_fraud_rule", "snapshot.UPI_Fraud_Monitoring.policy_snapshot"}
16:06:17.281065 [debug]:    Started downloading relations (1 items)
16:06:17.281232 [info ]: Finished loading project [  0.06s]
16:06:17.710807 [debug]: create_debug_span(...).entered() took 53.3µs
16:06:17.873260 [debug]: stmt.execute() (submit+wait_for_completion, returns reader) took 162.2527ms
16:06:17.873333 [debug]: reader.schema() took 1.2µs
16:06:17.877171 [debug]: batch-consume loop (for res in reader) took 3.7933ms
16:06:17.880560 [debug]: do_execute(conn) (closure: stmt.execute + schema + batch loop) took 169.6628ms
16:06:17.880712 [debug]: concat_batches + normalize_result_column_names took 104.8µs
16:06:17.880728 [debug]: record_current_span_status_from_attrs took 6.6µs
16:06:17.880744 [debug]: Query executed on node unknown:
SHOW OBJECTS IN SCHEMA "UPI_FRAUD_MONITORING_DB"."TRANSFORM" LIMIT 10000
16:06:17.880758 [debug]: drop(query_span_guard) (span exit/export) took 19.2µs
16:06:18.156462 [debug]:   Finished [  0.88s] downloading relations (1 items)
16:06:18.156797 [info ]: Started downloading schemas
16:06:18.157441 [debug]: create_debug_span(...).entered() took 25.3µs
16:06:18.230100 [debug]: Query executed on node unknown:
describe table 
16:06:19.231605 [info ]: Finished downloading schemas [  1.07s]
16:06:19.301181 [info ]: Started building task graph
16:06:19.301513 [info ]: Finished building task graph [  0.00s]
16:06:19.311763 [info ]: Started rendering (34 nodes)
16:06:19.311831 [info ]: Started snapshot snapshots.policy_snapshot
16:06:19.311845 [debug]: Started rendering snapshot snapshots.policy_snapshot
16:06:19.311885 [info ]: Started model TRANSFORM.v_raw_watchlist
16:06:19.311894 [debug]: Started rendering model TRANSFORM.v_raw_watchlist
16:06:19.311909 [info ]: Started model TRANSFORM.v_raw_transaction
16:06:19.311921 [debug]: Started rendering model TRANSFORM.v_raw_transaction
16:06:19.311936 [info ]: Started model TRANSFORM.v_raw_password_change
16:06:19.311945 [debug]: Started rendering model TRANSFORM.v_raw_password_change
16:06:19.311962 [info ]: Started model TRANSFORM.v_raw_merchant
16:06:19.311972 [debug]: Started rendering model TRANSFORM.v_raw_merchant
16:06:19.311988 [info ]: Started model TRANSFORM.v_raw_login_activity
16:06:19.312007 [debug]: Started rendering model TRANSFORM.v_raw_login_activity
16:06:19.312040 [info ]: Started model TRANSFORM.v_raw_device_registry
16:06:19.312053 [debug]: Started rendering model TRANSFORM.v_raw_device_registry
16:06:19.312074 [info ]: Started model TRANSFORM.v_raw_customer
16:06:19.312087 [debug]: Started rendering model TRANSFORM.v_raw_customer
16:06:19.312107 [info ]: Started model TRANSFORM.v_raw_collect_request
16:06:19.312119 [debug]: Started rendering model TRANSFORM.v_raw_collect_request
16:06:19.312136 [info ]: Started model TRANSFORM.v_raw_beneficiary
16:06:19.312145 [debug]: Started rendering model TRANSFORM.v_raw_beneficiary
16:06:19.312161 [info ]: Started model TRANSFORM.v_raw_account
16:06:19.312172 [debug]: Started rendering model TRANSFORM.v_raw_account
16:06:19.312193 [info ]: Started model TRANSFORM.sl_password_change
16:06:19.312203 [debug]: Started rendering model TRANSFORM.sl_password_change
16:06:19.312219 [info ]: Started model TRANSFORM.v_password_change
16:06:19.312228 [debug]: Started rendering model TRANSFORM.v_password_change
16:06:19.312299 [debug]: Started connection limit wait
16:06:19.312340 [debug]: Started connection limit wait
16:06:19.312358 [debug]: Started connection limit wait
16:06:19.312378 [debug]: Started connection limit wait
16:06:19.312241 [info ]: Started model TRANSFORM.sl_login_activity
16:06:19.312416 [debug]: Started rendering model TRANSFORM.sl_login_activity
16:06:19.312460 [info ]: Started model TRANSFORM.v_login_activity
16:06:19.312487 [debug]: Started rendering model TRANSFORM.v_login_activity
16:06:19.312528 [info ]: Started model TRANSFORM.sl_collect_request
16:06:19.312550 [debug]: Started rendering model TRANSFORM.sl_collect_request
16:06:19.312565 [debug]: Started connection limit wait
16:06:19.312584 [info ]: Started model TRANSFORM.v_collect_request
16:06:19.312598 [debug]: Started connection limit wait
16:06:19.312607 [debug]: Started rendering model TRANSFORM.v_collect_request
16:06:19.312620 [debug]: Started connection limit wait
16:06:19.312640 [debug]: Started connection limit wait
16:06:19.312641 [info ]: Started model TRANSFORM.sl_account
16:06:19.312662 [debug]: Started rendering model TRANSFORM.sl_account
16:06:19.312698 [info ]: Started model TRANSFORM.v_account
16:06:19.312898 [debug]: Started rendering model TRANSFORM.v_account
16:06:19.312940 [info ]: Started model analytics.gld_fraud_alert
16:06:19.312953 [debug]: Started rendering model analytics.gld_fraud_alert
16:06:19.312977 [info ]: Started model analytics.gld_rule_results
16:06:19.312985 [debug]: Started rendering model analytics.gld_rule_results
16:06:19.313004 [info ]: Started seed TRANSFORM.dim_fraud_rule
16:06:19.313013 [debug]: Started rendering seed TRANSFORM.dim_fraud_rule
16:06:19.313028 [info ]: Started model TRANSFORM.sl_beneficiary
16:06:19.313040 [debug]: Started rendering model TRANSFORM.sl_beneficiary
16:06:19.313056 [info ]: Started model TRANSFORM.v_beneficiary
16:06:19.313065 [debug]: Started rendering model TRANSFORM.v_beneficiary
16:06:19.313082 [info ]: Started model TRANSFORM.sl_watchlist
16:06:19.313090 [debug]: Started rendering model TRANSFORM.sl_watchlist
16:06:19.313108 [info ]: Started model TRANSFORM.v_watchlist
16:06:19.313117 [debug]: Started rendering model TRANSFORM.v_watchlist
16:06:19.313131 [info ]: Started model TRANSFORM.sl_transaction
16:06:19.313140 [debug]: Started rendering model TRANSFORM.sl_transaction
16:06:19.313155 [info ]: Started model TRANSFORM.v_transaction
16:06:19.313164 [debug]: Started rendering model TRANSFORM.v_transaction
16:06:19.313179 [info ]: Started model TRANSFORM.sl_merchant
16:06:19.313191 [debug]: Started rendering model TRANSFORM.sl_merchant
16:06:19.313215 [info ]: Started model TRANSFORM.v_merchant
16:06:19.313224 [debug]: Started rendering model TRANSFORM.v_merchant
16:06:19.313240 [info ]: Started model TRANSFORM.sl_device_registry
16:06:19.313252 [debug]: Started rendering model TRANSFORM.sl_device_registry
16:06:19.313280 [info ]: Started model TRANSFORM.v_device_registry
16:06:19.313290 [debug]: Started rendering model TRANSFORM.v_device_registry
16:06:19.313307 [info ]: Started model TRANSFORM.sl_customer
16:06:19.313320 [debug]: Started rendering model TRANSFORM.sl_customer
16:06:19.313338 [info ]: Started model TRANSFORM.v_customer
16:06:19.313348 [debug]: Started rendering model TRANSFORM.v_customer
16:06:19.314694 [debug]: Started connection limit wait
16:06:19.315082 [debug]: Finished rendering [  0.00s] seed TRANSFORM.dim_fraud_rule [success]
16:06:19.315134 [info ]:  Succeeded [  0.00s] seed  TRANSFORM.dim_fraud_rule (table)
16:06:19.315192 [debug]: Started connection limit wait
16:06:19.315219 [debug]: Started connection limit wait
16:06:19.315231 [debug]: Started connection limit wait
16:06:19.315241 [debug]: Started connection limit wait
16:06:19.315250 [debug]: Started connection limit wait
16:06:19.315259 [debug]: Started connection limit wait
16:06:19.315268 [debug]: Started connection limit wait
16:06:19.315276 [debug]: Started connection limit wait
16:06:19.315285 [debug]: Started connection limit wait
16:06:19.315294 [debug]: Started connection limit wait
16:06:19.315302 [debug]: Started connection limit wait
16:06:19.315309 [debug]: Started connection limit wait
16:06:19.315677 [debug]: Compiled SQL for node snapshot.UPI_Fraud_Monitoring.policy_snapshot at target\.lsp\compiled\UPI_Fraud_Monitoring\snapshots\sl_account.sql\policy_snapshot.sql
16:06:19.319084 [debug]: Finished rendering [  0.01s] snapshot snapshots.policy_snapshot [success]
16:06:19.319224 [info ]: Started analyzing (33 nodes)
16:06:19.319246 [debug]: Started analyzing snapshot snapshots.policy_snapshot
16:06:19.320088 [debug]: Finished analyzing [  0.00s] snapshot snapshots.policy_snapshot [success]
16:06:19.320142 [info ]:  Succeeded [  0.01s] snapshot snapshots.policy_snapshot (snapshot)
16:06:19.333766 [debug]: Compiled SQL for node model.UPI_Fraud_Monitoring.sl_account at target\.lsp\compiled\UPI_Fraud_Monitoring\models\silver\sl_account.sql
16:06:19.334740 [debug]: Finished rendering [  0.02s] model TRANSFORM.sl_account [success]
16:06:19.334798 [debug]: Compiled SQL for node model.UPI_Fraud_Monitoring.gld_fraud_alert at target\.lsp\compiled\UPI_Fraud_Monitoring\models\gold\gld_fraud_alert.sql
16:06:19.334826 [debug]: Started analyzing model TRANSFORM.sl_account
16:06:19.335974 [debug]: Finished rendering [  0.02s] model analytics.gld_fraud_alert [success]
16:06:19.336155 [debug]: Started analyzing model analytics.gld_fraud_alert
16:06:19.339224 [debug]: Finished analyzing [  0.00s] model analytics.gld_fraud_alert [success]
16:06:19.339320 [info ]:  Succeeded [  0.03s] model analytics.gld_fraud_alert (incremental)
16:06:19.339388 [debug]: Finished analyzing [  0.00s] model TRANSFORM.sl_account [success]
16:06:19.339458 [info ]:  Succeeded [  0.03s] model TRANSFORM.sl_account (incremental)
16:06:19.340011 [debug]: Compiled SQL for node model.UPI_Fraud_Monitoring.gld_rule_results at target\.lsp\compiled\UPI_Fraud_Monitoring\models\gold\gld_rule_results.sql
16:06:19.340629 [debug]: Finished rendering [  0.03s] model analytics.gld_rule_results [success]
16:06:19.340721 [debug]: Started analyzing model analytics.gld_rule_results
16:06:19.343406 [debug]: Compiled SQL for node model.UPI_Fraud_Monitoring.v_raw_watchlist at target\.lsp\compiled\UPI_Fraud_Monitoring\models\bronze\raw_views\v_raw_watchlist.sql
16:06:19.343967 [debug]: Finished connection limit wait [  0.03s]
16:06:19.344016 [debug]: Finished rendering [  0.03s] model TRANSFORM.v_raw_watchlist [success]
16:06:19.344089 [debug]: Started analyzing model TRANSFORM.v_raw_watchlist
16:06:19.344590 [debug]: Finished analyzing [  0.00s] model TRANSFORM.v_raw_watchlist [success]
16:06:19.344647 [info ]:  Succeeded [  0.03s] model TRANSFORM.v_raw_watchlist (view)
16:06:19.355426 [debug]: Compiled SQL for node model.UPI_Fraud_Monitoring.v_raw_password_change at target\.lsp\compiled\UPI_Fraud_Monitoring\models\bronze\raw_views\v_raw_password_change.sql
16:06:19.356306 [debug]: Compiled SQL for node model.UPI_Fraud_Monitoring.v_raw_merchant at target\.lsp\compiled\UPI_Fraud_Monitoring\models\bronze\raw_views\v_raw_merchant.sql
16:06:19.356400 [debug]: Finished rendering [  0.04s] model TRANSFORM.v_raw_password_change [success]
16:06:19.356481 [debug]: Started analyzing model TRANSFORM.v_raw_password_change
16:06:19.356566 [debug]: Finished connection limit wait [  0.04s]
16:06:19.356666 [debug]: Finished rendering [  0.04s] model TRANSFORM.v_raw_merchant [success]
16:06:19.356704 [debug]: Started analyzing model TRANSFORM.v_raw_merchant
16:06:19.356732 [debug]: Finished connection limit wait [  0.04s]
16:06:19.357277 [debug]: Finished analyzing [  0.02s] model analytics.gld_rule_results [success]
16:06:19.357361 [info ]:  Succeeded [  0.04s] model analytics.gld_rule_results (incremental)
16:06:19.358024 [debug]: Finished analyzing [  0.00s] model TRANSFORM.v_raw_password_change [success]
16:06:19.358335 [info ]:  Succeeded [  0.04s] model TRANSFORM.v_raw_password_change (view)
16:06:19.358426 [debug]: Finished analyzing [  0.00s] model TRANSFORM.v_raw_merchant [success]
16:06:19.358456 [info ]:  Succeeded [  0.04s] model TRANSFORM.v_raw_merchant (view)
16:06:19.360191 [debug]: Compiled SQL for node model.UPI_Fraud_Monitoring.v_raw_login_activity at target\.lsp\compiled\UPI_Fraud_Monitoring\models\bronze\raw_views\v_raw_login_activity.sql
16:06:19.360345 [debug]: Compiled SQL for node model.UPI_Fraud_Monitoring.v_raw_customer at target\.lsp\compiled\UPI_Fraud_Monitoring\models\bronze\raw_views\v_raw_customer.sql
16:06:19.361286 [debug]: Finished rendering [  0.05s] model TRANSFORM.v_raw_login_activity [success]
16:06:19.361399 [debug]: Started analyzing model TRANSFORM.v_raw_login_activity
16:06:19.361464 [debug]: Finished rendering [  0.05s] model TRANSFORM.v_raw_customer [success]
16:06:19.361486 [debug]: Started analyzing model TRANSFORM.v_raw_customer
16:06:19.361513 [debug]: Finished connection limit wait [  0.05s]
16:06:19.362308 [debug]: Compiled SQL for node model.UPI_Fraud_Monitoring.v_raw_collect_request at target\.lsp\compiled\UPI_Fraud_Monitoring\models\bronze\raw_views\v_raw_collect_request.sql
16:06:19.362398 [debug]: Finished analyzing [  0.00s] model TRANSFORM.v_raw_login_activity [success]
16:06:19.362447 [info ]:  Succeeded [  0.05s] model TRANSFORM.v_raw_login_activity (view)
16:06:19.362512 [debug]: Finished connection limit wait [  0.05s]
16:06:19.363211 [debug]: Compiled SQL for node model.UPI_Fraud_Monitoring.v_raw_device_registry at target\.lsp\compiled\UPI_Fraud_Monitoring\models\bronze\raw_views\v_raw_device_registry.sql
16:06:19.363584 [debug]: Finished rendering [  0.05s] model TRANSFORM.v_raw_collect_request [success]
16:06:19.363675 [debug]: Started analyzing model TRANSFORM.v_raw_collect_request
16:06:19.363811 [debug]: Finished connection limit wait [  0.05s]
16:06:19.363980 [debug]: Finished rendering [  0.05s] model TRANSFORM.v_raw_device_registry [success]
16:06:19.364506 [debug]: Started analyzing model TRANSFORM.v_raw_device_registry
16:06:19.364574 [debug]: Finished connection limit wait [  0.05s]
16:06:19.364935 [debug]: Finished analyzing [  0.00s] model TRANSFORM.v_raw_customer [success]
16:06:19.364983 [info ]:  Succeeded [  0.05s] model TRANSFORM.v_raw_customer (view)
16:06:19.367052 [debug]: Compiled SQL for node model.UPI_Fraud_Monitoring.sl_password_change at target\.lsp\compiled\UPI_Fraud_Monitoring\models\silver\sl_password_change.sql
16:06:19.367548 [debug]: Finished analyzing [  0.00s] model TRANSFORM.v_raw_device_registry [success]
16:06:19.367600 [info ]:  Succeeded [  0.05s] model TRANSFORM.v_raw_device_registry (view)
16:06:19.368268 [debug]: Finished rendering [  0.01s] model TRANSFORM.sl_password_change [success]
16:06:19.368361 [debug]: Started analyzing model TRANSFORM.sl_password_change
16:06:19.368453 [debug]: Finished connection limit wait [  0.06s]
16:06:19.369637 [debug]: Finished analyzing [  0.01s] model TRANSFORM.v_raw_collect_request [success]
16:06:19.369717 [info ]:  Succeeded [  0.06s] model TRANSFORM.v_raw_collect_request (view)
16:06:19.370291 [debug]: create_debug_span(...).entered() took 38.8µs
16:06:19.372122 [debug]: Compiled SQL for node model.UPI_Fraud_Monitoring.sl_login_activity at target\.lsp\compiled\UPI_Fraud_Monitoring\models\silver\sl_login_activity.sql
16:06:19.374594 [debug]: Finished rendering [  0.01s] model TRANSFORM.sl_login_activity [success]
16:06:19.374703 [debug]: Started analyzing model TRANSFORM.sl_login_activity
16:06:19.374731 [debug]: Finished connection limit wait [  0.06s]
16:06:19.376400 [debug]: Finished analyzing [  0.01s] model TRANSFORM.sl_password_change [success]
16:06:19.376461 [info ]:  Succeeded [  0.02s] model TRANSFORM.sl_password_change (incremental)
16:06:19.376796 [debug]: Finished analyzing [  0.00s] model TRANSFORM.sl_login_activity [success]
16:06:19.376831 [info ]:  Succeeded [  0.01s] model TRANSFORM.sl_login_activity (incremental)
16:06:19.379999 [debug]: create_debug_span(...).entered() took 82.5µs
16:06:19.382055 [debug]: Compiled SQL for node model.UPI_Fraud_Monitoring.sl_collect_request at target\.lsp\compiled\UPI_Fraud_Monitoring\models\silver\sl_collect_request.sql
16:06:19.383773 [debug]: Finished rendering [  0.02s] model TRANSFORM.sl_collect_request [success]
16:06:19.383877 [debug]: Started analyzing model TRANSFORM.sl_collect_request
16:06:19.383931 [debug]: Finished connection limit wait [  0.07s]
16:06:19.385720 [debug]: create_debug_span(...).entered() took 52.1µs
16:06:19.386725 [debug]: Finished analyzing [  0.00s] model TRANSFORM.sl_collect_request [success]
16:06:19.386808 [info ]:  Succeeded [  0.02s] model TRANSFORM.sl_collect_request (incremental)
16:06:19.387268 [debug]: Compiled SQL for node model.UPI_Fraud_Monitoring.v_raw_account at target\.lsp\compiled\UPI_Fraud_Monitoring\models\bronze\raw_views\v_raw_account.sql
16:06:19.387833 [debug]: Finished rendering [  0.04s] model TRANSFORM.v_raw_account [success]
16:06:19.387936 [debug]: Started analyzing model TRANSFORM.v_raw_account
16:06:19.387989 [debug]: Finished connection limit wait [  0.07s]
16:06:19.388080 [debug]: Compiled SQL for node model.UPI_Fraud_Monitoring.v_raw_transaction at target\.lsp\compiled\UPI_Fraud_Monitoring\models\bronze\raw_views\v_raw_transaction.sql
16:06:19.388081 [debug]: Compiled SQL for node model.UPI_Fraud_Monitoring.v_raw_beneficiary at target\.lsp\compiled\UPI_Fraud_Monitoring\models\bronze\raw_views\v_raw_beneficiary.sql
16:06:19.388649 [debug]: Finished rendering [  0.08s] model TRANSFORM.v_raw_transaction [success]
16:06:19.388739 [debug]: Started analyzing model TRANSFORM.v_raw_transaction
16:06:19.388810 [debug]: Finished rendering [  0.03s] model TRANSFORM.v_raw_beneficiary [success]
16:06:19.388840 [debug]: Started analyzing model TRANSFORM.v_raw_beneficiary
16:06:19.388886 [debug]: Finished connection limit wait [  0.07s]
16:06:19.389184 [debug]: Finished connection limit wait [  0.07s]
16:06:19.389515 [debug]: create_debug_span(...).entered() took 34µs
16:06:19.390308 [debug]: Finished analyzing [  0.00s] model TRANSFORM.v_raw_beneficiary [success]
16:06:19.390377 [info ]:  Succeeded [  0.03s] model TRANSFORM.v_raw_beneficiary (view)
16:06:19.391032 [debug]: Finished analyzing [  0.00s] model TRANSFORM.v_raw_account [success]
16:06:19.391095 [info ]:  Succeeded [  0.05s] model TRANSFORM.v_raw_account (view)
16:06:19.392292 [debug]: Finished analyzing [  0.00s] model TRANSFORM.v_raw_transaction [success]
16:06:19.392369 [info ]:  Succeeded [  0.08s] model TRANSFORM.v_raw_transaction (view)
16:06:19.396434 [debug]: Compiled SQL for node model.UPI_Fraud_Monitoring.sl_beneficiary at target\.lsp\compiled\UPI_Fraud_Monitoring\models\silver\sl_beneficiary.sql
16:06:19.397103 [debug]: create_debug_span(...).entered() took 48.8µs
16:06:19.397085 [debug]: Finished rendering [  0.02s] model TRANSFORM.sl_beneficiary [success]
16:06:19.397175 [debug]: Started analyzing model TRANSFORM.sl_beneficiary
16:06:19.397221 [debug]: Finished connection limit wait [  0.08s]
16:06:19.401515 [debug]: create_debug_span(...).entered() took 41.4µs
16:06:19.402167 [debug]: Compiled SQL for node model.UPI_Fraud_Monitoring.sl_watchlist at target\.lsp\compiled\UPI_Fraud_Monitoring\models\silver\sl_watchlist.sql
16:06:19.402635 [debug]: Finished rendering [  0.02s] model TRANSFORM.sl_watchlist [success]
16:06:19.402708 [debug]: Started analyzing model TRANSFORM.sl_watchlist
16:06:19.402747 [debug]: Finished connection limit wait [  0.09s]
16:06:19.404314 [debug]: Finished analyzing [  0.00s] model TRANSFORM.sl_watchlist [success]
16:06:19.404390 [info ]:  Succeeded [  0.02s] model TRANSFORM.sl_watchlist (incremental)
16:06:19.405169 [debug]: Compiled SQL for node model.UPI_Fraud_Monitoring.sl_transaction at target\.lsp\compiled\UPI_Fraud_Monitoring\models\silver\sl_transaction.sql
16:06:19.407512 [debug]: Finished rendering [  0.01s] model TRANSFORM.sl_transaction [success]
16:06:19.407926 [debug]: Started analyzing model TRANSFORM.sl_transaction
16:06:19.408004 [debug]: Finished connection limit wait [  0.09s]
16:06:19.410554 [debug]: create_debug_span(...).entered() took 52.7µs
16:06:19.411505 [debug]: Finished analyzing [  0.01s] model TRANSFORM.sl_beneficiary [success]
16:06:19.411666 [info ]:  Succeeded [  0.03s] model TRANSFORM.sl_beneficiary (incremental)
16:06:19.411778 [debug]: Finished analyzing [  0.00s] model TRANSFORM.sl_transaction [success]
16:06:19.411808 [info ]:  Succeeded [  0.02s] model TRANSFORM.sl_transaction (incremental)
16:06:19.412631 [debug]: Compiled SQL for node model.UPI_Fraud_Monitoring.sl_merchant at target\.lsp\compiled\UPI_Fraud_Monitoring\models\silver\sl_merchant.sql
16:06:19.413172 [debug]: Finished rendering [  0.01s] model TRANSFORM.sl_merchant [success]
16:06:19.413262 [debug]: Started analyzing model TRANSFORM.sl_merchant
16:06:19.413311 [debug]: Finished connection limit wait [  0.10s]
16:06:19.417311 [debug]: Finished analyzing [  0.00s] model TRANSFORM.sl_merchant [success]
16:06:19.417391 [info ]:  Succeeded [  0.01s] model TRANSFORM.sl_merchant (incremental)
16:06:19.417849 [debug]: create_debug_span(...).entered() took 27.6µs
16:06:19.459494 [debug]: stmt.execute() (submit+wait_for_completion, returns reader) took 88.8728ms
16:06:19.459575 [debug]: reader.schema() took 1.2µs
16:06:19.462793 [debug]: batch-consume loop (for res in reader) took 2.9472ms
16:06:19.465144 [debug]: do_execute(conn) (closure: stmt.execute + schema + batch loop) took 94.7778ms
16:06:19.465323 [debug]: concat_batches + normalize_result_column_names took 121.4µs
16:06:19.465349 [debug]: record_current_span_status_from_attrs took 11.2µs
16:06:19.465369 [debug]: Query executed on node model.UPI_Fraud_Monitoring.v_password_change:
describe table "UPI_FRAUD_MONITORING_DB"."TRANSFORM"."V_RAW_PASSWORD_CHANGE"
/* {"app": "dbt", "connection_name": "", "dbt_version": "2.0.0", "profile_name": "UPI_Fraud_Monitoring", "target_name": "dev"} */
16:06:19.465395 [debug]: drop(query_span_guard) (span exit/export) took 34µs
16:06:19.469753 [debug]: Compiled SQL for node model.UPI_Fraud_Monitoring.v_password_change at target\.lsp\compiled\UPI_Fraud_Monitoring\models\bronze\views\v_password_change.sql
16:06:19.470110 [debug]: Finished connection limit wait [  0.15s]
16:06:19.470152 [debug]: Finished rendering [  0.11s] model TRANSFORM.v_password_change [success]
16:06:19.470223 [debug]: Started analyzing model TRANSFORM.v_password_change
16:06:19.476069 [debug]: Compiled SQL for node model.UPI_Fraud_Monitoring.sl_device_registry at target\.lsp\compiled\UPI_Fraud_Monitoring\models\silver\sl_device_registry.sql
16:06:19.476500 [debug]: Finished connection limit wait [  0.16s]
16:06:19.476588 [debug]: Finished rendering [  0.01s] model TRANSFORM.sl_device_registry [success]
16:06:19.476665 [debug]: Started analyzing model TRANSFORM.sl_device_registry
16:06:19.477315 [debug]: stmt.execute() (submit+wait_for_completion, returns reader) took 85.9071ms
16:06:19.477358 [debug]: reader.schema() took 900ns
16:06:19.478327 [debug]: Finished analyzing [  0.01s] model TRANSFORM.v_password_change [success]
16:06:19.478434 [info ]:  Succeeded [  0.12s] model TRANSFORM.v_password_change (view)
16:06:19.478741 [debug]: Finished analyzing [  0.00s] model TRANSFORM.sl_device_registry [success]
16:06:19.478789 [info ]:  Succeeded [  0.01s] model TRANSFORM.sl_device_registry (incremental)
16:06:19.481754 [debug]: batch-consume loop (for res in reader) took 4.3655ms
16:06:19.481803 [debug]: create_debug_span(...).entered() took 21.3µs
16:06:19.485299 [debug]: stmt.execute() (submit+wait_for_completion, returns reader) took 98.8787ms
16:06:19.485354 [debug]: reader.schema() took 1.2µs
16:06:19.485506 [debug]: do_execute(conn) (closure: stmt.execute + schema + batch loop) took 95.9412ms
16:06:19.485638 [debug]: concat_batches + normalize_result_column_names took 104.1µs
16:06:19.485662 [debug]: record_current_span_status_from_attrs took 8.2µs
16:06:19.485683 [debug]: Query executed on node model.UPI_Fraud_Monitoring.v_account:
describe table "UPI_FRAUD_MONITORING_DB"."TRANSFORM"."V_RAW_ACCOUNT"
/* {"app": "dbt", "connection_name": "", "dbt_version": "2.0.0", "profile_name": "UPI_Fraud_Monitoring", "target_name": "dev"} */
16:06:19.485711 [debug]: drop(query_span_guard) (span exit/export) took 40.7µs
16:06:19.488121 [debug]: batch-consume loop (for res in reader) took 2.7307ms
16:06:19.489948 [debug]: Compiled SQL for node model.UPI_Fraud_Monitoring.v_account at target\.lsp\compiled\UPI_Fraud_Monitoring\models\bronze\views\v_account.sql
16:06:19.490587 [debug]: Finished connection limit wait [  0.18s]
16:06:19.490656 [debug]: Finished rendering [  0.12s] model TRANSFORM.v_account [success]
16:06:19.490735 [debug]: Started analyzing model TRANSFORM.v_account
16:06:19.496072 [debug]: do_execute(conn) (closure: stmt.execute + schema + batch loop) took 110.1197ms
16:06:19.496337 [debug]: concat_batches + normalize_result_column_names took 124.9µs
16:06:19.496374 [debug]: record_current_span_status_from_attrs took 11.8µs
16:06:19.496393 [debug]: Query executed on node model.UPI_Fraud_Monitoring.v_collect_request:
describe table "UPI_FRAUD_MONITORING_DB"."TRANSFORM"."V_RAW_COLLECT_REQUEST"
/* {"app": "dbt", "connection_name": "", "dbt_version": "2.0.0", "profile_name": "UPI_Fraud_Monitoring", "target_name": "dev"} */
16:06:19.496421 [debug]: drop(query_span_guard) (span exit/export) took 38.6µs
16:06:19.497677 [debug]: Compiled SQL for node model.UPI_Fraud_Monitoring.sl_customer at target\.lsp\compiled\UPI_Fraud_Monitoring\models\silver\sl_customer.sql
16:06:19.498017 [debug]: Finished connection limit wait [  0.18s]
16:06:19.498074 [debug]: Finished rendering [  0.01s] model TRANSFORM.sl_customer [success]
16:06:19.498143 [debug]: Started analyzing model TRANSFORM.sl_customer
16:06:19.500136 [debug]: Finished analyzing [  0.00s] model TRANSFORM.sl_customer [success]
16:06:19.500219 [info ]:  Succeeded [  0.01s] model TRANSFORM.sl_customer (incremental)
16:06:19.500598 [debug]: Compiled SQL for node model.UPI_Fraud_Monitoring.v_collect_request at target\.lsp\compiled\UPI_Fraud_Monitoring\models\bronze\views\v_collect_request.sql
16:06:19.501208 [debug]: Finished rendering [  0.13s] model TRANSFORM.v_collect_request [success]
16:06:19.501301 [debug]: Started analyzing model TRANSFORM.v_collect_request
16:06:19.503586 [debug]: Finished analyzing [  0.01s] model TRANSFORM.v_account [success]
16:06:19.503673 [info ]:  Succeeded [  0.13s] model TRANSFORM.v_account (view)
16:06:19.505728 [debug]: create_debug_span(...).entered() took 50.6µs
16:06:19.506670 [debug]: Finished analyzing [  0.01s] model TRANSFORM.v_collect_request [success]
16:06:19.506754 [info ]:  Succeeded [  0.14s] model TRANSFORM.v_collect_request (view)
16:06:19.556316 [debug]: stmt.execute() (submit+wait_for_completion, returns reader) took 150.715ms
16:06:19.556373 [debug]: reader.schema() took 1.2µs
16:06:19.560163 [debug]: stmt.execute() (submit+wait_for_completion, returns reader) took 179.1179ms
16:06:19.560162 [debug]: stmt.execute() (submit+wait_for_completion, returns reader) took 77.8149ms
16:06:19.560231 [debug]: reader.schema() took 1.7µs
16:06:19.560235 [debug]: reader.schema() took 300ns
16:06:19.560478 [debug]: batch-consume loop (for res in reader) took 4.0909ms
16:06:19.562633 [debug]: batch-consume loop (for res in reader) took 2.3627ms
16:06:19.562633 [debug]: batch-consume loop (for res in reader) took 2.3577ms
16:06:19.564737 [debug]: do_execute(conn) (closure: stmt.execute + schema + batch loop) took 163.0632ms
16:06:19.564939 [debug]: concat_batches + normalize_result_column_names took 131.4µs
16:06:19.564958 [debug]: record_current_span_status_from_attrs took 7.9µs
16:06:19.564975 [debug]: Query executed on node model.UPI_Fraud_Monitoring.v_beneficiary:
describe table "UPI_FRAUD_MONITORING_DB"."TRANSFORM"."V_RAW_BENEFICIARY"
/* {"app": "dbt", "connection_name": "", "dbt_version": "2.0.0", "profile_name": "UPI_Fraud_Monitoring", "target_name": "dev"} */
16:06:19.565000 [debug]: drop(query_span_guard) (span exit/export) took 35.3µs
16:06:19.567027 [debug]: do_execute(conn) (closure: stmt.execute + schema + batch loop) took 85.1868ms
16:06:19.567028 [debug]: do_execute(conn) (closure: stmt.execute + schema + batch loop) took 186.9495ms
16:06:19.567225 [debug]: concat_batches + normalize_result_column_names took 130.1µs
16:06:19.567227 [debug]: concat_batches + normalize_result_column_names took 124.1µs
16:06:19.567245 [debug]: record_current_span_status_from_attrs took 6.7µs
16:06:19.567245 [debug]: record_current_span_status_from_attrs took 6.8µs
16:06:19.567263 [debug]: Query executed on node model.UPI_Fraud_Monitoring.v_login_activity:
describe table "UPI_FRAUD_MONITORING_DB"."TRANSFORM"."V_RAW_LOGIN_ACTIVITY"
/* {"app": "dbt", "connection_name": "", "dbt_version": "2.0.0", "profile_name": "UPI_Fraud_Monitoring", "target_name": "dev"} */
16:06:19.567263 [debug]: Query executed on node model.UPI_Fraud_Monitoring.v_device_registry:
describe table "UPI_FRAUD_MONITORING_DB"."TRANSFORM"."V_RAW_DEVICE_REGISTRY"
/* {"app": "dbt", "connection_name": "", "dbt_version": "2.0.0", "profile_name": "UPI_Fraud_Monitoring", "target_name": "dev"} */
16:06:19.567288 [debug]: drop(query_span_guard) (span exit/export) took 34µs
16:06:19.567292 [debug]: drop(query_span_guard) (span exit/export) took 36.8µs
16:06:19.569280 [debug]: Compiled SQL for node model.UPI_Fraud_Monitoring.v_beneficiary at target\.lsp\compiled\UPI_Fraud_Monitoring\models\bronze\views\v_beneficiary.sql
16:06:19.569737 [debug]: Finished rendering [  0.18s] model TRANSFORM.v_beneficiary [success]
16:06:19.569882 [debug]: Started analyzing model TRANSFORM.v_beneficiary
16:06:19.572831 [debug]: Compiled SQL for node model.UPI_Fraud_Monitoring.v_device_registry at target\.lsp\compiled\UPI_Fraud_Monitoring\models\bronze\views\v_device_registry.sql
16:06:19.573403 [debug]: Compiled SQL for node model.UPI_Fraud_Monitoring.v_login_activity at target\.lsp\compiled\UPI_Fraud_Monitoring\models\bronze\views\v_login_activity.sql
16:06:19.574156 [debug]: Finished rendering [  0.10s] model TRANSFORM.v_device_registry [success]
16:06:19.574270 [debug]: Started analyzing model TRANSFORM.v_device_registry
16:06:19.574327 [debug]: Finished rendering [  0.21s] model TRANSFORM.v_login_activity [success]
16:06:19.574350 [debug]: Started analyzing model TRANSFORM.v_login_activity
16:06:19.579512 [debug]: Finished analyzing [  0.01s] model TRANSFORM.v_beneficiary [success]
16:06:19.579594 [info ]:  Succeeded [  0.19s] model TRANSFORM.v_beneficiary (view)
16:06:19.580318 [debug]: Finished analyzing [  0.01s] model TRANSFORM.v_device_registry [success]
16:06:19.580376 [info ]:  Succeeded [  0.10s] model TRANSFORM.v_device_registry (view)
16:06:19.581226 [debug]: Finished analyzing [  0.01s] model TRANSFORM.v_login_activity [success]
16:06:19.581283 [info ]:  Succeeded [  0.22s] model TRANSFORM.v_login_activity (view)
16:06:19.581496 [debug]: stmt.execute() (submit+wait_for_completion, returns reader) took 75.3804ms
16:06:19.581528 [debug]: reader.schema() took 700ns
16:06:19.584186 [debug]: batch-consume loop (for res in reader) took 2.6134ms
16:06:19.586154 [debug]: do_execute(conn) (closure: stmt.execute + schema + batch loop) took 80.3442ms
16:06:19.586294 [debug]: concat_batches + normalize_result_column_names took 89.2µs
16:06:19.586309 [debug]: record_current_span_status_from_attrs took 5.6µs
16:06:19.586322 [debug]: Query executed on node model.UPI_Fraud_Monitoring.v_customer:
describe table "UPI_FRAUD_MONITORING_DB"."TRANSFORM"."V_RAW_CUSTOMER"
/* {"app": "dbt", "connection_name": "", "dbt_version": "2.0.0", "profile_name": "UPI_Fraud_Monitoring", "target_name": "dev"} */
16:06:19.586338 [debug]: drop(query_span_guard) (span exit/export) took 21.6µs
16:06:19.588418 [debug]: stmt.execute() (submit+wait_for_completion, returns reader) took 170.3309ms
16:06:19.588478 [debug]: reader.schema() took 1.4µs
16:06:19.589464 [debug]: Compiled SQL for node model.UPI_Fraud_Monitoring.v_customer at target\.lsp\compiled\UPI_Fraud_Monitoring\models\bronze\views\v_customer.sql
16:06:19.590245 [debug]: Finished rendering [  0.09s] model TRANSFORM.v_customer [success]
16:06:19.590366 [debug]: Started analyzing model TRANSFORM.v_customer
16:06:19.592642 [debug]: batch-consume loop (for res in reader) took 4.1132ms
16:06:19.596152 [debug]: do_execute(conn) (closure: stmt.execute + schema + batch loop) took 178.2461ms
16:06:19.596317 [debug]: concat_batches + normalize_result_column_names took 113µs
16:06:19.596334 [debug]: record_current_span_status_from_attrs took 6.8µs
16:06:19.596351 [debug]: Query executed on node model.UPI_Fraud_Monitoring.v_merchant:
describe table "UPI_FRAUD_MONITORING_DB"."TRANSFORM"."V_RAW_MERCHANT"
/* {"app": "dbt", "connection_name": "", "dbt_version": "2.0.0", "profile_name": "UPI_Fraud_Monitoring", "target_name": "dev"} */
16:06:19.596372 [debug]: drop(query_span_guard) (span exit/export) took 31.7µs
16:06:19.599911 [debug]: Compiled SQL for node model.UPI_Fraud_Monitoring.v_merchant at target\.lsp\compiled\UPI_Fraud_Monitoring\models\bronze\views\v_merchant.sql
16:06:19.600325 [debug]: Finished analyzing [  0.01s] model TRANSFORM.v_customer [success]
16:06:19.600408 [info ]:  Succeeded [  0.10s] model TRANSFORM.v_customer (view)
16:06:19.600501 [debug]: Finished rendering [  0.19s] model TRANSFORM.v_merchant [success]
16:06:19.600539 [debug]: Started analyzing model TRANSFORM.v_merchant
16:06:19.604754 [debug]: Finished analyzing [  0.00s] model TRANSFORM.v_merchant [success]
16:06:19.604817 [info ]:  Succeeded [  0.19s] model TRANSFORM.v_merchant (view)
16:06:19.659429 [debug]: stmt.execute() (submit+wait_for_completion, returns reader) took 248.6494ms
16:06:19.659501 [debug]: reader.schema() took 1.2µs
16:06:19.662514 [debug]: batch-consume loop (for res in reader) took 2.9665ms
16:06:19.665356 [debug]: do_execute(conn) (closure: stmt.execute + schema + batch loop) took 254.7192ms
16:06:19.665513 [debug]: concat_batches + normalize_result_column_names took 104.6µs
16:06:19.665532 [debug]: record_current_span_status_from_attrs took 8.6µs
16:06:19.665548 [debug]: Query executed on node model.UPI_Fraud_Monitoring.v_transaction:
describe table "UPI_FRAUD_MONITORING_DB"."TRANSFORM"."V_RAW_TRANSACTION"
/* {"app": "dbt", "connection_name": "", "dbt_version": "2.0.0", "profile_name": "UPI_Fraud_Monitoring", "target_name": "dev"} */
16:06:19.665576 [debug]: drop(query_span_guard) (span exit/export) took 36.8µs
16:06:19.669538 [debug]: Compiled SQL for node model.UPI_Fraud_Monitoring.v_transaction at target\.lsp\compiled\UPI_Fraud_Monitoring\models\bronze\views\v_transaction.sql
16:06:19.669996 [debug]: Finished rendering [  0.27s] model TRANSFORM.v_transaction [success]
16:06:19.670095 [debug]: Started analyzing model TRANSFORM.v_transaction
16:06:19.679750 [debug]: Finished analyzing [  0.01s] model TRANSFORM.v_transaction [success]
16:06:19.679809 [info ]:  Succeeded [  0.28s] model TRANSFORM.v_transaction (view)
16:06:19.740562 [debug]: stmt.execute() (submit+wait_for_completion, returns reader) took 340.0878ms
16:06:19.740608 [debug]: reader.schema() took 1µs
16:06:19.823824 [debug]: batch-consume loop (for res in reader) took 83.1695ms
16:06:19.827396 [debug]: do_execute(conn) (closure: stmt.execute + schema + batch loop) took 430.2293ms
16:06:19.827622 [debug]: concat_batches + normalize_result_column_names took 158.9µs
16:06:19.827654 [debug]: record_current_span_status_from_attrs took 9µs
16:06:19.827678 [debug]: Query executed on node model.UPI_Fraud_Monitoring.v_watchlist:
describe table "UPI_FRAUD_MONITORING_DB"."TRANSFORM"."V_RAW_WATCHLIST"
/* {"app": "dbt", "connection_name": "", "dbt_version": "2.0.0", "profile_name": "UPI_Fraud_Monitoring", "target_name": "dev"} */
16:06:19.827715 [debug]: drop(query_span_guard) (span exit/export) took 49.3µs
16:06:19.831013 [debug]: Compiled SQL for node model.UPI_Fraud_Monitoring.v_watchlist at target\.lsp\compiled\UPI_Fraud_Monitoring\models\bronze\views\v_watchlist.sql
16:06:19.831685 [debug]: Finished rendering [  0.45s] model TRANSFORM.v_watchlist [success]
16:06:19.831745 [info ]: Finished rendering [  0.52s] (34 nodes, 0 skipped, 0 errors)
16:06:19.831800 [debug]: Started analyzing model TRANSFORM.v_watchlist
16:06:19.836963 [debug]: Finished analyzing [  0.01s] model TRANSFORM.v_watchlist [success]
16:06:19.837020 [info ]: Finished analyzing [  0.52s] (33 nodes, 0 skipped, 0 errors)
16:06:19.837039 [info ]:  Succeeded [  0.45s] model TRANSFORM.v_watchlist (view)
16:06:19.852554 [info ]: Started scheduling
16:06:19.852767 [info ]: Finished scheduling [  0.00s]
16:06:19.853091 [info ]: 
==================== Execution Summary =====================
Finished 'compile' successfully for target 'dev' [2.6s]
Processed: 32 models | 1 snapshot | 1 seed
Summary: 34 total | 34 success
16:06:19.853842 [info ]: Cached model count updated: 32 models (accurate)
==================== 2026-09-10T16:09:34.676232Z | d69e60c4-cccc-4916-b0ef-722fc16e2a0f ====================
16:09:34.676406 [info ]: Started loading project
16:09:34.677536 [info ]: Loading profiles.yml
16:09:34.695397 [info ]: Started parsing
16:09:34.754274 [info ]: Finished loading project [  0.08s]
16:09:34.762901 [debug]: Finished parsing models/gold/gld_rule_results.yml [  0.00s]
16:09:34.767926 [debug]: Finished parsing snapshots\sl_account.sql [  0.00s]
16:09:34.769519 [warn ]: [NoNodeForYamlKey (dbt1089)]: Unused schema.yml entry for model 'fraud_alerts'
  --> models/gold/gld_rule_results.yml
16:09:34.971521 [info ]: Finished parsing [  0.28s]
16:09:34.977218 [info ]: Cached model count updated: 32 models (estimate)
16:09:34.977259 [info ]: Cached model count updated: 32 models (accurate)
16:09:34.977356 [info ]: Started scheduling
16:09:34.977480 [info ]: Finished scheduling [  0.00s]
16:09:34.977505 [debug]: Compilation - 0 nodes selected: {}
16:09:34.977538 [warn ]: [NoNodesForSelectionCriteria (dbt1092)]: The selection criterion '' does not match any enabled nodes
16:09:34.977556 [warn ]: [NoNodesSelected (dbt1601)]: Nothing to do. Try checking your model configs and model specification args
16:09:35.055119 [info ]: Started building task graph
16:09:35.055185 [info ]: Finished building task graph [  0.00s]
16:09:35.073077 [info ]: Started scheduling
16:09:35.073290 [info ]: Finished scheduling [  0.00s]
16:09:35.074628 [info ]: 
==================== Execution Summary =====================
Finished 'compile' with 3 warnings for target 'dev' [398ms]
16:09:35.074871 [info ]: Cached model count updated: 32 models (accurate)
==================== 2026-09-10T16:09:36.659851Z | d2269e56-a4dc-4372-b5cf-90294c490e14 ====================
16:09:36.659996 [info ]: Started loading project
16:09:36.661141 [info ]: Loading profiles.yml
16:09:36.726915 [info ]: Cached model count updated: 32 models (estimate)
16:09:36.726994 [info ]: Cached model count updated: 32 models (accurate)
16:09:36.727177 [info ]: Started scheduling
16:09:36.727728 [info ]: Finished scheduling [  0.00s]
16:09:36.727789 [debug]: Compilation - 34 nodes selected: {"model.UPI_Fraud_Monitoring.gld_fraud_alert", "model.UPI_Fraud_Monitoring.gld_rule_results", "model.UPI_Fraud_Monitoring.sl_account", "model.UPI_Fraud_Monitoring.sl_beneficiary", "model.UPI_Fraud_Monitoring.sl_collect_request", "model.UPI_Fraud_Monitoring.sl_customer", "model.UPI_Fraud_Monitoring.sl_device_registry", "model.UPI_Fraud_Monitoring.sl_login_activity", "model.UPI_Fraud_Monitoring.sl_merchant", "model.UPI_Fraud_Monitoring.sl_password_change", "model.UPI_Fraud_Monitoring.sl_transaction", "model.UPI_Fraud_Monitoring.sl_watchlist", "model.UPI_Fraud_Monitoring.v_account", "model.UPI_Fraud_Monitoring.v_beneficiary", "model.UPI_Fraud_Monitoring.v_collect_request", "model.UPI_Fraud_Monitoring.v_customer", "model.UPI_Fraud_Monitoring.v_device_registry", "model.UPI_Fraud_Monitoring.v_login_activity", "model.UPI_Fraud_Monitoring.v_merchant", "model.UPI_Fraud_Monitoring.v_password_change", "model.UPI_Fraud_Monitoring.v_raw_account", "model.UPI_Fraud_Monitoring.v_raw_beneficiary", "model.UPI_Fraud_Monitoring.v_raw_collect_request", "model.UPI_Fraud_Monitoring.v_raw_customer", "model.UPI_Fraud_Monitoring.v_raw_device_registry", "model.UPI_Fraud_Monitoring.v_raw_login_activity", "model.UPI_Fraud_Monitoring.v_raw_merchant", "model.UPI_Fraud_Monitoring.v_raw_password_change", "model.UPI_Fraud_Monitoring.v_raw_transaction", "model.UPI_Fraud_Monitoring.v_raw_watchlist", "model.UPI_Fraud_Monitoring.v_transaction", "model.UPI_Fraud_Monitoring.v_watchlist", "seed.UPI_Fraud_Monitoring.dim_fraud_rule", "snapshot.UPI_Fraud_Monitoring.policy_snapshot"}
16:09:36.731698 [debug]:    Started downloading relations (1 items)
16:09:36.731864 [info ]: Finished loading project [  0.07s]
16:09:37.179552 [debug]: create_debug_span(...).entered() took 27µs
16:09:37.335517 [debug]: stmt.execute() (submit+wait_for_completion, returns reader) took 155.8237ms
16:09:37.335567 [debug]: reader.schema() took 900ns
16:09:37.341617 [debug]: batch-consume loop (for res in reader) took 6.004ms
16:09:37.345852 [debug]: do_execute(conn) (closure: stmt.execute + schema + batch loop) took 166.2218ms
16:09:37.345990 [debug]: concat_batches + normalize_result_column_names took 91.1µs
16:09:37.346005 [debug]: record_current_span_status_from_attrs took 6µs
16:09:37.346016 [debug]: Query executed on node unknown:
SHOW OBJECTS IN SCHEMA "UPI_FRAUD_MONITORING_DB"."TRANSFORM" LIMIT 10000
16:09:37.346029 [debug]: drop(query_span_guard) (span exit/export) took 18.8µs
16:09:37.631600 [debug]:   Finished [  0.90s] downloading relations (1 items)
16:09:37.700725 [info ]: Started building task graph
16:09:37.701017 [info ]: Finished building task graph [  0.00s]
16:09:37.712800 [info ]: Started rendering (34 nodes)
16:09:37.712841 [info ]: Started snapshot snapshots.policy_snapshot
16:09:37.712851 [debug]: Started rendering snapshot snapshots.policy_snapshot
16:09:37.712878 [info ]: Started model TRANSFORM.v_raw_watchlist
16:09:37.712885 [debug]: Started rendering model TRANSFORM.v_raw_watchlist
16:09:37.712895 [info ]: Started model TRANSFORM.v_raw_transaction
16:09:37.712903 [debug]: Started rendering model TRANSFORM.v_raw_transaction
16:09:37.712913 [info ]: Started model TRANSFORM.v_raw_password_change
16:09:37.712924 [debug]: Started rendering model TRANSFORM.v_raw_password_change
16:09:37.712939 [info ]: Started model TRANSFORM.v_raw_merchant
16:09:37.712952 [debug]: Started rendering model TRANSFORM.v_raw_merchant
16:09:37.712985 [info ]: Started model TRANSFORM.v_raw_login_activity
16:09:37.712999 [debug]: Started rendering model TRANSFORM.v_raw_login_activity
16:09:37.713015 [info ]: Started model TRANSFORM.v_raw_device_registry
16:09:37.713031 [debug]: Started rendering model TRANSFORM.v_raw_device_registry
16:09:37.713047 [info ]: Started model TRANSFORM.v_raw_customer
16:09:37.713057 [debug]: Started rendering model TRANSFORM.v_raw_customer
16:09:37.713075 [info ]: Started model TRANSFORM.v_raw_collect_request
16:09:37.713086 [debug]: Started rendering model TRANSFORM.v_raw_collect_request
16:09:37.713101 [info ]: Started model TRANSFORM.v_raw_beneficiary
16:09:37.713116 [debug]: Started rendering model TRANSFORM.v_raw_beneficiary
16:09:37.713183 [info ]: Started model TRANSFORM.v_raw_account
16:09:37.713199 [debug]: Started connection limit wait
16:09:37.713212 [debug]: Started rendering model TRANSFORM.v_raw_account
16:09:37.713232 [debug]: Started connection limit wait
16:09:37.713234 [info ]: Started model TRANSFORM.sl_password_change
16:09:37.713244 [debug]: Started rendering model TRANSFORM.sl_password_change
16:09:37.713260 [info ]: Started model TRANSFORM.v_password_change
16:09:37.713269 [debug]: Started rendering model TRANSFORM.v_password_change
16:09:37.713308 [debug]: Started connection limit wait
16:09:37.713350 [debug]: Started connection limit wait
16:09:37.713284 [info ]: Started model TRANSFORM.sl_login_activity
16:09:37.713375 [debug]: Started rendering model TRANSFORM.sl_login_activity
16:09:37.713401 [info ]: Started model TRANSFORM.v_login_activity
16:09:37.713408 [debug]: Started connection limit wait
16:09:37.713414 [debug]: Started rendering model TRANSFORM.v_login_activity
16:09:37.713435 [info ]: Started model TRANSFORM.sl_collect_request
16:09:37.713437 [debug]: Started connection limit wait
16:09:37.713446 [debug]: Started rendering model TRANSFORM.sl_collect_request
16:09:37.713461 [info ]: Started model TRANSFORM.v_collect_request
16:09:37.713469 [debug]: Started rendering model TRANSFORM.v_collect_request
16:09:37.713465 [debug]: Compiled SQL for node snapshot.UPI_Fraud_Monitoring.policy_snapshot at target\.lsp\compiled\UPI_Fraud_Monitoring\snapshots\sl_account.sql\policy_snapshot.sql
16:09:37.713526 [info ]: Started model TRANSFORM.sl_account
16:09:37.713548 [debug]: Started rendering model TRANSFORM.sl_account
16:09:37.713567 [info ]: Started model TRANSFORM.v_account
16:09:37.713565 [debug]: Started connection limit wait
16:09:37.713592 [debug]: Started connection limit wait
16:09:37.713576 [debug]: Started rendering model TRANSFORM.v_account
16:09:37.713620 [info ]: Started model analytics.gld_fraud_alert
16:09:37.713634 [debug]: Started rendering model analytics.gld_fraud_alert
16:09:37.713653 [info ]: Started model analytics.gld_rule_results
16:09:37.713663 [debug]: Started rendering model analytics.gld_rule_results
16:09:37.713679 [info ]: Started seed TRANSFORM.dim_fraud_rule
16:09:37.713690 [debug]: Started rendering seed TRANSFORM.dim_fraud_rule
16:09:37.713707 [info ]: Started model TRANSFORM.sl_beneficiary
16:09:37.713719 [debug]: Started rendering model TRANSFORM.sl_beneficiary
16:09:37.713731 [debug]: Started connection limit wait
16:09:37.713735 [info ]: Started model TRANSFORM.v_beneficiary
16:09:37.713744 [debug]: Started rendering model TRANSFORM.v_beneficiary
16:09:37.713761 [info ]: Started model TRANSFORM.sl_watchlist
16:09:37.713770 [debug]: Started rendering model TRANSFORM.sl_watchlist
16:09:37.713786 [info ]: Started model TRANSFORM.v_watchlist
16:09:37.713789 [debug]: Started connection limit wait
16:09:37.713794 [debug]: Started rendering model TRANSFORM.v_watchlist
16:09:37.713806 [debug]: Started connection limit wait
16:09:37.713809 [info ]: Started model TRANSFORM.sl_transaction
16:09:37.713820 [debug]: Started rendering model TRANSFORM.sl_transaction
16:09:37.713821 [debug]: Started connection limit wait
16:09:37.713834 [debug]: Started connection limit wait
16:09:37.713834 [info ]: Started model TRANSFORM.v_transaction
16:09:37.713844 [debug]: Started rendering model TRANSFORM.v_transaction
16:09:37.713837 [debug]: Started connection limit wait
16:09:37.713859 [info ]: Started model TRANSFORM.sl_merchant
16:09:37.713871 [debug]: Started rendering model TRANSFORM.sl_merchant
16:09:37.713892 [info ]: Started model TRANSFORM.v_merchant
16:09:37.713923 [debug]: Started connection limit wait
16:09:37.713942 [debug]: Started connection limit wait
16:09:37.713969 [debug]: Started rendering model TRANSFORM.v_merchant
16:09:37.714000 [info ]: Started model TRANSFORM.sl_device_registry
16:09:37.714013 [debug]: Started rendering model TRANSFORM.sl_device_registry
16:09:37.714030 [info ]: Started model TRANSFORM.v_device_registry
16:09:37.714043 [debug]: Started rendering model TRANSFORM.v_device_registry
16:09:37.714043 [debug]: Started connection limit wait
16:09:37.714041 [debug]: Compiled SQL for node model.UPI_Fraud_Monitoring.v_raw_watchlist at target\.lsp\compiled\UPI_Fraud_Monitoring\models\bronze\raw_views\v_raw_watchlist.sql
16:09:37.714058 [info ]: Started model TRANSFORM.sl_customer
16:09:37.714067 [debug]: Started rendering model TRANSFORM.sl_customer
16:09:37.714063 [debug]: Started connection limit wait
16:09:37.714071 [debug]: Started connection limit wait
16:09:37.714084 [info ]: Started model TRANSFORM.v_customer
16:09:37.714093 [debug]: Started rendering model TRANSFORM.v_customer
16:09:37.714106 [debug]: Finished connection limit wait [  0.00s]
16:09:37.714126 [debug]: Finished rendering [  0.00s] snapshot snapshots.policy_snapshot [success]
16:09:37.714167 [info ]: Started analyzing (33 nodes)
16:09:37.714176 [debug]: Started analyzing snapshot snapshots.policy_snapshot
16:09:37.714204 [debug]: Finished rendering [  0.00s] seed TRANSFORM.dim_fraud_rule [success]
16:09:37.714205 [debug]: Started connection limit wait
16:09:37.714222 [debug]: Started connection limit wait
16:09:37.714225 [info ]:  Succeeded [-------] seed  TRANSFORM.dim_fraud_rule (table)
16:09:37.714253 [debug]: Finished rendering [  0.00s] model TRANSFORM.v_raw_watchlist [success]
16:09:37.714266 [debug]: Started analyzing model TRANSFORM.v_raw_watchlist
16:09:37.714672 [debug]: Finished analyzing [  0.00s] model TRANSFORM.v_raw_watchlist [success]
16:09:37.714716 [info ]:  Succeeded [  0.00s] model TRANSFORM.v_raw_watchlist (view)
16:09:37.714754 [debug]: Finished analyzing [  0.00s] snapshot snapshots.policy_snapshot [success]
16:09:37.714768 [info ]:  Succeeded [  0.00s] snapshot snapshots.policy_snapshot (snapshot)
16:09:37.714797 [debug]: Compiled SQL for node model.UPI_Fraud_Monitoring.v_raw_login_activity at target\.lsp\compiled\UPI_Fraud_Monitoring\models\bronze\raw_views\v_raw_login_activity.sql
16:09:37.714965 [debug]: Compiled SQL for node model.UPI_Fraud_Monitoring.v_raw_collect_request at target\.lsp\compiled\UPI_Fraud_Monitoring\models\bronze\raw_views\v_raw_collect_request.sql
16:09:37.715161 [debug]: Finished rendering [  0.00s] model TRANSFORM.v_raw_login_activity [success]
16:09:37.715218 [debug]: Started analyzing model TRANSFORM.v_raw_login_activity
16:09:37.715222 [debug]: Finished connection limit wait [  0.00s]
16:09:37.715253 [debug]: Finished rendering [  0.00s] model TRANSFORM.v_raw_collect_request [success]
16:09:37.715202 [debug]: Finished connection limit wait [  0.00s]
16:09:37.715273 [debug]: Started analyzing model TRANSFORM.v_raw_collect_request
16:09:37.715620 [debug]: Compiled SQL for node model.UPI_Fraud_Monitoring.v_raw_transaction at target\.lsp\compiled\UPI_Fraud_Monitoring\models\bronze\raw_views\v_raw_transaction.sql
16:09:37.715667 [debug]: Finished analyzing [  0.00s] model TRANSFORM.v_raw_collect_request [success]
16:09:37.715699 [info ]:  Succeeded [  0.00s] model TRANSFORM.v_raw_collect_request (view)
16:09:37.715710 [debug]: Compiled SQL for node model.UPI_Fraud_Monitoring.v_raw_merchant at target\.lsp\compiled\UPI_Fraud_Monitoring\models\bronze\raw_views\v_raw_merchant.sql
16:09:37.715735 [debug]: Finished analyzing [  0.00s] model TRANSFORM.v_raw_login_activity [success]
16:09:37.715748 [info ]:  Succeeded [  0.00s] model TRANSFORM.v_raw_login_activity (view)
16:09:37.715794 [debug]: Finished rendering [  0.00s] model TRANSFORM.v_raw_transaction [success]
16:09:37.715822 [debug]: Started analyzing model TRANSFORM.v_raw_transaction
16:09:37.715848 [debug]: Finished connection limit wait [  0.00s]
16:09:37.715874 [debug]: Finished connection limit wait [  0.00s]
16:09:37.715944 [debug]: Finished rendering [  0.00s] model TRANSFORM.v_raw_merchant [success]
16:09:37.715976 [debug]: Started analyzing model TRANSFORM.v_raw_merchant
16:09:37.716082 [debug]: Compiled SQL for node model.UPI_Fraud_Monitoring.v_raw_device_registry at target\.lsp\compiled\UPI_Fraud_Monitoring\models\bronze\raw_views\v_raw_device_registry.sql
16:09:37.716323 [debug]: Finished analyzing [  0.00s] model TRANSFORM.v_raw_transaction [success]
16:09:37.716367 [info ]:  Succeeded [  0.00s] model TRANSFORM.v_raw_transaction (view)
16:09:37.716371 [debug]: Compiled SQL for node model.UPI_Fraud_Monitoring.gld_fraud_alert at target\.lsp\compiled\UPI_Fraud_Monitoring\models\gold\gld_fraud_alert.sql
16:09:37.716406 [debug]: Finished analyzing [  0.00s] model TRANSFORM.v_raw_merchant [success]
16:09:37.716419 [info ]:  Succeeded [  0.00s] model TRANSFORM.v_raw_merchant (view)
16:09:37.716470 [debug]: Finished rendering [  0.00s] model TRANSFORM.v_raw_device_registry [success]
16:09:37.716483 [debug]: Compiled SQL for node model.UPI_Fraud_Monitoring.v_raw_password_change at target\.lsp\compiled\UPI_Fraud_Monitoring\models\bronze\raw_views\v_raw_password_change.sql
16:09:37.716494 [debug]: Compiled SQL for node model.UPI_Fraud_Monitoring.sl_account at target\.lsp\compiled\UPI_Fraud_Monitoring\models\silver\sl_account.sql
16:09:37.716503 [debug]: Started analyzing model TRANSFORM.v_raw_device_registry
16:09:37.716531 [debug]: Finished connection limit wait [  0.00s]
16:09:37.716543 [debug]: Finished rendering [  0.00s] model analytics.gld_fraud_alert [success]
16:09:37.716566 [debug]: Started analyzing model analytics.gld_fraud_alert
16:09:37.716847 [debug]: Compiled SQL for node model.UPI_Fraud_Monitoring.v_raw_beneficiary at target\.lsp\compiled\UPI_Fraud_Monitoring\models\bronze\raw_views\v_raw_beneficiary.sql
16:09:37.716921 [debug]: Compiled SQL for node model.UPI_Fraud_Monitoring.v_raw_customer at target\.lsp\compiled\UPI_Fraud_Monitoring\models\bronze\raw_views\v_raw_customer.sql
16:09:37.717129 [debug]: Started analyzing model TRANSFORM.sl_account
16:09:37.717144 [debug]: Finished connection limit wait [  0.00s]
16:09:37.717174 [debug]: Finished analyzing [  0.00s] model TRANSFORM.v_raw_device_registry [success]
16:09:37.717199 [info ]:  Succeeded [  0.00s] model TRANSFORM.v_raw_device_registry (view)
16:09:37.717233 [debug]: Finished rendering [  0.00s] model TRANSFORM.v_raw_password_change [success]
16:09:37.717260 [debug]: Started analyzing model TRANSFORM.v_raw_password_change
16:09:37.717285 [debug]: Finished rendering [  0.00s] model TRANSFORM.v_raw_beneficiary [success]
16:09:37.717304 [debug]: Started analyzing model TRANSFORM.v_raw_beneficiary
16:09:37.717302 [debug]: Finished connection limit wait [  0.00s]
16:09:37.717324 [debug]: Finished rendering [  0.00s] model TRANSFORM.v_raw_customer [success]
16:09:37.717337 [debug]: Started analyzing model TRANSFORM.v_raw_customer
16:09:37.717367 [debug]: Finished rendering [  0.00s] model TRANSFORM.sl_account [success]
16:09:37.717565 [debug]: Finished connection limit wait [  0.00s]
16:09:37.717718 [debug]: Compiled SQL for node model.UPI_Fraud_Monitoring.gld_rule_results at target\.lsp\compiled\UPI_Fraud_Monitoring\models\gold\gld_rule_results.sql
16:09:37.718023 [debug]: Finished rendering [  0.00s] model analytics.gld_rule_results [success]
16:09:37.718103 [debug]: Started analyzing model analytics.gld_rule_results
16:09:37.718212 [debug]: Compiled SQL for node model.UPI_Fraud_Monitoring.sl_password_change at target\.lsp\compiled\UPI_Fraud_Monitoring\models\silver\sl_password_change.sql
16:09:37.718311 [debug]: Finished rendering [  0.00s] model TRANSFORM.sl_password_change [success]
16:09:37.718347 [debug]: Started analyzing model TRANSFORM.sl_password_change
16:09:37.718559 [debug]: Finished analyzing [  0.00s] model TRANSFORM.v_raw_password_change [success]
16:09:37.718588 [info ]:  Succeeded [  0.01s] model TRANSFORM.v_raw_password_change (view)
16:09:37.718624 [debug]: Finished analyzing [  0.00s] model analytics.gld_fraud_alert [success]
16:09:37.718638 [info ]:  Succeeded [  0.00s] model analytics.gld_fraud_alert (incremental)
16:09:37.718762 [debug]: Finished analyzing [  0.00s] model TRANSFORM.v_raw_beneficiary [success]
16:09:37.718784 [info ]:  Succeeded [  0.01s] model TRANSFORM.v_raw_beneficiary (view)
16:09:37.718800 [debug]: Finished connection limit wait [  0.01s]
16:09:37.718883 [debug]: Finished analyzing [  0.00s] model TRANSFORM.v_raw_customer [success]
16:09:37.718900 [info ]:  Succeeded [  0.01s] model TRANSFORM.v_raw_customer (view)
16:09:37.719044 [debug]: Compiled SQL for node model.UPI_Fraud_Monitoring.v_raw_account at target\.lsp\compiled\UPI_Fraud_Monitoring\models\bronze\raw_views\v_raw_account.sql
16:09:37.719289 [debug]: Finished rendering [  0.01s] model TRANSFORM.v_raw_account [success]
16:09:37.719337 [debug]: Started analyzing model TRANSFORM.v_raw_account
16:09:37.719364 [debug]: Finished connection limit wait [  0.01s]
16:09:37.719769 [debug]: Finished analyzing [  0.00s] model TRANSFORM.v_raw_account [success]
16:09:37.719812 [info ]:  Succeeded [  0.01s] model TRANSFORM.v_raw_account (view)
16:09:37.720360 [debug]: Compiled SQL for node model.UPI_Fraud_Monitoring.v_password_change at target\.lsp\compiled\UPI_Fraud_Monitoring\models\bronze\views\v_password_change.sql
16:09:37.720459 [debug]: Compiled SQL for node model.UPI_Fraud_Monitoring.sl_login_activity at target\.lsp\compiled\UPI_Fraud_Monitoring\models\silver\sl_login_activity.sql
16:09:37.720850 [debug]: Finished analyzing [  0.00s] model TRANSFORM.sl_account [success]
16:09:37.720924 [info ]:  Succeeded [  0.01s] model TRANSFORM.sl_account (incremental)
16:09:37.721284 [debug]: Compiled SQL for node model.UPI_Fraud_Monitoring.v_account at target\.lsp\compiled\UPI_Fraud_Monitoring\models\bronze\views\v_account.sql
16:09:37.721351 [debug]: Finished rendering [  0.01s] model TRANSFORM.v_password_change [success]
16:09:37.721420 [debug]: Started analyzing model TRANSFORM.v_password_change
16:09:37.721463 [debug]: Finished connection limit wait [  0.01s]
16:09:37.722720 [debug]: Compiled SQL for node model.UPI_Fraud_Monitoring.v_collect_request at target\.lsp\compiled\UPI_Fraud_Monitoring\models\bronze\views\v_collect_request.sql
16:09:37.723224 [debug]: Compiled SQL for node model.UPI_Fraud_Monitoring.sl_collect_request at target\.lsp\compiled\UPI_Fraud_Monitoring\models\silver\sl_collect_request.sql
16:09:37.723846 [debug]: Compiled SQL for node model.UPI_Fraud_Monitoring.sl_watchlist at target\.lsp\compiled\UPI_Fraud_Monitoring\models\silver\sl_watchlist.sql
16:09:37.724187 [debug]: Finished rendering [  0.01s] model TRANSFORM.sl_login_activity [success]
16:09:37.724242 [debug]: Started analyzing model TRANSFORM.sl_login_activity
16:09:37.724383 [debug]: Finished rendering [  0.01s] model TRANSFORM.v_account [success]
16:09:37.724404 [debug]: Started analyzing model TRANSFORM.v_account
16:09:37.724458 [debug]: Finished connection limit wait [  0.01s]
16:09:37.724962 [debug]: Finished analyzing [  0.01s] model TRANSFORM.sl_password_change [success]
16:09:37.725009 [debug]: Finished connection limit wait [  0.01s]
16:09:37.725018 [info ]:  Succeeded [  0.01s] model TRANSFORM.sl_password_change (incremental)
16:09:37.725061 [debug]: Finished rendering [  0.01s] model TRANSFORM.v_collect_request [success]
16:09:37.725086 [debug]: Started analyzing model TRANSFORM.v_collect_request
16:09:37.725910 [debug]: Compiled SQL for node model.UPI_Fraud_Monitoring.sl_beneficiary at target\.lsp\compiled\UPI_Fraud_Monitoring\models\silver\sl_beneficiary.sql
16:09:37.726518 [debug]: Finished rendering [  0.01s] model TRANSFORM.sl_watchlist [success]
16:09:37.726568 [debug]: Compiled SQL for node model.UPI_Fraud_Monitoring.v_transaction at target\.lsp\compiled\UPI_Fraud_Monitoring\models\bronze\views\v_transaction.sql
16:09:37.726590 [debug]: Started analyzing model TRANSFORM.sl_watchlist
16:09:37.726591 [debug]: Compiled SQL for node model.UPI_Fraud_Monitoring.v_login_activity at target\.lsp\compiled\UPI_Fraud_Monitoring\models\bronze\views\v_login_activity.sql
16:09:37.726641 [debug]: Finished connection limit wait [  0.01s]
16:09:37.727208 [debug]: Compiled SQL for node model.UPI_Fraud_Monitoring.sl_transaction at target\.lsp\compiled\UPI_Fraud_Monitoring\models\silver\sl_transaction.sql
16:09:37.727922 [debug]: Compiled SQL for node model.UPI_Fraud_Monitoring.sl_merchant at target\.lsp\compiled\UPI_Fraud_Monitoring\models\silver\sl_merchant.sql
16:09:37.727966 [debug]: Finished analyzing [  0.00s] model TRANSFORM.sl_watchlist [success]
16:09:37.727996 [info ]:  Succeeded [  0.01s] model TRANSFORM.sl_watchlist (incremental)
16:09:37.728276 [debug]: Finished rendering [  0.01s] model TRANSFORM.sl_beneficiary [success]
16:09:37.728322 [debug]: Started analyzing model TRANSFORM.sl_beneficiary
16:09:37.728362 [debug]: Finished rendering [  0.00s] model TRANSFORM.v_transaction [success]
16:09:37.728379 [debug]: Started analyzing model TRANSFORM.v_transaction
16:09:37.728401 [debug]: Finished rendering [  0.01s] model TRANSFORM.v_login_activity [success]
16:09:37.728415 [debug]: Started analyzing model TRANSFORM.v_login_activity
16:09:37.728433 [debug]: Finished connection limit wait [  0.01s]
16:09:37.728435 [debug]: Finished connection limit wait [  0.01s]
16:09:37.728470 [debug]: Finished rendering [  0.00s] model TRANSFORM.sl_transaction [success]
16:09:37.728490 [debug]: Started analyzing model TRANSFORM.sl_transaction
16:09:37.728553 [debug]: Finished rendering [  0.00s] model TRANSFORM.sl_merchant [success]
16:09:37.728575 [debug]: Started analyzing model TRANSFORM.sl_merchant
16:09:37.728626 [debug]: Finished connection limit wait [  0.01s]
16:09:37.729810 [debug]: Finished analyzing [  0.00s] model TRANSFORM.v_collect_request [success]
16:09:37.729861 [info ]:  Succeeded [  0.01s] model TRANSFORM.v_collect_request (view)
16:09:37.729926 [debug]: Finished rendering [  0.01s] model TRANSFORM.sl_collect_request [success]
16:09:37.729956 [debug]: Started analyzing model TRANSFORM.sl_collect_request
16:09:37.730429 [debug]: Finished analyzing [  0.01s] model TRANSFORM.sl_login_activity [success]
16:09:37.730489 [info ]:  Succeeded [  0.01s] model TRANSFORM.sl_login_activity (incremental)
16:09:37.730533 [debug]: Finished connection limit wait [  0.02s]
16:09:37.730602 [debug]: Compiled SQL for node model.UPI_Fraud_Monitoring.v_merchant at target\.lsp\compiled\UPI_Fraud_Monitoring\models\bronze\views\v_merchant.sql
16:09:37.730798 [debug]: Finished analyzing [  0.01s] model analytics.gld_rule_results [success]
16:09:37.730824 [info ]:  Succeeded [  0.02s] model analytics.gld_rule_results (incremental)
16:09:37.731064 [debug]: Finished rendering [  0.00s] model TRANSFORM.v_merchant [success]
16:09:37.731138 [debug]: Started analyzing model TRANSFORM.v_merchant
16:09:37.731388 [debug]: Finished connection limit wait [  0.02s]
16:09:37.731949 [debug]: Compiled SQL for node model.UPI_Fraud_Monitoring.v_watchlist at target\.lsp\compiled\UPI_Fraud_Monitoring\models\bronze\views\v_watchlist.sql
16:09:37.732059 [debug]: Compiled SQL for node model.UPI_Fraud_Monitoring.v_beneficiary at target\.lsp\compiled\UPI_Fraud_Monitoring\models\bronze\views\v_beneficiary.sql
16:09:37.732348 [debug]: Finished analyzing [  0.00s] model TRANSFORM.sl_collect_request [success]
16:09:37.732379 [info ]:  Succeeded [  0.01s] model TRANSFORM.sl_collect_request (incremental)
16:09:37.732542 [debug]: Finished analyzing [  0.01s] model TRANSFORM.v_password_change [success]
16:09:37.732566 [info ]:  Succeeded [  0.02s] model TRANSFORM.v_password_change (view)
16:09:37.732622 [debug]: Finished rendering [  0.00s] model TRANSFORM.v_watchlist [success]
16:09:37.732648 [debug]: Started analyzing model TRANSFORM.v_watchlist
16:09:37.733081 [debug]: Finished rendering [  0.01s] model TRANSFORM.v_beneficiary [success]
16:09:37.733133 [debug]: Started analyzing model TRANSFORM.v_beneficiary
16:09:37.734161 [debug]: Compiled SQL for node model.UPI_Fraud_Monitoring.v_customer at target\.lsp\compiled\UPI_Fraud_Monitoring\models\bronze\views\v_customer.sql
16:09:37.735653 [debug]: Finished connection limit wait [  0.02s]
16:09:37.735719 [debug]: Finished analyzing [  0.01s] model TRANSFORM.sl_merchant [success]
16:09:37.735749 [info ]:  Succeeded [  0.01s] model TRANSFORM.sl_merchant (incremental)
16:09:37.735801 [debug]: Finished rendering [  0.01s] model TRANSFORM.v_customer [success]
16:09:37.735828 [debug]: Started analyzing model TRANSFORM.v_customer
16:09:37.735860 [debug]: Finished analyzing [  0.00s] model TRANSFORM.v_merchant [success]
16:09:37.735876 [info ]:  Succeeded [  0.01s] model TRANSFORM.v_merchant (view)
16:09:37.735906 [debug]: Finished analyzing [  0.01s] model TRANSFORM.sl_beneficiary [success]
16:09:37.735919 [info ]:  Succeeded [  0.02s] model TRANSFORM.sl_beneficiary (incremental)
16:09:37.736606 [debug]: Finished analyzing [  0.01s] model TRANSFORM.v_account [success]
16:09:37.736637 [info ]:  Succeeded [  0.02s] model TRANSFORM.v_account (view)
16:09:37.737044 [debug]: Finished analyzing [  0.00s] model TRANSFORM.v_watchlist [success]
16:09:37.737071 [info ]:  Succeeded [  0.01s] model TRANSFORM.v_watchlist (view)
16:09:37.738076 [debug]: Finished analyzing [  0.01s] model TRANSFORM.sl_transaction [success]
16:09:37.738166 [info ]:  Succeeded [  0.01s] model TRANSFORM.sl_transaction (incremental)
16:09:37.739524 [debug]: Compiled SQL for node model.UPI_Fraud_Monitoring.v_device_registry at target\.lsp\compiled\UPI_Fraud_Monitoring\models\bronze\views\v_device_registry.sql
16:09:37.740599 [debug]: Finished rendering [  0.01s] model TRANSFORM.v_device_registry [success]
16:09:37.740669 [debug]: Started analyzing model TRANSFORM.v_device_registry
16:09:37.741874 [debug]: Compiled SQL for node model.UPI_Fraud_Monitoring.sl_device_registry at target\.lsp\compiled\UPI_Fraud_Monitoring\models\silver\sl_device_registry.sql
16:09:37.743162 [debug]: Finished analyzing [  0.01s] model TRANSFORM.v_beneficiary [success]
16:09:37.743212 [info ]:  Succeeded [  0.02s] model TRANSFORM.v_beneficiary (view)
16:09:37.743284 [debug]: Started analyzing model TRANSFORM.sl_device_registry
16:09:37.743514 [debug]: Finished rendering [  0.01s] model TRANSFORM.sl_device_registry [success]
16:09:37.744815 [debug]: Compiled SQL for node model.UPI_Fraud_Monitoring.sl_customer at target\.lsp\compiled\UPI_Fraud_Monitoring\models\silver\sl_customer.sql
16:09:37.744890 [debug]: Finished analyzing [  0.00s] model TRANSFORM.sl_device_registry [success]
16:09:37.744919 [info ]:  Succeeded [  0.01s] model TRANSFORM.sl_device_registry (incremental)
16:09:37.744981 [debug]: Finished rendering [  0.01s] model TRANSFORM.sl_customer [success]
16:09:37.744994 [info ]: Finished rendering [  0.03s] (34 nodes, 0 skipped, 0 errors)
16:09:37.745083 [debug]: Started analyzing model TRANSFORM.sl_customer
16:09:37.745564 [debug]: Finished analyzing [  0.01s] model TRANSFORM.v_customer [success]
16:09:37.745600 [info ]:  Succeeded [  0.02s] model TRANSFORM.v_customer (view)
16:09:37.745637 [debug]: Finished analyzing [  0.02s] model TRANSFORM.v_login_activity [success]
16:09:37.745650 [info ]:  Succeeded [  0.03s] model TRANSFORM.v_login_activity (view)
16:09:37.746219 [debug]: Finished analyzing [  0.00s] model TRANSFORM.sl_customer [success]
16:09:37.746263 [info ]:  Succeeded [  0.01s] model TRANSFORM.sl_customer (incremental)
16:09:37.747140 [debug]: Finished analyzing [  0.01s] model TRANSFORM.v_device_registry [success]
16:09:37.747188 [info ]:  Succeeded [  0.02s] model TRANSFORM.v_device_registry (view)
16:09:37.748420 [debug]: Finished analyzing [  0.02s] model TRANSFORM.v_transaction [success]
16:09:37.748449 [info ]: Finished analyzing [  0.03s] (33 nodes, 0 skipped, 0 errors)
16:09:37.748461 [info ]:  Succeeded [  0.02s] model TRANSFORM.v_transaction (view)
16:09:37.758481 [info ]: Started scheduling
16:09:37.758608 [info ]: Finished scheduling [  0.00s]
16:09:37.758872 [info ]: 
==================== Execution Summary =====================
Finished 'compile' successfully for target 'dev' [1.1s]
Processed: 32 models | 1 snapshot | 1 seed
Summary: 34 total | 34 success
16:09:37.759624 [info ]: Cached model count updated: 32 models (accurate)
==================== 2026-09-10T16:13:08.041059Z | 411359fe-32e6-4413-9532-a7803ad9c18f ====================
16:13:08.041292 [info ]: Started loading project
16:13:08.043528 [info ]: Loading profiles.yml
==================== 2026-09-10T16:13:08.071305Z | 829e9642-827a-4e3a-bacf-ede0a6182642 ====================
16:13:08.071474 [info ]: Started loading project
16:13:08.072666 [info ]: Loading profiles.yml
16:13:08.080696 [info ]: Finished loading project [  0.04s]
16:13:08.086259 [info ]:    Started resolving packages from packages.yml
16:13:08.640363 [info ]:   Finished [  0.55s] resolving packages from packages.yml (2 items)
16:13:08.640842 [debug]:    Started loading packages
16:13:08.660160 [debug]:     Loaded [  0.02s] packages
16:13:08.661645 [info ]: Finished loading project [  0.59s]
16:13:08.662120 [info ]: Started parsing
16:13:08.726446 [debug]: Finished parsing models/gold/gld_fraud_alert.yml [  0.00s]
16:13:08.727290 [debug]: Finished parsing models/gold/gld_rule_results.yml [  0.00s]
16:13:08.729116 [debug]: Finished parsing models/schema.yml [  0.00s]
16:13:08.729978 [debug]: Finished parsing models/sources.yml [  0.00s]
16:13:08.738850 [debug]: Finished parsing snapshots\sl_account.sql [  0.00s]
16:13:08.743189 [debug]: Finished parsing models/bronze/raw_views/v_raw_account.sql [  0.00s]
16:13:08.744989 [debug]: Finished parsing models/bronze/raw_views/v_raw_beneficiary.sql [  0.00s]
16:13:08.746410 [debug]: Finished parsing models/bronze/raw_views/v_raw_collect_request.sql [  0.00s]
16:13:08.747885 [debug]: Finished parsing models/bronze/raw_views/v_raw_customer.sql [  0.00s]
16:13:08.749844 [debug]: Finished parsing models/bronze/raw_views/v_raw_device_registry.sql [  0.00s]
16:13:08.751722 [debug]: Finished parsing models/bronze/raw_views/v_raw_login_activity.sql [  0.00s]
16:13:08.753640 [debug]: Finished parsing models/bronze/raw_views/v_raw_merchant.sql [  0.00s]
16:13:08.755030 [debug]: Finished parsing models/bronze/raw_views/v_raw_password_change.sql [  0.00s]
16:13:08.756293 [debug]: Finished parsing models/bronze/raw_views/v_raw_transaction.sql [  0.00s]
16:13:08.757622 [debug]: Finished parsing models/bronze/raw_views/v_raw_watchlist.sql [  0.00s]
16:13:08.759591 [debug]: Finished parsing models/bronze/views/v_account.sql [  0.00s]
16:13:08.761061 [debug]: Finished parsing models/bronze/views/v_beneficiary.sql [  0.00s]
16:13:08.762909 [debug]: Finished parsing models/bronze/views/v_collect_request.sql [  0.00s]
16:13:08.764193 [debug]: Finished parsing models/bronze/views/v_customer.sql [  0.00s]
16:13:08.765489 [debug]: Finished parsing models/bronze/views/v_device_registry.sql [  0.00s]
16:13:08.766730 [debug]: Finished parsing models/bronze/views/v_login_activity.sql [  0.00s]
16:13:08.768158 [debug]: Finished parsing models/bronze/views/v_merchant.sql [  0.00s]
16:13:08.769404 [debug]: Finished parsing models/bronze/views/v_password_change.sql [  0.00s]
16:13:08.770738 [debug]: Finished parsing models/bronze/views/v_transaction.sql [  0.00s]
16:13:08.771940 [debug]: Finished parsing models/bronze/views/v_watchlist.sql [  0.00s]
16:13:08.773416 [debug]: Finished parsing models/gold/gld_fraud_alert.sql [  0.00s]
16:13:08.775303 [debug]: Finished parsing models/gold/gld_rule_results.sql [  0.00s]
16:13:08.777037 [debug]: Finished parsing models/silver/sl_account.sql [  0.00s]
16:13:08.778828 [debug]: Finished parsing models/silver/sl_beneficiary.sql [  0.00s]
16:13:08.780461 [debug]: Finished parsing models/silver/sl_collect_request.sql [  0.00s]
16:13:08.781984 [debug]: Finished parsing models/silver/sl_customer.sql [  0.00s]
16:13:08.783570 [debug]: Finished parsing models/silver/sl_device_registry.sql [  0.00s]
16:13:08.785238 [debug]: Finished parsing models/silver/sl_login_activity.sql [  0.00s]
16:13:08.786806 [debug]: Finished parsing models/silver/sl_merchant.sql [  0.00s]
16:13:08.788391 [debug]: Finished parsing models/silver/sl_password_change.sql [  0.00s]
16:13:08.790048 [debug]: Finished parsing models/silver/sl_transaction.sql [  0.00s]
16:13:08.792428 [debug]: Finished parsing models/silver/sl_watchlist.sql [  0.00s]
16:13:08.822783 [warn ]: [NoNodeForYamlKey (dbt1089)]: Unused schema.yml entry for model 'alert_results'
  --> models/gold/gld_fraud_alert.yml
16:13:08.822885 [warn ]: [NoNodeForYamlKey (dbt1089)]: Unused schema.yml entry for model 'fraud_alerts'
  --> models/gold/gld_rule_results.yml
16:13:09.073523 [info ]: Finished parsing [  0.41s]
16:13:09.076636 [info ]: Cached model count updated: 32 models (estimate)
16:13:09.076743 [info ]: Cached model count updated: 32 models (accurate)
16:13:09.076970 [info ]: Started scheduling
16:13:09.077481 [info ]: Finished scheduling [  0.00s]
16:13:09.077536 [debug]: Compilation - 2 nodes selected: {"model.UPI_Fraud_Monitoring.v_account", "snapshot.UPI_Fraud_Monitoring.policy_snapshot"}
16:13:09.077618 [info ]: Started scheduling
16:13:09.078110 [info ]: Finished scheduling [  0.00s]
16:13:09.085924 [debug]: Initializing schema store with entry: Frontier(CanonicalFqn { catalog: "UPI_FRAUD_MONITORING_DB", schema: "STAGING", table: "ACCOUNT" }) and interval: None
16:13:09.086087 [debug]: Initializing schema store with entry: Frontier(CanonicalFqn { catalog: "UPI_FRAUD_MONITORING_DB", schema: "STAGING", table: "PASSWORD_CHANGE" }) and interval: None
16:13:09.086140 [debug]: Initializing schema store with entry: Frontier(CanonicalFqn { catalog: "UPI_FRAUD_MONITORING_DB", schema: "STAGING", table: "CUSTOMER" }) and interval: None
16:13:09.086199 [debug]: Initializing schema store with entry: Frontier(CanonicalFqn { catalog: "UPI_FRAUD_MONITORING_DB", schema: "STAGING", table: "UPI_TRANSACTION" }) and interval: None
16:13:09.086305 [debug]: Initializing schema store with entry: Frontier(CanonicalFqn { catalog: "UPI_FRAUD_MONITORING_DB", schema: "STAGING", table: "COLLECT_REQUEST" }) and interval: None
16:13:09.086363 [debug]: Initializing schema store with entry: Frontier(CanonicalFqn { catalog: "UPI_FRAUD_MONITORING_DB", schema: "STAGING", table: "MERCHANT" }) and interval: None
16:13:09.086410 [debug]: Initializing schema store with entry: Frontier(CanonicalFqn { catalog: "UPI_FRAUD_MONITORING_DB", schema: "STAGING", table: "BENEFICIARY" }) and interval: None
16:13:09.086454 [debug]: Initializing schema store with entry: Frontier(CanonicalFqn { catalog: "UPI_FRAUD_MONITORING_DB", schema: "STAGING", table: "DEVICE_REGISTRY" }) and interval: None
16:13:09.086517 [debug]: Initializing schema store with entry: Frontier(CanonicalFqn { catalog: "UPI_FRAUD_MONITORING_DB", schema: "STAGING", table: "WATCHLIST" }) and interval: None
16:13:09.086575 [debug]: Initializing schema store with entry: Frontier(CanonicalFqn { catalog: "UPI_FRAUD_MONITORING_DB", schema: "STAGING", table: "LOGIN_ACTIVITY" }) and interval: None
16:13:09.092589 [debug]:    Started downloading relations (1 items)
16:13:09.603523 [debug]: create_debug_span(...).entered() took 49µs
16:13:09.777564 [debug]: stmt.execute() (submit+wait_for_completion, returns reader) took 173.8053ms
16:13:09.777619 [debug]: reader.schema() took 3.5µs
16:13:09.781095 [debug]: batch-consume loop (for res in reader) took 3.4354ms
16:13:09.783868 [debug]: do_execute(conn) (closure: stmt.execute + schema + batch loop) took 180.2657ms
16:13:09.784015 [debug]: concat_batches + normalize_result_column_names took 98.4µs
16:13:09.784032 [debug]: record_current_span_status_from_attrs took 6.3µs
16:13:09.784043 [debug]: Query executed on node unknown:
SHOW OBJECTS IN SCHEMA "UPI_FRAUD_MONITORING_DB"."TRANSFORM" LIMIT 10000
16:13:09.784057 [debug]: drop(query_span_guard) (span exit/export) took 19.4µs
16:13:10.115711 [debug]:   Finished [  1.02s] downloading relations (1 items)
16:13:10.115851 [info ]: Started downloading schemas
16:13:10.116185 [debug]: create_debug_span(...).entered() took 29.4µs
16:13:10.287497 [debug]: Query executed on node unknown:
describe table 
16:13:11.288165 [info ]: Finished downloading schemas [  1.17s]
16:13:11.354472 [info ]: Started building task graph
16:13:11.354576 [info ]: Finished building task graph [  0.00s]
16:13:11.362949 [info ]: Started rendering (2 nodes)
16:13:11.363008 [info ]: Started snapshot snapshots.policy_snapshot
16:13:11.363021 [debug]: Started rendering snapshot snapshots.policy_snapshot
16:13:11.363063 [info ]: Started model TRANSFORM.v_account
16:13:11.363072 [debug]: Started rendering model TRANSFORM.v_account
16:13:11.367910 [debug]: Compiled SQL for node snapshot.UPI_Fraud_Monitoring.policy_snapshot at target\.lsp\compiled\UPI_Fraud_Monitoring\snapshots\sl_account.sql\policy_snapshot.sql
16:13:11.368651 [debug]: Finished rendering [  0.01s] snapshot snapshots.policy_snapshot [success]
16:13:11.368765 [info ]: Started analyzing (2 nodes)
16:13:11.368783 [debug]: Started analyzing snapshot snapshots.policy_snapshot
16:13:11.369571 [debug]: create_debug_span(...).entered() took 37.1µs
16:13:11.369672 [debug]: Finished analyzing [  0.00s] snapshot snapshots.policy_snapshot [success]
16:13:11.369713 [info ]:  Succeeded [  0.01s] snapshot snapshots.policy_snapshot (snapshot)
16:13:11.623933 [debug]: stmt.execute() (submit+wait_for_completion, returns reader) took 254.0107ms
16:13:11.623986 [debug]: reader.schema() took 1µs
16:13:11.626597 [debug]: batch-consume loop (for res in reader) took 2.5671ms
16:13:11.629790 [debug]: do_execute(conn) (closure: stmt.execute + schema + batch loop) took 260.1474ms
16:13:11.629917 [debug]: concat_batches + normalize_result_column_names took 75.4µs
16:13:11.629932 [debug]: record_current_span_status_from_attrs took 5.9µs
16:13:11.629943 [debug]: Query executed on node model.UPI_Fraud_Monitoring.v_account:
describe table "UPI_FRAUD_MONITORING_DB"."TRANSFORM"."V_RAW_ACCOUNT"
/* {"app": "dbt", "connection_name": "", "dbt_version": "2.0.0", "profile_name": "UPI_Fraud_Monitoring", "target_name": "dev"} */
16:13:11.629959 [debug]: drop(query_span_guard) (span exit/export) took 21.3µs
16:13:11.632402 [debug]: Compiled SQL for node model.UPI_Fraud_Monitoring.v_account at target\.lsp\compiled\UPI_Fraud_Monitoring\models\bronze\views\v_account.sql
16:13:11.633036 [debug]: Finished rendering [  0.27s] model TRANSFORM.v_account [success]
16:13:11.633091 [info ]: Finished rendering [  0.27s] (2 nodes, 0 skipped, 0 errors)
16:13:11.633128 [debug]: Started analyzing model TRANSFORM.v_account
16:13:11.638459 [debug]: Finished analyzing [  0.01s] model TRANSFORM.v_account [success]
16:13:11.638515 [info ]: Finished analyzing [  0.27s] (2 nodes, 0 skipped, 0 errors)
16:13:11.638530 [info ]:  Succeeded [  0.27s] model TRANSFORM.v_account (view)
16:13:11.649781 [info ]: Started scheduling
16:13:11.650039 [info ]: Finished scheduling [  0.00s]
16:13:11.650312 [info ]: 
==================== Execution Summary =====================
Finished 'compile' with 2 warnings for target 'dev' [3.6s]
Processed: 1 model | 1 snapshot
Summary: 2 total | 2 success
16:13:11.650436 [info ]: 
==================== Execution Summary =====================
Finished 'compile' successfully for target 'dev' [3.6s]
16:13:11.650551 [info ]: Cached model count updated: 32 models (accurate)
==================== 2026-09-10T16:13:13.462629Z | 87a46756-58a0-4372-b4d7-f435f57481bb ====================
16:13:13.462761 [info ]: Started loading project
16:13:13.463684 [info ]: Loading profiles.yml
16:13:13.509792 [info ]: Cached model count updated: 32 models (estimate)
16:13:13.509855 [info ]: Cached model count updated: 32 models (accurate)
16:13:13.509988 [info ]: Started scheduling
16:13:13.510457 [info ]: Finished scheduling [  0.00s]
16:13:13.510500 [debug]: Compilation - 34 nodes selected: {"model.UPI_Fraud_Monitoring.gld_fraud_alert", "model.UPI_Fraud_Monitoring.gld_rule_results", "model.UPI_Fraud_Monitoring.sl_account", "model.UPI_Fraud_Monitoring.sl_beneficiary", "model.UPI_Fraud_Monitoring.sl_collect_request", "model.UPI_Fraud_Monitoring.sl_customer", "model.UPI_Fraud_Monitoring.sl_device_registry", "model.UPI_Fraud_Monitoring.sl_login_activity", "model.UPI_Fraud_Monitoring.sl_merchant", "model.UPI_Fraud_Monitoring.sl_password_change", "model.UPI_Fraud_Monitoring.sl_transaction", "model.UPI_Fraud_Monitoring.sl_watchlist", "model.UPI_Fraud_Monitoring.v_account", "model.UPI_Fraud_Monitoring.v_beneficiary", "model.UPI_Fraud_Monitoring.v_collect_request", "model.UPI_Fraud_Monitoring.v_customer", "model.UPI_Fraud_Monitoring.v_device_registry", "model.UPI_Fraud_Monitoring.v_login_activity", "model.UPI_Fraud_Monitoring.v_merchant", "model.UPI_Fraud_Monitoring.v_password_change", "model.UPI_Fraud_Monitoring.v_raw_account", "model.UPI_Fraud_Monitoring.v_raw_beneficiary", "model.UPI_Fraud_Monitoring.v_raw_collect_request", "model.UPI_Fraud_Monitoring.v_raw_customer", "model.UPI_Fraud_Monitoring.v_raw_device_registry", "model.UPI_Fraud_Monitoring.v_raw_login_activity", "model.UPI_Fraud_Monitoring.v_raw_merchant", "model.UPI_Fraud_Monitoring.v_raw_password_change", "model.UPI_Fraud_Monitoring.v_raw_transaction", "model.UPI_Fraud_Monitoring.v_raw_watchlist", "model.UPI_Fraud_Monitoring.v_transaction", "model.UPI_Fraud_Monitoring.v_watchlist", "seed.UPI_Fraud_Monitoring.dim_fraud_rule", "snapshot.UPI_Fraud_Monitoring.policy_snapshot"}
16:13:13.516139 [debug]:    Started downloading relations (1 items)
16:13:13.516339 [info ]: Finished loading project [  0.05s]
16:13:13.963257 [debug]: create_debug_span(...).entered() took 45.1µs
16:13:14.137801 [debug]: stmt.execute() (submit+wait_for_completion, returns reader) took 174.4264ms
16:13:14.137848 [debug]: reader.schema() took 1.3µs
16:13:14.141037 [debug]: batch-consume loop (for res in reader) took 3.1061ms
16:13:14.144159 [debug]: do_execute(conn) (closure: stmt.execute + schema + batch loop) took 180.8355ms
16:13:14.144317 [debug]: concat_batches + normalize_result_column_names took 107.5µs
16:13:14.144349 [debug]: record_current_span_status_from_attrs took 6.6µs
16:13:14.144366 [debug]: Query executed on node unknown:
SHOW OBJECTS IN SCHEMA "UPI_FRAUD_MONITORING_DB"."TRANSFORM" LIMIT 10000
16:13:14.144391 [debug]: drop(query_span_guard) (span exit/export) took 32.9µs
16:13:14.414003 [debug]:   Finished [  0.90s] downloading relations (1 items)
16:13:14.499761 [info ]: Started building task graph
16:13:14.500189 [info ]: Finished building task graph [  0.00s]
16:13:14.512199 [info ]: Started rendering (34 nodes)
16:13:14.512261 [info ]: Started snapshot snapshots.policy_snapshot
16:13:14.512279 [debug]: Started rendering snapshot snapshots.policy_snapshot
16:13:14.512326 [info ]: Started model TRANSFORM.v_raw_watchlist
16:13:14.512345 [debug]: Started rendering model TRANSFORM.v_raw_watchlist
16:13:14.512373 [info ]: Started model TRANSFORM.v_raw_transaction
16:13:14.512394 [debug]: Started rendering model TRANSFORM.v_raw_transaction
16:13:14.512416 [info ]: Started model TRANSFORM.v_raw_password_change
16:13:14.512430 [debug]: Started rendering model TRANSFORM.v_raw_password_change
16:13:14.512450 [info ]: Started model TRANSFORM.v_raw_merchant
16:13:14.512467 [debug]: Started rendering model TRANSFORM.v_raw_merchant
16:13:14.512504 [info ]: Started model TRANSFORM.v_raw_login_activity
16:13:14.512520 [debug]: Started rendering model TRANSFORM.v_raw_login_activity
16:13:14.512547 [info ]: Started model TRANSFORM.v_raw_device_registry
16:13:14.512559 [debug]: Started rendering model TRANSFORM.v_raw_device_registry
16:13:14.512586 [info ]: Started model TRANSFORM.v_raw_customer
16:13:14.512603 [debug]: Started rendering model TRANSFORM.v_raw_customer
16:13:14.512628 [info ]: Started model TRANSFORM.v_raw_collect_request
16:13:14.512643 [debug]: Started rendering model TRANSFORM.v_raw_collect_request
16:13:14.512744 [info ]: Started model TRANSFORM.v_raw_beneficiary
16:13:14.512755 [debug]: Started rendering model TRANSFORM.v_raw_beneficiary
16:13:14.512776 [info ]: Started model TRANSFORM.v_raw_account
16:13:14.512789 [debug]: Started rendering model TRANSFORM.v_raw_account
16:13:14.512813 [info ]: Started model TRANSFORM.sl_password_change
16:13:14.512822 [debug]: Started rendering model TRANSFORM.sl_password_change
16:13:14.512841 [info ]: Started model TRANSFORM.v_password_change
16:13:14.512854 [debug]: Started rendering model TRANSFORM.v_password_change
16:13:14.512875 [info ]: Started model TRANSFORM.sl_login_activity
16:13:14.512885 [debug]: Started rendering model TRANSFORM.sl_login_activity
16:13:14.512903 [info ]: Started model TRANSFORM.v_login_activity
16:13:14.512916 [debug]: Started rendering model TRANSFORM.v_login_activity
16:13:14.512944 [info ]: Started model TRANSFORM.sl_collect_request
16:13:14.512962 [debug]: Started rendering model TRANSFORM.sl_collect_request
16:13:14.512984 [info ]: Started model TRANSFORM.v_collect_request
16:13:14.513058 [debug]: Started rendering model TRANSFORM.v_collect_request
16:13:14.513057 [debug]: Started connection limit wait
16:13:14.513088 [debug]: Started connection limit wait
16:13:14.513084 [info ]: Started model TRANSFORM.sl_account
16:13:14.513098 [debug]: Started connection limit wait
16:13:14.513098 [debug]: Started rendering model TRANSFORM.sl_account
16:13:14.513108 [debug]: Started connection limit wait
16:13:14.513119 [debug]: Started connection limit wait
16:13:14.513120 [info ]: Started model TRANSFORM.v_account
16:13:14.513128 [debug]: Started connection limit wait
16:13:14.513133 [debug]: Started rendering model TRANSFORM.v_account
16:13:14.513137 [debug]: Started connection limit wait
16:13:14.513149 [debug]: Started connection limit wait
16:13:14.513155 [info ]: Started model analytics.gld_fraud_alert
16:13:14.513166 [debug]: Started rendering model analytics.gld_fraud_alert
16:13:14.513219 [debug]: Started connection limit wait
16:13:14.513188 [info ]: Started model analytics.gld_rule_results
16:13:14.513237 [debug]: Started rendering model analytics.gld_rule_results
16:13:14.513269 [info ]: Started seed TRANSFORM.dim_fraud_rule
16:13:14.513284 [debug]: Started rendering seed TRANSFORM.dim_fraud_rule
16:13:14.513305 [info ]: Started model TRANSFORM.sl_beneficiary
16:13:14.513318 [debug]: Started rendering model TRANSFORM.sl_beneficiary
16:13:14.513336 [info ]: Started model TRANSFORM.v_beneficiary
16:13:14.513347 [debug]: Started rendering model TRANSFORM.v_beneficiary
16:13:14.513367 [info ]: Started model TRANSFORM.sl_watchlist
16:13:14.513371 [debug]: Started connection limit wait
16:13:14.513378 [debug]: Started rendering model TRANSFORM.sl_watchlist
16:13:14.513390 [debug]: Started connection limit wait
16:13:14.513400 [debug]: Started connection limit wait
16:13:14.513397 [info ]: Started model TRANSFORM.v_watchlist
16:13:14.513409 [debug]: Started rendering model TRANSFORM.v_watchlist
16:13:14.513429 [info ]: Started model TRANSFORM.sl_transaction
16:13:14.513441 [debug]: Started rendering model TRANSFORM.sl_transaction
16:13:14.513462 [info ]: Started model TRANSFORM.v_transaction
16:13:14.513475 [debug]: Started rendering model TRANSFORM.v_transaction
16:13:14.513500 [info ]: Started model TRANSFORM.sl_merchant
16:13:14.513520 [debug]: Started rendering model TRANSFORM.sl_merchant
16:13:14.513550 [info ]: Started model TRANSFORM.v_merchant
16:13:14.513562 [debug]: Started rendering model TRANSFORM.v_merchant
16:13:14.513586 [info ]: Started model TRANSFORM.sl_device_registry
16:13:14.513598 [debug]: Started rendering model TRANSFORM.sl_device_registry
16:13:14.513617 [info ]: Started model TRANSFORM.v_device_registry
16:13:14.513627 [debug]: Started rendering model TRANSFORM.v_device_registry
16:13:14.513645 [info ]: Started model TRANSFORM.sl_customer
16:13:14.513658 [debug]: Started rendering model TRANSFORM.sl_customer
16:13:14.513677 [info ]: Started model TRANSFORM.v_customer
16:13:14.513690 [debug]: Started rendering model TRANSFORM.v_customer
16:13:14.513653 [debug]: Compiled SQL for node snapshot.UPI_Fraud_Monitoring.policy_snapshot at target\.lsp\compiled\UPI_Fraud_Monitoring\snapshots\sl_account.sql\policy_snapshot.sql
16:13:14.513735 [debug]: Finished rendering [  0.00s] seed TRANSFORM.dim_fraud_rule [success]
16:13:14.513763 [info ]:  Succeeded [-------] seed  TRANSFORM.dim_fraud_rule (table)
16:13:14.514233 [debug]: Started connection limit wait
16:13:14.514266 [debug]: Started connection limit wait
16:13:14.514278 [debug]: Started connection limit wait
16:13:14.514290 [debug]: Started connection limit wait
16:13:14.514300 [debug]: Started connection limit wait
16:13:14.514311 [debug]: Started connection limit wait
16:13:14.514321 [debug]: Started connection limit wait
16:13:14.514332 [debug]: Started connection limit wait
16:13:14.514343 [debug]: Started connection limit wait
16:13:14.517211 [debug]: Finished rendering [  0.00s] snapshot snapshots.policy_snapshot [success]
16:13:14.517322 [info ]: Started analyzing (33 nodes)
16:13:14.517344 [debug]: Started analyzing snapshot snapshots.policy_snapshot
16:13:14.518054 [debug]: Finished analyzing [  0.00s] snapshot snapshots.policy_snapshot [success]
16:13:14.518152 [info ]:  Succeeded [  0.00s] snapshot snapshots.policy_snapshot (snapshot)
16:13:14.519206 [debug]: Compiled SQL for node model.UPI_Fraud_Monitoring.v_raw_watchlist at target\.lsp\compiled\UPI_Fraud_Monitoring\models\bronze\raw_views\v_raw_watchlist.sql
16:13:14.520228 [debug]: Compiled SQL for node model.UPI_Fraud_Monitoring.v_raw_password_change at target\.lsp\compiled\UPI_Fraud_Monitoring\models\bronze\raw_views\v_raw_password_change.sql
16:13:14.520762 [debug]: Finished rendering [  0.01s] model TRANSFORM.v_raw_watchlist [success]
16:13:14.520857 [debug]: Started analyzing model TRANSFORM.v_raw_watchlist
16:13:14.521207 [debug]: Finished connection limit wait [  0.01s]
16:13:14.522656 [debug]: Finished analyzing [  0.00s] model TRANSFORM.v_raw_watchlist [success]
16:13:14.522723 [info ]:  Succeeded [  0.01s] model TRANSFORM.v_raw_watchlist (view)
16:13:14.522850 [debug]: Finished rendering [  0.01s] model TRANSFORM.v_raw_password_change [success]
16:13:14.522901 [debug]: Started analyzing model TRANSFORM.v_raw_password_change
16:13:14.522948 [debug]: Finished connection limit wait [  0.01s]
16:13:14.523132 [debug]: Compiled SQL for node model.UPI_Fraud_Monitoring.sl_account at target\.lsp\compiled\UPI_Fraud_Monitoring\models\silver\sl_account.sql
16:13:14.524279 [debug]: Finished analyzing [  0.00s] model TRANSFORM.v_raw_password_change [success]
16:13:14.524345 [info ]:  Succeeded [  0.01s] model TRANSFORM.v_raw_password_change (view)
16:13:14.524729 [debug]: Finished rendering [  0.01s] model TRANSFORM.sl_account [success]
16:13:14.524835 [debug]: Started analyzing model TRANSFORM.sl_account
16:13:14.525151 [debug]: Compiled SQL for node model.UPI_Fraud_Monitoring.gld_fraud_alert at target\.lsp\compiled\UPI_Fraud_Monitoring\models\gold\gld_fraud_alert.sql
16:13:14.530586 [debug]: Compiled SQL for node model.UPI_Fraud_Monitoring.gld_rule_results at target\.lsp\compiled\UPI_Fraud_Monitoring\models\gold\gld_rule_results.sql
16:13:14.530658 [debug]: Finished analyzing [  0.01s] model TRANSFORM.sl_account [success]
16:13:14.530703 [info ]:  Succeeded [  0.02s] model TRANSFORM.sl_account (incremental)
16:13:14.530803 [debug]: Finished rendering [  0.02s] model analytics.gld_fraud_alert [success]
16:13:14.530836 [debug]: Started analyzing model analytics.gld_fraud_alert
16:13:14.531279 [debug]: Finished rendering [  0.02s] model analytics.gld_rule_results [success]
16:13:14.531327 [debug]: Started analyzing model analytics.gld_rule_results
16:13:14.533046 [debug]: Finished analyzing [  0.00s] model analytics.gld_fraud_alert [success]
16:13:14.533106 [info ]:  Succeeded [  0.02s] model analytics.gld_fraud_alert (incremental)
16:13:14.537132 [debug]: Compiled SQL for node model.UPI_Fraud_Monitoring.sl_login_activity at target\.lsp\compiled\UPI_Fraud_Monitoring\models\silver\sl_login_activity.sql
16:13:14.537959 [debug]: Finished rendering [  0.02s] model TRANSFORM.sl_login_activity [success]
16:13:14.538064 [debug]: Started analyzing model TRANSFORM.sl_login_activity
16:13:14.538132 [debug]: Finished connection limit wait [  0.03s]
16:13:14.543890 [debug]: Finished analyzing [  0.01s] model TRANSFORM.sl_login_activity [success]
16:13:14.543989 [info ]:  Succeeded [  0.02s] model TRANSFORM.sl_login_activity (incremental)
16:13:14.546800 [debug]: Finished analyzing [  0.02s] model analytics.gld_rule_results [success]
16:13:14.546884 [info ]:  Succeeded [  0.03s] model analytics.gld_rule_results (incremental)
16:13:14.556611 [debug]: Compiled SQL for node model.UPI_Fraud_Monitoring.v_raw_device_registry at target\.lsp\compiled\UPI_Fraud_Monitoring\models\bronze\raw_views\v_raw_device_registry.sql
16:13:14.556611 [debug]: Compiled SQL for node model.UPI_Fraud_Monitoring.v_raw_transaction at target\.lsp\compiled\UPI_Fraud_Monitoring\models\bronze\raw_views\v_raw_transaction.sql
16:13:14.561004 [debug]: Compiled SQL for node model.UPI_Fraud_Monitoring.v_raw_account at target\.lsp\compiled\UPI_Fraud_Monitoring\models\bronze\raw_views\v_raw_account.sql
16:13:14.560509 [debug]: Compiled SQL for node model.UPI_Fraud_Monitoring.v_raw_merchant at target\.lsp\compiled\UPI_Fraud_Monitoring\models\bronze\raw_views\v_raw_merchant.sql
16:13:14.561612 [debug]: Finished rendering [  0.05s] model TRANSFORM.v_raw_transaction [success]
16:13:14.561641 [debug]: Compiled SQL for node model.UPI_Fraud_Monitoring.v_raw_customer at target\.lsp\compiled\UPI_Fraud_Monitoring\models\bronze\raw_views\v_raw_customer.sql
16:13:14.561694 [debug]: Started analyzing model TRANSFORM.v_raw_transaction
16:13:14.561734 [debug]: Finished connection limit wait [  0.05s]
16:13:14.561836 [debug]: Compiled SQL for node model.UPI_Fraud_Monitoring.v_raw_beneficiary at target\.lsp\compiled\UPI_Fraud_Monitoring\models\bronze\raw_views\v_raw_beneficiary.sql
16:13:14.561975 [debug]: Compiled SQL for node model.UPI_Fraud_Monitoring.v_raw_collect_request at target\.lsp\compiled\UPI_Fraud_Monitoring\models\bronze\raw_views\v_raw_collect_request.sql
16:13:14.562640 [debug]: Finished analyzing [  0.00s] model TRANSFORM.v_raw_transaction [success]
16:13:14.562708 [info ]:  Succeeded [  0.05s] model TRANSFORM.v_raw_transaction (view)
16:13:14.562856 [debug]: Finished rendering [  0.03s] model TRANSFORM.v_raw_account [success]
16:13:14.563097 [debug]: Finished connection limit wait [  0.05s]
16:13:14.563184 [debug]: Finished connection limit wait [  0.05s]
16:13:14.562915 [debug]: Started analyzing model TRANSFORM.v_raw_account
16:13:14.564195 [debug]: Finished rendering [  0.05s] model TRANSFORM.v_raw_device_registry [success]
16:13:14.564201 [debug]: Compiled SQL for node model.UPI_Fraud_Monitoring.v_raw_login_activity at target\.lsp\compiled\UPI_Fraud_Monitoring\models\bronze\raw_views\v_raw_login_activity.sql
16:13:14.564316 [debug]: Started analyzing model TRANSFORM.v_raw_device_registry
16:13:14.564364 [debug]: Finished rendering [  0.05s] model TRANSFORM.v_raw_customer [success]
16:13:14.564458 [debug]: Started analyzing model TRANSFORM.v_raw_customer
16:13:14.564502 [debug]: Finished rendering [  0.04s] model TRANSFORM.v_raw_beneficiary [success]
16:13:14.564525 [debug]: Started analyzing model TRANSFORM.v_raw_beneficiary
16:13:14.564639 [debug]: Finished rendering [  0.05s] model TRANSFORM.v_raw_merchant [success]
16:13:14.564716 [debug]: Started analyzing model TRANSFORM.v_raw_merchant
16:13:14.564785 [debug]: Finished rendering [  0.05s] model TRANSFORM.v_raw_collect_request [success]
16:13:14.564826 [debug]: Started analyzing model TRANSFORM.v_raw_collect_request
16:13:14.564837 [debug]: Finished connection limit wait [  0.05s]
16:13:14.564854 [debug]: Finished connection limit wait [  0.05s]
16:13:14.565732 [debug]: Finished rendering [  0.05s] model TRANSFORM.v_raw_login_activity [success]
16:13:14.566004 [debug]: Started analyzing model TRANSFORM.v_raw_login_activity
16:13:14.566191 [debug]: Compiled SQL for node model.UPI_Fraud_Monitoring.sl_password_change at target\.lsp\compiled\UPI_Fraud_Monitoring\models\silver\sl_password_change.sql
16:13:14.566510 [debug]: Finished connection limit wait [  0.05s]
16:13:14.567239 [debug]: Finished connection limit wait [  0.05s]
16:13:14.567407 [debug]: Finished rendering [  0.01s] model TRANSFORM.sl_password_change [success]
16:13:14.567473 [debug]: Started analyzing model TRANSFORM.sl_password_change
16:13:14.567519 [debug]: Finished connection limit wait [  0.05s]
16:13:14.568902 [debug]: Finished analyzing [  0.00s] model TRANSFORM.v_raw_collect_request [success]
16:13:14.568988 [info ]:  Succeeded [  0.06s] model TRANSFORM.v_raw_collect_request (view)
16:13:14.569159 [debug]: Finished analyzing [  0.01s] model TRANSFORM.v_raw_account [success]
16:13:14.569194 [info ]:  Succeeded [  0.03s] model TRANSFORM.v_raw_account (view)
16:13:14.569421 [debug]: Finished analyzing [  0.00s] model TRANSFORM.v_raw_beneficiary [success]
16:13:14.569443 [info ]:  Succeeded [  0.05s] model TRANSFORM.v_raw_beneficiary (view)
16:13:14.569474 [debug]: Finished analyzing [  0.00s] model TRANSFORM.v_raw_login_activity [success]
16:13:14.569468 [debug]: Finished connection limit wait [  0.06s]
16:13:14.569492 [info ]:  Succeeded [  0.06s] model TRANSFORM.v_raw_login_activity (view)
16:13:14.569535 [debug]: Finished analyzing [  0.01s] model TRANSFORM.v_raw_customer [success]
16:13:14.569549 [info ]:  Succeeded [  0.06s] model TRANSFORM.v_raw_customer (view)
16:13:14.569694 [debug]: Finished analyzing [  0.01s] model TRANSFORM.v_raw_device_registry [success]
16:13:14.569742 [info ]:  Succeeded [  0.06s] model TRANSFORM.v_raw_device_registry (view)
16:13:14.569863 [debug]: Finished analyzing [  0.01s] model TRANSFORM.v_raw_merchant [success]
16:13:14.569891 [info ]:  Succeeded [  0.06s] model TRANSFORM.v_raw_merchant (view)
16:13:14.570526 [debug]: Compiled SQL for node model.UPI_Fraud_Monitoring.sl_collect_request at target\.lsp\compiled\UPI_Fraud_Monitoring\models\silver\sl_collect_request.sql
16:13:14.572273 [debug]: Finished rendering [  0.01s] model TRANSFORM.sl_collect_request [success]
16:13:14.572357 [debug]: Started analyzing model TRANSFORM.sl_collect_request
16:13:14.572603 [debug]: Finished connection limit wait [  0.06s]
16:13:14.575188 [debug]: create_debug_span(...).entered() took 29µs
16:13:14.575188 [debug]: create_debug_span(...).entered() took 47.4µs
16:13:14.575360 [debug]: Compiled SQL for node model.UPI_Fraud_Monitoring.sl_watchlist at target\.lsp\compiled\UPI_Fraud_Monitoring\models\silver\sl_watchlist.sql
16:13:14.576160 [debug]: Finished analyzing [  0.01s] model TRANSFORM.sl_password_change [success]
16:13:14.576217 [info ]:  Succeeded [  0.01s] model TRANSFORM.sl_password_change (incremental)
16:13:14.579609 [debug]: Compiled SQL for node model.UPI_Fraud_Monitoring.sl_beneficiary at target\.lsp\compiled\UPI_Fraud_Monitoring\models\silver\sl_beneficiary.sql
16:13:14.579994 [debug]: Finished analyzing [  0.01s] model TRANSFORM.sl_collect_request [success]
16:13:14.580056 [info ]:  Succeeded [  0.02s] model TRANSFORM.sl_collect_request (incremental)
16:13:14.580450 [debug]: Finished rendering [  0.02s] model TRANSFORM.sl_beneficiary [success]
16:13:14.580509 [debug]: Started analyzing model TRANSFORM.sl_beneficiary
16:13:14.580552 [debug]: Finished connection limit wait [  0.07s]
16:13:14.581002 [debug]: create_debug_span(...).entered() took 29.5µs
16:13:14.581806 [debug]: Finished rendering [  0.01s] model TRANSFORM.sl_watchlist [success]
16:13:14.581932 [debug]: Started analyzing model TRANSFORM.sl_watchlist
16:13:14.582125 [debug]: Finished connection limit wait [  0.07s]
16:13:14.583640 [debug]: Finished analyzing [  0.00s] model TRANSFORM.sl_watchlist [success]
16:13:14.583710 [info ]:  Succeeded [  0.01s] model TRANSFORM.sl_watchlist (incremental)
16:13:14.584083 [debug]: Compiled SQL for node model.UPI_Fraud_Monitoring.v_account at target\.lsp\compiled\UPI_Fraud_Monitoring\models\bronze\views\v_account.sql
16:13:14.584575 [debug]: Finished rendering [  0.02s] model TRANSFORM.v_account [success]
16:13:14.584663 [debug]: Started analyzing model TRANSFORM.v_account
16:13:14.584783 [debug]: Finished connection limit wait [  0.07s]
16:13:14.589499 [debug]: create_debug_span(...).entered() took 44.7µs
16:13:14.589497 [debug]: Finished analyzing [  0.01s] model TRANSFORM.sl_beneficiary [success]
16:13:14.589624 [info ]:  Succeeded [  0.02s] model TRANSFORM.sl_beneficiary (incremental)
16:13:14.590166 [debug]: create_debug_span(...).entered() took 44.5µs
16:13:14.593097 [debug]: create_debug_span(...).entered() took 91.1µs
16:13:14.595548 [debug]: Compiled SQL for node model.UPI_Fraud_Monitoring.sl_transaction at target\.lsp\compiled\UPI_Fraud_Monitoring\models\silver\sl_transaction.sql
16:13:14.596990 [debug]: Finished rendering [  0.02s] model TRANSFORM.sl_transaction [success]
16:13:14.597081 [debug]: Started analyzing model TRANSFORM.sl_transaction
16:13:14.597151 [debug]: Finished connection limit wait [  0.08s]
16:13:14.600585 [debug]: Finished analyzing [  0.00s] model TRANSFORM.sl_transaction [success]
16:13:14.600660 [info ]:  Succeeded [  0.02s] model TRANSFORM.sl_transaction (incremental)
16:13:14.600691 [debug]: create_debug_span(...).entered() took 33.5µs
16:13:14.602161 [debug]: Finished analyzing [  0.02s] model TRANSFORM.v_account [success]
16:13:14.602240 [info ]:  Succeeded [  0.03s] model TRANSFORM.v_account (view)
16:13:14.603511 [debug]: Compiled SQL for node model.UPI_Fraud_Monitoring.sl_merchant at target\.lsp\compiled\UPI_Fraud_Monitoring\models\silver\sl_merchant.sql
16:13:14.603942 [debug]: Finished connection limit wait [  0.09s]
16:13:14.603986 [debug]: Finished rendering [  0.01s] model TRANSFORM.sl_merchant [success]
16:13:14.604049 [debug]: Started analyzing model TRANSFORM.sl_merchant
16:13:14.607238 [debug]: Finished analyzing [  0.00s] model TRANSFORM.sl_merchant [success]
16:13:14.607332 [info ]:  Succeeded [  0.01s] model TRANSFORM.sl_merchant (incremental)
16:13:14.607861 [debug]: create_debug_span(...).entered() took 39.4µs
16:13:14.666948 [debug]: stmt.execute() (submit+wait_for_completion, returns reader) took 75.3721ms
16:13:14.667012 [debug]: reader.schema() took 2.1µs
16:13:14.669934 [debug]: batch-consume loop (for res in reader) took 2.8831ms
16:13:14.673435 [debug]: do_execute(conn) (closure: stmt.execute + schema + batch loop) took 83.8546ms
16:13:14.673584 [debug]: concat_batches + normalize_result_column_names took 96.1µs
16:13:14.673602 [debug]: record_current_span_status_from_attrs took 6.2µs
16:13:14.673616 [debug]: Query executed on node model.UPI_Fraud_Monitoring.v_merchant:
describe table "UPI_FRAUD_MONITORING_DB"."TRANSFORM"."V_RAW_MERCHANT"
/* {"app": "dbt", "connection_name": "", "dbt_version": "2.0.0", "profile_name": "UPI_Fraud_Monitoring", "target_name": "dev"} */
16:13:14.673636 [debug]: drop(query_span_guard) (span exit/export) took 28.8µs
16:13:14.677961 [debug]: Compiled SQL for node model.UPI_Fraud_Monitoring.v_merchant at target\.lsp\compiled\UPI_Fraud_Monitoring\models\bronze\views\v_merchant.sql
16:13:14.678461 [debug]: Finished connection limit wait [  0.16s]
16:13:14.678504 [debug]: Finished rendering [  0.11s] model TRANSFORM.v_merchant [success]
16:13:14.678588 [debug]: Started analyzing model TRANSFORM.v_merchant
16:13:14.682262 [debug]: stmt.execute() (submit+wait_for_completion, returns reader) took 100.6764ms
16:13:14.682334 [debug]: reader.schema() took 1.2µs
16:13:14.682870 [debug]: Compiled SQL for node model.UPI_Fraud_Monitoring.sl_device_registry at target\.lsp\compiled\UPI_Fraud_Monitoring\models\silver\sl_device_registry.sql
16:13:14.683481 [debug]: Finished rendering [  0.01s] model TRANSFORM.sl_device_registry [success]
16:13:14.683527 [debug]: Finished connection limit wait [  0.17s]
16:13:14.683588 [debug]: Started analyzing model TRANSFORM.sl_device_registry
16:13:14.685889 [debug]: Finished analyzing [  0.00s] model TRANSFORM.sl_device_registry [success]
16:13:14.686003 [info ]:  Succeeded [  0.01s] model TRANSFORM.sl_device_registry (incremental)
16:13:14.686903 [debug]: Finished analyzing [  0.01s] model TRANSFORM.v_merchant [success]
16:13:14.686993 [info ]:  Succeeded [  0.11s] model TRANSFORM.v_merchant (view)
16:13:14.688389 [debug]: Compiled SQL for node model.UPI_Fraud_Monitoring.sl_customer at target\.lsp\compiled\UPI_Fraud_Monitoring\models\silver\sl_customer.sql
16:13:14.688550 [debug]: batch-consume loop (for res in reader) took 6.181ms
16:13:14.688863 [debug]: Finished connection limit wait [  0.17s]
16:13:14.688941 [debug]: Finished rendering [  0.01s] model TRANSFORM.sl_customer [success]
16:13:14.689056 [debug]: Started analyzing model TRANSFORM.sl_customer
16:13:14.691638 [debug]: Finished analyzing [  0.00s] model TRANSFORM.sl_customer [success]
16:13:14.691797 [info ]:  Succeeded [  0.01s] model TRANSFORM.sl_customer (incremental)
16:13:14.693221 [debug]: do_execute(conn) (closure: stmt.execute + schema + batch loop) took 112.171ms
16:13:14.693369 [debug]: concat_batches + normalize_result_column_names took 104.7µs
16:13:14.693383 [debug]: record_current_span_status_from_attrs took 4.9µs
16:13:14.693397 [debug]: Query executed on node model.UPI_Fraud_Monitoring.v_beneficiary:
describe table "UPI_FRAUD_MONITORING_DB"."TRANSFORM"."V_RAW_BENEFICIARY"
/* {"app": "dbt", "connection_name": "", "dbt_version": "2.0.0", "profile_name": "UPI_Fraud_Monitoring", "target_name": "dev"} */
16:13:14.693418 [debug]: drop(query_span_guard) (span exit/export) took 28.5µs
16:13:14.693824 [debug]: create_debug_span(...).entered() took 27.7µs
16:13:14.696253 [debug]: Compiled SQL for node model.UPI_Fraud_Monitoring.v_beneficiary at target\.lsp\compiled\UPI_Fraud_Monitoring\models\bronze\views\v_beneficiary.sql
16:13:14.696686 [debug]: Finished rendering [  0.13s] model TRANSFORM.v_beneficiary [success]
16:13:14.696776 [debug]: Started analyzing model TRANSFORM.v_beneficiary
16:13:14.701592 [debug]: Finished analyzing [  0.00s] model TRANSFORM.v_beneficiary [success]
16:13:14.701658 [info ]:  Succeeded [  0.13s] model TRANSFORM.v_beneficiary (view)
16:13:14.736572 [debug]: stmt.execute() (submit+wait_for_completion, returns reader) took 155.2548ms
16:13:14.736627 [debug]: reader.schema() took 1.2µs
16:13:14.736654 [debug]: stmt.execute() (submit+wait_for_completion, returns reader) took 155.1819ms
16:13:14.736666 [debug]: reader.schema() took 200ns
16:13:14.739243 [debug]: batch-consume loop (for res in reader) took 2.5721ms
16:13:14.739242 [debug]: batch-consume loop (for res in reader) took 2.5328ms
16:13:14.741691 [debug]: do_execute(conn) (closure: stmt.execute + schema + batch loop) took 161.545ms
16:13:14.741691 [debug]: do_execute(conn) (closure: stmt.execute + schema + batch loop) took 166.2486ms
16:13:14.741824 [debug]: concat_batches + normalize_result_column_names took 81.4µs
16:13:14.741826 [debug]: concat_batches + normalize_result_column_names took 73.2µs
16:13:14.741844 [debug]: record_current_span_status_from_attrs took 7µs
16:13:14.741844 [debug]: record_current_span_status_from_attrs took 6.9µs
16:13:14.741858 [debug]: Query executed on node model.UPI_Fraud_Monitoring.v_collect_request:
describe table "UPI_FRAUD_MONITORING_DB"."TRANSFORM"."V_RAW_COLLECT_REQUEST"
/* {"app": "dbt", "connection_name": "", "dbt_version": "2.0.0", "profile_name": "UPI_Fraud_Monitoring", "target_name": "dev"} */
16:13:14.741858 [debug]: Query executed on node model.UPI_Fraud_Monitoring.v_login_activity:
describe table "UPI_FRAUD_MONITORING_DB"."TRANSFORM"."V_RAW_LOGIN_ACTIVITY"
/* {"app": "dbt", "connection_name": "", "dbt_version": "2.0.0", "profile_name": "UPI_Fraud_Monitoring", "target_name": "dev"} */
16:13:14.741881 [debug]: drop(query_span_guard) (span exit/export) took 28.7µs
16:13:14.741883 [debug]: drop(query_span_guard) (span exit/export) took 29µs
16:13:14.745763 [debug]: Compiled SQL for node model.UPI_Fraud_Monitoring.v_collect_request at target\.lsp\compiled\UPI_Fraud_Monitoring\models\bronze\views\v_collect_request.sql
16:13:14.745763 [debug]: Compiled SQL for node model.UPI_Fraud_Monitoring.v_login_activity at target\.lsp\compiled\UPI_Fraud_Monitoring\models\bronze\views\v_login_activity.sql
16:13:14.746338 [debug]: Finished rendering [  0.18s] model TRANSFORM.v_collect_request [success]
16:13:14.746576 [debug]: Started analyzing model TRANSFORM.v_collect_request
16:13:14.746851 [debug]: Finished rendering [  0.18s] model TRANSFORM.v_login_activity [success]
16:13:14.746920 [debug]: Started analyzing model TRANSFORM.v_login_activity
16:13:14.751286 [debug]: Finished analyzing [  0.00s] model TRANSFORM.v_collect_request [success]
16:13:14.751370 [info ]:  Succeeded [  0.18s] model TRANSFORM.v_collect_request (view)
16:13:14.751516 [debug]: stmt.execute() (submit+wait_for_completion, returns reader) took 155.5714ms
16:13:14.751556 [debug]: reader.schema() took 800ns
16:13:14.755400 [debug]: batch-consume loop (for res in reader) took 3.7883ms
16:13:14.756376 [debug]: stmt.execute() (submit+wait_for_completion, returns reader) took 165.8272ms
16:13:14.756418 [debug]: Finished analyzing [  0.01s] model TRANSFORM.v_login_activity [success]
16:13:14.756441 [debug]: reader.schema() took 900ns
16:13:14.756477 [info ]:  Succeeded [  0.19s] model TRANSFORM.v_login_activity (view)
16:13:14.759139 [debug]: stmt.execute() (submit+wait_for_completion, returns reader) took 157.6054ms
16:13:14.759340 [debug]: reader.schema() took 38.9µs
16:13:14.759582 [debug]: stmt.execute() (submit+wait_for_completion, returns reader) took 65.6288ms
16:13:14.759607 [debug]: reader.schema() took 300ns
16:13:14.762455 [debug]: do_execute(conn) (closure: stmt.execute + schema + batch loop) took 169.2575ms
16:13:14.762824 [debug]: concat_batches + normalize_result_column_names took 265.7µs
16:13:14.762884 [debug]: record_current_span_status_from_attrs took 14.7µs
16:13:14.762941 [debug]: Query executed on node model.UPI_Fraud_Monitoring.v_watchlist:
describe table "UPI_FRAUD_MONITORING_DB"."TRANSFORM"."V_RAW_WATCHLIST"
/* {"app": "dbt", "connection_name": "", "dbt_version": "2.0.0", "profile_name": "UPI_Fraud_Monitoring", "target_name": "dev"} */
16:13:14.762984 [debug]: drop(query_span_guard) (span exit/export) took 82.2µs
16:13:14.769274 [debug]: stmt.execute() (submit+wait_for_completion, returns reader) took 161.1158ms
16:13:14.769342 [debug]: reader.schema() took 1.3µs
16:13:14.769955 [debug]: Compiled SQL for node model.UPI_Fraud_Monitoring.v_watchlist at target\.lsp\compiled\UPI_Fraud_Monitoring\models\bronze\views\v_watchlist.sql
16:13:14.770203 [debug]: batch-consume loop (for res in reader) took 10.8194ms
16:13:14.770533 [debug]: Finished rendering [  0.19s] model TRANSFORM.v_watchlist [success]
16:13:14.770652 [debug]: batch-consume loop (for res in reader) took 14.1696ms
16:13:14.770680 [debug]: batch-consume loop (for res in reader) took 11.0511ms
16:13:14.770688 [debug]: Started analyzing model TRANSFORM.v_watchlist
16:13:14.776602 [debug]: batch-consume loop (for res in reader) took 7.2018ms
16:13:14.781163 [debug]: do_execute(conn) (closure: stmt.execute + schema + batch loop) took 87.2768ms
16:13:14.781164 [debug]: do_execute(conn) (closure: stmt.execute + schema + batch loop) took 180.4166ms
16:13:14.781162 [debug]: do_execute(conn) (closure: stmt.execute + schema + batch loop) took 190.931ms
16:13:14.781331 [debug]: concat_batches + normalize_result_column_names took 114.8µs
16:13:14.781332 [debug]: concat_batches + normalize_result_column_names took 114.9µs
16:13:14.781337 [debug]: concat_batches + normalize_result_column_names took 117.6µs
16:13:14.781348 [debug]: record_current_span_status_from_attrs took 7.2µs
16:13:14.781348 [debug]: record_current_span_status_from_attrs took 2.5µs
16:13:14.781347 [debug]: record_current_span_status_from_attrs took 6.1µs
16:13:14.781364 [debug]: Query executed on node model.UPI_Fraud_Monitoring.v_password_change:
describe table "UPI_FRAUD_MONITORING_DB"."TRANSFORM"."V_RAW_PASSWORD_CHANGE"
/* {"app": "dbt", "connection_name": "", "dbt_version": "2.0.0", "profile_name": "UPI_Fraud_Monitoring", "target_name": "dev"} */
16:13:14.781364 [debug]: Query executed on node model.UPI_Fraud_Monitoring.v_customer:
describe table "UPI_FRAUD_MONITORING_DB"."TRANSFORM"."V_RAW_CUSTOMER"
/* {"app": "dbt", "connection_name": "", "dbt_version": "2.0.0", "profile_name": "UPI_Fraud_Monitoring", "target_name": "dev"} */
16:13:14.781363 [debug]: Query executed on node model.UPI_Fraud_Monitoring.v_transaction:
describe table "UPI_FRAUD_MONITORING_DB"."TRANSFORM"."V_RAW_TRANSACTION"
/* {"app": "dbt", "connection_name": "", "dbt_version": "2.0.0", "profile_name": "UPI_Fraud_Monitoring", "target_name": "dev"} */
16:13:14.781383 [debug]: drop(query_span_guard) (span exit/export) took 24.5µs
16:13:14.781382 [debug]: drop(query_span_guard) (span exit/export) took 24.5µs
16:13:14.781382 [debug]: drop(query_span_guard) (span exit/export) took 26.8µs
16:13:14.783070 [debug]: Finished analyzing [  0.01s] model TRANSFORM.v_watchlist [success]
16:13:14.783137 [info ]:  Succeeded [  0.20s] model TRANSFORM.v_watchlist (view)
16:13:14.786403 [debug]: Compiled SQL for node model.UPI_Fraud_Monitoring.v_customer at target\.lsp\compiled\UPI_Fraud_Monitoring\models\bronze\views\v_customer.sql
16:13:14.787543 [debug]: Compiled SQL for node model.UPI_Fraud_Monitoring.v_password_change at target\.lsp\compiled\UPI_Fraud_Monitoring\models\bronze\views\v_password_change.sql
16:13:14.789133 [debug]: Finished rendering [  0.10s] model TRANSFORM.v_customer [success]
16:13:14.789252 [debug]: Started analyzing model TRANSFORM.v_customer
16:13:14.790262 [debug]: Compiled SQL for node model.UPI_Fraud_Monitoring.v_transaction at target\.lsp\compiled\UPI_Fraud_Monitoring\models\bronze\views\v_transaction.sql
16:13:14.790662 [debug]: Finished rendering [  0.23s] model TRANSFORM.v_password_change [success]
16:13:14.790744 [debug]: Started analyzing model TRANSFORM.v_password_change
16:13:14.803409 [debug]: Finished analyzing [  0.01s] model TRANSFORM.v_customer [success]
16:13:14.803469 [info ]:  Succeeded [  0.12s] model TRANSFORM.v_customer (view)
16:13:14.803864 [debug]: Finished rendering [  0.22s] model TRANSFORM.v_transaction [success]
16:13:14.803910 [debug]: Started analyzing model TRANSFORM.v_transaction
16:13:14.820199 [debug]: Finished analyzing [  0.02s] model TRANSFORM.v_transaction [success]
16:13:14.820256 [info ]:  Succeeded [  0.24s] model TRANSFORM.v_transaction (view)
16:13:14.825686 [debug]: Finished analyzing [  0.03s] model TRANSFORM.v_password_change [success]
16:13:14.825792 [info ]:  Succeeded [  0.26s] model TRANSFORM.v_password_change (view)
16:13:14.897912 [debug]: do_execute(conn) (closure: stmt.execute + schema + batch loop) took 289.9707ms
16:13:14.898118 [debug]: concat_batches + normalize_result_column_names took 140.3µs
16:13:14.898138 [debug]: record_current_span_status_from_attrs took 9.6µs
16:13:14.898159 [debug]: Query executed on node model.UPI_Fraud_Monitoring.v_device_registry:
describe table "UPI_FRAUD_MONITORING_DB"."TRANSFORM"."V_RAW_DEVICE_REGISTRY"
/* {"app": "dbt", "connection_name": "", "dbt_version": "2.0.0", "profile_name": "UPI_Fraud_Monitoring", "target_name": "dev"} */
16:13:14.898189 [debug]: drop(query_span_guard) (span exit/export) took 40.8µs
16:13:14.906230 [debug]: Compiled SQL for node model.UPI_Fraud_Monitoring.v_device_registry at target\.lsp\compiled\UPI_Fraud_Monitoring\models\bronze\views\v_device_registry.sql
16:13:14.908679 [debug]: Finished rendering [  0.31s] model TRANSFORM.v_device_registry [success]
16:13:14.908800 [info ]: Finished rendering [  0.40s] (34 nodes, 0 skipped, 0 errors)
16:13:14.908882 [debug]: Started analyzing model TRANSFORM.v_device_registry
16:13:14.917088 [debug]: Finished analyzing [  0.01s] model TRANSFORM.v_device_registry [success]
16:13:14.917152 [info ]: Finished analyzing [  0.40s] (33 nodes, 0 skipped, 0 errors)
16:13:14.917175 [info ]:  Succeeded [  0.31s] model TRANSFORM.v_device_registry (view)
16:13:14.936573 [info ]: Started scheduling
16:13:14.936863 [info ]: Finished scheduling [  0.00s]
16:13:14.937200 [info ]: 
==================== Execution Summary =====================
Finished 'compile' successfully for target 'dev' [1.5s]
Processed: 32 models | 1 snapshot | 1 seed
Summary: 34 total | 34 success
16:13:14.943268 [info ]: Cached model count updated: 32 models (accurate)
==================== 2026-09-10T16:26:07.407701Z | 4e183e7e-b5c2-461e-9cba-a67b0755f433 ====================
16:26:07.407893 [info ]: Started loading project
16:26:07.409033 [info ]: Loading profiles.yml
==================== 2026-09-10T16:26:07.424194Z | d9e98971-7910-4750-bdac-a17dfe8ffaf4 ====================
16:26:07.424681 [info ]: Started loading project
16:26:07.426126 [info ]: Loading profiles.yml
16:26:07.426776 [info ]: Finished loading project [  0.02s]
16:26:07.438739 [info ]:    Started resolving packages from packages.yml
16:26:07.531321 [info ]:   Finished [  0.09s] resolving packages from packages.yml (2 items)
16:26:07.531945 [debug]:    Started loading packages
16:26:07.554623 [debug]:     Loaded [  0.02s] packages
16:26:07.555833 [info ]: Finished loading project [  0.13s]
16:26:07.556229 [info ]: Started parsing
16:26:07.625277 [debug]: Finished parsing models/gold/gld_fraud_alert.yml [  0.00s]
16:26:07.625707 [debug]: Finished parsing models/gold/gld_rule_results.yml [  0.00s]
16:26:07.625937 [debug]: Finished parsing models/schema.yml [  0.00s]
16:26:07.626254 [debug]: Finished parsing models/sources.yml [  0.00s]
16:26:07.642142 [debug]: Finished parsing snapshots\sl_account.sql [  0.01s]
16:26:07.645798 [debug]: Finished parsing models/bronze/raw_views/v_raw_account.sql [  0.00s]
16:26:07.647494 [debug]: Finished parsing models/bronze/raw_views/v_raw_beneficiary.sql [  0.00s]
16:26:07.649236 [debug]: Finished parsing models/bronze/raw_views/v_raw_collect_request.sql [  0.00s]
16:26:07.650501 [debug]: Finished parsing models/bronze/raw_views/v_raw_customer.sql [  0.00s]
16:26:07.651959 [debug]: Finished parsing models/bronze/raw_views/v_raw_device_registry.sql [  0.00s]
16:26:07.653177 [debug]: Finished parsing models/bronze/raw_views/v_raw_login_activity.sql [  0.00s]
16:26:07.654466 [debug]: Finished parsing models/bronze/raw_views/v_raw_merchant.sql [  0.00s]
16:26:07.655681 [debug]: Finished parsing models/bronze/raw_views/v_raw_password_change.sql [  0.00s]
16:26:07.657046 [debug]: Finished parsing models/bronze/raw_views/v_raw_transaction.sql [  0.00s]
16:26:07.658273 [debug]: Finished parsing models/bronze/raw_views/v_raw_watchlist.sql [  0.00s]
16:26:07.659571 [debug]: Finished parsing models/bronze/views/v_account.sql [  0.00s]
16:26:07.660850 [debug]: Finished parsing models/bronze/views/v_beneficiary.sql [  0.00s]
16:26:07.662616 [debug]: Finished parsing models/bronze/views/v_collect_request.sql [  0.00s]
16:26:07.664185 [debug]: Finished parsing models/bronze/views/v_customer.sql [  0.00s]
16:26:07.666005 [debug]: Finished parsing models/bronze/views/v_device_registry.sql [  0.00s]
16:26:07.667257 [debug]: Finished parsing models/bronze/views/v_login_activity.sql [  0.00s]
16:26:07.668768 [debug]: Finished parsing models/bronze/views/v_merchant.sql [  0.00s]
16:26:07.670016 [debug]: Finished parsing models/bronze/views/v_password_change.sql [  0.00s]
16:26:07.671431 [debug]: Finished parsing models/bronze/views/v_transaction.sql [  0.00s]
16:26:07.672841 [debug]: Finished parsing models/bronze/views/v_watchlist.sql [  0.00s]
16:26:07.674246 [debug]: Finished parsing models/gold/gld_fraud_alert.sql [  0.00s]
16:26:07.675850 [debug]: Finished parsing models/gold/gld_rule_results.sql [  0.00s]
16:26:07.677677 [debug]: Finished parsing models/silver/sl_account.sql [  0.00s]
16:26:07.679934 [debug]: Finished parsing models/silver/sl_beneficiary.sql [  0.00s]
16:26:07.681797 [debug]: Finished parsing models/silver/sl_collect_request.sql [  0.00s]
16:26:07.683445 [debug]: Finished parsing models/silver/sl_customer.sql [  0.00s]
16:26:07.685098 [debug]: Finished parsing models/silver/sl_device_registry.sql [  0.00s]
16:26:07.686655 [debug]: Finished parsing models/silver/sl_login_activity.sql [  0.00s]
16:26:07.688156 [debug]: Finished parsing models/silver/sl_merchant.sql [  0.00s]
16:26:07.689698 [debug]: Finished parsing models/silver/sl_password_change.sql [  0.00s]
16:26:07.691274 [debug]: Finished parsing models/silver/sl_transaction.sql [  0.00s]
16:26:07.693070 [debug]: Finished parsing models/silver/sl_watchlist.sql [  0.00s]
16:26:07.724875 [warn ]: [NoNodeForYamlKey (dbt1089)]: Unused schema.yml entry for model 'alert_results'
  --> models/gold/gld_fraud_alert.yml
16:26:07.724956 [warn ]: [NoNodeForYamlKey (dbt1089)]: Unused schema.yml entry for model 'fraud_alerts'
  --> models/gold/gld_rule_results.yml
16:26:07.952343 [info ]: Finished parsing [  0.40s]
16:26:07.954450 [info ]: Cached model count updated: 32 models (estimate)
16:26:07.954485 [info ]: Cached model count updated: 32 models (accurate)
16:26:07.954601 [info ]: Started scheduling
16:26:07.954836 [info ]: Finished scheduling [  0.00s]
16:26:07.954864 [debug]: Compilation - 2 nodes selected: {"model.UPI_Fraud_Monitoring.v_account", "snapshot.UPI_Fraud_Monitoring.account"}
16:26:07.954898 [info ]: Started scheduling
16:26:07.955193 [info ]: Finished scheduling [  0.00s]
16:26:07.959788 [debug]: Initializing schema store with entry: Frontier(CanonicalFqn { catalog: "UPI_FRAUD_MONITORING_DB", schema: "STAGING", table: "PASSWORD_CHANGE" }) and interval: None
16:26:07.959883 [debug]: Initializing schema store with entry: Frontier(CanonicalFqn { catalog: "UPI_FRAUD_MONITORING_DB", schema: "STAGING", table: "WATCHLIST" }) and interval: None
16:26:07.959910 [debug]: Initializing schema store with entry: Frontier(CanonicalFqn { catalog: "UPI_FRAUD_MONITORING_DB", schema: "STAGING", table: "LOGIN_ACTIVITY" }) and interval: None
16:26:07.959945 [debug]: Initializing schema store with entry: Frontier(CanonicalFqn { catalog: "UPI_FRAUD_MONITORING_DB", schema: "STAGING", table: "DEVICE_REGISTRY" }) and interval: None
16:26:07.959991 [debug]: Initializing schema store with entry: Frontier(CanonicalFqn { catalog: "UPI_FRAUD_MONITORING_DB", schema: "STAGING", table: "ACCOUNT" }) and interval: None
16:26:07.960029 [debug]: Initializing schema store with entry: Frontier(CanonicalFqn { catalog: "UPI_FRAUD_MONITORING_DB", schema: "STAGING", table: "BENEFICIARY" }) and interval: None
16:26:07.960057 [debug]: Initializing schema store with entry: Frontier(CanonicalFqn { catalog: "UPI_FRAUD_MONITORING_DB", schema: "STAGING", table: "UPI_TRANSACTION" }) and interval: None
16:26:07.960108 [debug]: Initializing schema store with entry: Frontier(CanonicalFqn { catalog: "UPI_FRAUD_MONITORING_DB", schema: "STAGING", table: "COLLECT_REQUEST" }) and interval: None
16:26:07.960138 [debug]: Initializing schema store with entry: Frontier(CanonicalFqn { catalog: "UPI_FRAUD_MONITORING_DB", schema: "STAGING", table: "MERCHANT" }) and interval: None
16:26:07.960160 [debug]: Initializing schema store with entry: Frontier(CanonicalFqn { catalog: "UPI_FRAUD_MONITORING_DB", schema: "STAGING", table: "CUSTOMER" }) and interval: None
16:26:07.964037 [debug]:    Started downloading relations (1 items)
16:26:08.589205 [debug]: create_debug_span(...).entered() took 41.2µs
16:26:08.729567 [debug]: stmt.execute() (submit+wait_for_completion, returns reader) took 140.2434ms
16:26:08.729632 [debug]: reader.schema() took 1.1µs
16:26:08.732997 [debug]: batch-consume loop (for res in reader) took 3.3255ms
16:26:08.736528 [debug]: do_execute(conn) (closure: stmt.execute + schema + batch loop) took 147.26ms
16:26:08.736673 [debug]: concat_batches + normalize_result_column_names took 96.4µs
16:26:08.736691 [debug]: record_current_span_status_from_attrs took 7.8µs
16:26:08.736707 [debug]: Query executed on node unknown:
SHOW OBJECTS IN SCHEMA "UPI_FRAUD_MONITORING_DB"."TRANSFORM" LIMIT 10000
16:26:08.736722 [debug]: drop(query_span_guard) (span exit/export) took 24.4µs
16:26:09.215626 [debug]:   Finished [  1.25s] downloading relations (1 items)
16:26:09.215758 [info ]: Started downloading schemas
16:26:09.216231 [debug]: create_debug_span(...).entered() took 48.3µs
16:26:09.518962 [debug]: Query executed on node unknown:
describe table 
16:26:10.519990 [info ]: Finished downloading schemas [  1.30s]
16:26:10.590350 [info ]: Started building task graph
16:26:10.590463 [info ]: Finished building task graph [  0.00s]
16:26:10.599257 [info ]: Started rendering (2 nodes)
16:26:10.599322 [info ]: Started snapshot snapshots.account
16:26:10.599338 [debug]: Started rendering snapshot snapshots.account
16:26:10.599391 [info ]: Started model TRANSFORM.v_account
16:26:10.599405 [debug]: Started rendering model TRANSFORM.v_account
16:26:10.602677 [debug]: create_debug_span(...).entered() took 27.1µs
16:26:10.605455 [debug]: Compiled SQL for node snapshot.UPI_Fraud_Monitoring.account at target\.lsp\compiled\UPI_Fraud_Monitoring\snapshots\sl_account.sql\account.sql
16:26:10.605898 [debug]: Finished rendering [  0.01s] snapshot snapshots.account [success]
16:26:10.606020 [info ]: Started analyzing (2 nodes)
16:26:10.606045 [debug]: Started analyzing snapshot snapshots.account
16:26:10.606704 [debug]: Finished analyzing [  0.00s] snapshot snapshots.account [success]
16:26:10.606769 [info ]:  Succeeded [  0.01s] snapshot snapshots.account (snapshot)
16:26:10.795570 [debug]: stmt.execute() (submit+wait_for_completion, returns reader) took 192.6615ms
16:26:10.795618 [debug]: reader.schema() took 1.1µs
16:26:10.798202 [debug]: batch-consume loop (for res in reader) took 2.5447ms
16:26:10.800173 [debug]: do_execute(conn) (closure: stmt.execute + schema + batch loop) took 197.4203ms
16:26:10.800327 [debug]: concat_batches + normalize_result_column_names took 103.1µs
16:26:10.800350 [debug]: record_current_span_status_from_attrs took 6.6µs
16:26:10.800365 [debug]: Query executed on node model.UPI_Fraud_Monitoring.v_account:
describe table "UPI_FRAUD_MONITORING_DB"."TRANSFORM"."V_RAW_ACCOUNT"
/* {"app": "dbt", "connection_name": "", "dbt_version": "2.0.0", "profile_name": "UPI_Fraud_Monitoring", "target_name": "dev"} */
16:26:10.800389 [debug]: drop(query_span_guard) (span exit/export) took 31.8µs
16:26:10.803091 [debug]: Compiled SQL for node model.UPI_Fraud_Monitoring.v_account at target\.lsp\compiled\UPI_Fraud_Monitoring\models\bronze\views\v_account.sql
16:26:10.803464 [debug]: Finished rendering [  0.20s] model TRANSFORM.v_account [success]
16:26:10.803526 [info ]: Finished rendering [  0.20s] (2 nodes, 0 skipped, 0 errors)
16:26:10.803573 [debug]: Started analyzing model TRANSFORM.v_account
16:26:10.808755 [debug]: Finished analyzing [  0.01s] model TRANSFORM.v_account [success]
16:26:10.808815 [info ]: Finished analyzing [  0.20s] (2 nodes, 0 skipped, 0 errors)
16:26:10.808832 [info ]:  Succeeded [  0.21s] model TRANSFORM.v_account (view)
16:26:10.819917 [info ]: Started scheduling
16:26:10.820121 [info ]: Finished scheduling [  0.00s]
16:26:10.820390 [info ]: 
==================== Execution Summary =====================
Finished 'compile' with 2 warnings for target 'dev' [3.4s]
Processed: 1 model | 1 snapshot
Summary: 2 total | 2 success
16:26:10.820505 [info ]: 
==================== Execution Summary =====================
Finished 'compile' successfully for target 'dev' [3.4s]
16:26:10.820611 [info ]: Cached model count updated: 32 models (accurate)
==================== 2026-09-10T16:26:12.409950Z | 5bf8ad0f-ac70-4047-b855-91a8e1374e4e ====================
16:26:12.410149 [info ]: Started loading project
16:26:12.411531 [info ]: Loading profiles.yml
16:26:12.458155 [info ]: Cached model count updated: 32 models (estimate)
16:26:12.458207 [info ]: Cached model count updated: 32 models (accurate)
16:26:12.458322 [info ]: Started scheduling
16:26:12.458693 [info ]: Finished scheduling [  0.00s]
16:26:12.458729 [debug]: Compilation - 34 nodes selected: {"model.UPI_Fraud_Monitoring.gld_fraud_alert", "model.UPI_Fraud_Monitoring.gld_rule_results", "model.UPI_Fraud_Monitoring.sl_account", "model.UPI_Fraud_Monitoring.sl_beneficiary", "model.UPI_Fraud_Monitoring.sl_collect_request", "model.UPI_Fraud_Monitoring.sl_customer", "model.UPI_Fraud_Monitoring.sl_device_registry", "model.UPI_Fraud_Monitoring.sl_login_activity", "model.UPI_Fraud_Monitoring.sl_merchant", "model.UPI_Fraud_Monitoring.sl_password_change", "model.UPI_Fraud_Monitoring.sl_transaction", "model.UPI_Fraud_Monitoring.sl_watchlist", "model.UPI_Fraud_Monitoring.v_account", "model.UPI_Fraud_Monitoring.v_beneficiary", "model.UPI_Fraud_Monitoring.v_collect_request", "model.UPI_Fraud_Monitoring.v_customer", "model.UPI_Fraud_Monitoring.v_device_registry", "model.UPI_Fraud_Monitoring.v_login_activity", "model.UPI_Fraud_Monitoring.v_merchant", "model.UPI_Fraud_Monitoring.v_password_change", "model.UPI_Fraud_Monitoring.v_raw_account", "model.UPI_Fraud_Monitoring.v_raw_beneficiary", "model.UPI_Fraud_Monitoring.v_raw_collect_request", "model.UPI_Fraud_Monitoring.v_raw_customer", "model.UPI_Fraud_Monitoring.v_raw_device_registry", "model.UPI_Fraud_Monitoring.v_raw_login_activity", "model.UPI_Fraud_Monitoring.v_raw_merchant", "model.UPI_Fraud_Monitoring.v_raw_password_change", "model.UPI_Fraud_Monitoring.v_raw_transaction", "model.UPI_Fraud_Monitoring.v_raw_watchlist", "model.UPI_Fraud_Monitoring.v_transaction", "model.UPI_Fraud_Monitoring.v_watchlist", "seed.UPI_Fraud_Monitoring.dim_fraud_rule", "snapshot.UPI_Fraud_Monitoring.account"}
16:26:12.461885 [debug]:    Started downloading relations (1 items)
16:26:12.462070 [info ]: Finished loading project [  0.05s]
16:26:12.900915 [debug]: create_debug_span(...).entered() took 37.3µs
16:26:13.017792 [debug]: stmt.execute() (submit+wait_for_completion, returns reader) took 116.7419ms
16:26:13.017837 [debug]: reader.schema() took 1.2µs
16:26:13.020531 [debug]: batch-consume loop (for res in reader) took 2.6545ms
16:26:13.022522 [debug]: do_execute(conn) (closure: stmt.execute + schema + batch loop) took 121.528ms
16:26:13.022689 [debug]: concat_batches + normalize_result_column_names took 110.1µs
16:26:13.022708 [debug]: record_current_span_status_from_attrs took 7.3µs
16:26:13.022721 [debug]: Query executed on node unknown:
SHOW OBJECTS IN SCHEMA "UPI_FRAUD_MONITORING_DB"."TRANSFORM" LIMIT 10000
16:26:13.022731 [debug]: drop(query_span_guard) (span exit/export) took 15.4µs
16:26:13.346012 [debug]:   Finished [  0.88s] downloading relations (1 items)
16:26:13.418685 [info ]: Started building task graph
16:26:13.419041 [info ]: Finished building task graph [  0.00s]
16:26:13.433927 [info ]: Started rendering (34 nodes)
16:26:13.433988 [info ]: Started snapshot snapshots.account
16:26:13.434007 [debug]: Started rendering snapshot snapshots.account
16:26:13.434055 [info ]: Started model TRANSFORM.v_raw_watchlist
16:26:13.434079 [debug]: Started rendering model TRANSFORM.v_raw_watchlist
16:26:13.434110 [info ]: Started model TRANSFORM.v_raw_transaction
16:26:13.434135 [debug]: Started rendering model TRANSFORM.v_raw_transaction
16:26:13.434167 [info ]: Started model TRANSFORM.v_raw_password_change
16:26:13.434181 [debug]: Started rendering model TRANSFORM.v_raw_password_change
16:26:13.434203 [info ]: Started model TRANSFORM.v_raw_merchant
16:26:13.434217 [debug]: Started rendering model TRANSFORM.v_raw_merchant
16:26:13.434243 [info ]: Started model TRANSFORM.v_raw_login_activity
16:26:13.434262 [debug]: Started rendering model TRANSFORM.v_raw_login_activity
16:26:13.434287 [info ]: Started model TRANSFORM.v_raw_device_registry
16:26:13.434301 [debug]: Started rendering model TRANSFORM.v_raw_device_registry
16:26:13.434323 [info ]: Started model TRANSFORM.v_raw_customer
16:26:13.434334 [debug]: Started rendering model TRANSFORM.v_raw_customer
16:26:13.434355 [info ]: Started model TRANSFORM.v_raw_collect_request
16:26:13.434368 [debug]: Started rendering model TRANSFORM.v_raw_collect_request
16:26:13.434396 [info ]: Started model TRANSFORM.v_raw_beneficiary
16:26:13.434415 [debug]: Started rendering model TRANSFORM.v_raw_beneficiary
16:26:13.434440 [info ]: Started model TRANSFORM.v_raw_account
16:26:13.434632 [debug]: Started rendering model TRANSFORM.v_raw_account
16:26:13.434668 [info ]: Started model TRANSFORM.sl_password_change
16:26:13.434684 [debug]: Started rendering model TRANSFORM.sl_password_change
16:26:13.434710 [info ]: Started model TRANSFORM.v_password_change
16:26:13.434757 [debug]: Started rendering model TRANSFORM.v_password_change
16:26:13.434839 [info ]: Started model TRANSFORM.sl_login_activity
16:26:13.435010 [debug]: Started rendering model TRANSFORM.sl_login_activity
16:26:13.435065 [info ]: Started model TRANSFORM.v_login_activity
16:26:13.435101 [debug]: Started rendering model TRANSFORM.v_login_activity
16:26:13.435180 [info ]: Started model TRANSFORM.sl_collect_request
16:26:13.435223 [debug]: Started rendering model TRANSFORM.sl_collect_request
16:26:13.435258 [info ]: Started model TRANSFORM.v_collect_request
16:26:13.435307 [debug]: Started rendering model TRANSFORM.v_collect_request
16:26:13.435332 [info ]: Started model TRANSFORM.sl_account
16:26:13.435366 [debug]: Started rendering model TRANSFORM.sl_account
16:26:13.435408 [debug]: Started connection limit wait
16:26:13.435525 [debug]: Compiled SQL for node snapshot.UPI_Fraud_Monitoring.account at target\.lsp\compiled\UPI_Fraud_Monitoring\snapshots\sl_account.sql\account.sql
16:26:13.435933 [debug]: Started connection limit wait
16:26:13.435965 [debug]: Started connection limit wait
16:26:13.435974 [debug]: Started connection limit wait
16:26:13.435982 [debug]: Started connection limit wait
16:26:13.435998 [debug]: Started connection limit wait
16:26:13.435999 [debug]: Started connection limit wait
16:26:13.436016 [debug]: Started connection limit wait
16:26:13.436016 [info ]: Started model TRANSFORM.v_account
16:26:13.436050 [debug]: Started rendering model TRANSFORM.v_account
16:26:13.436103 [info ]: Started model analytics.gld_fraud_alert
16:26:13.436121 [debug]: Started rendering model analytics.gld_fraud_alert
16:26:13.436153 [debug]: Started connection limit wait
16:26:13.436161 [info ]: Started model analytics.gld_rule_results
16:26:13.436176 [debug]: Started rendering model analytics.gld_rule_results
16:26:13.436207 [info ]: Started seed TRANSFORM.dim_fraud_rule
16:26:13.436225 [debug]: Started rendering seed TRANSFORM.dim_fraud_rule
16:26:13.436251 [info ]: Started model TRANSFORM.sl_beneficiary
16:26:13.436273 [debug]: Started rendering model TRANSFORM.sl_beneficiary
16:26:13.436308 [info ]: Started model TRANSFORM.v_beneficiary
16:26:13.436329 [debug]: Started rendering model TRANSFORM.v_beneficiary
16:26:13.436336 [debug]: Started connection limit wait
16:26:13.436352 [debug]: Started connection limit wait
16:26:13.436354 [info ]: Started model TRANSFORM.sl_watchlist
16:26:13.436369 [debug]: Started rendering model TRANSFORM.sl_watchlist
16:26:13.436391 [info ]: Started model TRANSFORM.v_watchlist
16:26:13.436405 [debug]: Started rendering model TRANSFORM.v_watchlist
16:26:13.436428 [info ]: Started model TRANSFORM.sl_transaction
16:26:13.436448 [debug]: Started rendering model TRANSFORM.sl_transaction
16:26:13.436480 [info ]: Started model TRANSFORM.v_transaction
16:26:13.436494 [debug]: Started rendering model TRANSFORM.v_transaction
16:26:13.436516 [info ]: Started model TRANSFORM.sl_merchant
16:26:13.436535 [debug]: Started rendering model TRANSFORM.sl_merchant
16:26:13.436584 [info ]: Started model TRANSFORM.v_merchant
16:26:13.436604 [debug]: Started rendering model TRANSFORM.v_merchant
16:26:13.436637 [info ]: Started model TRANSFORM.sl_device_registry
16:26:13.436646 [debug]: Started rendering model TRANSFORM.sl_device_registry
16:26:13.436668 [info ]: Started model TRANSFORM.v_device_registry
16:26:13.436680 [debug]: Started rendering model TRANSFORM.v_device_registry
16:26:13.436707 [info ]: Started model TRANSFORM.sl_customer
16:26:13.436727 [debug]: Started rendering model TRANSFORM.sl_customer
16:26:13.436758 [info ]: Started model TRANSFORM.v_customer
16:26:13.436783 [debug]: Started rendering model TRANSFORM.v_customer
16:26:13.436870 [debug]: Finished rendering [  0.00s] snapshot snapshots.account [success]
16:26:13.437015 [info ]: Started analyzing (33 nodes)
16:26:13.437042 [debug]: Started analyzing snapshot snapshots.account
16:26:13.437128 [debug]: Finished rendering [  0.00s] seed TRANSFORM.dim_fraud_rule [success]
16:26:13.437162 [info ]:  Succeeded [-------] seed  TRANSFORM.dim_fraud_rule (table)
16:26:13.438016 [debug]: Started connection limit wait
16:26:13.438100 [debug]: Started connection limit wait
16:26:13.438116 [debug]: Started connection limit wait
16:26:13.438130 [debug]: Started connection limit wait
16:26:13.438143 [debug]: Started connection limit wait
16:26:13.438159 [debug]: Started connection limit wait
16:26:13.438171 [debug]: Started connection limit wait
16:26:13.438182 [debug]: Started connection limit wait
16:26:13.438194 [debug]: Started connection limit wait
16:26:13.438206 [debug]: Started connection limit wait
16:26:13.439936 [debug]: Finished analyzing [  0.00s] snapshot snapshots.account [success]
16:26:13.440061 [info ]:  Succeeded [  0.00s] snapshot snapshots.account (snapshot)
16:26:13.441804 [debug]: Compiled SQL for node model.UPI_Fraud_Monitoring.v_raw_transaction at target\.lsp\compiled\UPI_Fraud_Monitoring\models\bronze\raw_views\v_raw_transaction.sql
16:26:13.444515 [debug]: Compiled SQL for node model.UPI_Fraud_Monitoring.v_raw_login_activity at target\.lsp\compiled\UPI_Fraud_Monitoring\models\bronze\raw_views\v_raw_login_activity.sql
16:26:13.446255 [debug]: Finished rendering [  0.01s] model TRANSFORM.v_raw_transaction [success]
16:26:13.446590 [debug]: Started analyzing model TRANSFORM.v_raw_transaction
16:26:13.447261 [debug]: Finished connection limit wait [  0.01s]
16:26:13.448036 [debug]: Compiled SQL for node model.UPI_Fraud_Monitoring.v_raw_merchant at target\.lsp\compiled\UPI_Fraud_Monitoring\models\bronze\raw_views\v_raw_merchant.sql
16:26:13.449567 [debug]: Finished analyzing [  0.00s] model TRANSFORM.v_raw_transaction [success]
16:26:13.449632 [info ]:  Succeeded [  0.01s] model TRANSFORM.v_raw_transaction (view)
16:26:13.450039 [debug]: Finished rendering [  0.02s] model TRANSFORM.v_raw_login_activity [success]
16:26:13.450104 [debug]: Started analyzing model TRANSFORM.v_raw_login_activity
16:26:13.450233 [debug]: Finished connection limit wait [  0.01s]
16:26:13.451338 [debug]: Finished analyzing [  0.00s] model TRANSFORM.v_raw_login_activity [success]
16:26:13.451398 [info ]:  Succeeded [  0.02s] model TRANSFORM.v_raw_login_activity (view)
16:26:13.451491 [debug]: Finished rendering [  0.02s] model TRANSFORM.v_raw_merchant [success]
16:26:13.451531 [debug]: Started analyzing model TRANSFORM.v_raw_merchant
16:26:13.451569 [debug]: Finished connection limit wait [  0.02s]
16:26:13.452220 [debug]: Compiled SQL for node model.UPI_Fraud_Monitoring.gld_fraud_alert at target\.lsp\compiled\UPI_Fraud_Monitoring\models\gold\gld_fraud_alert.sql
16:26:13.452800 [debug]: Finished analyzing [  0.00s] model TRANSFORM.v_raw_merchant [success]
16:26:13.452858 [info ]:  Succeeded [  0.02s] model TRANSFORM.v_raw_merchant (view)
16:26:13.453151 [debug]: Finished rendering [  0.02s] model analytics.gld_fraud_alert [success]
16:26:13.453193 [debug]: Started analyzing model analytics.gld_fraud_alert
16:26:13.455639 [debug]: Compiled SQL for node model.UPI_Fraud_Monitoring.sl_account at target\.lsp\compiled\UPI_Fraud_Monitoring\models\silver\sl_account.sql
16:26:13.456165 [debug]: Finished analyzing [  0.00s] model analytics.gld_fraud_alert [success]
16:26:13.456221 [info ]:  Succeeded [  0.02s] model analytics.gld_fraud_alert (incremental)
16:26:13.456567 [debug]: Finished rendering [  0.02s] model TRANSFORM.sl_account [success]
16:26:13.456610 [debug]: Started analyzing model TRANSFORM.sl_account
16:26:13.458165 [debug]: Compiled SQL for node model.UPI_Fraud_Monitoring.gld_rule_results at target\.lsp\compiled\UPI_Fraud_Monitoring\models\gold\gld_rule_results.sql
16:26:13.466734 [debug]: Finished rendering [  0.03s] model analytics.gld_rule_results [success]
16:26:13.466835 [debug]: Started analyzing model analytics.gld_rule_results
16:26:13.467719 [debug]: Finished analyzing [  0.01s] model TRANSFORM.sl_account [success]
16:26:13.467798 [info ]:  Succeeded [  0.03s] model TRANSFORM.sl_account (incremental)
16:26:13.467857 [debug]: create_debug_span(...).entered() took 44.5µs
16:26:13.470979 [debug]: Compiled SQL for node model.UPI_Fraud_Monitoring.sl_password_change at target\.lsp\compiled\UPI_Fraud_Monitoring\models\silver\sl_password_change.sql
16:26:13.471670 [debug]: Finished rendering [  0.02s] model TRANSFORM.sl_password_change [success]
16:26:13.471756 [debug]: Started analyzing model TRANSFORM.sl_password_change
16:26:13.471801 [debug]: Finished connection limit wait [  0.04s]
16:26:13.479940 [debug]: Finished analyzing [  0.01s] model TRANSFORM.sl_password_change [success]
16:26:13.480010 [info ]:  Succeeded [  0.03s] model TRANSFORM.sl_password_change (incremental)
16:26:13.484732 [debug]: Finished analyzing [  0.02s] model analytics.gld_rule_results [success]
16:26:13.484885 [info ]:  Succeeded [  0.05s] model analytics.gld_rule_results (incremental)
16:26:13.491399 [debug]: Compiled SQL for node model.UPI_Fraud_Monitoring.v_raw_password_change at target\.lsp\compiled\UPI_Fraud_Monitoring\models\bronze\raw_views\v_raw_password_change.sql
16:26:13.492178 [debug]: Finished rendering [  0.06s] model TRANSFORM.v_raw_password_change [success]
16:26:13.492279 [debug]: Started analyzing model TRANSFORM.v_raw_password_change
16:26:13.492349 [debug]: Finished connection limit wait [  0.06s]
16:26:13.493332 [debug]: Finished analyzing [  0.00s] model TRANSFORM.v_raw_password_change [success]
16:26:13.493400 [info ]:  Succeeded [  0.06s] model TRANSFORM.v_raw_password_change (view)
16:26:13.501280 [debug]: create_debug_span(...).entered() took 53.4µs
16:26:13.502479 [debug]: Compiled SQL for node model.UPI_Fraud_Monitoring.v_raw_customer at target\.lsp\compiled\UPI_Fraud_Monitoring\models\bronze\raw_views\v_raw_customer.sql
16:26:13.505129 [debug]: Finished rendering [  0.07s] model TRANSFORM.v_raw_customer [success]
16:26:13.505224 [debug]: Started analyzing model TRANSFORM.v_raw_customer
16:26:13.505279 [debug]: Finished connection limit wait [  0.07s]
16:26:13.505711 [debug]: Compiled SQL for node model.UPI_Fraud_Monitoring.v_raw_account at target\.lsp\compiled\UPI_Fraud_Monitoring\models\bronze\raw_views\v_raw_account.sql
16:26:13.507388 [debug]: Compiled SQL for node model.UPI_Fraud_Monitoring.v_raw_beneficiary at target\.lsp\compiled\UPI_Fraud_Monitoring\models\bronze\raw_views\v_raw_beneficiary.sql
16:26:13.507889 [debug]: Finished analyzing [  0.00s] model TRANSFORM.v_raw_customer [success]
16:26:13.507938 [info ]:  Succeeded [  0.07s] model TRANSFORM.v_raw_customer (view)
16:26:13.508349 [debug]: Finished rendering [  0.04s] model TRANSFORM.v_raw_account [success]
16:26:13.508412 [debug]: Started analyzing model TRANSFORM.v_raw_account
16:26:13.508547 [debug]: Finished connection limit wait [  0.07s]
16:26:13.513370 [debug]: Finished rendering [  0.07s] model TRANSFORM.v_raw_beneficiary [success]
16:26:13.514073 [debug]: Started analyzing model TRANSFORM.v_raw_beneficiary
16:26:13.514093 [debug]: Finished connection limit wait [  0.08s]
16:26:13.515072 [debug]: Finished analyzing [  0.01s] model TRANSFORM.v_raw_account [success]
16:26:13.515138 [info ]:  Succeeded [  0.04s] model TRANSFORM.v_raw_account (view)
16:26:13.515195 [debug]: Finished analyzing [  0.00s] model TRANSFORM.v_raw_beneficiary [success]
16:26:13.515211 [info ]:  Succeeded [  0.07s] model TRANSFORM.v_raw_beneficiary (view)
16:26:13.515542 [debug]: Compiled SQL for node model.UPI_Fraud_Monitoring.v_raw_watchlist at target\.lsp\compiled\UPI_Fraud_Monitoring\models\bronze\raw_views\v_raw_watchlist.sql
16:26:13.515949 [debug]: Compiled SQL for node model.UPI_Fraud_Monitoring.v_raw_device_registry at target\.lsp\compiled\UPI_Fraud_Monitoring\models\bronze\raw_views\v_raw_device_registry.sql
16:26:13.517145 [debug]: Compiled SQL for node model.UPI_Fraud_Monitoring.v_raw_collect_request at target\.lsp\compiled\UPI_Fraud_Monitoring\models\bronze\raw_views\v_raw_collect_request.sql
16:26:13.518456 [debug]: Finished rendering [  0.08s] model TRANSFORM.v_raw_watchlist [success]
16:26:13.519151 [debug]: Started analyzing model TRANSFORM.v_raw_watchlist
16:26:13.519433 [debug]: Finished connection limit wait [  0.08s]
16:26:13.520729 [debug]: Finished rendering [  0.09s] model TRANSFORM.v_raw_device_registry [success]
16:26:13.520880 [debug]: Started analyzing model TRANSFORM.v_raw_device_registry
16:26:13.521281 [debug]: Finished connection limit wait [  0.08s]
16:26:13.521403 [debug]: Finished rendering [  0.09s] model TRANSFORM.v_raw_collect_request [success]
16:26:13.521493 [debug]: Started analyzing model TRANSFORM.v_raw_collect_request
16:26:13.521516 [debug]: Finished connection limit wait [  0.09s]
16:26:13.522441 [debug]: Finished analyzing [  0.00s] model TRANSFORM.v_raw_collect_request [success]
16:26:13.522590 [info ]:  Succeeded [  0.09s] model TRANSFORM.v_raw_collect_request (view)
16:26:13.522683 [debug]: Finished analyzing [  0.00s] model TRANSFORM.v_raw_watchlist [success]
16:26:13.522704 [info ]:  Succeeded [  0.09s] model TRANSFORM.v_raw_watchlist (view)
16:26:13.522745 [debug]: Finished analyzing [  0.00s] model TRANSFORM.v_raw_device_registry [success]
16:26:13.522766 [info ]:  Succeeded [  0.09s] model TRANSFORM.v_raw_device_registry (view)
16:26:13.528411 [debug]: Compiled SQL for node model.UPI_Fraud_Monitoring.v_account at target\.lsp\compiled\UPI_Fraud_Monitoring\models\bronze\views\v_account.sql
16:26:13.530107 [debug]: Finished rendering [  0.01s] model TRANSFORM.v_account [success]
16:26:13.530215 [debug]: Started analyzing model TRANSFORM.v_account
16:26:13.530287 [debug]: Finished connection limit wait [  0.09s]
16:26:13.530654 [debug]: create_debug_span(...).entered() took 41.9µs
16:26:13.532951 [debug]: create_debug_span(...).entered() took 52.3µs
16:26:13.533401 [debug]: Compiled SQL for node model.UPI_Fraud_Monitoring.sl_login_activity at target\.lsp\compiled\UPI_Fraud_Monitoring\models\silver\sl_login_activity.sql
16:26:13.534810 [debug]: Finished connection limit wait [  0.10s]
16:26:13.534875 [debug]: Finished rendering [  0.03s] model TRANSFORM.sl_login_activity [success]
16:26:13.534968 [debug]: Started analyzing model TRANSFORM.sl_login_activity
16:26:13.537972 [debug]: Finished analyzing [  0.00s] model TRANSFORM.sl_login_activity [success]
16:26:13.538050 [info ]:  Succeeded [  0.03s] model TRANSFORM.sl_login_activity (incremental)
16:26:13.541710 [debug]: Compiled SQL for node model.UPI_Fraud_Monitoring.sl_collect_request at target\.lsp\compiled\UPI_Fraud_Monitoring\models\silver\sl_collect_request.sql
16:26:13.543103 [debug]: create_debug_span(...).entered() took 63.1µs
16:26:13.543495 [debug]: Finished connection limit wait [  0.11s]
16:26:13.543659 [debug]: Finished rendering [  0.04s] model TRANSFORM.sl_collect_request [success]
16:26:13.543753 [debug]: Started analyzing model TRANSFORM.sl_collect_request
16:26:13.544333 [debug]: Finished analyzing [  0.01s] model TRANSFORM.v_account [success]
16:26:13.544392 [info ]:  Succeeded [  0.03s] model TRANSFORM.v_account (view)
16:26:13.547066 [debug]: Compiled SQL for node model.UPI_Fraud_Monitoring.sl_beneficiary at target\.lsp\compiled\UPI_Fraud_Monitoring\models\silver\sl_beneficiary.sql
16:26:13.548331 [debug]: Compiled SQL for node model.UPI_Fraud_Monitoring.sl_watchlist at target\.lsp\compiled\UPI_Fraud_Monitoring\models\silver\sl_watchlist.sql
16:26:13.548360 [debug]: Finished analyzing [  0.00s] model TRANSFORM.sl_collect_request [success]
16:26:13.548463 [info ]:  Succeeded [  0.04s] model TRANSFORM.sl_collect_request (incremental)
16:26:13.548922 [debug]: Finished rendering [  0.02s] model TRANSFORM.sl_watchlist [success]
16:26:13.549006 [debug]: Started analyzing model TRANSFORM.sl_watchlist
16:26:13.549092 [debug]: Finished rendering [  0.03s] model TRANSFORM.sl_beneficiary [success]
16:26:13.549119 [debug]: Started analyzing model TRANSFORM.sl_beneficiary
16:26:13.549147 [debug]: Finished connection limit wait [  0.11s]
16:26:13.549264 [debug]: Finished connection limit wait [  0.11s]
16:26:13.550786 [debug]: Compiled SQL for node model.UPI_Fraud_Monitoring.sl_transaction at target\.lsp\compiled\UPI_Fraud_Monitoring\models\silver\sl_transaction.sql
16:26:13.551031 [debug]: Finished analyzing [  0.00s] model TRANSFORM.sl_watchlist [success]
16:26:13.551087 [info ]:  Succeeded [  0.02s] model TRANSFORM.sl_watchlist (incremental)
16:26:13.551536 [debug]: Finished rendering [  0.01s] model TRANSFORM.sl_transaction [success]
16:26:13.551595 [debug]: Started analyzing model TRANSFORM.sl_transaction
16:26:13.551643 [debug]: Finished connection limit wait [  0.11s]
16:26:13.559773 [debug]: Finished analyzing [  0.01s] model TRANSFORM.sl_transaction [success]
16:26:13.559847 [info ]:  Succeeded [  0.02s] model TRANSFORM.sl_transaction (incremental)
16:26:13.560074 [debug]: Finished analyzing [  0.01s] model TRANSFORM.sl_beneficiary [success]
16:26:13.560104 [info ]:  Succeeded [  0.04s] model TRANSFORM.sl_beneficiary (incremental)
16:26:13.562951 [debug]: create_debug_span(...).entered() took 87.8µs
16:26:13.566577 [debug]: create_debug_span(...).entered() took 51.9µs
16:26:13.569442 [debug]: Compiled SQL for node model.UPI_Fraud_Monitoring.sl_merchant at target\.lsp\compiled\UPI_Fraud_Monitoring\models\silver\sl_merchant.sql
16:26:13.569852 [debug]: Finished connection limit wait [  0.13s]
16:26:13.569915 [debug]: Finished rendering [  0.02s] model TRANSFORM.sl_merchant [success]
16:26:13.569987 [debug]: Started analyzing model TRANSFORM.sl_merchant
16:26:13.572686 [debug]: Finished analyzing [  0.00s] model TRANSFORM.sl_merchant [success]
16:26:13.572780 [info ]:  Succeeded [  0.02s] model TRANSFORM.sl_merchant (incremental)
16:26:13.573915 [debug]: Compiled SQL for node model.UPI_Fraud_Monitoring.sl_device_registry at target\.lsp\compiled\UPI_Fraud_Monitoring\models\silver\sl_device_registry.sql
16:26:13.574410 [debug]: Finished connection limit wait [  0.14s]
16:26:13.574458 [debug]: Finished rendering [  0.01s] model TRANSFORM.sl_device_registry [success]
16:26:13.574919 [debug]: Started analyzing model TRANSFORM.sl_device_registry
16:26:13.579626 [debug]: Finished analyzing [  0.00s] model TRANSFORM.sl_device_registry [success]
16:26:13.579764 [info ]:  Succeeded [  0.01s] model TRANSFORM.sl_device_registry (incremental)
16:26:13.580315 [debug]: create_debug_span(...).entered() took 59.5µs
16:26:13.613231 [debug]: stmt.execute() (submit+wait_for_completion, returns reader) took 79.991ms
16:26:13.613337 [debug]: reader.schema() took 1.2µs
16:26:13.615303 [debug]: stmt.execute() (submit+wait_for_completion, returns reader) took 84.0317ms
16:26:13.615362 [debug]: reader.schema() took 1.7µs
16:26:13.618222 [debug]: batch-consume loop (for res in reader) took 4.7787ms
16:26:13.622046 [debug]: batch-consume loop (for res in reader) took 6.6297ms
16:26:13.697767 [debug]: stmt.execute() (submit+wait_for_completion, returns reader) took 188.8296ms
16:26:13.697898 [debug]: reader.schema() took 1.1µs
16:26:13.700741 [debug]: stmt.execute() (submit+wait_for_completion, returns reader) took 156.299ms
16:26:13.700792 [debug]: reader.schema() took 1µs
16:26:13.704176 [debug]: stmt.execute() (submit+wait_for_completion, returns reader) took 232.8604ms
16:26:13.704256 [debug]: reader.schema() took 1.1µs
16:26:13.724089 [debug]: do_execute(conn) (closure: stmt.execute + schema + batch loop) took 191.051ms
16:26:13.724280 [debug]: concat_batches + normalize_result_column_names took 125.6µs
16:26:13.724297 [debug]: record_current_span_status_from_attrs took 8.8µs
16:26:13.724317 [debug]: Query executed on node model.UPI_Fraud_Monitoring.v_beneficiary:
describe table "UPI_FRAUD_MONITORING_DB"."TRANSFORM"."V_RAW_BENEFICIARY"
/* {"app": "dbt", "connection_name": "", "dbt_version": "2.0.0", "profile_name": "UPI_Fraud_Monitoring", "target_name": "dev"} */
16:26:13.724339 [debug]: drop(query_span_guard) (span exit/export) took 33.9µs
16:26:13.731929 [debug]: batch-consume loop (for res in reader) took 31.082ms
16:26:13.731919 [debug]: Compiled SQL for node model.UPI_Fraud_Monitoring.v_beneficiary at target\.lsp\compiled\UPI_Fraud_Monitoring\models\bronze\views\v_beneficiary.sql
16:26:13.731928 [debug]: batch-consume loop (for res in reader) took 27.6183ms
16:26:13.731931 [debug]: do_execute(conn) (closure: stmt.execute + schema + batch loop) took 201.2198ms
16:26:13.732028 [debug]: batch-consume loop (for res in reader) took 34.1034ms
16:26:13.732372 [debug]: Finished rendering [  0.21s] model TRANSFORM.v_beneficiary [success]
16:26:13.732384 [debug]: concat_batches + normalize_result_column_names took 171.6µs
16:26:13.732412 [debug]: record_current_span_status_from_attrs took 7.7µs
16:26:13.732406 [debug]: Finished connection limit wait [  0.29s]
16:26:13.732427 [debug]: Query executed on node model.UPI_Fraud_Monitoring.v_collect_request:
describe table "UPI_FRAUD_MONITORING_DB"."TRANSFORM"."V_RAW_COLLECT_REQUEST"
/* {"app": "dbt", "connection_name": "", "dbt_version": "2.0.0", "profile_name": "UPI_Fraud_Monitoring", "target_name": "dev"} */
16:26:13.732448 [debug]: drop(query_span_guard) (span exit/export) took 27.4µs
16:26:13.732452 [debug]: Started analyzing model TRANSFORM.v_beneficiary
16:26:13.737387 [debug]: Compiled SQL for node model.UPI_Fraud_Monitoring.sl_customer at target\.lsp\compiled\UPI_Fraud_Monitoring\models\silver\sl_customer.sql
16:26:13.737414 [debug]: Compiled SQL for node model.UPI_Fraud_Monitoring.v_collect_request at target\.lsp\compiled\UPI_Fraud_Monitoring\models\bronze\views\v_collect_request.sql
16:26:13.737977 [debug]: do_execute(conn) (closure: stmt.execute + schema + batch loop) took 236.6286ms
16:26:13.738229 [debug]: concat_batches + normalize_result_column_names took 206.1µs
16:26:13.738263 [debug]: record_current_span_status_from_attrs took 14µs
16:26:13.738290 [debug]: Query executed on node model.UPI_Fraud_Monitoring.v_password_change:
describe table "UPI_FRAUD_MONITORING_DB"."TRANSFORM"."V_RAW_PASSWORD_CHANGE"
/* {"app": "dbt", "connection_name": "", "dbt_version": "2.0.0", "profile_name": "UPI_Fraud_Monitoring", "target_name": "dev"} */
16:26:13.738286 [debug]: Finished connection limit wait [  0.30s]
16:26:13.738302 [debug]: Finished rendering [  0.01s] model TRANSFORM.sl_customer [success]
16:26:13.738320 [debug]: drop(query_span_guard) (span exit/export) took 47.8µs
16:26:13.738383 [debug]: Started analyzing model TRANSFORM.sl_customer
16:26:13.738443 [debug]: Finished rendering [  0.23s] model TRANSFORM.v_collect_request [success]
16:26:13.738470 [debug]: Started analyzing model TRANSFORM.v_collect_request
16:26:13.742696 [debug]: Compiled SQL for node model.UPI_Fraud_Monitoring.v_password_change at target\.lsp\compiled\UPI_Fraud_Monitoring\models\bronze\views\v_password_change.sql
16:26:13.743018 [debug]: do_execute(conn) (closure: stmt.execute + schema + batch loop) took 199.7702ms
16:26:13.743208 [debug]: concat_batches + normalize_result_column_names took 149.6µs
16:26:13.743226 [debug]: record_current_span_status_from_attrs took 7.8µs
16:26:13.743246 [debug]: Query executed on node model.UPI_Fraud_Monitoring.v_watchlist:
describe table "UPI_FRAUD_MONITORING_DB"."TRANSFORM"."V_RAW_WATCHLIST"
/* {"app": "dbt", "connection_name": "", "dbt_version": "2.0.0", "profile_name": "UPI_Fraud_Monitoring", "target_name": "dev"} */
16:26:13.743270 [debug]: drop(query_span_guard) (span exit/export) took 36.2µs
16:26:13.743392 [debug]: Finished analyzing [  0.01s] model TRANSFORM.v_beneficiary [success]
16:26:13.743434 [info ]:  Succeeded [  0.22s] model TRANSFORM.v_beneficiary (view)
16:26:13.743493 [debug]: Finished rendering [  0.25s] model TRANSFORM.v_password_change [success]
16:26:13.743531 [debug]: Started analyzing model TRANSFORM.v_password_change
16:26:13.743643 [debug]: Finished analyzing [  0.01s] model TRANSFORM.sl_customer [success]
16:26:13.743674 [info ]:  Succeeded [  0.01s] model TRANSFORM.sl_customer (incremental)
16:26:13.744043 [debug]: Finished analyzing [  0.01s] model TRANSFORM.v_collect_request [success]
16:26:13.744092 [info ]:  Succeeded [  0.23s] model TRANSFORM.v_collect_request (view)
16:26:13.747324 [debug]: Compiled SQL for node model.UPI_Fraud_Monitoring.v_watchlist at target\.lsp\compiled\UPI_Fraud_Monitoring\models\bronze\views\v_watchlist.sql
16:26:13.747925 [debug]: Finished rendering [  0.22s] model TRANSFORM.v_watchlist [success]
16:26:13.748030 [debug]: Started analyzing model TRANSFORM.v_watchlist
16:26:13.749069 [debug]: create_debug_span(...).entered() took 54.5µs
16:26:13.752250 [debug]: Finished analyzing [  0.01s] model TRANSFORM.v_password_change [success]
16:26:13.752398 [info ]:  Succeeded [  0.26s] model TRANSFORM.v_password_change (view)
16:26:13.753862 [debug]: do_execute(conn) (closure: stmt.execute + schema + batch loop) took 285.9448ms
16:26:13.754058 [debug]: concat_batches + normalize_result_column_names took 128.8µs
16:26:13.754077 [debug]: record_current_span_status_from_attrs took 7.6µs
16:26:13.754096 [debug]: Query executed on node model.UPI_Fraud_Monitoring.v_login_activity:
describe table "UPI_FRAUD_MONITORING_DB"."TRANSFORM"."V_RAW_LOGIN_ACTIVITY"
/* {"app": "dbt", "connection_name": "", "dbt_version": "2.0.0", "profile_name": "UPI_Fraud_Monitoring", "target_name": "dev"} */
16:26:13.754121 [debug]: drop(query_span_guard) (span exit/export) took 33µs
16:26:13.755248 [debug]: Finished analyzing [  0.01s] model TRANSFORM.v_watchlist [success]
16:26:13.755318 [info ]:  Succeeded [  0.22s] model TRANSFORM.v_watchlist (view)
16:26:13.757328 [debug]: Compiled SQL for node model.UPI_Fraud_Monitoring.v_login_activity at target\.lsp\compiled\UPI_Fraud_Monitoring\models\bronze\views\v_login_activity.sql
16:26:13.757700 [debug]: Finished rendering [  0.31s] model TRANSFORM.v_login_activity [success]
16:26:13.757797 [debug]: Started analyzing model TRANSFORM.v_login_activity
16:26:13.764542 [debug]: Finished analyzing [  0.01s] model TRANSFORM.v_login_activity [success]
16:26:13.764638 [info ]:  Succeeded [  0.31s] model TRANSFORM.v_login_activity (view)
16:26:13.789909 [debug]: stmt.execute() (submit+wait_for_completion, returns reader) took 208.8046ms
16:26:13.789965 [debug]: reader.schema() took 1.1µs
16:26:13.792311 [debug]: batch-consume loop (for res in reader) took 2.3022ms
16:26:13.795298 [debug]: do_execute(conn) (closure: stmt.execute + schema + batch loop) took 214.9037ms
16:26:13.795465 [debug]: concat_batches + normalize_result_column_names took 116.6µs
16:26:13.795484 [debug]: record_current_span_status_from_attrs took 7.8µs
16:26:13.795506 [debug]: Query executed on node model.UPI_Fraud_Monitoring.v_device_registry:
describe table "UPI_FRAUD_MONITORING_DB"."TRANSFORM"."V_RAW_DEVICE_REGISTRY"
/* {"app": "dbt", "connection_name": "", "dbt_version": "2.0.0", "profile_name": "UPI_Fraud_Monitoring", "target_name": "dev"} */
16:26:13.795528 [debug]: drop(query_span_guard) (span exit/export) took 30.1µs
16:26:13.799084 [debug]: Compiled SQL for node model.UPI_Fraud_Monitoring.v_device_registry at target\.lsp\compiled\UPI_Fraud_Monitoring\models\bronze\views\v_device_registry.sql
16:26:13.799694 [debug]: Finished rendering [  0.23s] model TRANSFORM.v_device_registry [success]
16:26:13.799812 [debug]: Started analyzing model TRANSFORM.v_device_registry
16:26:13.812221 [debug]: Finished analyzing [  0.01s] model TRANSFORM.v_device_registry [success]
16:26:13.812321 [info ]:  Succeeded [  0.24s] model TRANSFORM.v_device_registry (view)
16:26:13.820099 [debug]: stmt.execute() (submit+wait_for_completion, returns reader) took 256.6167ms
16:26:13.820154 [debug]: reader.schema() took 1.4µs
16:26:13.823911 [debug]: batch-consume loop (for res in reader) took 3.7175ms
16:26:13.827263 [debug]: do_execute(conn) (closure: stmt.execute + schema + batch loop) took 264.1554ms
16:26:13.827494 [debug]: concat_batches + normalize_result_column_names took 134.6µs
16:26:13.827518 [debug]: record_current_span_status_from_attrs took 9.3µs
16:26:13.827519 [debug]: stmt.execute() (submit+wait_for_completion, returns reader) took 260.522ms
16:26:13.827533 [debug]: reader.schema() took 1µs
16:26:13.827537 [debug]: Query executed on node model.UPI_Fraud_Monitoring.v_merchant:
describe table "UPI_FRAUD_MONITORING_DB"."TRANSFORM"."V_RAW_MERCHANT"
/* {"app": "dbt", "connection_name": "", "dbt_version": "2.0.0", "profile_name": "UPI_Fraud_Monitoring", "target_name": "dev"} */
16:26:13.827560 [debug]: drop(query_span_guard) (span exit/export) took 33.7µs
16:26:13.831473 [debug]: batch-consume loop (for res in reader) took 3.8817ms
16:26:13.834356 [debug]: Compiled SQL for node model.UPI_Fraud_Monitoring.v_merchant at target\.lsp\compiled\UPI_Fraud_Monitoring\models\bronze\views\v_merchant.sql
16:26:13.836190 [debug]: Finished rendering [  0.29s] model TRANSFORM.v_merchant [success]
16:26:13.836303 [debug]: Started analyzing model TRANSFORM.v_merchant
16:26:13.838908 [debug]: do_execute(conn) (closure: stmt.execute + schema + batch loop) took 272.2023ms
16:26:13.839142 [debug]: concat_batches + normalize_result_column_names took 153µs
16:26:13.839166 [debug]: record_current_span_status_from_attrs took 12.1µs
16:26:13.839270 [debug]: Query executed on node model.UPI_Fraud_Monitoring.v_transaction:
describe table "UPI_FRAUD_MONITORING_DB"."TRANSFORM"."V_RAW_TRANSACTION"
/* {"app": "dbt", "connection_name": "", "dbt_version": "2.0.0", "profile_name": "UPI_Fraud_Monitoring", "target_name": "dev"} */
16:26:13.839689 [debug]: drop(query_span_guard) (span exit/export) took 489µs
16:26:13.840019 [debug]: stmt.execute() (submit+wait_for_completion, returns reader) took 90.7628ms
16:26:13.840046 [debug]: reader.schema() took 1.4µs
16:26:13.846456 [debug]: batch-consume loop (for res in reader) took 6.3321ms
16:26:13.848232 [debug]: Finished analyzing [  0.01s] model TRANSFORM.v_merchant [success]
16:26:13.848320 [info ]:  Succeeded [  0.30s] model TRANSFORM.v_merchant (view)
16:26:13.851228 [debug]: Compiled SQL for node model.UPI_Fraud_Monitoring.v_transaction at target\.lsp\compiled\UPI_Fraud_Monitoring\models\bronze\views\v_transaction.sql
16:26:13.851838 [debug]: Finished rendering [  0.30s] model TRANSFORM.v_transaction [success]
16:26:13.851965 [debug]: Started analyzing model TRANSFORM.v_transaction
16:26:13.854137 [debug]: do_execute(conn) (closure: stmt.execute + schema + batch loop) took 104.9865ms
16:26:13.854373 [debug]: concat_batches + normalize_result_column_names took 172.9µs
16:26:13.854399 [debug]: record_current_span_status_from_attrs took 9.7µs
16:26:13.854421 [debug]: Query executed on node model.UPI_Fraud_Monitoring.v_customer:
describe table "UPI_FRAUD_MONITORING_DB"."TRANSFORM"."V_RAW_CUSTOMER"
/* {"app": "dbt", "connection_name": "", "dbt_version": "2.0.0", "profile_name": "UPI_Fraud_Monitoring", "target_name": "dev"} */
16:26:13.854447 [debug]: drop(query_span_guard) (span exit/export) took 39.9µs
16:26:13.858458 [debug]: Compiled SQL for node model.UPI_Fraud_Monitoring.v_customer at target\.lsp\compiled\UPI_Fraud_Monitoring\models\bronze\views\v_customer.sql
16:26:13.859272 [debug]: Finished rendering [  0.12s] model TRANSFORM.v_customer [success]
16:26:13.859350 [info ]: Finished rendering [  0.43s] (34 nodes, 0 skipped, 0 errors)
16:26:13.859406 [debug]: Started analyzing model TRANSFORM.v_customer
16:26:13.866654 [debug]: Finished analyzing [  0.01s] model TRANSFORM.v_transaction [success]
16:26:13.866726 [info ]:  Succeeded [  0.32s] model TRANSFORM.v_transaction (view)
16:26:13.869467 [debug]: Finished analyzing [  0.01s] model TRANSFORM.v_customer [success]
16:26:13.869537 [info ]: Finished analyzing [  0.43s] (33 nodes, 0 skipped, 0 errors)
16:26:13.869566 [info ]:  Succeeded [  0.13s] model TRANSFORM.v_customer (view)
16:26:13.897571 [info ]: Started scheduling
16:26:13.897860 [info ]: Finished scheduling [  0.00s]
16:26:13.898233 [info ]: 
==================== Execution Summary =====================
Finished 'compile' successfully for target 'dev' [1.5s]
Processed: 32 models | 1 snapshot | 1 seed
Summary: 34 total | 34 success
16:26:13.899444 [info ]: Cached model count updated: 32 models (accurate)
==================== 2026-09-10T16:26:16.164769Z | 54b23b43-0cd0-47c9-bd28-44e67757380f ====================
16:26:16.164958 [info ]: Started loading project
16:26:16.166358 [info ]: Loading profiles.yml
==================== 2026-09-10T16:26:16.181611Z | 46472f7e-60a4-4722-bc52-b4226bf11e14 ====================
16:26:16.181910 [info ]: Started loading project
16:26:16.183391 [info ]: Loading profiles.yml
16:26:16.183555 [info ]: Finished loading project [  0.02s]
16:26:16.191302 [info ]:    Started resolving packages from packages.yml
16:26:16.271024 [info ]:   Finished [  0.08s] resolving packages from packages.yml (2 items)
16:26:16.271547 [debug]:    Started loading packages
16:26:16.289585 [debug]:     Loaded [  0.02s] packages
16:26:16.290771 [info ]: Finished loading project [  0.11s]
16:26:16.291187 [info ]: Started parsing
16:26:16.360702 [debug]: Finished parsing models/gold/gld_fraud_alert.yml [  0.00s]
16:26:16.361293 [debug]: Finished parsing models/gold/gld_rule_results.yml [  0.00s]
16:26:16.361543 [debug]: Finished parsing models/schema.yml [  0.00s]
16:26:16.362459 [debug]: Finished parsing models/sources.yml [  0.00s]
16:26:16.368797 [debug]: Finished parsing snapshots\sl_account.sql [  0.00s]
16:26:16.372237 [debug]: Finished parsing models/bronze/raw_views/v_raw_account.sql [  0.00s]
16:26:16.373547 [debug]: Finished parsing models/bronze/raw_views/v_raw_beneficiary.sql [  0.00s]
16:26:16.374839 [debug]: Finished parsing models/bronze/raw_views/v_raw_collect_request.sql [  0.00s]
16:26:16.376060 [debug]: Finished parsing models/bronze/raw_views/v_raw_customer.sql [  0.00s]
16:26:16.377647 [debug]: Finished parsing models/bronze/raw_views/v_raw_device_registry.sql [  0.00s]
16:26:16.378892 [debug]: Finished parsing models/bronze/raw_views/v_raw_login_activity.sql [  0.00s]
16:26:16.380083 [debug]: Finished parsing models/bronze/raw_views/v_raw_merchant.sql [  0.00s]
16:26:16.381354 [debug]: Finished parsing models/bronze/raw_views/v_raw_password_change.sql [  0.00s]
16:26:16.382610 [debug]: Finished parsing models/bronze/raw_views/v_raw_transaction.sql [  0.00s]
16:26:16.383828 [debug]: Finished parsing models/bronze/raw_views/v_raw_watchlist.sql [  0.00s]
16:26:16.385009 [debug]: Finished parsing models/bronze/views/v_account.sql [  0.00s]
16:26:16.386365 [debug]: Finished parsing models/bronze/views/v_beneficiary.sql [  0.00s]
16:26:16.387729 [debug]: Finished parsing models/bronze/views/v_collect_request.sql [  0.00s]
16:26:16.388964 [debug]: Finished parsing models/bronze/views/v_customer.sql [  0.00s]
16:26:16.390149 [debug]: Finished parsing models/bronze/views/v_device_registry.sql [  0.00s]
16:26:16.391382 [debug]: Finished parsing models/bronze/views/v_login_activity.sql [  0.00s]
16:26:16.392799 [debug]: Finished parsing models/bronze/views/v_merchant.sql [  0.00s]
16:26:16.394445 [debug]: Finished parsing models/bronze/views/v_password_change.sql [  0.00s]
16:26:16.395949 [debug]: Finished parsing models/bronze/views/v_transaction.sql [  0.00s]
16:26:16.397500 [debug]: Finished parsing models/bronze/views/v_watchlist.sql [  0.00s]
16:26:16.399013 [debug]: Finished parsing models/gold/gld_fraud_alert.sql [  0.00s]
16:26:16.400623 [debug]: Finished parsing models/gold/gld_rule_results.sql [  0.00s]
16:26:16.402566 [debug]: Finished parsing models/silver/sl_account.sql [  0.00s]
16:26:16.404128 [debug]: Finished parsing models/silver/sl_beneficiary.sql [  0.00s]
16:26:16.405697 [debug]: Finished parsing models/silver/sl_collect_request.sql [  0.00s]
16:26:16.407159 [debug]: Finished parsing models/silver/sl_customer.sql [  0.00s]
16:26:16.408622 [debug]: Finished parsing models/silver/sl_device_registry.sql [  0.00s]
16:26:16.410158 [debug]: Finished parsing models/silver/sl_login_activity.sql [  0.00s]
16:26:16.411999 [debug]: Finished parsing models/silver/sl_merchant.sql [  0.00s]
16:26:16.413362 [debug]: Finished parsing models/silver/sl_password_change.sql [  0.00s]
16:26:16.415739 [debug]: Finished parsing models/silver/sl_transaction.sql [  0.00s]
16:26:16.417419 [debug]: Finished parsing models/silver/sl_watchlist.sql [  0.00s]
16:26:16.453050 [warn ]: [NoNodeForYamlKey (dbt1089)]: Unused schema.yml entry for model 'alert_results'
  --> models/gold/gld_fraud_alert.yml
16:26:16.453124 [warn ]: [NoNodeForYamlKey (dbt1089)]: Unused schema.yml entry for model 'fraud_alerts'
  --> models/gold/gld_rule_results.yml
16:26:16.671791 [info ]: Finished parsing [  0.38s]
16:26:16.673923 [info ]: Cached model count updated: 32 models (estimate)
16:26:16.673972 [info ]: Cached model count updated: 32 models (accurate)
16:26:16.674114 [info ]: Started scheduling
16:26:16.674365 [info ]: Finished scheduling [  0.00s]
16:26:16.674396 [debug]: Compilation - 2 nodes selected: {"model.UPI_Fraud_Monitoring.v_account", "snapshot.UPI_Fraud_Monitoring.account"}
16:26:16.674436 [info ]: Started scheduling
16:26:16.674723 [info ]: Finished scheduling [  0.00s]
16:26:16.680715 [debug]: Initializing schema store with entry: Frontier(CanonicalFqn { catalog: "UPI_FRAUD_MONITORING_DB", schema: "STAGING", table: "WATCHLIST" }) and interval: None
16:26:16.680822 [debug]: Initializing schema store with entry: Frontier(CanonicalFqn { catalog: "UPI_FRAUD_MONITORING_DB", schema: "STAGING", table: "COLLECT_REQUEST" }) and interval: None
16:26:16.680852 [debug]: Initializing schema store with entry: Frontier(CanonicalFqn { catalog: "UPI_FRAUD_MONITORING_DB", schema: "STAGING", table: "UPI_TRANSACTION" }) and interval: None
16:26:16.680909 [debug]: Initializing schema store with entry: Frontier(CanonicalFqn { catalog: "UPI_FRAUD_MONITORING_DB", schema: "STAGING", table: "LOGIN_ACTIVITY" }) and interval: None
16:26:16.680947 [debug]: Initializing schema store with entry: Frontier(CanonicalFqn { catalog: "UPI_FRAUD_MONITORING_DB", schema: "STAGING", table: "PASSWORD_CHANGE" }) and interval: None
16:26:16.680978 [debug]: Initializing schema store with entry: Frontier(CanonicalFqn { catalog: "UPI_FRAUD_MONITORING_DB", schema: "STAGING", table: "MERCHANT" }) and interval: None
16:26:16.681003 [debug]: Initializing schema store with entry: Frontier(CanonicalFqn { catalog: "UPI_FRAUD_MONITORING_DB", schema: "STAGING", table: "BENEFICIARY" }) and interval: None
16:26:16.681033 [debug]: Initializing schema store with entry: Frontier(CanonicalFqn { catalog: "UPI_FRAUD_MONITORING_DB", schema: "STAGING", table: "ACCOUNT" }) and interval: None
16:26:16.681069 [debug]: Initializing schema store with entry: Frontier(CanonicalFqn { catalog: "UPI_FRAUD_MONITORING_DB", schema: "STAGING", table: "CUSTOMER" }) and interval: None
16:26:16.681109 [debug]: Initializing schema store with entry: Frontier(CanonicalFqn { catalog: "UPI_FRAUD_MONITORING_DB", schema: "STAGING", table: "DEVICE_REGISTRY" }) and interval: None
16:26:16.683830 [debug]:    Started downloading relations (1 items)
16:26:17.179530 [debug]: create_debug_span(...).entered() took 27.7µs
16:26:17.318465 [debug]: stmt.execute() (submit+wait_for_completion, returns reader) took 138.7429ms
16:26:17.318549 [debug]: reader.schema() took 900ns
16:26:17.321942 [debug]: batch-consume loop (for res in reader) took 3.342ms
16:26:17.327977 [debug]: do_execute(conn) (closure: stmt.execute + schema + batch loop) took 148.339ms
16:26:17.328236 [debug]: concat_batches + normalize_result_column_names took 111.2µs
16:26:17.328252 [debug]: record_current_span_status_from_attrs took 7.3µs
16:26:17.328265 [debug]: Query executed on node unknown:
SHOW OBJECTS IN SCHEMA "UPI_FRAUD_MONITORING_DB"."TRANSFORM" LIMIT 10000
16:26:17.328278 [debug]: drop(query_span_guard) (span exit/export) took 20.9µs
16:26:17.688617 [debug]:   Finished [  1.00s] downloading relations (1 items)
16:26:17.688802 [info ]: Started downloading schemas
16:26:17.689085 [debug]: create_debug_span(...).entered() took 25.1µs
16:26:17.828493 [debug]: Query executed on node unknown:
describe table 
16:26:18.829220 [info ]: Finished downloading schemas [  1.14s]
16:26:18.898633 [info ]: Started building task graph
16:26:18.898781 [info ]: Finished building task graph [  0.00s]
16:26:18.906923 [info ]: Started rendering (2 nodes)
16:26:18.906985 [info ]: Started snapshot snapshots.account
16:26:18.907000 [debug]: Started rendering snapshot snapshots.account
16:26:18.907056 [info ]: Started model TRANSFORM.v_account
16:26:18.907071 [debug]: Started rendering model TRANSFORM.v_account
16:26:18.911217 [debug]: Compiled SQL for node snapshot.UPI_Fraud_Monitoring.account at target\.lsp\compiled\UPI_Fraud_Monitoring\snapshots\sl_account.sql\account.sql
16:26:18.913960 [debug]: Finished rendering [  0.01s] snapshot snapshots.account [success]
16:26:18.914088 [info ]: Started analyzing (2 nodes)
16:26:18.913782 [debug]: create_debug_span(...).entered() took 52.5µs
16:26:18.914118 [debug]: Started analyzing snapshot snapshots.account
16:26:18.914954 [debug]: Finished analyzing [  0.00s] snapshot snapshots.account [success]
16:26:18.915008 [info ]:  Succeeded [  0.01s] snapshot snapshots.account (snapshot)
16:26:18.986114 [debug]: stmt.execute() (submit+wait_for_completion, returns reader) took 70.5512ms
16:26:18.986162 [debug]: reader.schema() took 1.2µs
16:26:18.988982 [debug]: batch-consume loop (for res in reader) took 2.7773ms
16:26:18.993081 [debug]: do_execute(conn) (closure: stmt.execute + schema + batch loop) took 78.9192ms
16:26:18.993250 [debug]: concat_batches + normalize_result_column_names took 117.1µs
16:26:18.993270 [debug]: record_current_span_status_from_attrs took 7.4µs
16:26:18.993285 [debug]: Query executed on node model.UPI_Fraud_Monitoring.v_account:
describe table "UPI_FRAUD_MONITORING_DB"."TRANSFORM"."V_RAW_ACCOUNT"
/* {"app": "dbt", "connection_name": "", "dbt_version": "2.0.0", "profile_name": "UPI_Fraud_Monitoring", "target_name": "dev"} */
16:26:18.993303 [debug]: drop(query_span_guard) (span exit/export) took 25.2µs
16:26:18.998071 [debug]: Compiled SQL for node model.UPI_Fraud_Monitoring.v_account at target\.lsp\compiled\UPI_Fraud_Monitoring\models\bronze\views\v_account.sql
16:26:18.998474 [debug]: Finished rendering [  0.09s] model TRANSFORM.v_account [success]
16:26:18.998524 [info ]: Finished rendering [  0.09s] (2 nodes, 0 skipped, 0 errors)
16:26:18.998569 [debug]: Started analyzing model TRANSFORM.v_account
16:26:19.003630 [debug]: Finished analyzing [  0.01s] model TRANSFORM.v_account [success]
16:26:19.003687 [info ]: Finished analyzing [  0.09s] (2 nodes, 0 skipped, 0 errors)
16:26:19.003703 [info ]:  Succeeded [  0.10s] model TRANSFORM.v_account (view)
16:26:19.015147 [info ]: Started scheduling
16:26:19.015338 [info ]: Finished scheduling [  0.00s]
16:26:19.015605 [info ]: 
==================== Execution Summary =====================
Finished 'compile' with 2 warnings for target 'dev' [2.8s]
Processed: 1 model | 1 snapshot
Summary: 2 total | 2 success
16:26:19.015710 [info ]: 
==================== Execution Summary =====================
Finished 'compile' successfully for target 'dev' [2.9s]
16:26:19.015792 [info ]: Cached model count updated: 32 models (accurate)
==================== 2026-09-10T16:26:20.613048Z | dd2382d3-7bd2-4bce-8810-fb970454ae24 ====================
16:26:20.613178 [info ]: Started loading project
16:26:20.614177 [info ]: Loading profiles.yml
16:26:20.671849 [info ]: Cached model count updated: 32 models (estimate)
16:26:20.671903 [info ]: Cached model count updated: 32 models (accurate)
16:26:20.672027 [info ]: Started scheduling
16:26:20.672481 [info ]: Finished scheduling [  0.00s]
16:26:20.672519 [debug]: Compilation - 34 nodes selected: {"model.UPI_Fraud_Monitoring.gld_fraud_alert", "model.UPI_Fraud_Monitoring.gld_rule_results", "model.UPI_Fraud_Monitoring.sl_account", "model.UPI_Fraud_Monitoring.sl_beneficiary", "model.UPI_Fraud_Monitoring.sl_collect_request", "model.UPI_Fraud_Monitoring.sl_customer", "model.UPI_Fraud_Monitoring.sl_device_registry", "model.UPI_Fraud_Monitoring.sl_login_activity", "model.UPI_Fraud_Monitoring.sl_merchant", "model.UPI_Fraud_Monitoring.sl_password_change", "model.UPI_Fraud_Monitoring.sl_transaction", "model.UPI_Fraud_Monitoring.sl_watchlist", "model.UPI_Fraud_Monitoring.v_account", "model.UPI_Fraud_Monitoring.v_beneficiary", "model.UPI_Fraud_Monitoring.v_collect_request", "model.UPI_Fraud_Monitoring.v_customer", "model.UPI_Fraud_Monitoring.v_device_registry", "model.UPI_Fraud_Monitoring.v_login_activity", "model.UPI_Fraud_Monitoring.v_merchant", "model.UPI_Fraud_Monitoring.v_password_change", "model.UPI_Fraud_Monitoring.v_raw_account", "model.UPI_Fraud_Monitoring.v_raw_beneficiary", "model.UPI_Fraud_Monitoring.v_raw_collect_request", "model.UPI_Fraud_Monitoring.v_raw_customer", "model.UPI_Fraud_Monitoring.v_raw_device_registry", "model.UPI_Fraud_Monitoring.v_raw_login_activity", "model.UPI_Fraud_Monitoring.v_raw_merchant", "model.UPI_Fraud_Monitoring.v_raw_password_change", "model.UPI_Fraud_Monitoring.v_raw_transaction", "model.UPI_Fraud_Monitoring.v_raw_watchlist", "model.UPI_Fraud_Monitoring.v_transaction", "model.UPI_Fraud_Monitoring.v_watchlist", "seed.UPI_Fraud_Monitoring.dim_fraud_rule", "snapshot.UPI_Fraud_Monitoring.account"}
16:26:20.676287 [debug]:    Started downloading relations (1 items)
16:26:20.676449 [info ]: Finished loading project [  0.06s]
16:26:21.106975 [debug]: create_debug_span(...).entered() took 41µs
16:26:21.244669 [debug]: stmt.execute() (submit+wait_for_completion, returns reader) took 137.493ms
16:26:21.244722 [debug]: reader.schema() took 1.2µs
16:26:21.249274 [debug]: batch-consume loop (for res in reader) took 4.5109ms
16:26:21.252072 [debug]: do_execute(conn) (closure: stmt.execute + schema + batch loop) took 144.9789ms
16:26:21.252254 [debug]: concat_batches + normalize_result_column_names took 130.2µs
16:26:21.252280 [debug]: record_current_span_status_from_attrs took 8.9µs
16:26:21.252301 [debug]: Query executed on node unknown:
SHOW OBJECTS IN SCHEMA "UPI_FRAUD_MONITORING_DB"."TRANSFORM" LIMIT 10000
16:26:21.252323 [debug]: drop(query_span_guard) (span exit/export) took 31.2µs
16:26:21.544088 [debug]:   Finished [  0.87s] downloading relations (1 items)
16:26:21.626071 [info ]: Started building task graph
16:26:21.626427 [info ]: Finished building task graph [  0.00s]
16:26:21.638654 [info ]: Started rendering (34 nodes)
16:26:21.638724 [info ]: Started snapshot snapshots.account
16:26:21.638744 [debug]: Started rendering snapshot snapshots.account
16:26:21.638799 [info ]: Started model TRANSFORM.v_raw_watchlist
16:26:21.638816 [debug]: Started rendering model TRANSFORM.v_raw_watchlist
16:26:21.638843 [info ]: Started model TRANSFORM.v_raw_transaction
16:26:21.638865 [debug]: Started rendering model TRANSFORM.v_raw_transaction
16:26:21.638990 [info ]: Started model TRANSFORM.v_raw_password_change
16:26:21.639015 [debug]: Started rendering model TRANSFORM.v_raw_password_change
16:26:21.639055 [info ]: Started model TRANSFORM.v_raw_merchant
16:26:21.639072 [debug]: Started rendering model TRANSFORM.v_raw_merchant
16:26:21.639096 [info ]: Started model TRANSFORM.v_raw_login_activity
16:26:21.639112 [debug]: Started rendering model TRANSFORM.v_raw_login_activity
16:26:21.639136 [info ]: Started model TRANSFORM.v_raw_device_registry
16:26:21.639149 [debug]: Started rendering model TRANSFORM.v_raw_device_registry
16:26:21.639175 [info ]: Started model TRANSFORM.v_raw_customer
16:26:21.639191 [debug]: Started rendering model TRANSFORM.v_raw_customer
16:26:21.639222 [info ]: Started model TRANSFORM.v_raw_collect_request
16:26:21.639236 [debug]: Started rendering model TRANSFORM.v_raw_collect_request
16:26:21.639258 [info ]: Started model TRANSFORM.v_raw_beneficiary
16:26:21.639274 [debug]: Started rendering model TRANSFORM.v_raw_beneficiary
16:26:21.639301 [info ]: Started model TRANSFORM.v_raw_account
16:26:21.639314 [debug]: Started rendering model TRANSFORM.v_raw_account
16:26:21.639339 [info ]: Started model TRANSFORM.sl_password_change
16:26:21.639349 [debug]: Started rendering model TRANSFORM.sl_password_change
16:26:21.639369 [info ]: Started model TRANSFORM.v_password_change
16:26:21.639382 [debug]: Started rendering model TRANSFORM.v_password_change
16:26:21.639407 [info ]: Started model TRANSFORM.sl_login_activity
16:26:21.639423 [debug]: Started rendering model TRANSFORM.sl_login_activity
16:26:21.639448 [info ]: Started model TRANSFORM.v_login_activity
16:26:21.639461 [debug]: Started rendering model TRANSFORM.v_login_activity
16:26:21.639553 [debug]: Started connection limit wait
16:26:21.639585 [debug]: Started connection limit wait
16:26:21.639595 [debug]: Started connection limit wait
16:26:21.639604 [debug]: Started connection limit wait
16:26:21.639612 [debug]: Started connection limit wait
16:26:21.639626 [debug]: Started connection limit wait
16:26:21.639624 [debug]: Compiled SQL for node snapshot.UPI_Fraud_Monitoring.account at target\.lsp\compiled\UPI_Fraud_Monitoring\snapshots\sl_account.sql\account.sql
16:26:21.639566 [info ]: Started model TRANSFORM.sl_collect_request
16:26:21.639748 [debug]: Started rendering model TRANSFORM.sl_collect_request
16:26:21.639785 [info ]: Started model TRANSFORM.v_collect_request
16:26:21.639804 [debug]: Started rendering model TRANSFORM.v_collect_request
16:26:21.639830 [info ]: Started model TRANSFORM.sl_account
16:26:21.639850 [debug]: Started rendering model TRANSFORM.sl_account
16:26:21.639945 [info ]: Started model TRANSFORM.v_account
16:26:21.639962 [debug]: Started rendering model TRANSFORM.v_account
16:26:21.639991 [info ]: Started model analytics.gld_fraud_alert
16:26:21.640012 [debug]: Started rendering model analytics.gld_fraud_alert
16:26:21.640039 [info ]: Started model analytics.gld_rule_results
16:26:21.640052 [debug]: Started rendering model analytics.gld_rule_results
16:26:21.640089 [info ]: Started seed TRANSFORM.dim_fraud_rule
16:26:21.640101 [debug]: Started rendering seed TRANSFORM.dim_fraud_rule
16:26:21.640149 [info ]: Started model TRANSFORM.sl_beneficiary
16:26:21.640162 [debug]: Started rendering model TRANSFORM.sl_beneficiary
16:26:21.640184 [info ]: Started model TRANSFORM.v_beneficiary
16:26:21.640280 [debug]: Started rendering model TRANSFORM.v_beneficiary
16:26:21.640315 [info ]: Started model TRANSFORM.sl_watchlist
16:26:21.640331 [debug]: Started rendering model TRANSFORM.sl_watchlist
16:26:21.640352 [info ]: Started model TRANSFORM.v_watchlist
16:26:21.640365 [debug]: Started rendering model TRANSFORM.v_watchlist
16:26:21.640383 [info ]: Started model TRANSFORM.sl_transaction
16:26:21.640394 [debug]: Started rendering model TRANSFORM.sl_transaction
16:26:21.640411 [info ]: Started model TRANSFORM.v_transaction
16:26:21.640422 [debug]: Started rendering model TRANSFORM.v_transaction
16:26:21.640442 [info ]: Started model TRANSFORM.sl_merchant
16:26:21.640458 [debug]: Started rendering model TRANSFORM.sl_merchant
16:26:21.640482 [info ]: Started model TRANSFORM.v_merchant
16:26:21.640491 [debug]: Started rendering model TRANSFORM.v_merchant
16:26:21.640513 [info ]: Started model TRANSFORM.sl_device_registry
16:26:21.640524 [debug]: Started rendering model TRANSFORM.sl_device_registry
16:26:21.640545 [info ]: Started model TRANSFORM.v_device_registry
16:26:21.640556 [debug]: Started rendering model TRANSFORM.v_device_registry
16:26:21.640576 [info ]: Started model TRANSFORM.sl_customer
16:26:21.640585 [debug]: Started rendering model TRANSFORM.sl_customer
16:26:21.645024 [debug]: Started connection limit wait
16:26:21.645086 [debug]: Started connection limit wait
16:26:21.645099 [debug]: Started connection limit wait
16:26:21.645133 [debug]: Started connection limit wait
16:26:21.645283 [debug]: Started connection limit wait
16:26:21.645314 [debug]: Started connection limit wait
16:26:21.645329 [debug]: Started connection limit wait
16:26:21.645343 [debug]: Started connection limit wait
16:26:21.645357 [debug]: Started connection limit wait
16:26:21.645372 [debug]: Started connection limit wait
16:26:21.645385 [debug]: Started connection limit wait
16:26:21.645398 [debug]: Started connection limit wait
16:26:21.640610 [info ]: Started model TRANSFORM.v_customer
16:26:21.645551 [debug]: Started rendering model TRANSFORM.v_customer
16:26:21.645939 [debug]: Finished rendering [  0.01s] snapshot snapshots.account [success]
16:26:21.646049 [info ]: Started analyzing (33 nodes)
16:26:21.646065 [debug]: Started analyzing snapshot snapshots.account
16:26:21.646366 [debug]: Started connection limit wait
16:26:21.646406 [debug]: Started connection limit wait
16:26:21.646834 [debug]: Started connection limit wait
16:26:21.646955 [debug]: Finished rendering [  0.01s] seed TRANSFORM.dim_fraud_rule [success]
16:26:21.647000 [info ]:  Succeeded [  0.01s] seed  TRANSFORM.dim_fraud_rule (table)
16:26:21.647139 [debug]: Finished analyzing [  0.00s] snapshot snapshots.account [success]
16:26:21.647167 [info ]:  Succeeded [  0.01s] snapshot snapshots.account (snapshot)
16:26:21.654430 [debug]: Compiled SQL for node model.UPI_Fraud_Monitoring.sl_account at target\.lsp\compiled\UPI_Fraud_Monitoring\models\silver\sl_account.sql
16:26:21.655364 [debug]: Finished rendering [  0.02s] model TRANSFORM.sl_account [success]
16:26:21.655481 [debug]: Started analyzing model TRANSFORM.sl_account
16:26:21.660256 [debug]: Compiled SQL for node model.UPI_Fraud_Monitoring.gld_rule_results at target\.lsp\compiled\UPI_Fraud_Monitoring\models\gold\gld_rule_results.sql
16:26:21.660321 [debug]: Compiled SQL for node model.UPI_Fraud_Monitoring.gld_fraud_alert at target\.lsp\compiled\UPI_Fraud_Monitoring\models\gold\gld_fraud_alert.sql
16:26:21.661259 [debug]: Finished rendering [  0.02s] model analytics.gld_fraud_alert [success]
16:26:21.661397 [debug]: Started analyzing model analytics.gld_fraud_alert
16:26:21.661475 [debug]: Finished rendering [  0.02s] model analytics.gld_rule_results [success]
16:26:21.661523 [debug]: Started analyzing model analytics.gld_rule_results
16:26:21.661706 [debug]: Finished analyzing [  0.01s] model TRANSFORM.sl_account [success]
16:26:21.661752 [info ]:  Succeeded [  0.02s] model TRANSFORM.sl_account (incremental)
16:26:21.664766 [debug]: Finished analyzing [  0.00s] model analytics.gld_fraud_alert [success]
16:26:21.664853 [info ]:  Succeeded [  0.02s] model analytics.gld_fraud_alert (incremental)
16:26:21.664889 [debug]: Compiled SQL for node model.UPI_Fraud_Monitoring.v_raw_transaction at target\.lsp\compiled\UPI_Fraud_Monitoring\models\bronze\raw_views\v_raw_transaction.sql
16:26:21.665101 [debug]: Compiled SQL for node model.UPI_Fraud_Monitoring.v_raw_watchlist at target\.lsp\compiled\UPI_Fraud_Monitoring\models\bronze\raw_views\v_raw_watchlist.sql
16:26:21.665763 [debug]: Finished rendering [  0.03s] model TRANSFORM.v_raw_transaction [success]
16:26:21.665886 [debug]: Started analyzing model TRANSFORM.v_raw_transaction
16:26:21.665947 [debug]: Finished connection limit wait [  0.03s]
16:26:21.666735 [debug]: Finished connection limit wait [  0.03s]
16:26:21.666770 [debug]: Finished rendering [  0.03s] model TRANSFORM.v_raw_watchlist [success]
16:26:21.666850 [debug]: Started analyzing model TRANSFORM.v_raw_watchlist
16:26:21.668261 [debug]: Finished analyzing [  0.00s] model TRANSFORM.v_raw_transaction [success]
16:26:21.668508 [info ]:  Succeeded [  0.03s] model TRANSFORM.v_raw_transaction (view)
16:26:21.668674 [debug]: Finished analyzing [  0.00s] model TRANSFORM.v_raw_watchlist [success]
16:26:21.668696 [info ]:  Succeeded [  0.03s] model TRANSFORM.v_raw_watchlist (view)
16:26:21.672590 [debug]: create_debug_span(...).entered() took 43.5µs
16:26:21.677997 [debug]: Finished analyzing [  0.02s] model analytics.gld_rule_results [success]
16:26:21.678035 [debug]: Compiled SQL for node model.UPI_Fraud_Monitoring.v_raw_password_change at target\.lsp\compiled\UPI_Fraud_Monitoring\models\bronze\raw_views\v_raw_password_change.sql
16:26:21.678075 [info ]:  Succeeded [  0.04s] model analytics.gld_rule_results (incremental)
16:26:21.678513 [debug]: Finished connection limit wait [  0.04s]
16:26:21.678523 [debug]: Finished rendering [  0.04s] model TRANSFORM.v_raw_password_change [success]
16:26:21.678597 [debug]: Started analyzing model TRANSFORM.v_raw_password_change
16:26:21.679723 [debug]: Finished analyzing [  0.00s] model TRANSFORM.v_raw_password_change [success]
16:26:21.679949 [info ]:  Succeeded [  0.04s] model TRANSFORM.v_raw_password_change (view)
16:26:21.680971 [debug]: Compiled SQL for node model.UPI_Fraud_Monitoring.v_raw_device_registry at target\.lsp\compiled\UPI_Fraud_Monitoring\models\bronze\raw_views\v_raw_device_registry.sql
16:26:21.681645 [debug]: Compiled SQL for node model.UPI_Fraud_Monitoring.v_raw_login_activity at target\.lsp\compiled\UPI_Fraud_Monitoring\models\bronze\raw_views\v_raw_login_activity.sql
16:26:21.681886 [debug]: Compiled SQL for node model.UPI_Fraud_Monitoring.v_raw_customer at target\.lsp\compiled\UPI_Fraud_Monitoring\models\bronze\raw_views\v_raw_customer.sql
16:26:21.682234 [debug]: Compiled SQL for node model.UPI_Fraud_Monitoring.v_raw_merchant at target\.lsp\compiled\UPI_Fraud_Monitoring\models\bronze\raw_views\v_raw_merchant.sql
16:26:21.682409 [debug]: Finished rendering [  0.04s] model TRANSFORM.v_raw_device_registry [success]
16:26:21.682567 [debug]: Started analyzing model TRANSFORM.v_raw_device_registry
16:26:21.682688 [debug]: Finished rendering [  0.04s] model TRANSFORM.v_raw_login_activity [success]
16:26:21.682722 [debug]: Started analyzing model TRANSFORM.v_raw_login_activity
16:26:21.682763 [debug]: Started analyzing model TRANSFORM.v_raw_customer
16:26:21.682792 [debug]: Finished connection limit wait [  0.04s]
16:26:21.682861 [debug]: Finished rendering [  0.04s] model TRANSFORM.v_raw_merchant [success]
16:26:21.682879 [debug]: Started analyzing model TRANSFORM.v_raw_merchant
16:26:21.682884 [debug]: Finished rendering [  0.04s] model TRANSFORM.v_raw_customer [success]
16:26:21.682968 [debug]: Finished connection limit wait [  0.04s]
16:26:21.682845 [debug]: Finished connection limit wait [  0.04s]
16:26:21.683834 [debug]: Finished connection limit wait [  0.04s]
16:26:21.683966 [debug]: Finished analyzing [  0.00s] model TRANSFORM.v_raw_device_registry [success]
16:26:21.684014 [info ]:  Succeeded [  0.04s] model TRANSFORM.v_raw_device_registry (view)
16:26:21.684700 [debug]: Finished analyzing [  0.00s] model TRANSFORM.v_raw_merchant [success]
16:26:21.684783 [info ]:  Succeeded [  0.04s] model TRANSFORM.v_raw_merchant (view)
16:26:21.684854 [debug]: Finished analyzing [  0.00s] model TRANSFORM.v_raw_login_activity [success]
16:26:21.684893 [info ]:  Succeeded [  0.04s] model TRANSFORM.v_raw_login_activity (view)
16:26:21.685012 [debug]: Compiled SQL for node model.UPI_Fraud_Monitoring.v_raw_collect_request at target\.lsp\compiled\UPI_Fraud_Monitoring\models\bronze\raw_views\v_raw_collect_request.sql
16:26:21.685339 [debug]: Finished connection limit wait [  0.04s]
16:26:21.685375 [debug]: Finished rendering [  0.05s] model TRANSFORM.v_raw_collect_request [success]
16:26:21.685441 [debug]: Started analyzing model TRANSFORM.v_raw_collect_request
16:26:21.685653 [debug]: Compiled SQL for node model.UPI_Fraud_Monitoring.v_raw_beneficiary at target\.lsp\compiled\UPI_Fraud_Monitoring\models\bronze\raw_views\v_raw_beneficiary.sql
16:26:21.686217 [debug]: Compiled SQL for node model.UPI_Fraud_Monitoring.v_raw_account at target\.lsp\compiled\UPI_Fraud_Monitoring\models\bronze\raw_views\v_raw_account.sql
16:26:21.686340 [debug]: Finished analyzing [  0.00s] model TRANSFORM.v_raw_collect_request [success]
16:26:21.686439 [info ]:  Succeeded [  0.05s] model TRANSFORM.v_raw_collect_request (view)
16:26:21.686896 [debug]: Compiled SQL for node model.UPI_Fraud_Monitoring.sl_password_change at target\.lsp\compiled\UPI_Fraud_Monitoring\models\silver\sl_password_change.sql
16:26:21.686977 [debug]: Finished rendering [  0.02s] model TRANSFORM.v_raw_beneficiary [success]
16:26:21.687034 [debug]: Finished connection limit wait [  0.04s]
16:26:21.687070 [debug]: Started analyzing model TRANSFORM.v_raw_beneficiary
16:26:21.687078 [debug]: Finished connection limit wait [  0.04s]
16:26:21.687139 [debug]: Finished rendering [  0.01s] model TRANSFORM.v_raw_account [success]
16:26:21.687162 [debug]: Started analyzing model TRANSFORM.v_raw_account
16:26:21.687278 [debug]: Finished rendering [  0.00s] model TRANSFORM.sl_password_change [success]
16:26:21.687316 [debug]: Started analyzing model TRANSFORM.sl_password_change
16:26:21.687826 [debug]: Finished connection limit wait [  0.04s]
16:26:21.687869 [debug]: Finished analyzing [  0.00s] model TRANSFORM.v_raw_beneficiary [success]
16:26:21.687907 [info ]:  Succeeded [  0.02s] model TRANSFORM.v_raw_beneficiary (view)
16:26:21.688036 [debug]: Finished analyzing [  0.00s] model TRANSFORM.v_raw_account [success]
16:26:21.688064 [info ]:  Succeeded [  0.01s] model TRANSFORM.v_raw_account (view)
16:26:21.688537 [debug]: Finished analyzing [  0.01s] model TRANSFORM.v_raw_customer [success]
16:26:21.688604 [info ]:  Succeeded [  0.05s] model TRANSFORM.v_raw_customer (view)
16:26:21.690887 [debug]: Compiled SQL for node model.UPI_Fraud_Monitoring.sl_login_activity at target\.lsp\compiled\UPI_Fraud_Monitoring\models\silver\sl_login_activity.sql
16:26:21.692130 [debug]: Finished rendering [  0.01s] model TRANSFORM.sl_login_activity [success]
16:26:21.692255 [debug]: Started analyzing model TRANSFORM.sl_login_activity
16:26:21.692327 [debug]: Finished connection limit wait [  0.05s]
16:26:21.695469 [debug]: Finished analyzing [  0.01s] model TRANSFORM.sl_password_change [success]
16:26:21.695564 [info ]:  Succeeded [  0.01s] model TRANSFORM.sl_password_change (incremental)
16:26:21.697005 [debug]: create_debug_span(...).entered() took 52.9µs
16:26:21.698978 [debug]: Compiled SQL for node model.UPI_Fraud_Monitoring.v_account at target\.lsp\compiled\UPI_Fraud_Monitoring\models\bronze\views\v_account.sql
16:26:21.699713 [debug]: Finished analyzing [  0.01s] model TRANSFORM.sl_login_activity [success]
16:26:21.699798 [info ]:  Succeeded [  0.02s] model TRANSFORM.sl_login_activity (incremental)
16:26:21.699918 [debug]: Finished rendering [  0.02s] model TRANSFORM.v_account [success]
16:26:21.699962 [debug]: Started analyzing model TRANSFORM.v_account
16:26:21.699966 [debug]: create_debug_span(...).entered() took 59.3µs
16:26:21.700006 [debug]: Finished connection limit wait [  0.05s]
16:26:21.700239 [debug]: Compiled SQL for node model.UPI_Fraud_Monitoring.sl_collect_request at target\.lsp\compiled\UPI_Fraud_Monitoring\models\silver\sl_collect_request.sql
16:26:21.701048 [debug]: Finished rendering [  0.02s] model TRANSFORM.sl_collect_request [success]
16:26:21.701057 [debug]: Finished connection limit wait [  0.06s]
16:26:21.701172 [debug]: Started analyzing model TRANSFORM.sl_collect_request
16:26:21.704299 [debug]: Finished analyzing [  0.00s] model TRANSFORM.sl_collect_request [success]
16:26:21.704385 [info ]:  Succeeded [  0.02s] model TRANSFORM.sl_collect_request (incremental)
16:26:21.708839 [debug]: create_debug_span(...).entered() took 40.7µs
16:26:21.712711 [debug]: Compiled SQL for node model.UPI_Fraud_Monitoring.sl_watchlist at target\.lsp\compiled\UPI_Fraud_Monitoring\models\silver\sl_watchlist.sql
16:26:21.714331 [debug]: Finished rendering [  0.03s] model TRANSFORM.sl_watchlist [success]
16:26:21.714440 [debug]: Started analyzing model TRANSFORM.sl_watchlist
16:26:21.714503 [debug]: Finished connection limit wait [  0.07s]
16:26:21.714749 [debug]: create_debug_span(...).entered() took 24.4µs
16:26:21.715490 [debug]: Compiled SQL for node model.UPI_Fraud_Monitoring.sl_transaction at target\.lsp\compiled\UPI_Fraud_Monitoring\models\silver\sl_transaction.sql
16:26:21.716312 [debug]: Finished connection limit wait [  0.07s]
16:26:21.716391 [debug]: Finished rendering [  0.02s] model TRANSFORM.sl_transaction [success]
16:26:21.716461 [debug]: Started analyzing model TRANSFORM.sl_transaction
16:26:21.716530 [debug]: Finished analyzing [  0.02s] model TRANSFORM.v_account [success]
16:26:21.716554 [info ]:  Succeeded [  0.03s] model TRANSFORM.v_account (view)
16:26:21.717425 [debug]: create_debug_span(...).entered() took 33.4µs
16:26:21.716897 [debug]: Finished analyzing [  0.00s] model TRANSFORM.sl_watchlist [success]
16:26:21.717592 [info ]:  Succeeded [  0.03s] model TRANSFORM.sl_watchlist (incremental)
16:26:21.720489 [debug]: Finished analyzing [  0.00s] model TRANSFORM.sl_transaction [success]
16:26:21.720584 [info ]:  Succeeded [  0.02s] model TRANSFORM.sl_transaction (incremental)
16:26:21.724285 [debug]: Compiled SQL for node model.UPI_Fraud_Monitoring.sl_merchant at target\.lsp\compiled\UPI_Fraud_Monitoring\models\silver\sl_merchant.sql
16:26:21.724261 [debug]: Compiled SQL for node model.UPI_Fraud_Monitoring.sl_device_registry at target\.lsp\compiled\UPI_Fraud_Monitoring\models\silver\sl_device_registry.sql
16:26:21.725212 [debug]: Finished connection limit wait [  0.08s]
16:26:21.725309 [debug]: Finished connection limit wait [  0.08s]
16:26:21.725330 [debug]: Started analyzing model TRANSFORM.sl_device_registry
16:26:21.725397 [debug]: Finished rendering [  0.01s] model TRANSFORM.sl_merchant [success]
16:26:21.725434 [debug]: Started analyzing model TRANSFORM.sl_merchant
16:26:21.725642 [debug]: Finished rendering [  0.02s] model TRANSFORM.sl_device_registry [success]
16:26:21.729331 [debug]: Finished analyzing [  0.00s] model TRANSFORM.sl_device_registry [success]
16:26:21.729422 [info ]:  Succeeded [  0.02s] model TRANSFORM.sl_device_registry (incremental)
16:26:21.729902 [debug]: Finished analyzing [  0.00s] model TRANSFORM.sl_merchant [success]
16:26:21.729965 [info ]:  Succeeded [  0.02s] model TRANSFORM.sl_merchant (incremental)
16:26:21.731437 [debug]: create_debug_span(...).entered() took 33.3µs
16:26:21.731438 [debug]: create_debug_span(...).entered() took 33.1µs
16:26:21.762020 [debug]: stmt.execute() (submit+wait_for_completion, returns reader) took 86.6149ms
16:26:21.762086 [debug]: reader.schema() took 1.2µs
16:26:21.765387 [debug]: batch-consume loop (for res in reader) took 3.2561ms
16:26:21.768769 [debug]: do_execute(conn) (closure: stmt.execute + schema + batch loop) took 96.0922ms
16:26:21.769208 [debug]: concat_batches + normalize_result_column_names took 351.9µs
16:26:21.769276 [debug]: record_current_span_status_from_attrs took 16.5µs
16:26:21.769300 [debug]: Query executed on node model.UPI_Fraud_Monitoring.v_password_change:
describe table "UPI_FRAUD_MONITORING_DB"."TRANSFORM"."V_RAW_PASSWORD_CHANGE"
/* {"app": "dbt", "connection_name": "", "dbt_version": "2.0.0", "profile_name": "UPI_Fraud_Monitoring", "target_name": "dev"} */
16:26:21.769337 [debug]: drop(query_span_guard) (span exit/export) took 49.2µs
16:26:21.773887 [debug]: Compiled SQL for node model.UPI_Fraud_Monitoring.v_password_change at target\.lsp\compiled\UPI_Fraud_Monitoring\models\bronze\views\v_password_change.sql
16:26:21.774400 [debug]: Finished rendering [  0.11s] model TRANSFORM.v_password_change [success]
16:26:21.774488 [debug]: Started analyzing model TRANSFORM.v_password_change
16:26:21.774546 [debug]: Finished connection limit wait [  0.13s]
16:26:21.782636 [debug]: Compiled SQL for node model.UPI_Fraud_Monitoring.sl_customer at target\.lsp\compiled\UPI_Fraud_Monitoring\models\silver\sl_customer.sql
16:26:21.783315 [debug]: stmt.execute() (submit+wait_for_completion, returns reader) took 73.9497ms
16:26:21.783437 [debug]: reader.schema() took 1.6µs
16:26:21.783666 [debug]: Finished rendering [  0.02s] model TRANSFORM.sl_customer [success]
16:26:21.783772 [debug]: Started analyzing model TRANSFORM.sl_customer
16:26:21.783832 [debug]: Finished connection limit wait [  0.14s]
16:26:21.786043 [debug]: Finished analyzing [  0.01s] model TRANSFORM.v_password_change [success]
16:26:21.786133 [info ]:  Succeeded [  0.12s] model TRANSFORM.v_password_change (view)
16:26:21.786196 [debug]: Finished analyzing [  0.00s] model TRANSFORM.sl_customer [success]
16:26:21.786220 [info ]:  Succeeded [  0.02s] model TRANSFORM.sl_customer (incremental)
16:26:21.789660 [debug]: create_debug_span(...).entered() took 41.2µs
16:26:21.790534 [debug]: stmt.execute() (submit+wait_for_completion, returns reader) took 88.265ms
16:26:21.790607 [debug]: reader.schema() took 900ns
16:26:21.791426 [debug]: batch-consume loop (for res in reader) took 7.9517ms
16:26:21.793388 [debug]: batch-consume loop (for res in reader) took 2.7279ms
16:26:21.796580 [debug]: do_execute(conn) (closure: stmt.execute + schema + batch loop) took 87.6481ms
16:26:21.796814 [debug]: concat_batches + normalize_result_column_names took 138.3µs
16:26:21.796841 [debug]: record_current_span_status_from_attrs took 8.3µs
16:26:21.796861 [debug]: Query executed on node model.UPI_Fraud_Monitoring.v_collect_request:
describe table "UPI_FRAUD_MONITORING_DB"."TRANSFORM"."V_RAW_COLLECT_REQUEST"
/* {"app": "dbt", "connection_name": "", "dbt_version": "2.0.0", "profile_name": "UPI_Fraud_Monitoring", "target_name": "dev"} */
16:26:21.796885 [debug]: drop(query_span_guard) (span exit/export) took 32.9µs
16:26:21.801378 [debug]: do_execute(conn) (closure: stmt.execute + schema + batch loop) took 104.2939ms
16:26:21.801588 [debug]: concat_batches + normalize_result_column_names took 137µs
16:26:21.801618 [debug]: record_current_span_status_from_attrs took 9µs
16:26:21.801635 [debug]: Query executed on node model.UPI_Fraud_Monitoring.v_beneficiary:
describe table "UPI_FRAUD_MONITORING_DB"."TRANSFORM"."V_RAW_BENEFICIARY"
/* {"app": "dbt", "connection_name": "", "dbt_version": "2.0.0", "profile_name": "UPI_Fraud_Monitoring", "target_name": "dev"} */
16:26:21.801665 [debug]: drop(query_span_guard) (span exit/export) took 37.3µs
16:26:21.801971 [debug]: Compiled SQL for node model.UPI_Fraud_Monitoring.v_collect_request at target\.lsp\compiled\UPI_Fraud_Monitoring\models\bronze\views\v_collect_request.sql
16:26:21.802346 [debug]: Finished rendering [  0.12s] model TRANSFORM.v_collect_request [success]
16:26:21.802431 [debug]: Started analyzing model TRANSFORM.v_collect_request
16:26:21.802480 [debug]: Finished connection limit wait [  0.16s]
16:26:21.806183 [debug]: Compiled SQL for node model.UPI_Fraud_Monitoring.v_beneficiary at target\.lsp\compiled\UPI_Fraud_Monitoring\models\bronze\views\v_beneficiary.sql
16:26:21.806856 [debug]: Finished rendering [  0.13s] model TRANSFORM.v_beneficiary [success]
16:26:21.806977 [debug]: Started analyzing model TRANSFORM.v_beneficiary
16:26:21.807874 [debug]: Compiled SQL for node model.UPI_Fraud_Monitoring.sl_beneficiary at target\.lsp\compiled\UPI_Fraud_Monitoring\models\silver\sl_beneficiary.sql
16:26:21.810227 [debug]: Finished rendering [  0.02s] model TRANSFORM.sl_beneficiary [success]
16:26:21.810356 [debug]: Started analyzing model TRANSFORM.sl_beneficiary
16:26:21.812251 [debug]: Finished analyzing [  0.01s] model TRANSFORM.v_collect_request [success]
16:26:21.812348 [info ]:  Succeeded [  0.13s] model TRANSFORM.v_collect_request (view)
16:26:21.817189 [debug]: Finished analyzing [  0.01s] model TRANSFORM.v_beneficiary [success]
16:26:21.817266 [info ]:  Succeeded [  0.14s] model TRANSFORM.v_beneficiary (view)
16:26:21.818533 [debug]: Finished analyzing [  0.01s] model TRANSFORM.sl_beneficiary [success]
16:26:21.818656 [info ]:  Succeeded [  0.02s] model TRANSFORM.sl_beneficiary (incremental)
16:26:21.869995 [debug]: stmt.execute() (submit+wait_for_completion, returns reader) took 80.0942ms
16:26:21.870051 [debug]: reader.schema() took 1.1µs
16:26:21.873939 [debug]: batch-consume loop (for res in reader) took 3.849ms
16:26:21.876188 [debug]: do_execute(conn) (closure: stmt.execute + schema + batch loop) took 86.4449ms
16:26:21.876331 [debug]: concat_batches + normalize_result_column_names took 91.1µs
16:26:21.876349 [debug]: record_current_span_status_from_attrs took 7µs
16:26:21.876364 [debug]: Query executed on node model.UPI_Fraud_Monitoring.v_customer:
describe table "UPI_FRAUD_MONITORING_DB"."TRANSFORM"."V_RAW_CUSTOMER"
/* {"app": "dbt", "connection_name": "", "dbt_version": "2.0.0", "profile_name": "UPI_Fraud_Monitoring", "target_name": "dev"} */
16:26:21.876381 [debug]: drop(query_span_guard) (span exit/export) took 25.4µs
16:26:21.879197 [debug]: Compiled SQL for node model.UPI_Fraud_Monitoring.v_customer at target\.lsp\compiled\UPI_Fraud_Monitoring\models\bronze\views\v_customer.sql
16:26:21.879609 [debug]: Finished rendering [  0.10s] model TRANSFORM.v_customer [success]
16:26:21.879708 [debug]: Started analyzing model TRANSFORM.v_customer
16:26:21.886431 [debug]: Finished analyzing [  0.01s] model TRANSFORM.v_customer [success]
16:26:21.886494 [info ]:  Succeeded [  0.10s] model TRANSFORM.v_customer (view)
16:26:21.981442 [debug]: stmt.execute() (submit+wait_for_completion, returns reader) took 249.7107ms
16:26:21.981632 [debug]: reader.schema() took 2.2µs
16:26:21.986388 [debug]: batch-consume loop (for res in reader) took 4.7084ms
16:26:21.990186 [debug]: do_execute(conn) (closure: stmt.execute + schema + batch loop) took 258.6129ms
16:26:21.990326 [debug]: concat_batches + normalize_result_column_names took 85.5µs
16:26:21.990349 [debug]: record_current_span_status_from_attrs took 8.7µs
16:26:21.990365 [debug]: Query executed on node model.UPI_Fraud_Monitoring.v_merchant:
describe table "UPI_FRAUD_MONITORING_DB"."TRANSFORM"."V_RAW_MERCHANT"
/* {"app": "dbt", "connection_name": "", "dbt_version": "2.0.0", "profile_name": "UPI_Fraud_Monitoring", "target_name": "dev"} */
16:26:21.990388 [debug]: drop(query_span_guard) (span exit/export) took 31.1µs
16:26:21.993983 [debug]: Compiled SQL for node model.UPI_Fraud_Monitoring.v_merchant at target\.lsp\compiled\UPI_Fraud_Monitoring\models\bronze\views\v_merchant.sql
16:26:21.996692 [debug]: Finished rendering [  0.28s] model TRANSFORM.v_merchant [success]
16:26:21.997164 [debug]: Started analyzing model TRANSFORM.v_merchant
16:26:22.003106 [debug]: Finished analyzing [  0.01s] model TRANSFORM.v_merchant [success]
16:26:22.003239 [info ]:  Succeeded [  0.28s] model TRANSFORM.v_merchant (view)
16:26:22.048339 [debug]: stmt.execute() (submit+wait_for_completion, returns reader) took 316.6229ms
16:26:22.048395 [debug]: reader.schema() took 1.3µs
16:26:22.052794 [debug]: batch-consume loop (for res in reader) took 4.352ms
16:26:22.056729 [debug]: do_execute(conn) (closure: stmt.execute + schema + batch loop) took 325.1867ms
16:26:22.056914 [debug]: concat_batches + normalize_result_column_names took 129µs
16:26:22.056931 [debug]: record_current_span_status_from_attrs took 7.8µs
16:26:22.056950 [debug]: Query executed on node model.UPI_Fraud_Monitoring.v_device_registry:
describe table "UPI_FRAUD_MONITORING_DB"."TRANSFORM"."V_RAW_DEVICE_REGISTRY"
/* {"app": "dbt", "connection_name": "", "dbt_version": "2.0.0", "profile_name": "UPI_Fraud_Monitoring", "target_name": "dev"} */
16:26:22.056979 [debug]: drop(query_span_guard) (span exit/export) took 38.3µs
16:26:22.062464 [debug]: Compiled SQL for node model.UPI_Fraud_Monitoring.v_device_registry at target\.lsp\compiled\UPI_Fraud_Monitoring\models\bronze\views\v_device_registry.sql
16:26:22.064574 [debug]: Finished rendering [  0.35s] model TRANSFORM.v_device_registry [success]
16:26:22.064698 [debug]: Started analyzing model TRANSFORM.v_device_registry
16:26:22.071752 [debug]: Finished analyzing [  0.01s] model TRANSFORM.v_device_registry [success]
16:26:22.071822 [info ]:  Succeeded [  0.35s] model TRANSFORM.v_device_registry (view)
16:26:22.115798 [debug]: stmt.execute() (submit+wait_for_completion, returns reader) took 415.5011ms
16:26:22.115860 [debug]: reader.schema() took 1.7µs
16:26:22.116215 [debug]: stmt.execute() (submit+wait_for_completion, returns reader) took 399.0978ms
16:26:22.116248 [debug]: reader.schema() took 400ns
16:26:22.118686 [debug]: batch-consume loop (for res in reader) took 2.7767ms
16:26:22.120734 [debug]: batch-consume loop (for res in reader) took 4.4419ms
16:26:22.123234 [debug]: do_execute(conn) (closure: stmt.execute + schema + batch loop) took 423.1948ms
16:26:22.123415 [debug]: concat_batches + normalize_result_column_names took 113.8µs
16:26:22.123431 [debug]: record_current_span_status_from_attrs took 8.9µs
16:26:22.123447 [debug]: Query executed on node model.UPI_Fraud_Monitoring.v_login_activity:
describe table "UPI_FRAUD_MONITORING_DB"."TRANSFORM"."V_RAW_LOGIN_ACTIVITY"
/* {"app": "dbt", "connection_name": "", "dbt_version": "2.0.0", "profile_name": "UPI_Fraud_Monitoring", "target_name": "dev"} */
16:26:22.123470 [debug]: drop(query_span_guard) (span exit/export) took 31.5µs
16:26:22.126055 [debug]: do_execute(conn) (closure: stmt.execute + schema + batch loop) took 411.2478ms
16:26:22.126233 [debug]: concat_batches + normalize_result_column_names took 121.7µs
16:26:22.126261 [debug]: record_current_span_status_from_attrs took 9µs
16:26:22.126280 [debug]: Query executed on node model.UPI_Fraud_Monitoring.v_watchlist:
describe table "UPI_FRAUD_MONITORING_DB"."TRANSFORM"."V_RAW_WATCHLIST"
/* {"app": "dbt", "connection_name": "", "dbt_version": "2.0.0", "profile_name": "UPI_Fraud_Monitoring", "target_name": "dev"} */
16:26:22.126304 [debug]: drop(query_span_guard) (span exit/export) took 35.3µs
16:26:22.127560 [debug]: Compiled SQL for node model.UPI_Fraud_Monitoring.v_login_activity at target\.lsp\compiled\UPI_Fraud_Monitoring\models\bronze\views\v_login_activity.sql
16:26:22.127927 [debug]: Finished rendering [  0.45s] model TRANSFORM.v_login_activity [success]
16:26:22.128018 [debug]: Started analyzing model TRANSFORM.v_login_activity
16:26:22.130790 [debug]: Compiled SQL for node model.UPI_Fraud_Monitoring.v_watchlist at target\.lsp\compiled\UPI_Fraud_Monitoring\models\bronze\views\v_watchlist.sql
16:26:22.131388 [debug]: Finished rendering [  0.44s] model TRANSFORM.v_watchlist [success]
16:26:22.131514 [debug]: Started analyzing model TRANSFORM.v_watchlist
16:26:22.136423 [debug]: Finished analyzing [  0.01s] model TRANSFORM.v_login_activity [success]
16:26:22.136480 [info ]:  Succeeded [  0.45s] model TRANSFORM.v_login_activity (view)
16:26:22.136524 [debug]: Finished analyzing [  0.01s] model TRANSFORM.v_watchlist [success]
16:26:22.136542 [info ]:  Succeeded [  0.45s] model TRANSFORM.v_watchlist (view)
16:26:22.243354 [debug]: stmt.execute() (submit+wait_for_completion, returns reader) took 524.4754ms
16:26:22.243401 [debug]: reader.schema() took 1.4µs
16:26:22.246414 [debug]: batch-consume loop (for res in reader) took 2.9734ms
16:26:22.249451 [debug]: do_execute(conn) (closure: stmt.execute + schema + batch loop) took 531.9169ms
16:26:22.249614 [debug]: concat_batches + normalize_result_column_names took 89.8µs
16:26:22.249645 [debug]: record_current_span_status_from_attrs took 9.4µs
16:26:22.249696 [debug]: Query executed on node model.UPI_Fraud_Monitoring.v_transaction:
describe table "UPI_FRAUD_MONITORING_DB"."TRANSFORM"."V_RAW_TRANSACTION"
/* {"app": "dbt", "connection_name": "", "dbt_version": "2.0.0", "profile_name": "UPI_Fraud_Monitoring", "target_name": "dev"} */
16:26:22.249913 [debug]: drop(query_span_guard) (span exit/export) took 219.1µs
16:26:22.254391 [debug]: Compiled SQL for node model.UPI_Fraud_Monitoring.v_transaction at target\.lsp\compiled\UPI_Fraud_Monitoring\models\bronze\views\v_transaction.sql
16:26:22.255295 [debug]: Finished rendering [  0.56s] model TRANSFORM.v_transaction [success]
16:26:22.255405 [info ]: Finished rendering [  0.62s] (34 nodes, 0 skipped, 0 errors)
16:26:22.255541 [debug]: Started analyzing model TRANSFORM.v_transaction
16:26:22.268412 [debug]: Finished analyzing [  0.01s] model TRANSFORM.v_transaction [success]
16:26:22.268471 [info ]: Finished analyzing [  0.62s] (33 nodes, 0 skipped, 0 errors)
16:26:22.268493 [info ]:  Succeeded [  0.57s] model TRANSFORM.v_transaction (view)
16:26:22.320985 [info ]: Started scheduling
16:26:22.321271 [info ]: Finished scheduling [  0.00s]
16:26:22.321678 [info ]: 
==================== Execution Summary =====================
Finished 'compile' successfully for target 'dev' [1.7s]
Processed: 32 models | 1 snapshot | 1 seed
Summary: 34 total | 34 success
16:26:22.323087 [info ]: Cached model count updated: 32 models (accurate)
==================== 2026-09-10T16:37:11.386898Z | 59a4e448-7c06-4dc4-a615-e0689ad8ec9f ====================
16:37:11.387037 [info ]: Started loading project
16:37:11.387894 [info ]: Loading profiles.yml
==================== 2026-09-10T16:37:11.398653Z | d8fa736d-2246-4839-9df3-3d14016808fc ====================
16:37:11.398727 [info ]: Started loading project
16:37:11.399872 [info ]: Loading profiles.yml
16:37:11.399965 [info ]: Finished loading project [  0.01s]
16:37:11.405349 [info ]:    Started resolving packages from packages.yml
16:37:11.901918 [info ]:   Finished [  0.50s] resolving packages from packages.yml (2 items)
16:37:11.902267 [debug]:    Started loading packages
16:37:11.915911 [debug]:     Loaded [  0.01s] packages
16:37:11.916888 [info ]: Finished loading project [  0.52s]
16:37:11.917234 [info ]: Started parsing
16:37:11.970159 [debug]: Finished parsing models/gold/gld_fraud_alert.yml [  0.00s]
16:37:11.970532 [debug]: Finished parsing models/gold/gld_rule_results.yml [  0.00s]
16:37:11.970749 [debug]: Finished parsing models/schema.yml [  0.00s]
16:37:11.971153 [debug]: Finished parsing models/sources.yml [  0.00s]
16:37:11.976867 [debug]: Finished parsing snapshots\sl_account.sql [  0.00s]
16:37:11.979609 [debug]: Finished parsing models/bronze/raw_views/v_raw_account.sql [  0.00s]
16:37:11.980734 [debug]: Finished parsing models/bronze/raw_views/v_raw_beneficiary.sql [  0.00s]
16:37:11.981841 [debug]: Finished parsing models/bronze/raw_views/v_raw_collect_request.sql [  0.00s]
16:37:11.982823 [debug]: Finished parsing models/bronze/raw_views/v_raw_customer.sql [  0.00s]
16:37:11.983731 [debug]: Finished parsing models/bronze/raw_views/v_raw_device_registry.sql [  0.00s]
16:37:11.984595 [debug]: Finished parsing models/bronze/raw_views/v_raw_login_activity.sql [  0.00s]
16:37:11.985410 [debug]: Finished parsing models/bronze/raw_views/v_raw_merchant.sql [  0.00s]
16:37:11.986264 [debug]: Finished parsing models/bronze/raw_views/v_raw_password_change.sql [  0.00s]
16:37:11.987207 [debug]: Finished parsing models/bronze/raw_views/v_raw_transaction.sql [  0.00s]
16:37:11.988332 [debug]: Finished parsing models/bronze/raw_views/v_raw_watchlist.sql [  0.00s]
16:37:11.989399 [debug]: Finished parsing models/bronze/views/v_account.sql [  0.00s]
16:37:11.990418 [debug]: Finished parsing models/bronze/views/v_beneficiary.sql [  0.00s]
16:37:11.991731 [debug]: Finished parsing models/bronze/views/v_collect_request.sql [  0.00s]
16:37:11.992902 [debug]: Finished parsing models/bronze/views/v_customer.sql [  0.00s]
16:37:11.993796 [debug]: Finished parsing models/bronze/views/v_device_registry.sql [  0.00s]
16:37:11.994954 [debug]: Finished parsing models/bronze/views/v_login_activity.sql [  0.00s]
16:37:11.996585 [debug]: Finished parsing models/bronze/views/v_merchant.sql [  0.00s]
16:37:11.997757 [debug]: Finished parsing models/bronze/views/v_password_change.sql [  0.00s]
16:37:11.998977 [debug]: Finished parsing models/bronze/views/v_transaction.sql [  0.00s]
16:37:12.000177 [debug]: Finished parsing models/bronze/views/v_watchlist.sql [  0.00s]
16:37:12.001302 [debug]: Finished parsing models/gold/gld_fraud_alert.sql [  0.00s]
16:37:12.002579 [debug]: Finished parsing models/gold/gld_rule_results.sql [  0.00s]
16:37:12.003631 [debug]: Finished parsing models/silver/sl_account.sql [  0.00s]
16:37:12.004765 [debug]: Finished parsing models/silver/sl_beneficiary.sql [  0.00s]
16:37:12.006160 [debug]: Finished parsing models/silver/sl_collect_request.sql [  0.00s]
16:37:12.007783 [debug]: Finished parsing models/silver/sl_customer.sql [  0.00s]
16:37:12.009177 [debug]: Finished parsing models/silver/sl_device_registry.sql [  0.00s]
16:37:12.010585 [debug]: Finished parsing models/silver/sl_login_activity.sql [  0.00s]
16:37:12.011690 [debug]: Finished parsing models/silver/sl_merchant.sql [  0.00s]
16:37:12.012782 [debug]: Finished parsing models/silver/sl_password_change.sql [  0.00s]
16:37:12.013828 [debug]: Finished parsing models/silver/sl_transaction.sql [  0.00s]
16:37:12.015030 [debug]: Finished parsing models/silver/sl_watchlist.sql [  0.00s]
16:37:12.036166 [warn ]: [NoNodeForYamlKey (dbt1089)]: Unused schema.yml entry for model 'alert_results'
  --> models/gold/gld_fraud_alert.yml
16:37:12.036223 [warn ]: [NoNodeForYamlKey (dbt1089)]: Unused schema.yml entry for model 'fraud_alerts'
  --> models/gold/gld_rule_results.yml
16:37:12.205710 [info ]: Finished parsing [  0.29s]
16:37:12.207379 [info ]: Cached model count updated: 32 models (estimate)
16:37:12.207420 [info ]: Cached model count updated: 32 models (accurate)
16:37:12.207528 [info ]: Started scheduling
16:37:12.207753 [info ]: Finished scheduling [  0.00s]
16:37:12.207773 [debug]: Compilation - 2 nodes selected: {"model.UPI_Fraud_Monitoring.v_account", "snapshot.UPI_Fraud_Monitoring.account"}
16:37:12.207801 [info ]: Started scheduling
16:37:12.208066 [info ]: Finished scheduling [  0.00s]
16:37:12.211127 [debug]: Initializing schema store with entry: Frontier(CanonicalFqn { catalog: "UPI_FRAUD_MONITORING_DB", schema: "STAGING", table: "WATCHLIST" }) and interval: None
16:37:12.211196 [debug]: Initializing schema store with entry: Frontier(CanonicalFqn { catalog: "UPI_FRAUD_MONITORING_DB", schema: "STAGING", table: "LOGIN_ACTIVITY" }) and interval: None
16:37:12.211226 [debug]: Initializing schema store with entry: Frontier(CanonicalFqn { catalog: "UPI_FRAUD_MONITORING_DB", schema: "STAGING", table: "BENEFICIARY" }) and interval: None
16:37:12.211250 [debug]: Initializing schema store with entry: Frontier(CanonicalFqn { catalog: "UPI_FRAUD_MONITORING_DB", schema: "STAGING", table: "MERCHANT" }) and interval: None
16:37:12.211269 [debug]: Initializing schema store with entry: Frontier(CanonicalFqn { catalog: "UPI_FRAUD_MONITORING_DB", schema: "STAGING", table: "COLLECT_REQUEST" }) and interval: None
16:37:12.211288 [debug]: Initializing schema store with entry: Frontier(CanonicalFqn { catalog: "UPI_FRAUD_MONITORING_DB", schema: "STAGING", table: "PASSWORD_CHANGE" }) and interval: None
16:37:12.211310 [debug]: Initializing schema store with entry: Frontier(CanonicalFqn { catalog: "UPI_FRAUD_MONITORING_DB", schema: "STAGING", table: "DEVICE_REGISTRY" }) and interval: None
16:37:12.211340 [debug]: Initializing schema store with entry: Frontier(CanonicalFqn { catalog: "UPI_FRAUD_MONITORING_DB", schema: "STAGING", table: "ACCOUNT" }) and interval: None
16:37:12.211362 [debug]: Initializing schema store with entry: Frontier(CanonicalFqn { catalog: "UPI_FRAUD_MONITORING_DB", schema: "STAGING", table: "CUSTOMER" }) and interval: None
16:37:12.211391 [debug]: Initializing schema store with entry: Frontier(CanonicalFqn { catalog: "UPI_FRAUD_MONITORING_DB", schema: "STAGING", table: "UPI_TRANSACTION" }) and interval: None
16:37:12.213535 [debug]:    Started downloading relations (1 items)
16:37:12.707051 [debug]: create_debug_span(...).entered() took 25µs
16:37:12.834617 [debug]: stmt.execute() (submit+wait_for_completion, returns reader) took 127.4365ms
16:37:12.834662 [debug]: reader.schema() took 1.1µs
16:37:12.836523 [debug]: batch-consume loop (for res in reader) took 1.8357ms
16:37:12.837739 [debug]: do_execute(conn) (closure: stmt.execute + schema + batch loop) took 130.641ms
16:37:12.837865 [debug]: concat_batches + normalize_result_column_names took 89.2µs
16:37:12.837884 [debug]: record_current_span_status_from_attrs took 6.1µs
16:37:12.837894 [debug]: Query executed on node unknown:
SHOW OBJECTS IN SCHEMA "UPI_FRAUD_MONITORING_DB"."TRANSFORM" LIMIT 10000
16:37:12.837905 [debug]: drop(query_span_guard) (span exit/export) took 15.9µs
16:37:13.211910 [debug]:   Finished [  1.00s] downloading relations (1 items)
16:37:13.211967 [info ]: Started downloading schemas
16:37:13.212156 [debug]: create_debug_span(...).entered() took 11.5µs
16:37:13.394949 [debug]: Query executed on node unknown:
describe table 
16:37:14.395398 [info ]: Finished downloading schemas [  1.18s]
16:37:14.450745 [info ]: Started building task graph
16:37:14.450828 [info ]: Finished building task graph [  0.00s]
16:37:14.457047 [info ]: Started rendering (2 nodes)
16:37:14.457090 [info ]: Started snapshot transform.account
16:37:14.457100 [debug]: Started rendering snapshot transform.account
16:37:14.457136 [info ]: Started model TRANSFORM.v_account
16:37:14.457148 [debug]: Started rendering model TRANSFORM.v_account
16:37:14.459754 [debug]: Compiled SQL for node snapshot.UPI_Fraud_Monitoring.account at target\.lsp\compiled\UPI_Fraud_Monitoring\snapshots\sl_account.sql\account.sql
16:37:14.460014 [debug]: Finished rendering [  0.00s] snapshot transform.account [success]
16:37:14.460114 [info ]: Started analyzing (2 nodes)
16:37:14.460130 [debug]: Started analyzing snapshot transform.account
16:37:14.460683 [debug]: Finished analyzing [  0.00s] snapshot transform.account [success]
16:37:14.460741 [info ]:  Succeeded [  0.00s] snapshot transform.account (snapshot)
16:37:14.460943 [debug]: create_debug_span(...).entered() took 18µs
16:37:14.618732 [debug]: stmt.execute() (submit+wait_for_completion, returns reader) took 157.6009ms
16:37:14.618769 [debug]: reader.schema() took 800ns
16:37:14.620792 [debug]: batch-consume loop (for res in reader) took 1.9977ms
16:37:14.622673 [debug]: do_execute(conn) (closure: stmt.execute + schema + batch loop) took 161.6693ms
16:37:14.622818 [debug]: concat_batches + normalize_result_column_names took 75.7µs
16:37:14.622835 [debug]: record_current_span_status_from_attrs took 4.8µs
16:37:14.622848 [debug]: Query executed on node model.UPI_Fraud_Monitoring.v_account:
describe table "UPI_FRAUD_MONITORING_DB"."TRANSFORM"."V_RAW_ACCOUNT"
/* {"app": "dbt", "connection_name": "", "dbt_version": "2.0.0", "profile_name": "UPI_Fraud_Monitoring", "target_name": "dev"} */
16:37:14.622857 [debug]: drop(query_span_guard) (span exit/export) took 14.9µs
16:37:14.625077 [debug]: Compiled SQL for node model.UPI_Fraud_Monitoring.v_account at target\.lsp\compiled\UPI_Fraud_Monitoring\models\bronze\views\v_account.sql
16:37:14.625453 [debug]: Finished rendering [  0.17s] model TRANSFORM.v_account [success]
16:37:14.625515 [info ]: Finished rendering [  0.17s] (2 nodes, 0 skipped, 0 errors)
16:37:14.625550 [debug]: Started analyzing model TRANSFORM.v_account
16:37:14.629622 [debug]: Finished analyzing [  0.00s] model TRANSFORM.v_account [success]
16:37:14.629663 [info ]: Finished analyzing [  0.17s] (2 nodes, 0 skipped, 0 errors)
16:37:14.629678 [info ]:  Succeeded [  0.17s] model TRANSFORM.v_account (view)
16:37:14.634929 [info ]: Started scheduling
16:37:14.635050 [info ]: Finished scheduling [  0.00s]
16:37:14.635228 [info ]: 
==================== Execution Summary =====================
Finished 'compile' with 2 warnings for target 'dev' [3.2s]
Processed: 1 model | 1 snapshot
Summary: 2 total | 2 success
16:37:14.635307 [info ]: 
==================== Execution Summary =====================
Finished 'compile' successfully for target 'dev' [3.2s]
16:37:14.635819 [info ]: Cached model count updated: 32 models (accurate)
==================== 2026-09-10T16:37:16.213957Z | 33366ea8-0453-4e07-bc9f-f092fd4a3c92 ====================
16:37:16.214095 [info ]: Started loading project
16:37:16.215089 [info ]: Loading profiles.yml
16:37:16.252097 [info ]: Cached model count updated: 32 models (estimate)
16:37:16.252129 [info ]: Cached model count updated: 32 models (accurate)
16:37:16.252226 [info ]: Started scheduling
16:37:16.252522 [info ]: Finished scheduling [  0.00s]
16:37:16.252551 [debug]: Compilation - 34 nodes selected: {"model.UPI_Fraud_Monitoring.gld_fraud_alert", "model.UPI_Fraud_Monitoring.gld_rule_results", "model.UPI_Fraud_Monitoring.sl_account", "model.UPI_Fraud_Monitoring.sl_beneficiary", "model.UPI_Fraud_Monitoring.sl_collect_request", "model.UPI_Fraud_Monitoring.sl_customer", "model.UPI_Fraud_Monitoring.sl_device_registry", "model.UPI_Fraud_Monitoring.sl_login_activity", "model.UPI_Fraud_Monitoring.sl_merchant", "model.UPI_Fraud_Monitoring.sl_password_change", "model.UPI_Fraud_Monitoring.sl_transaction", "model.UPI_Fraud_Monitoring.sl_watchlist", "model.UPI_Fraud_Monitoring.v_account", "model.UPI_Fraud_Monitoring.v_beneficiary", "model.UPI_Fraud_Monitoring.v_collect_request", "model.UPI_Fraud_Monitoring.v_customer", "model.UPI_Fraud_Monitoring.v_device_registry", "model.UPI_Fraud_Monitoring.v_login_activity", "model.UPI_Fraud_Monitoring.v_merchant", "model.UPI_Fraud_Monitoring.v_password_change", "model.UPI_Fraud_Monitoring.v_raw_account", "model.UPI_Fraud_Monitoring.v_raw_beneficiary", "model.UPI_Fraud_Monitoring.v_raw_collect_request", "model.UPI_Fraud_Monitoring.v_raw_customer", "model.UPI_Fraud_Monitoring.v_raw_device_registry", "model.UPI_Fraud_Monitoring.v_raw_login_activity", "model.UPI_Fraud_Monitoring.v_raw_merchant", "model.UPI_Fraud_Monitoring.v_raw_password_change", "model.UPI_Fraud_Monitoring.v_raw_transaction", "model.UPI_Fraud_Monitoring.v_raw_watchlist", "model.UPI_Fraud_Monitoring.v_transaction", "model.UPI_Fraud_Monitoring.v_watchlist", "seed.UPI_Fraud_Monitoring.dim_fraud_rule", "snapshot.UPI_Fraud_Monitoring.account"}
16:37:16.255101 [debug]:    Started downloading relations (1 items)
16:37:16.255203 [info ]: Finished loading project [  0.04s]
16:37:16.467810 [debug]: create_debug_span(...).entered() took 23.6µs
16:37:16.699484 [debug]: stmt.execute() (submit+wait_for_completion, returns reader) took 231.5742ms
16:37:16.699518 [debug]: reader.schema() took 800ns
16:37:16.701038 [debug]: batch-consume loop (for res in reader) took 1.4975ms
16:37:16.702298 [debug]: do_execute(conn) (closure: stmt.execute + schema + batch loop) took 234.4489ms
16:37:16.702388 [debug]: concat_batches + normalize_result_column_names took 56.2µs
16:37:16.702400 [debug]: record_current_span_status_from_attrs took 4µs
16:37:16.702407 [debug]: Query executed on node unknown:
SHOW OBJECTS IN SCHEMA "UPI_FRAUD_MONITORING_DB"."TRANSFORM" LIMIT 10000
16:37:16.702416 [debug]: drop(query_span_guard) (span exit/export) took 13µs
16:37:16.702738 [debug]:   Finished [  0.45s] downloading relations (1 items)
16:37:16.757307 [info ]: Started building task graph
16:37:16.757579 [info ]: Finished building task graph [  0.00s]
16:37:16.765740 [info ]: Started rendering (34 nodes)
16:37:16.765789 [info ]: Started snapshot transform.account
16:37:16.765800 [debug]: Started rendering snapshot transform.account
16:37:16.765833 [info ]: Started model TRANSFORM.v_raw_watchlist
16:37:16.765843 [debug]: Started rendering model TRANSFORM.v_raw_watchlist
16:37:16.765858 [info ]: Started model TRANSFORM.v_raw_transaction
16:37:16.765870 [debug]: Started rendering model TRANSFORM.v_raw_transaction
16:37:16.765885 [info ]: Started model TRANSFORM.v_raw_password_change
16:37:16.765897 [debug]: Started rendering model TRANSFORM.v_raw_password_change
16:37:16.765912 [info ]: Started model TRANSFORM.v_raw_merchant
16:37:16.765930 [debug]: Started rendering model TRANSFORM.v_raw_merchant
16:37:16.765954 [info ]: Started model TRANSFORM.v_raw_login_activity
16:37:16.765965 [debug]: Started rendering model TRANSFORM.v_raw_login_activity
16:37:16.765982 [info ]: Started model TRANSFORM.v_raw_device_registry
16:37:16.765992 [debug]: Started rendering model TRANSFORM.v_raw_device_registry
16:37:16.766007 [info ]: Started model TRANSFORM.v_raw_customer
16:37:16.766016 [debug]: Started rendering model TRANSFORM.v_raw_customer
16:37:16.766034 [info ]: Started model TRANSFORM.v_raw_collect_request
16:37:16.766044 [debug]: Started rendering model TRANSFORM.v_raw_collect_request
16:37:16.766060 [info ]: Started model TRANSFORM.v_raw_beneficiary
16:37:16.766071 [debug]: Started rendering model TRANSFORM.v_raw_beneficiary
16:37:16.766084 [info ]: Started model TRANSFORM.v_raw_account
16:37:16.766091 [debug]: Started rendering model TRANSFORM.v_raw_account
16:37:16.766108 [info ]: Started model TRANSFORM.sl_password_change
16:37:16.766116 [debug]: Started rendering model TRANSFORM.sl_password_change
16:37:16.766130 [info ]: Started model TRANSFORM.v_password_change
16:37:16.766138 [debug]: Started rendering model TRANSFORM.v_password_change
16:37:16.766152 [info ]: Started model TRANSFORM.sl_login_activity
16:37:16.766159 [debug]: Started rendering model TRANSFORM.sl_login_activity
16:37:16.766173 [info ]: Started model TRANSFORM.v_login_activity
16:37:16.766183 [debug]: Started rendering model TRANSFORM.v_login_activity
16:37:16.766201 [info ]: Started model TRANSFORM.sl_collect_request
16:37:16.766260 [debug]: Started rendering model TRANSFORM.sl_collect_request
16:37:16.766287 [info ]: Started model TRANSFORM.v_collect_request
16:37:16.766298 [debug]: Started rendering model TRANSFORM.v_collect_request
16:37:16.766314 [info ]: Started model TRANSFORM.sl_account
16:37:16.766324 [debug]: Started rendering model TRANSFORM.sl_account
16:37:16.766329 [debug]: Compiled SQL for node snapshot.UPI_Fraud_Monitoring.account at target\.lsp\compiled\UPI_Fraud_Monitoring\snapshots\sl_account.sql\account.sql
16:37:16.766343 [info ]: Started model TRANSFORM.v_account
16:37:16.766353 [debug]: Started rendering model TRANSFORM.v_account
16:37:16.766370 [info ]: Started model analytics.gld_fraud_alert
16:37:16.766381 [debug]: Started rendering model analytics.gld_fraud_alert
16:37:16.766399 [info ]: Started model analytics.gld_rule_results
16:37:16.766407 [debug]: Started rendering model analytics.gld_rule_results
16:37:16.766424 [info ]: Started seed TRANSFORM.dim_fraud_rule
16:37:16.766436 [debug]: Started rendering seed TRANSFORM.dim_fraud_rule
16:37:16.766456 [info ]: Started model TRANSFORM.sl_beneficiary
16:37:16.766465 [debug]: Started rendering model TRANSFORM.sl_beneficiary
16:37:16.766461 [debug]: Started connection limit wait
16:37:16.766485 [debug]: Started connection limit wait
16:37:16.766482 [info ]: Started model TRANSFORM.v_beneficiary
16:37:16.766491 [debug]: Started rendering model TRANSFORM.v_beneficiary
16:37:16.766495 [debug]: Started connection limit wait
16:37:16.766505 [debug]: Started connection limit wait
16:37:16.766507 [info ]: Started model TRANSFORM.sl_watchlist
16:37:16.766512 [debug]: Started connection limit wait
16:37:16.766520 [debug]: Started connection limit wait
16:37:16.766517 [debug]: Started rendering model TRANSFORM.sl_watchlist
16:37:16.766527 [debug]: Started connection limit wait
16:37:16.766534 [debug]: Started connection limit wait
16:37:16.766533 [info ]: Started model TRANSFORM.v_watchlist
16:37:16.766542 [debug]: Started rendering model TRANSFORM.v_watchlist
16:37:16.766559 [info ]: Started model TRANSFORM.sl_transaction
16:37:16.766567 [debug]: Started rendering model TRANSFORM.sl_transaction
16:37:16.766580 [info ]: Started model TRANSFORM.v_transaction
16:37:16.766589 [debug]: Started rendering model TRANSFORM.v_transaction
16:37:16.766602 [info ]: Started model TRANSFORM.sl_merchant
16:37:16.766613 [debug]: Started rendering model TRANSFORM.sl_merchant
16:37:16.766635 [info ]: Started model TRANSFORM.v_merchant
16:37:16.766643 [debug]: Started connection limit wait
16:37:16.766644 [debug]: Started rendering model TRANSFORM.v_merchant
16:37:16.766661 [info ]: Started model TRANSFORM.sl_device_registry
16:37:16.766674 [debug]: Started rendering model TRANSFORM.sl_device_registry
16:37:16.766689 [info ]: Started model TRANSFORM.v_device_registry
16:37:16.766697 [debug]: Started rendering model TRANSFORM.v_device_registry
16:37:16.766699 [debug]: Started connection limit wait
16:37:16.766711 [info ]: Started model TRANSFORM.sl_customer
16:37:16.766721 [debug]: Started rendering model TRANSFORM.sl_customer
16:37:16.766738 [debug]: Started connection limit wait
16:37:16.766737 [info ]: Started model TRANSFORM.v_customer
16:37:16.766747 [debug]: Started connection limit wait
16:37:16.766747 [debug]: Started rendering model TRANSFORM.v_customer
16:37:16.766754 [debug]: Started connection limit wait
16:37:16.766761 [debug]: Started connection limit wait
16:37:16.766767 [debug]: Started connection limit wait
16:37:16.766774 [debug]: Started connection limit wait
16:37:16.766782 [debug]: Started connection limit wait
16:37:16.766778 [debug]: Finished rendering [  0.00s] snapshot transform.account [success]
16:37:16.766789 [debug]: Started connection limit wait
16:37:16.766797 [debug]: Started connection limit wait
16:37:16.766804 [debug]: Started connection limit wait
16:37:16.766811 [debug]: Started connection limit wait
16:37:16.766824 [info ]: Started analyzing (33 nodes)
16:37:16.766833 [debug]: Started analyzing snapshot transform.account
16:37:16.766859 [debug]: Finished rendering [  0.00s] seed TRANSFORM.dim_fraud_rule [success]
16:37:16.766870 [info ]:  Succeeded [-------] seed  TRANSFORM.dim_fraud_rule (table)
16:37:16.767391 [debug]: Finished analyzing [  0.00s] snapshot transform.account [success]
16:37:16.767435 [info ]:  Succeeded [-------] snapshot transform.account (snapshot)
16:37:16.771349 [debug]: Compiled SQL for node model.UPI_Fraud_Monitoring.sl_account at target\.lsp\compiled\UPI_Fraud_Monitoring\models\silver\sl_account.sql
16:37:16.771785 [debug]: Finished rendering [  0.01s] model TRANSFORM.sl_account [success]
16:37:16.771877 [debug]: Started analyzing model TRANSFORM.sl_account
16:37:16.773722 [debug]: Compiled SQL for node model.UPI_Fraud_Monitoring.gld_fraud_alert at target\.lsp\compiled\UPI_Fraud_Monitoring\models\gold\gld_fraud_alert.sql
16:37:16.774271 [debug]: Finished rendering [  0.01s] model analytics.gld_fraud_alert [success]
16:37:16.774352 [debug]: Started analyzing model analytics.gld_fraud_alert
16:37:16.774531 [debug]: Compiled SQL for node model.UPI_Fraud_Monitoring.gld_rule_results at target\.lsp\compiled\UPI_Fraud_Monitoring\models\gold\gld_rule_results.sql
16:37:16.775396 [debug]: Finished analyzing [  0.00s] model TRANSFORM.sl_account [success]
16:37:16.775445 [info ]:  Succeeded [  0.01s] model TRANSFORM.sl_account (incremental)
16:37:16.775509 [debug]: Finished rendering [  0.01s] model analytics.gld_rule_results [success]
16:37:16.775539 [debug]: Started analyzing model analytics.gld_rule_results
16:37:16.776200 [debug]: Finished analyzing [  0.00s] model analytics.gld_fraud_alert [success]
16:37:16.776254 [info ]:  Succeeded [  0.01s] model analytics.gld_fraud_alert (incremental)
16:37:16.785647 [debug]: Compiled SQL for node model.UPI_Fraud_Monitoring.v_raw_transaction at target\.lsp\compiled\UPI_Fraud_Monitoring\models\bronze\raw_views\v_raw_transaction.sql
16:37:16.785728 [debug]: Compiled SQL for node model.UPI_Fraud_Monitoring.v_raw_password_change at target\.lsp\compiled\UPI_Fraud_Monitoring\models\bronze\raw_views\v_raw_password_change.sql
16:37:16.785810 [debug]: Compiled SQL for node model.UPI_Fraud_Monitoring.v_raw_device_registry at target\.lsp\compiled\UPI_Fraud_Monitoring\models\bronze\raw_views\v_raw_device_registry.sql
16:37:16.785953 [debug]: Compiled SQL for node model.UPI_Fraud_Monitoring.v_raw_merchant at target\.lsp\compiled\UPI_Fraud_Monitoring\models\bronze\raw_views\v_raw_merchant.sql
16:37:16.786410 [debug]: Compiled SQL for node model.UPI_Fraud_Monitoring.v_raw_customer at target\.lsp\compiled\UPI_Fraud_Monitoring\models\bronze\raw_views\v_raw_customer.sql
16:37:16.786487 [debug]: Compiled SQL for node model.UPI_Fraud_Monitoring.v_raw_watchlist at target\.lsp\compiled\UPI_Fraud_Monitoring\models\bronze\raw_views\v_raw_watchlist.sql
16:37:16.786532 [debug]: Finished rendering [  0.02s] model TRANSFORM.v_raw_merchant [success]
16:37:16.786586 [debug]: Compiled SQL for node model.UPI_Fraud_Monitoring.v_raw_account at target\.lsp\compiled\UPI_Fraud_Monitoring\models\bronze\raw_views\v_raw_account.sql
16:37:16.786588 [debug]: Started analyzing model TRANSFORM.v_raw_merchant
16:37:16.786622 [debug]: Finished rendering [  0.02s] model TRANSFORM.v_raw_transaction [success]
16:37:16.786627 [debug]: Finished connection limit wait [  0.02s]
16:37:16.786637 [debug]: Started analyzing model TRANSFORM.v_raw_transaction
16:37:16.786653 [debug]: Finished connection limit wait [  0.02s]
16:37:16.786680 [debug]: Finished rendering [  0.02s] model TRANSFORM.v_raw_password_change [success]
16:37:16.786703 [debug]: Started analyzing model TRANSFORM.v_raw_password_change
16:37:16.786720 [debug]: Finished connection limit wait [  0.02s]
16:37:16.786783 [debug]: Compiled SQL for node model.UPI_Fraud_Monitoring.v_raw_login_activity at target\.lsp\compiled\UPI_Fraud_Monitoring\models\bronze\raw_views\v_raw_login_activity.sql
16:37:16.788743 [debug]: Finished rendering [  0.02s] model TRANSFORM.v_raw_device_registry [success]
16:37:16.788816 [debug]: Started analyzing model TRANSFORM.v_raw_device_registry
16:37:16.788870 [debug]: Finished connection limit wait [  0.02s]
16:37:16.788953 [debug]: Finished analyzing [  0.01s] model analytics.gld_rule_results [success]
16:37:16.788980 [info ]:  Succeeded [  0.02s] model analytics.gld_rule_results (incremental)
16:37:16.789060 [debug]: Finished rendering [  0.02s] model TRANSFORM.v_raw_customer [success]
16:37:16.789089 [debug]: Started analyzing model TRANSFORM.v_raw_customer
16:37:16.789121 [debug]: Finished rendering [  0.02s] model TRANSFORM.v_raw_watchlist [success]
16:37:16.789137 [debug]: Started analyzing model TRANSFORM.v_raw_watchlist
16:37:16.789151 [debug]: Finished connection limit wait [  0.02s]
16:37:16.789190 [debug]: Finished rendering [  0.02s] model TRANSFORM.v_raw_account [success]
16:37:16.789220 [debug]: Started analyzing model TRANSFORM.v_raw_account
16:37:16.789282 [debug]: Finished connection limit wait [  0.02s]
16:37:16.789280 [debug]: Finished rendering [  0.02s] model TRANSFORM.v_raw_login_activity [success]
16:37:16.789302 [debug]: Started analyzing model TRANSFORM.v_raw_login_activity
16:37:16.789321 [debug]: Finished connection limit wait [  0.02s]
16:37:16.789489 [debug]: Finished connection limit wait [  0.02s]
16:37:16.789876 [debug]: Finished analyzing [  0.00s] model TRANSFORM.v_raw_login_activity [success]
16:37:16.789973 [info ]:  Succeeded [  0.02s] model TRANSFORM.v_raw_login_activity (view)
16:37:16.790019 [debug]: Finished analyzing [  0.00s] model TRANSFORM.v_raw_customer [success]
16:37:16.790030 [info ]:  Succeeded [  0.02s] model TRANSFORM.v_raw_customer (view)
16:37:16.790753 [debug]: Finished analyzing [  0.00s] model TRANSFORM.v_raw_watchlist [success]
16:37:16.790798 [info ]:  Succeeded [  0.02s] model TRANSFORM.v_raw_watchlist (view)
16:37:16.790836 [debug]: Finished analyzing [  0.00s] model TRANSFORM.v_raw_password_change [success]
16:37:16.790854 [info ]:  Succeeded [  0.02s] model TRANSFORM.v_raw_password_change (view)
16:37:16.790876 [debug]: Finished analyzing [  0.00s] model TRANSFORM.v_raw_device_registry [success]
16:37:16.790888 [info ]:  Succeeded [  0.02s] model TRANSFORM.v_raw_device_registry (view)
16:37:16.791005 [debug]: Finished analyzing [  0.00s] model TRANSFORM.v_raw_account [success]
16:37:16.791032 [info ]:  Succeeded [  0.02s] model TRANSFORM.v_raw_account (view)
16:37:16.791064 [debug]: Finished analyzing [  0.00s] model TRANSFORM.v_raw_merchant [success]
16:37:16.791078 [info ]:  Succeeded [  0.02s] model TRANSFORM.v_raw_merchant (view)
16:37:16.791098 [debug]: Finished analyzing [  0.00s] model TRANSFORM.v_raw_transaction [success]
16:37:16.791110 [info ]:  Succeeded [  0.02s] model TRANSFORM.v_raw_transaction (view)
16:37:16.793326 [debug]: create_debug_span(...).entered() took 33.8µs
16:37:16.794507 [debug]: create_debug_span(...).entered() took 26.5µs
16:37:16.795289 [debug]: Compiled SQL for node model.UPI_Fraud_Monitoring.v_raw_beneficiary at target\.lsp\compiled\UPI_Fraud_Monitoring\models\bronze\raw_views\v_raw_beneficiary.sql
16:37:16.795511 [debug]: Compiled SQL for node model.UPI_Fraud_Monitoring.v_raw_collect_request at target\.lsp\compiled\UPI_Fraud_Monitoring\models\bronze\raw_views\v_raw_collect_request.sql
16:37:16.795715 [debug]: Finished connection limit wait [  0.03s]
16:37:16.795745 [debug]: Finished connection limit wait [  0.03s]
16:37:16.795782 [debug]: Finished rendering [  0.01s] model TRANSFORM.v_raw_collect_request [success]
16:37:16.795822 [debug]: Started analyzing model TRANSFORM.v_raw_collect_request
16:37:16.795867 [debug]: Finished rendering [  0.01s] model TRANSFORM.v_raw_beneficiary [success]
16:37:16.795893 [debug]: Started analyzing model TRANSFORM.v_raw_beneficiary
16:37:16.796248 [debug]: create_debug_span(...).entered() took 23.3µs
16:37:16.796289 [debug]: Finished analyzing [  0.00s] model TRANSFORM.v_raw_collect_request [success]
16:37:16.796319 [info ]:  Succeeded [  0.01s] model TRANSFORM.v_raw_collect_request (view)
16:37:16.796357 [debug]: Finished analyzing [  0.00s] model TRANSFORM.v_raw_beneficiary [success]
16:37:16.796370 [info ]:  Succeeded [  0.01s] model TRANSFORM.v_raw_beneficiary (view)
16:37:16.797653 [debug]: Compiled SQL for node model.UPI_Fraud_Monitoring.v_account at target\.lsp\compiled\UPI_Fraud_Monitoring\models\bronze\views\v_account.sql
16:37:16.797892 [debug]: Finished connection limit wait [  0.03s]
16:37:16.797947 [debug]: Finished rendering [  0.00s] model TRANSFORM.v_account [success]
16:37:16.797998 [debug]: Started analyzing model TRANSFORM.v_account
16:37:16.801485 [debug]: create_debug_span(...).entered() took 37µs
16:37:16.803213 [debug]: Compiled SQL for node model.UPI_Fraud_Monitoring.sl_beneficiary at target\.lsp\compiled\UPI_Fraud_Monitoring\models\silver\sl_beneficiary.sql
16:37:16.803542 [debug]: Finished connection limit wait [  0.04s]
16:37:16.803574 [debug]: Finished rendering [  0.01s] model TRANSFORM.sl_beneficiary [success]
16:37:16.803620 [debug]: Started analyzing model TRANSFORM.sl_beneficiary
16:37:16.803638 [debug]: Compiled SQL for node model.UPI_Fraud_Monitoring.sl_collect_request at target\.lsp\compiled\UPI_Fraud_Monitoring\models\silver\sl_collect_request.sql
16:37:16.803715 [debug]: Compiled SQL for node model.UPI_Fraud_Monitoring.sl_password_change at target\.lsp\compiled\UPI_Fraud_Monitoring\models\silver\sl_password_change.sql
16:37:16.803963 [debug]: Compiled SQL for node model.UPI_Fraud_Monitoring.sl_login_activity at target\.lsp\compiled\UPI_Fraud_Monitoring\models\silver\sl_login_activity.sql
16:37:16.805205 [debug]: Finished connection limit wait [  0.04s]
16:37:16.805255 [debug]: Finished rendering [  0.02s] model TRANSFORM.sl_collect_request [success]
16:37:16.805304 [debug]: Started analyzing model TRANSFORM.sl_collect_request
16:37:16.805316 [debug]: Finished connection limit wait [  0.04s]
16:37:16.805358 [debug]: Finished rendering [  0.02s] model TRANSFORM.sl_password_change [success]
16:37:16.805375 [debug]: Started analyzing model TRANSFORM.sl_password_change
16:37:16.805396 [debug]: Finished rendering [  0.02s] model TRANSFORM.sl_login_activity [success]
16:37:16.805408 [debug]: Started analyzing model TRANSFORM.sl_login_activity
16:37:16.805486 [debug]: Finished connection limit wait [  0.04s]
16:37:16.806970 [debug]: Finished analyzing [  0.00s] model TRANSFORM.sl_collect_request [success]
16:37:16.807006 [info ]:  Succeeded [  0.02s] model TRANSFORM.sl_collect_request (incremental)
16:37:16.807764 [debug]: Finished analyzing [  0.01s] model TRANSFORM.v_account [success]
16:37:16.807804 [info ]:  Succeeded [  0.01s] model TRANSFORM.v_account (view)
16:37:16.808584 [debug]: create_debug_span(...).entered() took 37.2µs
16:37:16.808733 [debug]: create_debug_span(...).entered() took 16.2µs
16:37:16.808793 [debug]: Finished analyzing [  0.00s] model TRANSFORM.sl_login_activity [success]
16:37:16.808822 [info ]:  Succeeded [  0.02s] model TRANSFORM.sl_login_activity (incremental)
16:37:16.810046 [debug]: Finished analyzing [  0.01s] model TRANSFORM.sl_beneficiary [success]
16:37:16.810104 [info ]:  Succeeded [  0.01s] model TRANSFORM.sl_beneficiary (incremental)
16:37:16.810897 [debug]: Finished analyzing [  0.01s] model TRANSFORM.sl_password_change [success]
16:37:16.810954 [info ]:  Succeeded [  0.02s] model TRANSFORM.sl_password_change (incremental)
16:37:16.811897 [debug]: Compiled SQL for node model.UPI_Fraud_Monitoring.sl_watchlist at target\.lsp\compiled\UPI_Fraud_Monitoring\models\silver\sl_watchlist.sql
16:37:16.811955 [debug]: Compiled SQL for node model.UPI_Fraud_Monitoring.sl_transaction at target\.lsp\compiled\UPI_Fraud_Monitoring\models\silver\sl_transaction.sql
16:37:16.812166 [debug]: Finished rendering [  0.01s] model TRANSFORM.sl_watchlist [success]
16:37:16.812218 [debug]: Started analyzing model TRANSFORM.sl_watchlist
16:37:16.812249 [debug]: Finished connection limit wait [  0.05s]
16:37:16.812366 [debug]: Finished rendering [  0.01s] model TRANSFORM.sl_transaction [success]
16:37:16.812402 [debug]: Started analyzing model TRANSFORM.sl_transaction
16:37:16.812432 [debug]: Finished connection limit wait [  0.05s]
16:37:16.813626 [debug]: Finished analyzing [  0.00s] model TRANSFORM.sl_watchlist [success]
16:37:16.813674 [info ]:  Succeeded [  0.01s] model TRANSFORM.sl_watchlist (incremental)
16:37:16.815286 [debug]: Finished analyzing [  0.00s] model TRANSFORM.sl_transaction [success]
16:37:16.815347 [info ]:  Succeeded [  0.01s] model TRANSFORM.sl_transaction (incremental)
16:37:16.815674 [debug]: Compiled SQL for node model.UPI_Fraud_Monitoring.sl_merchant at target\.lsp\compiled\UPI_Fraud_Monitoring\models\silver\sl_merchant.sql
16:37:16.815883 [debug]: Finished connection limit wait [  0.05s]
16:37:16.815918 [debug]: Finished rendering [  0.00s] model TRANSFORM.sl_merchant [success]
16:37:16.815964 [debug]: Started analyzing model TRANSFORM.sl_merchant
16:37:16.817160 [debug]: create_debug_span(...).entered() took 35.6µs
16:37:16.818134 [debug]: Finished analyzing [  0.00s] model TRANSFORM.sl_merchant [success]
16:37:16.818180 [info ]:  Succeeded [  0.01s] model TRANSFORM.sl_merchant (incremental)
16:37:16.819164 [debug]: create_debug_span(...).entered() took 26µs
16:37:16.876633 [debug]: stmt.execute() (submit+wait_for_completion, returns reader) took 81.9266ms
16:37:16.876676 [debug]: reader.schema() took 800ns
16:37:16.879324 [debug]: batch-consume loop (for res in reader) took 2.5905ms
16:37:16.883055 [debug]: do_execute(conn) (closure: stmt.execute + schema + batch loop) took 88.487ms
16:37:16.883172 [debug]: concat_batches + normalize_result_column_names took 76.6µs
16:37:16.883185 [debug]: record_current_span_status_from_attrs took 6.5µs
16:37:16.883196 [debug]: Query executed on node model.UPI_Fraud_Monitoring.v_password_change:
describe table "UPI_FRAUD_MONITORING_DB"."TRANSFORM"."V_RAW_PASSWORD_CHANGE"
/* {"app": "dbt", "connection_name": "", "dbt_version": "2.0.0", "profile_name": "UPI_Fraud_Monitoring", "target_name": "dev"} */
16:37:16.883213 [debug]: drop(query_span_guard) (span exit/export) took 22.5µs
16:37:16.886310 [debug]: Compiled SQL for node model.UPI_Fraud_Monitoring.v_password_change at target\.lsp\compiled\UPI_Fraud_Monitoring\models\bronze\views\v_password_change.sql
16:37:16.886645 [debug]: Finished connection limit wait [  0.12s]
16:37:16.886684 [debug]: Finished rendering [  0.10s] model TRANSFORM.v_password_change [success]
16:37:16.886744 [debug]: Started analyzing model TRANSFORM.v_password_change
16:37:16.890058 [debug]: Compiled SQL for node model.UPI_Fraud_Monitoring.sl_device_registry at target\.lsp\compiled\UPI_Fraud_Monitoring\models\silver\sl_device_registry.sql
16:37:16.890435 [debug]: Finished rendering [  0.00s] model TRANSFORM.sl_device_registry [success]
16:37:16.890527 [debug]: Started analyzing model TRANSFORM.sl_device_registry
16:37:16.890581 [debug]: Finished connection limit wait [  0.12s]
16:37:16.892649 [debug]: Finished analyzing [  0.00s] model TRANSFORM.sl_device_registry [success]
16:37:16.892722 [info ]:  Succeeded [  0.01s] model TRANSFORM.sl_device_registry (incremental)
16:37:16.893806 [debug]: Compiled SQL for node model.UPI_Fraud_Monitoring.sl_customer at target\.lsp\compiled\UPI_Fraud_Monitoring\models\silver\sl_customer.sql
16:37:16.894073 [debug]: Finished connection limit wait [  0.13s]
16:37:16.894112 [debug]: Finished rendering [  0.00s] model TRANSFORM.sl_customer [success]
16:37:16.894162 [debug]: Started analyzing model TRANSFORM.sl_customer
16:37:16.894282 [debug]: Finished analyzing [  0.01s] model TRANSFORM.v_password_change [success]
16:37:16.894314 [info ]:  Succeeded [  0.10s] model TRANSFORM.v_password_change (view)
16:37:16.895881 [debug]: Finished analyzing [  0.00s] model TRANSFORM.sl_customer [success]
16:37:16.895957 [info ]:  Succeeded [  0.01s] model TRANSFORM.sl_customer (incremental)
16:37:16.897299 [debug]: create_debug_span(...).entered() took 44.8µs
16:37:16.899239 [debug]: stmt.execute() (submit+wait_for_completion, returns reader) took 89.7966ms
16:37:16.899290 [debug]: reader.schema() took 700ns
16:37:16.901448 [debug]: batch-consume loop (for res in reader) took 2.1147ms
16:37:16.903379 [debug]: do_execute(conn) (closure: stmt.execute + schema + batch loop) took 94.6097ms
16:37:16.903475 [debug]: concat_batches + normalize_result_column_names took 62.3µs
16:37:16.903486 [debug]: record_current_span_status_from_attrs took 4.3µs
16:37:16.903495 [debug]: Query executed on node model.UPI_Fraud_Monitoring.v_beneficiary:
describe table "UPI_FRAUD_MONITORING_DB"."TRANSFORM"."V_RAW_BENEFICIARY"
/* {"app": "dbt", "connection_name": "", "dbt_version": "2.0.0", "profile_name": "UPI_Fraud_Monitoring", "target_name": "dev"} */
16:37:16.903514 [debug]: drop(query_span_guard) (span exit/export) took 23.7µs
16:37:16.905655 [debug]: Compiled SQL for node model.UPI_Fraud_Monitoring.v_beneficiary at target\.lsp\compiled\UPI_Fraud_Monitoring\models\bronze\views\v_beneficiary.sql
16:37:16.905965 [debug]: Finished rendering [  0.10s] model TRANSFORM.v_beneficiary [success]
16:37:16.906025 [debug]: Started analyzing model TRANSFORM.v_beneficiary
16:37:16.910394 [debug]: Finished analyzing [  0.00s] model TRANSFORM.v_beneficiary [success]
16:37:16.910440 [info ]:  Succeeded [  0.11s] model TRANSFORM.v_beneficiary (view)
16:37:16.974139 [debug]: stmt.execute() (submit+wait_for_completion, returns reader) took 177.3693ms
16:37:16.974183 [debug]: reader.schema() took 700ns
16:37:16.974646 [debug]: stmt.execute() (submit+wait_for_completion, returns reader) took 180.9998ms
16:37:16.974678 [debug]: reader.schema() took 600ns
16:37:16.974718 [debug]: stmt.execute() (submit+wait_for_completion, returns reader) took 172.9012ms
16:37:16.974730 [debug]: reader.schema() took 200ns
16:37:16.975237 [debug]: stmt.execute() (submit+wait_for_completion, returns reader) took 165.714ms
16:37:16.975273 [debug]: reader.schema() took 500ns
16:37:16.977124 [debug]: batch-consume loop (for res in reader) took 2.9105ms
16:37:16.978539 [debug]: batch-consume loop (for res in reader) took 3.8342ms
16:37:16.978539 [debug]: batch-consume loop (for res in reader) took 3.7826ms
16:37:16.978539 [debug]: batch-consume loop (for res in reader) took 3.2391ms
16:37:16.981613 [debug]: do_execute(conn) (closure: stmt.execute + schema + batch loop) took 185.3155ms
16:37:16.981734 [debug]: concat_batches + normalize_result_column_names took 73.2µs
16:37:16.981748 [debug]: record_current_span_status_from_attrs took 5.8µs
16:37:16.981761 [debug]: Query executed on node model.UPI_Fraud_Monitoring.v_login_activity:
describe table "UPI_FRAUD_MONITORING_DB"."TRANSFORM"."V_RAW_LOGIN_ACTIVITY"
/* {"app": "dbt", "connection_name": "", "dbt_version": "2.0.0", "profile_name": "UPI_Fraud_Monitoring", "target_name": "dev"} */
16:37:16.981777 [debug]: drop(query_span_guard) (span exit/export) took 22.6µs
16:37:16.983245 [debug]: do_execute(conn) (closure: stmt.execute + schema + batch loop) took 181.6872ms
16:37:16.983246 [debug]: do_execute(conn) (closure: stmt.execute + schema + batch loop) took 174.6139ms
16:37:16.983245 [debug]: do_execute(conn) (closure: stmt.execute + schema + batch loop) took 189.8693ms
16:37:16.983354 [debug]: concat_batches + normalize_result_column_names took 77.4µs
16:37:16.983355 [debug]: concat_batches + normalize_result_column_names took 77.7µs
16:37:16.983356 [debug]: concat_batches + normalize_result_column_names took 78.1µs
16:37:16.983365 [debug]: record_current_span_status_from_attrs took 4.3µs
16:37:16.983366 [debug]: record_current_span_status_from_attrs took 4µs
16:37:16.983367 [debug]: record_current_span_status_from_attrs took 2.1µs
16:37:16.983377 [debug]: Query executed on node model.UPI_Fraud_Monitoring.v_merchant:
describe table "UPI_FRAUD_MONITORING_DB"."TRANSFORM"."V_RAW_MERCHANT"
/* {"app": "dbt", "connection_name": "", "dbt_version": "2.0.0", "profile_name": "UPI_Fraud_Monitoring", "target_name": "dev"} */
16:37:16.983377 [debug]: Query executed on node model.UPI_Fraud_Monitoring.v_watchlist:
describe table "UPI_FRAUD_MONITORING_DB"."TRANSFORM"."V_RAW_WATCHLIST"
/* {"app": "dbt", "connection_name": "", "dbt_version": "2.0.0", "profile_name": "UPI_Fraud_Monitoring", "target_name": "dev"} */
16:37:16.983377 [debug]: Query executed on node model.UPI_Fraud_Monitoring.v_collect_request:
describe table "UPI_FRAUD_MONITORING_DB"."TRANSFORM"."V_RAW_COLLECT_REQUEST"
/* {"app": "dbt", "connection_name": "", "dbt_version": "2.0.0", "profile_name": "UPI_Fraud_Monitoring", "target_name": "dev"} */
16:37:16.983389 [debug]: drop(query_span_guard) (span exit/export) took 15µs
16:37:16.983392 [debug]: drop(query_span_guard) (span exit/export) took 17.4µs
16:37:16.983391 [debug]: drop(query_span_guard) (span exit/export) took 20.9µs
16:37:16.984361 [debug]: Compiled SQL for node model.UPI_Fraud_Monitoring.v_login_activity at target\.lsp\compiled\UPI_Fraud_Monitoring\models\bronze\views\v_login_activity.sql
16:37:16.984628 [debug]: Finished rendering [  0.20s] model TRANSFORM.v_login_activity [success]
16:37:16.984692 [debug]: Started analyzing model TRANSFORM.v_login_activity
16:37:16.987582 [debug]: Compiled SQL for node model.UPI_Fraud_Monitoring.v_merchant at target\.lsp\compiled\UPI_Fraud_Monitoring\models\bronze\views\v_merchant.sql
16:37:16.988418 [debug]: Compiled SQL for node model.UPI_Fraud_Monitoring.v_collect_request at target\.lsp\compiled\UPI_Fraud_Monitoring\models\bronze\views\v_collect_request.sql
16:37:16.988328 [debug]: Finished rendering [  0.18s] model TRANSFORM.v_merchant [success]
16:37:16.988703 [debug]: Compiled SQL for node model.UPI_Fraud_Monitoring.v_watchlist at target\.lsp\compiled\UPI_Fraud_Monitoring\models\bronze\views\v_watchlist.sql
16:37:16.988722 [debug]: Started analyzing model TRANSFORM.v_merchant
16:37:16.989054 [debug]: Finished rendering [  0.20s] model TRANSFORM.v_collect_request [success]
16:37:16.989115 [debug]: Started analyzing model TRANSFORM.v_collect_request
16:37:16.989602 [debug]: Finished rendering [  0.19s] model TRANSFORM.v_watchlist [success]
16:37:16.989666 [debug]: Started analyzing model TRANSFORM.v_watchlist
16:37:16.992459 [debug]: Finished analyzing [  0.00s] model TRANSFORM.v_collect_request [success]
16:37:16.992511 [info ]:  Succeeded [  0.20s] model TRANSFORM.v_collect_request (view)
16:37:16.993959 [debug]: Finished analyzing [  0.01s] model TRANSFORM.v_login_activity [success]
16:37:16.994014 [info ]:  Succeeded [  0.20s] model TRANSFORM.v_login_activity (view)
16:37:16.994055 [debug]: Finished analyzing [  0.01s] model TRANSFORM.v_merchant [success]
16:37:16.994067 [info ]:  Succeeded [  0.19s] model TRANSFORM.v_merchant (view)
16:37:16.994089 [debug]: Finished analyzing [  0.00s] model TRANSFORM.v_watchlist [success]
16:37:16.994099 [info ]:  Succeeded [  0.20s] model TRANSFORM.v_watchlist (view)
16:37:17.014861 [debug]: Query executed on node model.UPI_Fraud_Monitoring.v_transaction:
describe table "UPI_FRAUD_MONITORING_DB"."TRANSFORM"."V_RAW_TRANSACTION"
/* {"app": "dbt", "connection_name": "", "dbt_version": "2.0.0", "profile_name": "UPI_Fraud_Monitoring", "target_name": "dev"} */
16:37:17.021428 [debug]: stmt.execute() (submit+wait_for_completion, returns reader) took 123.4078ms
16:37:17.021469 [debug]: reader.schema() took 1µs
16:37:17.024513 [debug]: batch-consume loop (for res in reader) took 3.0119ms
16:37:17.026703 [debug]: do_execute(conn) (closure: stmt.execute + schema + batch loop) took 129.3458ms
16:37:17.026796 [debug]: concat_batches + normalize_result_column_names took 58.6µs
16:37:17.026807 [debug]: record_current_span_status_from_attrs took 4µs
16:37:17.026817 [debug]: Query executed on node model.UPI_Fraud_Monitoring.v_customer:
describe table "UPI_FRAUD_MONITORING_DB"."TRANSFORM"."V_RAW_CUSTOMER"
/* {"app": "dbt", "connection_name": "", "dbt_version": "2.0.0", "profile_name": "UPI_Fraud_Monitoring", "target_name": "dev"} */
16:37:17.026831 [debug]: drop(query_span_guard) (span exit/export) took 19.5µs
16:37:17.028976 [debug]: Compiled SQL for node model.UPI_Fraud_Monitoring.v_customer at target\.lsp\compiled\UPI_Fraud_Monitoring\models\bronze\views\v_customer.sql
16:37:17.029248 [debug]: Finished rendering [  0.14s] model TRANSFORM.v_customer [success]
16:37:17.029316 [debug]: Started analyzing model TRANSFORM.v_customer
16:37:17.034592 [debug]: Finished analyzing [  0.01s] model TRANSFORM.v_customer [success]
16:37:17.034645 [info ]:  Succeeded [  0.14s] model TRANSFORM.v_customer (view)
16:37:17.091214 [debug]: stmt.execute() (submit+wait_for_completion, returns reader) took 271.8694ms
16:37:17.091250 [debug]: reader.schema() took 800ns
16:37:17.093877 [debug]: batch-consume loop (for res in reader) took 2.592ms
16:37:17.096173 [debug]: do_execute(conn) (closure: stmt.execute + schema + batch loop) took 276.9557ms
16:37:17.096301 [debug]: concat_batches + normalize_result_column_names took 82.9µs
16:37:17.096315 [debug]: record_current_span_status_from_attrs took 5.1µs
16:37:17.096329 [debug]: Query executed on node model.UPI_Fraud_Monitoring.v_device_registry:
describe table "UPI_FRAUD_MONITORING_DB"."TRANSFORM"."V_RAW_DEVICE_REGISTRY"
/* {"app": "dbt", "connection_name": "", "dbt_version": "2.0.0", "profile_name": "UPI_Fraud_Monitoring", "target_name": "dev"} */
16:37:17.096348 [debug]: drop(query_span_guard) (span exit/export) took 26.1µs
16:37:17.098896 [debug]: Compiled SQL for node model.UPI_Fraud_Monitoring.v_device_registry at target\.lsp\compiled\UPI_Fraud_Monitoring\models\bronze\views\v_device_registry.sql
16:37:17.099295 [debug]: Finished rendering [  0.28s] model TRANSFORM.v_device_registry [success]
16:37:17.099365 [debug]: Started analyzing model TRANSFORM.v_device_registry
16:37:17.104183 [debug]: Finished analyzing [  0.00s] model TRANSFORM.v_device_registry [success]
16:37:17.104240 [info ]:  Succeeded [  0.29s] model TRANSFORM.v_device_registry (view)
16:37:18.015484 [error]: [DbDriverFailed (dbt1308)]: [Snowflake] 390114: Authentication token has expired.  The user must authenticate again.
(in models/bronze/views/v_transaction.sql:1:1)
  --> macros\create_view_with_latest_records.sql:10:29
16:37:18.015604 [debug]: Finished rendering [  1.20s] model TRANSFORM.v_transaction [error]
16:37:18.015634 [info ]: Finished rendering [  1.25s] (34 nodes, 0 skipped, 1 errors)
16:37:18.015679 [debug]: Started analyzing model TRANSFORM.v_transaction
16:37:18.015710 [debug]: Finished analyzing [  0.00s] model TRANSFORM.v_transaction [skipped]
16:37:18.015723 [info ]: Finished analyzing [  1.25s] (33 nodes, 1 skipped, 0 errors)
16:37:18.015734 [info ]:     Failed [  1.20s] model TRANSFORM.v_transaction (view)
16:37:18.024887 [info ]: Started scheduling
16:37:18.025030 [info ]: Finished scheduling [  0.00s]
16:37:18.025252 [info ]: 
==================== Execution Summary =====================
Finished 'compile' with 1 error for target 'dev' [1.8s]
Processed: 32 models | 1 snapshot | 1 seed
Summary: 34 total | 33 success | 1 error
16:37:18.025967 [info ]: Cached model count updated: 32 models (accurate)
==================== 2026-09-10T16:37:29.882721Z | a34fed16-70d9-453e-8e2f-a513f63bc991 ====================
16:37:29.882845 [info ]: Started loading project
16:37:29.883765 [info ]: Loading profiles.yml
==================== 2026-09-10T16:37:29.894013Z | c64e25a5-11bf-4400-920d-b7e35097396c ====================
16:37:29.894080 [info ]: Started loading project
16:37:29.894659 [info ]: Loading profiles.yml
16:37:29.894737 [info ]: Finished loading project [  0.01s]
16:37:29.899488 [info ]:    Started resolving packages from packages.yml
16:37:29.971454 [info ]:   Finished [  0.07s] resolving packages from packages.yml (2 items)
16:37:29.971864 [debug]:    Started loading packages
16:37:29.985777 [debug]:     Loaded [  0.01s] packages
16:37:29.986661 [info ]: Finished loading project [  0.09s]
16:37:29.987037 [info ]: Started parsing
16:37:30.035347 [debug]: Finished parsing models/gold/gld_fraud_alert.yml [  0.00s]
16:37:30.035750 [debug]: Finished parsing models/gold/gld_rule_results.yml [  0.00s]
16:37:30.035965 [debug]: Finished parsing models/schema.yml [  0.00s]
16:37:30.036211 [debug]: Finished parsing models/sources.yml [  0.00s]
16:37:30.045879 [debug]: Finished parsing snapshots\sl_account.sql [  0.01s]
16:37:30.047812 [debug]: Finished parsing models/bronze/raw_views/v_raw_account.sql [  0.00s]
16:37:30.048774 [debug]: Finished parsing models/bronze/raw_views/v_raw_beneficiary.sql [  0.00s]
16:37:30.049567 [debug]: Finished parsing models/bronze/raw_views/v_raw_collect_request.sql [  0.00s]
16:37:30.050345 [debug]: Finished parsing models/bronze/raw_views/v_raw_customer.sql [  0.00s]
16:37:30.051144 [debug]: Finished parsing models/bronze/raw_views/v_raw_device_registry.sql [  0.00s]
16:37:30.051952 [debug]: Finished parsing models/bronze/raw_views/v_raw_login_activity.sql [  0.00s]
16:37:30.052773 [debug]: Finished parsing models/bronze/raw_views/v_raw_merchant.sql [  0.00s]
16:37:30.053768 [debug]: Finished parsing models/bronze/raw_views/v_raw_password_change.sql [  0.00s]
16:37:30.054639 [debug]: Finished parsing models/bronze/raw_views/v_raw_transaction.sql [  0.00s]
16:37:30.055451 [debug]: Finished parsing models/bronze/raw_views/v_raw_watchlist.sql [  0.00s]
16:37:30.056240 [debug]: Finished parsing models/bronze/views/v_account.sql [  0.00s]
16:37:30.057066 [debug]: Finished parsing models/bronze/views/v_beneficiary.sql [  0.00s]
16:37:30.057893 [debug]: Finished parsing models/bronze/views/v_collect_request.sql [  0.00s]
16:37:30.058710 [debug]: Finished parsing models/bronze/views/v_customer.sql [  0.00s]
16:37:30.059535 [debug]: Finished parsing models/bronze/views/v_device_registry.sql [  0.00s]
16:37:30.060334 [debug]: Finished parsing models/bronze/views/v_login_activity.sql [  0.00s]
16:37:30.061189 [debug]: Finished parsing models/bronze/views/v_merchant.sql [  0.00s]
16:37:30.062009 [debug]: Finished parsing models/bronze/views/v_password_change.sql [  0.00s]
16:37:30.062789 [debug]: Finished parsing models/bronze/views/v_transaction.sql [  0.00s]
16:37:30.063776 [debug]: Finished parsing models/bronze/views/v_watchlist.sql [  0.00s]
16:37:30.065007 [debug]: Finished parsing models/gold/gld_fraud_alert.sql [  0.00s]
16:37:30.066201 [debug]: Finished parsing models/gold/gld_rule_results.sql [  0.00s]
16:37:30.067223 [debug]: Finished parsing models/silver/sl_account.sql [  0.00s]
16:37:30.068251 [debug]: Finished parsing models/silver/sl_beneficiary.sql [  0.00s]
16:37:30.069276 [debug]: Finished parsing models/silver/sl_collect_request.sql [  0.00s]
16:37:30.070323 [debug]: Finished parsing models/silver/sl_customer.sql [  0.00s]
16:37:30.071461 [debug]: Finished parsing models/silver/sl_device_registry.sql [  0.00s]
16:37:30.072701 [debug]: Finished parsing models/silver/sl_login_activity.sql [  0.00s]
16:37:30.073814 [debug]: Finished parsing models/silver/sl_merchant.sql [  0.00s]
16:37:30.075061 [debug]: Finished parsing models/silver/sl_password_change.sql [  0.00s]
16:37:30.076216 [debug]: Finished parsing models/silver/sl_transaction.sql [  0.00s]
16:37:30.077440 [debug]: Finished parsing models/silver/sl_watchlist.sql [  0.00s]
16:37:30.097163 [warn ]: [NoNodeForYamlKey (dbt1089)]: Unused schema.yml entry for model 'alert_results'
  --> models/gold/gld_fraud_alert.yml
16:37:30.097214 [warn ]: [NoNodeForYamlKey (dbt1089)]: Unused schema.yml entry for model 'fraud_alerts'
  --> models/gold/gld_rule_results.yml
16:37:30.250246 [info ]: Finished parsing [  0.26s]
16:37:30.251823 [info ]: Cached model count updated: 32 models (estimate)
16:37:30.251841 [info ]: Cached model count updated: 32 models (accurate)
16:37:30.251919 [info ]: Started scheduling
16:37:30.252076 [info ]: Finished scheduling [  0.00s]
16:37:30.252094 [debug]: Compilation - 2 nodes selected: {"model.UPI_Fraud_Monitoring.v_account", "snapshot.UPI_Fraud_Monitoring.sl_account"}
16:37:30.252117 [info ]: Started scheduling
16:37:30.252327 [info ]: Finished scheduling [  0.00s]
16:37:30.256132 [debug]: Initializing schema store with entry: Frontier(CanonicalFqn { catalog: "UPI_FRAUD_MONITORING_DB", schema: "STAGING", table: "COLLECT_REQUEST" }) and interval: None
16:37:30.256202 [debug]: Initializing schema store with entry: Frontier(CanonicalFqn { catalog: "UPI_FRAUD_MONITORING_DB", schema: "STAGING", table: "CUSTOMER" }) and interval: None
16:37:30.256237 [debug]: Initializing schema store with entry: Frontier(CanonicalFqn { catalog: "UPI_FRAUD_MONITORING_DB", schema: "STAGING", table: "MERCHANT" }) and interval: None
16:37:30.256266 [debug]: Initializing schema store with entry: Frontier(CanonicalFqn { catalog: "UPI_FRAUD_MONITORING_DB", schema: "STAGING", table: "UPI_TRANSACTION" }) and interval: None
16:37:30.256327 [debug]: Initializing schema store with entry: Frontier(CanonicalFqn { catalog: "UPI_FRAUD_MONITORING_DB", schema: "STAGING", table: "LOGIN_ACTIVITY" }) and interval: None
16:37:30.256363 [debug]: Initializing schema store with entry: Frontier(CanonicalFqn { catalog: "UPI_FRAUD_MONITORING_DB", schema: "STAGING", table: "ACCOUNT" }) and interval: None
16:37:30.256393 [debug]: Initializing schema store with entry: Frontier(CanonicalFqn { catalog: "UPI_FRAUD_MONITORING_DB", schema: "STAGING", table: "PASSWORD_CHANGE" }) and interval: None
16:37:30.256415 [debug]: Initializing schema store with entry: Frontier(CanonicalFqn { catalog: "UPI_FRAUD_MONITORING_DB", schema: "STAGING", table: "DEVICE_REGISTRY" }) and interval: None
16:37:30.256451 [debug]: Initializing schema store with entry: Frontier(CanonicalFqn { catalog: "UPI_FRAUD_MONITORING_DB", schema: "STAGING", table: "BENEFICIARY" }) and interval: None
16:37:30.256475 [debug]: Initializing schema store with entry: Frontier(CanonicalFqn { catalog: "UPI_FRAUD_MONITORING_DB", schema: "STAGING", table: "WATCHLIST" }) and interval: None
16:37:30.258364 [debug]:    Started downloading relations (1 items)
16:37:30.673245 [debug]: create_debug_span(...).entered() took 17.7µs
16:37:30.779955 [debug]: stmt.execute() (submit+wait_for_completion, returns reader) took 106.6388ms
16:37:30.779987 [debug]: reader.schema() took 600ns
16:37:30.781404 [debug]: batch-consume loop (for res in reader) took 1.3901ms
16:37:30.783180 [debug]: do_execute(conn) (closure: stmt.execute + schema + batch loop) took 109.8912ms
16:37:30.783265 [debug]: concat_batches + normalize_result_column_names took 52µs
16:37:30.783275 [debug]: record_current_span_status_from_attrs took 3.9µs
16:37:30.783281 [debug]: Query executed on node unknown:
SHOW OBJECTS IN SCHEMA "UPI_FRAUD_MONITORING_DB"."TRANSFORM" LIMIT 10000
16:37:30.783289 [debug]: drop(query_span_guard) (span exit/export) took 10.7µs
16:37:31.096349 [debug]:   Finished [  0.84s] downloading relations (1 items)
16:37:31.096439 [info ]: Started downloading schemas
16:37:31.096670 [debug]: create_debug_span(...).entered() took 18.9µs
16:37:31.172775 [debug]: Query executed on node unknown:
describe table 
16:37:32.173102 [info ]: Finished downloading schemas [  1.08s]
16:37:32.222358 [info ]: Started building task graph
16:37:32.222424 [info ]: Finished building task graph [  0.00s]
16:37:32.228316 [info ]: Started rendering (2 nodes)
16:37:32.228355 [info ]: Started snapshot transform.sl_account
16:37:32.228365 [debug]: Started rendering snapshot transform.sl_account
16:37:32.228391 [info ]: Started model TRANSFORM.v_account
16:37:32.228399 [debug]: Started rendering model TRANSFORM.v_account
16:37:32.230750 [debug]: create_debug_span(...).entered() took 22.2µs
16:37:32.231007 [debug]: Compiled SQL for node snapshot.UPI_Fraud_Monitoring.sl_account at target\.lsp\compiled\UPI_Fraud_Monitoring\snapshots\sl_account.sql\sl_account.sql
16:37:32.231303 [debug]: Finished rendering [  0.00s] snapshot transform.sl_account [success]
16:37:32.231398 [info ]: Started analyzing (2 nodes)
16:37:32.231422 [debug]: Started analyzing snapshot transform.sl_account
16:37:32.231937 [debug]: Finished analyzing [  0.00s] snapshot transform.sl_account [success]
16:37:32.232004 [info ]:  Succeeded [  0.00s] snapshot transform.sl_account (snapshot)
16:37:32.301793 [debug]: stmt.execute() (submit+wait_for_completion, returns reader) took 70.8514ms
16:37:32.301848 [debug]: reader.schema() took 1.2µs
16:37:32.305220 [debug]: batch-consume loop (for res in reader) took 3.3414ms
16:37:32.307163 [debug]: do_execute(conn) (closure: stmt.execute + schema + batch loop) took 76.3515ms
16:37:32.307244 [debug]: concat_batches + normalize_result_column_names took 50µs
16:37:32.307255 [debug]: record_current_span_status_from_attrs took 3.8µs
16:37:32.307263 [debug]: Query executed on node model.UPI_Fraud_Monitoring.v_account:
describe table "UPI_FRAUD_MONITORING_DB"."TRANSFORM"."V_RAW_ACCOUNT"
/* {"app": "dbt", "connection_name": "", "dbt_version": "2.0.0", "profile_name": "UPI_Fraud_Monitoring", "target_name": "dev"} */
16:37:32.307274 [debug]: drop(query_span_guard) (span exit/export) took 14.8µs
16:37:32.309224 [debug]: Compiled SQL for node model.UPI_Fraud_Monitoring.v_account at target\.lsp\compiled\UPI_Fraud_Monitoring\models\bronze\views\v_account.sql
16:37:32.309492 [debug]: Finished rendering [  0.08s] model TRANSFORM.v_account [success]
16:37:32.309534 [info ]: Finished rendering [  0.08s] (2 nodes, 0 skipped, 0 errors)
16:37:32.309566 [debug]: Started analyzing model TRANSFORM.v_account
16:37:32.313265 [debug]: Finished analyzing [  0.00s] model TRANSFORM.v_account [success]
16:37:32.313304 [info ]: Finished analyzing [  0.08s] (2 nodes, 0 skipped, 0 errors)
16:37:32.313317 [info ]:  Succeeded [  0.08s] model TRANSFORM.v_account (view)
16:37:32.318321 [info ]: Started scheduling
16:37:32.318448 [info ]: Finished scheduling [  0.00s]
16:37:32.318617 [info ]: 
==================== Execution Summary =====================
Finished 'compile' with 2 warnings for target 'dev' [2.4s]
Processed: 1 model | 1 snapshot
Summary: 2 total | 2 success
16:37:32.318693 [info ]: 
==================== Execution Summary =====================
Finished 'compile' successfully for target 'dev' [2.4s]
16:37:32.318759 [info ]: Cached model count updated: 32 models (accurate)
==================== 2026-09-10T16:37:33.896470Z | 94df23ce-ed08-43c0-afd4-6c73bcdf57d9 ====================
16:37:33.896579 [info ]: Started loading project
16:37:33.897282 [info ]: Loading profiles.yml
16:37:33.944009 [info ]: Cached model count updated: 32 models (estimate)
16:37:33.944043 [info ]: Cached model count updated: 32 models (accurate)
16:37:33.944129 [info ]: Started scheduling
16:37:33.944424 [info ]: Finished scheduling [  0.00s]
16:37:33.944453 [debug]: Compilation - 34 nodes selected: {"model.UPI_Fraud_Monitoring.gld_fraud_alert", "model.UPI_Fraud_Monitoring.gld_rule_results", "model.UPI_Fraud_Monitoring.sl_account", "model.UPI_Fraud_Monitoring.sl_beneficiary", "model.UPI_Fraud_Monitoring.sl_collect_request", "model.UPI_Fraud_Monitoring.sl_customer", "model.UPI_Fraud_Monitoring.sl_device_registry", "model.UPI_Fraud_Monitoring.sl_login_activity", "model.UPI_Fraud_Monitoring.sl_merchant", "model.UPI_Fraud_Monitoring.sl_password_change", "model.UPI_Fraud_Monitoring.sl_transaction", "model.UPI_Fraud_Monitoring.sl_watchlist", "model.UPI_Fraud_Monitoring.v_account", "model.UPI_Fraud_Monitoring.v_beneficiary", "model.UPI_Fraud_Monitoring.v_collect_request", "model.UPI_Fraud_Monitoring.v_customer", "model.UPI_Fraud_Monitoring.v_device_registry", "model.UPI_Fraud_Monitoring.v_login_activity", "model.UPI_Fraud_Monitoring.v_merchant", "model.UPI_Fraud_Monitoring.v_password_change", "model.UPI_Fraud_Monitoring.v_raw_account", "model.UPI_Fraud_Monitoring.v_raw_beneficiary", "model.UPI_Fraud_Monitoring.v_raw_collect_request", "model.UPI_Fraud_Monitoring.v_raw_customer", "model.UPI_Fraud_Monitoring.v_raw_device_registry", "model.UPI_Fraud_Monitoring.v_raw_login_activity", "model.UPI_Fraud_Monitoring.v_raw_merchant", "model.UPI_Fraud_Monitoring.v_raw_password_change", "model.UPI_Fraud_Monitoring.v_raw_transaction", "model.UPI_Fraud_Monitoring.v_raw_watchlist", "model.UPI_Fraud_Monitoring.v_transaction", "model.UPI_Fraud_Monitoring.v_watchlist", "seed.UPI_Fraud_Monitoring.dim_fraud_rule", "snapshot.UPI_Fraud_Monitoring.sl_account"}
16:37:33.946719 [debug]:    Started downloading relations (1 items)
16:37:33.946819 [info ]: Finished loading project [  0.05s]
16:37:34.154893 [debug]: create_debug_span(...).entered() took 23.4µs
16:37:34.264851 [debug]: stmt.execute() (submit+wait_for_completion, returns reader) took 109.8631ms
16:37:34.264889 [debug]: reader.schema() took 700ns
16:37:34.267196 [debug]: batch-consume loop (for res in reader) took 2.2796ms
16:37:34.269174 [debug]: do_execute(conn) (closure: stmt.execute + schema + batch loop) took 114.2282ms
16:37:34.269292 [debug]: concat_batches + normalize_result_column_names took 81.7µs
16:37:34.269312 [debug]: record_current_span_status_from_attrs took 4.3µs
16:37:34.269326 [debug]: Query executed on node unknown:
SHOW OBJECTS IN SCHEMA "UPI_FRAUD_MONITORING_DB"."TRANSFORM" LIMIT 10000
16:37:34.269362 [debug]: drop(query_span_guard) (span exit/export) took 40.5µs
16:37:34.375547 [debug]:   Finished [  0.43s] downloading relations (1 items)
16:37:34.429783 [info ]: Started building task graph
16:37:34.430050 [info ]: Finished building task graph [  0.00s]
16:37:34.440794 [info ]: Started rendering (34 nodes)
16:37:34.440843 [info ]: Started snapshot transform.sl_account
16:37:34.440854 [debug]: Started rendering snapshot transform.sl_account
16:37:34.440884 [info ]: Started model TRANSFORM.v_raw_watchlist
16:37:34.440896 [debug]: Started rendering model TRANSFORM.v_raw_watchlist
16:37:34.440911 [info ]: Started model TRANSFORM.v_raw_transaction
16:37:34.440925 [debug]: Started rendering model TRANSFORM.v_raw_transaction
16:37:34.440942 [info ]: Started model TRANSFORM.v_raw_password_change
16:37:34.440951 [debug]: Started rendering model TRANSFORM.v_raw_password_change
16:37:34.440965 [info ]: Started model TRANSFORM.v_raw_merchant
16:37:34.440976 [debug]: Started rendering model TRANSFORM.v_raw_merchant
16:37:34.441009 [info ]: Started model TRANSFORM.v_raw_login_activity
16:37:34.441021 [debug]: Started rendering model TRANSFORM.v_raw_login_activity
16:37:34.441038 [info ]: Started model TRANSFORM.v_raw_device_registry
16:37:34.441047 [debug]: Started rendering model TRANSFORM.v_raw_device_registry
16:37:34.441067 [info ]: Started model TRANSFORM.v_raw_customer
16:37:34.441078 [debug]: Started rendering model TRANSFORM.v_raw_customer
16:37:34.441095 [info ]: Started model TRANSFORM.v_raw_collect_request
16:37:34.441103 [debug]: Started rendering model TRANSFORM.v_raw_collect_request
16:37:34.441118 [info ]: Started model TRANSFORM.v_raw_beneficiary
16:37:34.441127 [debug]: Started rendering model TRANSFORM.v_raw_beneficiary
16:37:34.441142 [info ]: Started model TRANSFORM.v_raw_account
16:37:34.441151 [debug]: Started rendering model TRANSFORM.v_raw_account
16:37:34.441166 [info ]: Started model TRANSFORM.sl_password_change
16:37:34.441249 [debug]: Started connection limit wait
16:37:34.441269 [debug]: Started connection limit wait
16:37:34.441580 [debug]: Compiled SQL for node snapshot.UPI_Fraud_Monitoring.sl_account at target\.lsp\compiled\UPI_Fraud_Monitoring\snapshots\sl_account.sql\sl_account.sql
16:37:34.442174 [debug]: Started rendering model TRANSFORM.sl_password_change
16:37:34.442241 [info ]: Started model TRANSFORM.v_password_change
16:37:34.442257 [debug]: Started rendering model TRANSFORM.v_password_change
16:37:34.442276 [info ]: Started model TRANSFORM.sl_login_activity
16:37:34.442284 [debug]: Started rendering model TRANSFORM.sl_login_activity
16:37:34.442303 [info ]: Started model TRANSFORM.v_login_activity
16:37:34.442315 [debug]: Started rendering model TRANSFORM.v_login_activity
16:37:34.442341 [info ]: Started model TRANSFORM.sl_collect_request
16:37:34.442363 [debug]: Started rendering model TRANSFORM.sl_collect_request
16:37:34.442381 [info ]: Started model TRANSFORM.v_collect_request
16:37:34.442390 [debug]: Started rendering model TRANSFORM.v_collect_request
16:37:34.442409 [info ]: Started model TRANSFORM.sl_account
16:37:34.442420 [debug]: Started rendering model TRANSFORM.sl_account
16:37:34.442435 [info ]: Started model TRANSFORM.v_account
16:37:34.442442 [debug]: Started rendering model TRANSFORM.v_account
16:37:34.442457 [info ]: Started model analytics.gld_fraud_alert
16:37:34.442469 [debug]: Started rendering model analytics.gld_fraud_alert
16:37:34.442487 [info ]: Started model analytics.gld_rule_results
16:37:34.442497 [debug]: Started rendering model analytics.gld_rule_results
16:37:34.442517 [info ]: Started seed TRANSFORM.dim_fraud_rule
16:37:34.442528 [debug]: Started rendering seed TRANSFORM.dim_fraud_rule
16:37:34.442546 [info ]: Started model TRANSFORM.sl_beneficiary
16:37:34.442556 [debug]: Started rendering model TRANSFORM.sl_beneficiary
16:37:34.442573 [info ]: Started model TRANSFORM.v_beneficiary
16:37:34.442582 [debug]: Started rendering model TRANSFORM.v_beneficiary
16:37:34.442597 [info ]: Started model TRANSFORM.sl_watchlist
16:37:34.442609 [debug]: Started rendering model TRANSFORM.sl_watchlist
16:37:34.442653 [info ]: Started model TRANSFORM.v_watchlist
16:37:34.442664 [debug]: Started rendering model TRANSFORM.v_watchlist
16:37:34.442683 [info ]: Started model TRANSFORM.sl_transaction
16:37:34.442694 [debug]: Started rendering model TRANSFORM.sl_transaction
16:37:34.442711 [info ]: Started model TRANSFORM.v_transaction
16:37:34.442721 [debug]: Started rendering model TRANSFORM.v_transaction
16:37:34.442737 [info ]: Started model TRANSFORM.sl_merchant
16:37:34.442749 [debug]: Started rendering model TRANSFORM.sl_merchant
16:37:34.442773 [info ]: Started model TRANSFORM.v_merchant
16:37:34.442785 [debug]: Started rendering model TRANSFORM.v_merchant
16:37:34.442803 [info ]: Started model TRANSFORM.sl_device_registry
16:37:34.442811 [debug]: Started rendering model TRANSFORM.sl_device_registry
16:37:34.442826 [info ]: Started model TRANSFORM.v_device_registry
16:37:34.442835 [debug]: Started rendering model TRANSFORM.v_device_registry
16:37:34.442853 [info ]: Started model TRANSFORM.sl_customer
16:37:34.442865 [debug]: Started rendering model TRANSFORM.sl_customer
16:37:34.442882 [info ]: Started model TRANSFORM.v_customer
16:37:34.442896 [debug]: Started rendering model TRANSFORM.v_customer
16:37:34.442935 [debug]: Finished rendering [  0.00s] snapshot transform.sl_account [success]
16:37:34.442990 [info ]: Started analyzing (33 nodes)
16:37:34.443000 [debug]: Started analyzing snapshot transform.sl_account
16:37:34.443046 [debug]: Started connection limit wait
16:37:34.443063 [debug]: Started connection limit wait
16:37:34.443072 [debug]: Started connection limit wait
16:37:34.443080 [debug]: Started connection limit wait
16:37:34.443090 [debug]: Started connection limit wait
16:37:34.443099 [debug]: Started connection limit wait
16:37:34.443163 [debug]: Started connection limit wait
16:37:34.443249 [debug]: Started connection limit wait
16:37:34.443292 [debug]: Started connection limit wait
16:37:34.443304 [debug]: Started connection limit wait
16:37:34.443313 [debug]: Started connection limit wait
16:37:34.443321 [debug]: Started connection limit wait
16:37:34.443330 [debug]: Started connection limit wait
16:37:34.443337 [debug]: Started connection limit wait
16:37:34.443345 [debug]: Started connection limit wait
16:37:34.443657 [debug]: Started connection limit wait
16:37:34.443783 [debug]: Started connection limit wait
16:37:34.443782 [debug]: Finished analyzing [  0.00s] snapshot transform.sl_account [success]
16:37:34.443804 [debug]: Started connection limit wait
16:37:34.443817 [debug]: Started connection limit wait
16:37:34.443813 [info ]:  Succeeded [  0.00s] snapshot transform.sl_account (snapshot)
16:37:34.443895 [debug]: Finished rendering [  0.00s] seed TRANSFORM.dim_fraud_rule [success]
16:37:34.443916 [info ]:  Succeeded [  0.00s] seed  TRANSFORM.dim_fraud_rule (table)
16:37:34.444804 [debug]: Compiled SQL for node model.UPI_Fraud_Monitoring.v_raw_merchant at target\.lsp\compiled\UPI_Fraud_Monitoring\models\bronze\raw_views\v_raw_merchant.sql
16:37:34.446071 [debug]: Finished connection limit wait [  0.00s]
16:37:34.446205 [debug]: Finished rendering [  0.01s] model TRANSFORM.v_raw_merchant [success]
16:37:34.446260 [debug]: Started analyzing model TRANSFORM.v_raw_merchant
16:37:34.446587 [debug]: Compiled SQL for node model.UPI_Fraud_Monitoring.sl_account at target\.lsp\compiled\UPI_Fraud_Monitoring\models\silver\sl_account.sql
16:37:34.446865 [debug]: Finished rendering [  0.00s] model TRANSFORM.sl_account [success]
16:37:34.446926 [debug]: Started analyzing model TRANSFORM.sl_account
16:37:34.447217 [debug]: Finished analyzing [  0.00s] model TRANSFORM.v_raw_merchant [success]
16:37:34.447255 [info ]:  Succeeded [  0.01s] model TRANSFORM.v_raw_merchant (view)
16:37:34.448406 [debug]: Compiled SQL for node model.UPI_Fraud_Monitoring.gld_fraud_alert at target\.lsp\compiled\UPI_Fraud_Monitoring\models\gold\gld_fraud_alert.sql
16:37:34.448893 [debug]: Finished rendering [  0.01s] model analytics.gld_fraud_alert [success]
16:37:34.449167 [debug]: Started analyzing model analytics.gld_fraud_alert
16:37:34.449989 [debug]: Compiled SQL for node model.UPI_Fraud_Monitoring.gld_rule_results at target\.lsp\compiled\UPI_Fraud_Monitoring\models\gold\gld_rule_results.sql
16:37:34.450360 [debug]: Finished rendering [  0.01s] model analytics.gld_rule_results [success]
16:37:34.450956 [debug]: Started analyzing model analytics.gld_rule_results
16:37:34.451198 [debug]: Finished analyzing [  0.00s] model analytics.gld_fraud_alert [success]
16:37:34.451239 [info ]:  Succeeded [  0.01s] model analytics.gld_fraud_alert (incremental)
16:37:34.451548 [debug]: Finished analyzing [  0.00s] model TRANSFORM.sl_account [success]
16:37:34.451597 [info ]:  Succeeded [  0.01s] model TRANSFORM.sl_account (incremental)
16:37:34.463062 [debug]: Finished analyzing [  0.01s] model analytics.gld_rule_results [success]
16:37:34.463115 [info ]:  Succeeded [  0.02s] model analytics.gld_rule_results (incremental)
16:37:34.464817 [debug]: Compiled SQL for node model.UPI_Fraud_Monitoring.v_raw_collect_request at target\.lsp\compiled\UPI_Fraud_Monitoring\models\bronze\raw_views\v_raw_collect_request.sql
16:37:34.465273 [debug]: Compiled SQL for node model.UPI_Fraud_Monitoring.v_raw_password_change at target\.lsp\compiled\UPI_Fraud_Monitoring\models\bronze\raw_views\v_raw_password_change.sql
16:37:34.466010 [debug]: Compiled SQL for node model.UPI_Fraud_Monitoring.v_raw_watchlist at target\.lsp\compiled\UPI_Fraud_Monitoring\models\bronze\raw_views\v_raw_watchlist.sql
16:37:34.466493 [debug]: Compiled SQL for node model.UPI_Fraud_Monitoring.v_raw_login_activity at target\.lsp\compiled\UPI_Fraud_Monitoring\models\bronze\raw_views\v_raw_login_activity.sql
16:37:34.466801 [debug]: Compiled SQL for node model.UPI_Fraud_Monitoring.v_raw_beneficiary at target\.lsp\compiled\UPI_Fraud_Monitoring\models\bronze\raw_views\v_raw_beneficiary.sql
16:37:34.466800 [debug]: Compiled SQL for node model.UPI_Fraud_Monitoring.v_raw_transaction at target\.lsp\compiled\UPI_Fraud_Monitoring\models\bronze\raw_views\v_raw_transaction.sql
16:37:34.466851 [debug]: Finished rendering [  0.03s] model TRANSFORM.v_raw_collect_request [success]
16:37:34.466910 [debug]: Started analyzing model TRANSFORM.v_raw_collect_request
16:37:34.466953 [debug]: Finished connection limit wait [  0.03s]
16:37:34.467598 [debug]: Finished analyzing [  0.00s] model TRANSFORM.v_raw_collect_request [success]
16:37:34.467653 [debug]: Compiled SQL for node model.UPI_Fraud_Monitoring.v_raw_device_registry at target\.lsp\compiled\UPI_Fraud_Monitoring\models\bronze\raw_views\v_raw_device_registry.sql
16:37:34.467650 [info ]:  Succeeded [  0.03s] model TRANSFORM.v_raw_collect_request (view)
16:37:34.467729 [debug]: Finished rendering [  0.03s] model TRANSFORM.v_raw_password_change [success]
16:37:34.467760 [debug]: Started analyzing model TRANSFORM.v_raw_password_change
16:37:34.467736 [debug]: Compiled SQL for node model.UPI_Fraud_Monitoring.v_raw_customer at target\.lsp\compiled\UPI_Fraud_Monitoring\models\bronze\raw_views\v_raw_customer.sql
16:37:34.467786 [debug]: Finished connection limit wait [  0.02s]
16:37:34.467873 [debug]: Finished rendering [  0.03s] model TRANSFORM.v_raw_watchlist [success]
16:37:34.467901 [debug]: Started analyzing model TRANSFORM.v_raw_watchlist
16:37:34.467922 [debug]: Finished connection limit wait [  0.02s]
16:37:34.467956 [debug]: Finished rendering [  0.03s] model TRANSFORM.v_raw_login_activity [success]
16:37:34.467970 [debug]: Started analyzing model TRANSFORM.v_raw_login_activity
16:37:34.468459 [debug]: Finished analyzing [  0.00s] model TRANSFORM.v_raw_watchlist [success]
16:37:34.468522 [info ]:  Succeeded [  0.03s] model TRANSFORM.v_raw_watchlist (view)
16:37:34.468569 [debug]: Finished connection limit wait [  0.03s]
16:37:34.468675 [debug]: Finished rendering [  0.03s] model TRANSFORM.v_raw_transaction [success]
16:37:34.468712 [debug]: Started analyzing model TRANSFORM.v_raw_transaction
16:37:34.468724 [debug]: Finished connection limit wait [  0.03s]
16:37:34.468745 [debug]: Finished rendering [  0.02s] model TRANSFORM.v_raw_beneficiary [success]
16:37:34.468758 [debug]: Started analyzing model TRANSFORM.v_raw_beneficiary
16:37:34.468857 [debug]: Finished connection limit wait [  0.03s]
16:37:34.468953 [debug]: Finished rendering [  0.03s] model TRANSFORM.v_raw_device_registry [success]
16:37:34.468980 [debug]: Started analyzing model TRANSFORM.v_raw_device_registry
16:37:34.469083 [debug]: Finished connection limit wait [  0.03s]
16:37:34.469763 [debug]: Finished rendering [  0.03s] model TRANSFORM.v_raw_customer [success]
16:37:34.469826 [debug]: Started analyzing model TRANSFORM.v_raw_customer
16:37:34.469860 [debug]: Finished connection limit wait [  0.03s]
16:37:34.472778 [debug]: Compiled SQL for node model.UPI_Fraud_Monitoring.v_raw_account at target\.lsp\compiled\UPI_Fraud_Monitoring\models\bronze\raw_views\v_raw_account.sql
16:37:34.472939 [debug]: Finished analyzing [  0.01s] model TRANSFORM.v_raw_password_change [success]
16:37:34.472978 [info ]:  Succeeded [  0.03s] model TRANSFORM.v_raw_password_change (view)
16:37:34.473525 [debug]: Finished connection limit wait [  0.03s]
16:37:34.473149 [debug]: Finished rendering [  0.01s] model TRANSFORM.v_raw_account [success]
16:37:34.473635 [debug]: Started analyzing model TRANSFORM.v_raw_account
16:37:34.473694 [debug]: Finished analyzing [  0.00s] model TRANSFORM.v_raw_customer [success]
16:37:34.473715 [info ]:  Succeeded [  0.03s] model TRANSFORM.v_raw_customer (view)
16:37:34.473750 [debug]: Finished analyzing [  0.01s] model TRANSFORM.v_raw_login_activity [success]
16:37:34.473767 [info ]:  Succeeded [  0.03s] model TRANSFORM.v_raw_login_activity (view)
16:37:34.473793 [debug]: Finished analyzing [  0.01s] model TRANSFORM.v_raw_transaction [success]
16:37:34.473807 [info ]:  Succeeded [  0.03s] model TRANSFORM.v_raw_transaction (view)
16:37:34.473831 [debug]: Finished analyzing [  0.00s] model TRANSFORM.v_raw_device_registry [success]
16:37:34.473844 [info ]:  Succeeded [  0.03s] model TRANSFORM.v_raw_device_registry (view)
16:37:34.473867 [debug]: Finished analyzing [  0.01s] model TRANSFORM.v_raw_beneficiary [success]
16:37:34.473878 [info ]:  Succeeded [  0.03s] model TRANSFORM.v_raw_beneficiary (view)
16:37:34.474075 [debug]: Finished analyzing [  0.00s] model TRANSFORM.v_raw_account [success]
16:37:34.474108 [info ]:  Succeeded [  0.01s] model TRANSFORM.v_raw_account (view)
16:37:34.476516 [debug]: create_debug_span(...).entered() took 40.3µs
16:37:34.476836 [debug]: Compiled SQL for node model.UPI_Fraud_Monitoring.sl_password_change at target\.lsp\compiled\UPI_Fraud_Monitoring\models\silver\sl_password_change.sql
16:37:34.478426 [debug]: Compiled SQL for node model.UPI_Fraud_Monitoring.v_account at target\.lsp\compiled\UPI_Fraud_Monitoring\models\bronze\views\v_account.sql
16:37:34.478761 [debug]: Finished rendering [  0.01s] model TRANSFORM.sl_password_change [success]
16:37:34.478829 [debug]: Started analyzing model TRANSFORM.sl_password_change
16:37:34.478882 [debug]: Finished rendering [  0.01s] model TRANSFORM.v_account [success]
16:37:34.478900 [debug]: Started analyzing model TRANSFORM.v_account
16:37:34.478924 [debug]: Finished connection limit wait [  0.04s]
16:37:34.478919 [debug]: Finished connection limit wait [  0.04s]
16:37:34.480671 [debug]: create_debug_span(...).entered() took 30.3µs
16:37:34.483574 [debug]: Finished analyzing [  0.00s] model TRANSFORM.sl_password_change [success]
16:37:34.483629 [info ]:  Succeeded [  0.02s] model TRANSFORM.sl_password_change (incremental)
16:37:34.485029 [debug]: create_debug_span(...).entered() took 36.5µs
16:37:34.489985 [debug]: Compiled SQL for node model.UPI_Fraud_Monitoring.sl_login_activity at target\.lsp\compiled\UPI_Fraud_Monitoring\models\silver\sl_login_activity.sql
16:37:34.490817 [debug]: Finished connection limit wait [  0.05s]
16:37:34.490817 [debug]: Compiled SQL for node model.UPI_Fraud_Monitoring.sl_collect_request at target\.lsp\compiled\UPI_Fraud_Monitoring\models\silver\sl_collect_request.sql
16:37:34.490820 [debug]: Finished rendering [  0.02s] model TRANSFORM.sl_login_activity [success]
16:37:34.490867 [debug]: Started analyzing model TRANSFORM.sl_login_activity
16:37:34.491422 [debug]: create_debug_span(...).entered() took 26.8µs
16:37:34.491831 [debug]: Compiled SQL for node model.UPI_Fraud_Monitoring.sl_merchant at target\.lsp\compiled\UPI_Fraud_Monitoring\models\silver\sl_merchant.sql
16:37:34.492100 [debug]: Finished analyzing [  0.01s] model TRANSFORM.v_account [success]
16:37:34.492153 [info ]:  Succeeded [  0.02s] model TRANSFORM.v_account (view)
16:37:34.492198 [debug]: Finished analyzing [  0.00s] model TRANSFORM.sl_login_activity [success]
16:37:34.492215 [info ]:  Succeeded [  0.02s] model TRANSFORM.sl_login_activity (incremental)
16:37:34.492243 [debug]: Finished connection limit wait [  0.05s]
16:37:34.492256 [debug]: Finished rendering [  0.01s] model TRANSFORM.sl_merchant [success]
16:37:34.492285 [debug]: Started analyzing model TRANSFORM.sl_merchant
16:37:34.492920 [debug]: Compiled SQL for node model.UPI_Fraud_Monitoring.sl_transaction at target\.lsp\compiled\UPI_Fraud_Monitoring\models\silver\sl_transaction.sql
16:37:34.493217 [debug]: Finished rendering [  0.03s] model TRANSFORM.sl_collect_request [success]
16:37:34.493287 [debug]: Started analyzing model TRANSFORM.sl_collect_request
16:37:34.493333 [debug]: Finished connection limit wait [  0.05s]
16:37:34.493778 [debug]: Finished rendering [  0.02s] model TRANSFORM.sl_transaction [success]
16:37:34.493832 [debug]: Started analyzing model TRANSFORM.sl_transaction
16:37:34.493862 [debug]: Finished connection limit wait [  0.05s]
16:37:34.494427 [debug]: Finished analyzing [  0.00s] model TRANSFORM.sl_merchant [success]
16:37:34.494472 [info ]:  Succeeded [  0.02s] model TRANSFORM.sl_merchant (incremental)
16:37:34.495135 [debug]: Finished analyzing [  0.00s] model TRANSFORM.sl_collect_request [success]
16:37:34.495184 [info ]:  Succeeded [  0.03s] model TRANSFORM.sl_collect_request (incremental)
16:37:34.497082 [debug]: create_debug_span(...).entered() took 26.9µs
16:37:34.497489 [debug]: Finished analyzing [  0.00s] model TRANSFORM.sl_transaction [success]
16:37:34.497530 [info ]:  Succeeded [  0.02s] model TRANSFORM.sl_transaction (incremental)
16:37:34.498619 [debug]: Compiled SQL for node model.UPI_Fraud_Monitoring.sl_device_registry at target\.lsp\compiled\UPI_Fraud_Monitoring\models\silver\sl_device_registry.sql
16:37:34.499005 [debug]: Finished connection limit wait [  0.06s]
16:37:34.499715 [debug]: Finished rendering [  0.01s] model TRANSFORM.sl_device_registry [success]
16:37:34.499807 [debug]: Started analyzing model TRANSFORM.sl_device_registry
16:37:34.499945 [debug]: Compiled SQL for node model.UPI_Fraud_Monitoring.sl_customer at target\.lsp\compiled\UPI_Fraud_Monitoring\models\silver\sl_customer.sql
16:37:34.500499 [debug]: Finished rendering [  0.01s] model TRANSFORM.sl_customer [success]
16:37:34.500557 [debug]: Started analyzing model TRANSFORM.sl_customer
16:37:34.500589 [debug]: Finished connection limit wait [  0.06s]
16:37:34.500651 [debug]: create_debug_span(...).entered() took 14.9µs
16:37:34.501678 [debug]: Finished analyzing [  0.00s] model TRANSFORM.sl_customer [success]
16:37:34.501759 [info ]:  Succeeded [  0.01s] model TRANSFORM.sl_customer (incremental)
16:37:34.501809 [debug]: Finished analyzing [  0.00s] model TRANSFORM.sl_device_registry [success]
16:37:34.501826 [info ]:  Succeeded [  0.01s] model TRANSFORM.sl_device_registry (incremental)
16:37:34.503699 [debug]: create_debug_span(...).entered() took 36.5µs
16:37:34.504497 [debug]: Compiled SQL for node model.UPI_Fraud_Monitoring.sl_beneficiary at target\.lsp\compiled\UPI_Fraud_Monitoring\models\silver\sl_beneficiary.sql
16:37:34.504769 [debug]: Finished connection limit wait [  0.06s]
16:37:34.504768 [debug]: Finished rendering [  0.01s] model TRANSFORM.sl_beneficiary [success]
16:37:34.504823 [debug]: Started analyzing model TRANSFORM.sl_beneficiary
16:37:34.507881 [debug]: create_debug_span(...).entered() took 29.6µs
16:37:34.509342 [debug]: Finished analyzing [  0.00s] model TRANSFORM.sl_beneficiary [success]
16:37:34.509395 [info ]:  Succeeded [  0.01s] model TRANSFORM.sl_beneficiary (incremental)
16:37:34.550470 [debug]: stmt.execute() (submit+wait_for_completion, returns reader) took 66.7471ms
16:37:34.550514 [debug]: reader.schema() took 500ns
16:37:34.552783 [debug]: batch-consume loop (for res in reader) took 2.2416ms
16:37:34.555032 [debug]: do_execute(conn) (closure: stmt.execute + schema + batch loop) took 74.3056ms
16:37:34.555172 [debug]: concat_batches + normalize_result_column_names took 94.7µs
16:37:34.555195 [debug]: record_current_span_status_from_attrs took 6.5µs
16:37:34.555208 [debug]: Query executed on node model.UPI_Fraud_Monitoring.v_login_activity:
describe table "UPI_FRAUD_MONITORING_DB"."TRANSFORM"."V_RAW_LOGIN_ACTIVITY"
/* {"app": "dbt", "connection_name": "", "dbt_version": "2.0.0", "profile_name": "UPI_Fraud_Monitoring", "target_name": "dev"} */
16:37:34.555226 [debug]: drop(query_span_guard) (span exit/export) took 24.6µs
16:37:34.557435 [debug]: Compiled SQL for node model.UPI_Fraud_Monitoring.v_login_activity at target\.lsp\compiled\UPI_Fraud_Monitoring\models\bronze\views\v_login_activity.sql
16:37:34.557691 [debug]: Finished connection limit wait [  0.11s]
16:37:34.557757 [debug]: Finished rendering [  0.09s] model TRANSFORM.v_login_activity [success]
16:37:34.557801 [debug]: Started analyzing model TRANSFORM.v_login_activity
16:37:34.557894 [debug]: stmt.execute() (submit+wait_for_completion, returns reader) took 78.8005ms
16:37:34.557912 [debug]: reader.schema() took 500ns
16:37:34.560641 [debug]: Compiled SQL for node model.UPI_Fraud_Monitoring.sl_watchlist at target\.lsp\compiled\UPI_Fraud_Monitoring\models\silver\sl_watchlist.sql
16:37:34.561416 [debug]: Finished rendering [  0.01s] model TRANSFORM.sl_watchlist [success]
16:37:34.561507 [debug]: Started analyzing model TRANSFORM.sl_watchlist
16:37:34.561552 [debug]: Finished connection limit wait [  0.12s]
16:37:34.563515 [debug]: batch-consume loop (for res in reader) took 5.5773ms
16:37:34.563769 [debug]: Finished analyzing [  0.00s] model TRANSFORM.sl_watchlist [success]
16:37:34.563831 [info ]:  Succeeded [  0.01s] model TRANSFORM.sl_watchlist (incremental)
16:37:34.566646 [debug]: create_debug_span(...).entered() took 39.1µs
16:37:34.567487 [debug]: do_execute(conn) (closure: stmt.execute + schema + batch loop) took 90.8585ms
16:37:34.567709 [debug]: concat_batches + normalize_result_column_names took 100.4µs
16:37:34.567733 [debug]: record_current_span_status_from_attrs took 5.1µs
16:37:34.567748 [debug]: Query executed on node model.UPI_Fraud_Monitoring.v_password_change:
describe table "UPI_FRAUD_MONITORING_DB"."TRANSFORM"."V_RAW_PASSWORD_CHANGE"
/* {"app": "dbt", "connection_name": "", "dbt_version": "2.0.0", "profile_name": "UPI_Fraud_Monitoring", "target_name": "dev"} */
16:37:34.567751 [debug]: stmt.execute() (submit+wait_for_completion, returns reader) took 82.4293ms
16:37:34.567764 [debug]: reader.schema() took 700ns
16:37:34.567768 [debug]: drop(query_span_guard) (span exit/export) took 26.8µs
16:37:34.568425 [debug]: Finished analyzing [  0.01s] model TRANSFORM.v_login_activity [success]
16:37:34.568476 [info ]:  Succeeded [  0.10s] model TRANSFORM.v_login_activity (view)
16:37:34.570603 [debug]: Compiled SQL for node model.UPI_Fraud_Monitoring.v_password_change at target\.lsp\compiled\UPI_Fraud_Monitoring\models\bronze\views\v_password_change.sql
16:37:34.570997 [debug]: Finished rendering [  0.10s] model TRANSFORM.v_password_change [success]
16:37:34.571025 [debug]: batch-consume loop (for res in reader) took 3.2378ms
16:37:34.571079 [debug]: Started analyzing model TRANSFORM.v_password_change
16:37:34.573959 [debug]: stmt.execute() (submit+wait_for_completion, returns reader) took 71.6659ms
16:37:34.574010 [debug]: reader.schema() took 1µs
16:37:34.574448 [debug]: stmt.execute() (submit+wait_for_completion, returns reader) took 80.2958ms
16:37:34.574483 [debug]: reader.schema() took 700ns
16:37:34.575844 [debug]: do_execute(conn) (closure: stmt.execute + schema + batch loop) took 90.7614ms
16:37:34.575955 [debug]: concat_batches + normalize_result_column_names took 69.9µs
16:37:34.575967 [debug]: record_current_span_status_from_attrs took 6.2µs
16:37:34.575980 [debug]: Query executed on node model.UPI_Fraud_Monitoring.v_collect_request:
describe table "UPI_FRAUD_MONITORING_DB"."TRANSFORM"."V_RAW_COLLECT_REQUEST"
/* {"app": "dbt", "connection_name": "", "dbt_version": "2.0.0", "profile_name": "UPI_Fraud_Monitoring", "target_name": "dev"} */
16:37:34.575996 [debug]: drop(query_span_guard) (span exit/export) took 21.9µs
16:37:34.576417 [debug]: Finished analyzing [  0.01s] model TRANSFORM.v_password_change [success]
16:37:34.576459 [info ]:  Succeeded [  0.11s] model TRANSFORM.v_password_change (view)
16:37:34.577591 [debug]: batch-consume loop (for res in reader) took 3.5538ms
16:37:34.577591 [debug]: batch-consume loop (for res in reader) took 3.0805ms
16:37:34.578549 [debug]: Compiled SQL for node model.UPI_Fraud_Monitoring.v_collect_request at target\.lsp\compiled\UPI_Fraud_Monitoring\models\bronze\views\v_collect_request.sql
16:37:34.579018 [debug]: Finished rendering [  0.11s] model TRANSFORM.v_collect_request [success]
16:37:34.579091 [debug]: Started analyzing model TRANSFORM.v_collect_request
16:37:34.582099 [debug]: do_execute(conn) (closure: stmt.execute + schema + batch loop) took 90.6365ms
16:37:34.582099 [debug]: do_execute(conn) (closure: stmt.execute + schema + batch loop) took 81.4029ms
16:37:34.582224 [debug]: concat_batches + normalize_result_column_names took 85.9µs
16:37:34.582226 [debug]: concat_batches + normalize_result_column_names took 82.6µs
16:37:34.582241 [debug]: record_current_span_status_from_attrs took 6.3µs
16:37:34.582242 [debug]: record_current_span_status_from_attrs took 5.7µs
16:37:34.582258 [debug]: Query executed on node model.UPI_Fraud_Monitoring.v_transaction:
describe table "UPI_FRAUD_MONITORING_DB"."TRANSFORM"."V_RAW_TRANSACTION"
/* {"app": "dbt", "connection_name": "", "dbt_version": "2.0.0", "profile_name": "UPI_Fraud_Monitoring", "target_name": "dev"} */
16:37:34.582258 [debug]: Query executed on node model.UPI_Fraud_Monitoring.v_device_registry:
describe table "UPI_FRAUD_MONITORING_DB"."TRANSFORM"."V_RAW_DEVICE_REGISTRY"
/* {"app": "dbt", "connection_name": "", "dbt_version": "2.0.0", "profile_name": "UPI_Fraud_Monitoring", "target_name": "dev"} */
16:37:34.582275 [debug]: drop(query_span_guard) (span exit/export) took 25µs
16:37:34.582275 [debug]: drop(query_span_guard) (span exit/export) took 24.8µs
16:37:34.584300 [debug]: Finished analyzing [  0.01s] model TRANSFORM.v_collect_request [success]
16:37:34.584356 [info ]:  Succeeded [  0.12s] model TRANSFORM.v_collect_request (view)
16:37:34.585579 [debug]: Compiled SQL for node model.UPI_Fraud_Monitoring.v_device_registry at target\.lsp\compiled\UPI_Fraud_Monitoring\models\bronze\views\v_device_registry.sql
16:37:34.585765 [debug]: stmt.execute() (submit+wait_for_completion, returns reader) took 88.4614ms
16:37:34.585840 [debug]: reader.schema() took 500ns
16:37:34.586257 [debug]: Finished rendering [  0.09s] model TRANSFORM.v_device_registry [success]
16:37:34.586346 [debug]: Started analyzing model TRANSFORM.v_device_registry
16:37:34.586970 [debug]: Compiled SQL for node model.UPI_Fraud_Monitoring.v_transaction at target\.lsp\compiled\UPI_Fraud_Monitoring\models\bronze\views\v_transaction.sql
16:37:34.587469 [debug]: Finished rendering [  0.11s] model TRANSFORM.v_transaction [success]
16:37:34.587538 [debug]: Started analyzing model TRANSFORM.v_transaction
16:37:34.588990 [debug]: Query executed on node model.UPI_Fraud_Monitoring.v_customer:
describe table "UPI_FRAUD_MONITORING_DB"."TRANSFORM"."V_RAW_CUSTOMER"
/* {"app": "dbt", "connection_name": "", "dbt_version": "2.0.0", "profile_name": "UPI_Fraud_Monitoring", "target_name": "dev"} */
16:37:34.592200 [debug]: batch-consume loop (for res in reader) took 6.3302ms
16:37:34.593198 [debug]: Finished analyzing [  0.01s] model TRANSFORM.v_device_registry [success]
16:37:34.593256 [info ]:  Succeeded [  0.10s] model TRANSFORM.v_device_registry (view)
16:37:34.594533 [debug]: do_execute(conn) (closure: stmt.execute + schema + batch loop) took 97.3991ms
16:37:34.594631 [debug]: concat_batches + normalize_result_column_names took 59.8µs
16:37:34.594643 [debug]: record_current_span_status_from_attrs took 5.3µs
16:37:34.594660 [debug]: Query executed on node model.UPI_Fraud_Monitoring.v_merchant:
describe table "UPI_FRAUD_MONITORING_DB"."TRANSFORM"."V_RAW_MERCHANT"
/* {"app": "dbt", "connection_name": "", "dbt_version": "2.0.0", "profile_name": "UPI_Fraud_Monitoring", "target_name": "dev"} */
16:37:34.594676 [debug]: drop(query_span_guard) (span exit/export) took 23.5µs
16:37:34.597762 [debug]: Finished analyzing [  0.01s] model TRANSFORM.v_transaction [success]
16:37:34.597784 [debug]: Compiled SQL for node model.UPI_Fraud_Monitoring.v_merchant at target\.lsp\compiled\UPI_Fraud_Monitoring\models\bronze\views\v_merchant.sql
16:37:34.597823 [info ]:  Succeeded [  0.12s] model TRANSFORM.v_transaction (view)
16:37:34.598010 [debug]: Finished rendering [  0.11s] model TRANSFORM.v_merchant [success]
16:37:34.598068 [debug]: Started analyzing model TRANSFORM.v_merchant
16:37:34.601787 [debug]: Finished analyzing [  0.00s] model TRANSFORM.v_merchant [success]
16:37:34.601843 [info ]:  Succeeded [  0.11s] model TRANSFORM.v_merchant (view)
16:37:34.804282 [debug]: stmt.execute() (submit+wait_for_completion, returns reader) took 296.214ms
16:37:34.804328 [debug]: reader.schema() took 1µs
16:37:34.804411 [debug]: stmt.execute() (submit+wait_for_completion, returns reader) took 237.5222ms
16:37:34.804426 [debug]: reader.schema() took 200ns
16:37:34.808181 [debug]: batch-consume loop (for res in reader) took 3.8218ms
16:37:34.809821 [debug]: batch-consume loop (for res in reader) took 3.8593ms
16:37:34.811584 [debug]: do_execute(conn) (closure: stmt.execute + schema + batch loop) took 303.6387ms
16:37:34.811702 [debug]: concat_batches + normalize_result_column_names took 76.8µs
16:37:34.811714 [debug]: record_current_span_status_from_attrs took 5.1µs
16:37:34.811725 [debug]: Query executed on node model.UPI_Fraud_Monitoring.v_beneficiary:
describe table "UPI_FRAUD_MONITORING_DB"."TRANSFORM"."V_RAW_BENEFICIARY"
/* {"app": "dbt", "connection_name": "", "dbt_version": "2.0.0", "profile_name": "UPI_Fraud_Monitoring", "target_name": "dev"} */
16:37:34.811739 [debug]: drop(query_span_guard) (span exit/export) took 19.3µs
16:37:34.814224 [debug]: do_execute(conn) (closure: stmt.execute + schema + batch loop) took 247.5156ms
16:37:34.814362 [debug]: concat_batches + normalize_result_column_names took 91µs
16:37:34.814378 [debug]: record_current_span_status_from_attrs took 5.8µs
16:37:34.814391 [debug]: Query executed on node model.UPI_Fraud_Monitoring.v_watchlist:
describe table "UPI_FRAUD_MONITORING_DB"."TRANSFORM"."V_RAW_WATCHLIST"
/* {"app": "dbt", "connection_name": "", "dbt_version": "2.0.0", "profile_name": "UPI_Fraud_Monitoring", "target_name": "dev"} */
16:37:34.814408 [debug]: drop(query_span_guard) (span exit/export) took 23.8µs
16:37:34.814436 [debug]: Compiled SQL for node model.UPI_Fraud_Monitoring.v_beneficiary at target\.lsp\compiled\UPI_Fraud_Monitoring\models\bronze\views\v_beneficiary.sql
16:37:34.814669 [debug]: Finished rendering [  0.31s] model TRANSFORM.v_beneficiary [success]
16:37:34.814716 [debug]: Started analyzing model TRANSFORM.v_beneficiary
16:37:34.817276 [debug]: Compiled SQL for node model.UPI_Fraud_Monitoring.v_watchlist at target\.lsp\compiled\UPI_Fraud_Monitoring\models\bronze\views\v_watchlist.sql
16:37:34.817647 [debug]: Finished rendering [  0.26s] model TRANSFORM.v_watchlist [success]
16:37:34.817760 [debug]: Started analyzing model TRANSFORM.v_watchlist
16:37:34.821319 [debug]: Finished analyzing [  0.00s] model TRANSFORM.v_watchlist [success]
16:37:34.821381 [info ]:  Succeeded [  0.26s] model TRANSFORM.v_watchlist (view)
16:37:34.821472 [debug]: Finished analyzing [  0.01s] model TRANSFORM.v_beneficiary [success]
16:37:34.821505 [info ]:  Succeeded [  0.32s] model TRANSFORM.v_beneficiary (view)
16:37:35.589724 [error]: [DbDriverFailed (dbt1308)]: [Snowflake] 390114: Authentication token has expired.  The user must authenticate again.
(in models/bronze/views/v_customer.sql:1:1)
  --> macros\create_view_with_latest_records.sql:10:29
16:37:35.589803 [debug]: Finished rendering [  1.09s] model TRANSFORM.v_customer [error]
16:37:35.589827 [info ]: Finished rendering [  1.15s] (34 nodes, 0 skipped, 1 errors)
16:37:35.589858 [debug]: Started analyzing model TRANSFORM.v_customer
16:37:35.589879 [debug]: Finished analyzing [  0.00s] model TRANSFORM.v_customer [skipped]
16:37:35.589886 [info ]: Finished analyzing [  1.15s] (33 nodes, 1 skipped, 0 errors)
16:37:35.589894 [info ]:     Failed [  1.09s] model TRANSFORM.v_customer (view)
16:37:35.598497 [info ]: Started scheduling
16:37:35.598628 [info ]: Finished scheduling [  0.00s]
16:37:35.598835 [info ]: 
==================== Execution Summary =====================
Finished 'compile' with 1 error for target 'dev' [1.7s]
Processed: 32 models | 1 snapshot | 1 seed
Summary: 34 total | 33 success | 1 error
16:37:35.599439 [info ]: Cached model count updated: 32 models (accurate)
