

============================== 23:22:54.372134 | 0141d9f9-7843-427a-af9f-466c555e3b05 ==============================
[0m23:22:54.372134 [info ] [Dummy-1   ]: Running with dbt=1.9.4
[0m23:22:54.373068 [debug] [Dummy-1   ]: running dbt with arguments {'printer_width': '80', 'indirect_selection': 'eager', 'write_json': 'True', 'log_cache_events': 'False', 'partial_parse': 'True', 'cache_selected_only': 'False', 'profiles_dir': '/tmp/dbt_effective_profiles_t8ksr49e', 'version_check': 'True', 'warn_error': 'None', 'log_path': '/tmp/dbt/logs', 'debug': 'False', 'fail_fast': 'False', 'use_colors': 'True', 'use_experimental_parser': 'False', 'empty': 'None', 'quiet': 'False', 'no_print': 'None', 'warn_error_options': 'WarnErrorOptions(include=[], exclude=[])', 'static_parser': 'True', 'log_format': 'default', 'invocation_command': 'dbt ', 'target_path': 'None', 'introspect': 'True', 'send_anonymous_usage_stats': 'False'}
[0m23:22:54.644870 [info ] [Dummy-1   ]: Registered adapter: snowflake=1.9.2
[0m23:22:55.176318 [debug] [Dummy-1   ]: checksum: 53ed91fada2233efb98368d1716b44ab532c83a9c293cf1890b7905d5b45fb25, vars: {}, profile: , target: dev, version: 1.9.4
[0m23:22:55.178214 [info ] [Dummy-1   ]: Unable to do partial parsing because saved manifest not found. Starting full parse.
[0m23:22:56.802883 [info ] [Dummy-1   ]: Performance info: /tmp/dbt/target/perf_info.json
[0m23:22:56.969702 [debug] [Dummy-1   ]: Wrote artifact WritableManifest to /tmp/dbt/target/manifest.json
[0m23:22:56.971697 [debug] [Dummy-1   ]: Wrote artifact SemanticManifest to /tmp/dbt/target/semantic_manifest.json
[0m23:22:56.973428 [debug] [Dummy-1   ]: Resource report: {"command_name": "parse", "command_success": true, "command_wall_clock_time": 2.6745772, "process_in_blocks": "0", "process_kernel_time": 0.75, "process_mem_max_rss": "475248", "process_out_blocks": "0", "process_user_time": 5.05}
[0m23:22:56.974033 [debug] [Dummy-1   ]: Command `cli parse` succeeded at 23:22:56.973795 after 2.68 seconds
[0m23:22:56.974580 [debug] [Dummy-1   ]: Flushing usage events


============================== 23:23:16.667326 | 9fdd4876-8ceb-46e4-ae78-7c78d6c69889 ==============================
[0m23:23:16.667326 [info ] [Dummy-1   ]: Running with dbt=1.9.4
[0m23:23:16.668164 [debug] [Dummy-1   ]: running dbt with arguments {'printer_width': '80', 'indirect_selection': 'eager', 'write_json': 'True', 'log_cache_events': 'False', 'partial_parse': 'True', 'cache_selected_only': 'False', 'profiles_dir': '/tmp/dbt_effective_profiles_mu9zm2g8', 'fail_fast': 'False', 'version_check': 'True', 'log_path': '/tmp/dbt/logs', 'debug': 'False', 'warn_error': 'None', 'use_colors': 'True', 'use_experimental_parser': 'False', 'empty': 'False', 'quiet': 'False', 'no_print': 'None', 'log_format': 'default', 'invocation_command': 'dbt ', 'introspect': 'True', 'static_parser': 'True', 'target_path': 'None', 'warn_error_options': 'WarnErrorOptions(include=[], exclude=[])', 'send_anonymous_usage_stats': 'False'}
[0m23:23:16.939669 [info ] [Dummy-1   ]: Registered adapter: snowflake=1.9.2
[0m23:23:17.469081 [debug] [Dummy-1   ]: checksum: 53ed91fada2233efb98368d1716b44ab532c83a9c293cf1890b7905d5b45fb25, vars: {}, profile: , target: dev, version: 1.9.4
[0m23:23:17.748514 [debug] [Dummy-1   ]: Partial parsing enabled: 0 files deleted, 0 files added, 0 files changed.
[0m23:23:17.749109 [debug] [Dummy-1   ]: Partial parsing enabled, no changes found, skipping parsing
[0m23:23:17.889313 [debug] [Dummy-1   ]: Wrote artifact WritableManifest to /tmp/dbt/target/manifest.json
[0m23:23:17.891344 [debug] [Dummy-1   ]: Wrote artifact SemanticManifest to /tmp/dbt/target/semantic_manifest.json
[0m23:23:17.935385 [info ] [Dummy-1   ]: Found 20 models, 10 data tests, 10 sources, 476 macros
[0m23:23:17.938463 [info ] [Dummy-1   ]: 
[0m23:23:17.939007 [info ] [Dummy-1   ]: Concurrency: 4 threads (target='dev')
[0m23:23:17.939482 [info ] [Dummy-1   ]: 
[0m23:23:17.940274 [debug] [Dummy-1   ]: Acquiring new snowflake connection 'master'
[0m23:23:17.947418 [debug] [ThreadPool]: Acquiring new snowflake connection 'list_UPI_FRAUD_MONITORING'
[0m23:23:18.053725 [debug] [ThreadPool]: Using snowflake connection "list_UPI_FRAUD_MONITORING"
[0m23:23:18.054362 [debug] [ThreadPool]: On list_UPI_FRAUD_MONITORING: /* {"app": "dbt", "dbt_version": "1.9.4", "profile_name": "default", "target_name": "dev", "connection_name": "list_UPI_FRAUD_MONITORING"} */
show terse schemas in database UPI_FRAUD_MONITORING
    limit 10000
[0m23:23:18.054855 [debug] [ThreadPool]: Opening a new connection, currently in state init
[0m23:23:18.771140 [debug] [ThreadPool]: SQL status: SUCCESS 3 in 0.716 seconds
[0m23:23:18.773572 [debug] [ThreadPool]: Re-using an available connection from the pool (formerly list_UPI_FRAUD_MONITORING, now create_UPI_FRAUD_MONITORING_STAGING_transform)
[0m23:23:18.774298 [debug] [ThreadPool]: Creating schema "database: "UPI_FRAUD_MONITORING"
schema: "STAGING_transform"
"
[0m23:23:18.780413 [debug] [ThreadPool]: Using snowflake connection "create_UPI_FRAUD_MONITORING_STAGING_transform"
[0m23:23:18.780918 [debug] [ThreadPool]: On create_UPI_FRAUD_MONITORING_STAGING_transform: /* {"app": "dbt", "dbt_version": "1.9.4", "profile_name": "default", "target_name": "dev", "connection_name": "create_UPI_FRAUD_MONITORING_STAGING_transform"} */
create schema if not exists UPI_FRAUD_MONITORING.STAGING_transform
[0m23:23:18.781365 [debug] [ThreadPool]: Opening a new connection, currently in state init
[0m23:23:19.226635 [debug] [ThreadPool]: SQL status: SUCCESS 1 in 0.445 seconds
[0m23:23:19.231174 [debug] [ThreadPool]: Re-using an available connection from the pool (formerly create_UPI_FRAUD_MONITORING_STAGING_transform, now list_UPI_FRAUD_MONITORING_STAGING_transform)
[0m23:23:19.244440 [debug] [ThreadPool]: Using snowflake connection "list_UPI_FRAUD_MONITORING_STAGING_transform"
[0m23:23:19.245017 [debug] [ThreadPool]: On list_UPI_FRAUD_MONITORING_STAGING_transform: /* {"app": "dbt", "dbt_version": "1.9.4", "profile_name": "default", "target_name": "dev", "connection_name": "list_UPI_FRAUD_MONITORING_STAGING_transform"} */
alter session set quoted_identifiers_ignore_case = false;
[0m23:23:19.245466 [debug] [ThreadPool]: Opening a new connection, currently in state init
[0m23:23:19.615446 [debug] [ThreadPool]: SQL status: SUCCESS 1 in 0.370 seconds
[0m23:23:19.619984 [debug] [ThreadPool]: Using snowflake connection "list_UPI_FRAUD_MONITORING_STAGING_transform"
[0m23:23:19.620591 [debug] [ThreadPool]: On list_UPI_FRAUD_MONITORING_STAGING_transform: /* {"app": "dbt", "dbt_version": "1.9.4", "profile_name": "default", "target_name": "dev", "connection_name": "list_UPI_FRAUD_MONITORING_STAGING_transform"} */
show objects in UPI_FRAUD_MONITORING.STAGING_transform
    limit 10000
    
;
[0m23:23:19.713967 [debug] [ThreadPool]: SQL status: SUCCESS 0 in 0.093 seconds
[0m23:23:19.715858 [debug] [ThreadPool]: Using snowflake connection "list_UPI_FRAUD_MONITORING_STAGING_transform"
[0m23:23:19.716348 [debug] [ThreadPool]: On list_UPI_FRAUD_MONITORING_STAGING_transform: /* {"app": "dbt", "dbt_version": "1.9.4", "profile_name": "default", "target_name": "dev", "connection_name": "list_UPI_FRAUD_MONITORING_STAGING_transform"} */
alter session unset quoted_identifiers_ignore_case;
[0m23:23:19.774829 [debug] [ThreadPool]: SQL status: SUCCESS 1 in 0.058 seconds
[0m23:23:19.786841 [debug] [Thread-2 (]: Began running node model.UPI_Fraud_Monitoring.v_raw_account
[0m23:23:19.787482 [debug] [Thread-3 (]: Began running node model.UPI_Fraud_Monitoring.v_raw_beneficiary
[0m23:23:19.788062 [debug] [Thread-4 (]: Began running node model.UPI_Fraud_Monitoring.v_raw_collect_request
[0m23:23:19.788790 [debug] [Thread-5 (]: Began running node model.UPI_Fraud_Monitoring.v_raw_customer
[0m23:23:19.789478 [info ] [Thread-2 (]: 1 of 20 START sql view model STAGING_transform.v_raw_account ................... [RUN]
[0m23:23:19.790156 [info ] [Thread-3 (]: 2 of 20 START sql view model STAGING_transform.v_raw_beneficiary ............... [RUN]
[0m23:23:19.790813 [info ] [Thread-4 (]: 3 of 20 START sql view model STAGING_transform.v_raw_collect_request ........... [RUN]
[0m23:23:19.791506 [info ] [Thread-5 (]: 4 of 20 START sql view model STAGING_transform.v_raw_customer .................. [RUN]
[0m23:23:19.792169 [debug] [Thread-2 (]: Re-using an available connection from the pool (formerly list_UPI_FRAUD_MONITORING_STAGING_transform, now model.UPI_Fraud_Monitoring.v_raw_account)
[0m23:23:19.792888 [debug] [Thread-3 (]: Acquiring new snowflake connection 'model.UPI_Fraud_Monitoring.v_raw_beneficiary'
[0m23:23:19.793501 [debug] [Thread-4 (]: Acquiring new snowflake connection 'model.UPI_Fraud_Monitoring.v_raw_collect_request'
[0m23:23:19.794098 [debug] [Thread-5 (]: Acquiring new snowflake connection 'model.UPI_Fraud_Monitoring.v_raw_customer'
[0m23:23:19.794610 [debug] [Thread-2 (]: Began compiling node model.UPI_Fraud_Monitoring.v_raw_account
[0m23:23:19.795124 [debug] [Thread-3 (]: Began compiling node model.UPI_Fraud_Monitoring.v_raw_beneficiary
[0m23:23:19.795637 [debug] [Thread-4 (]: Began compiling node model.UPI_Fraud_Monitoring.v_raw_collect_request
[0m23:23:19.796153 [debug] [Thread-5 (]: Began compiling node model.UPI_Fraud_Monitoring.v_raw_customer
[0m23:23:19.816263 [debug] [Thread-2 (]: Using snowflake connection "model.UPI_Fraud_Monitoring.v_raw_account"
[0m23:23:19.824498 [debug] [Thread-3 (]: Using snowflake connection "model.UPI_Fraud_Monitoring.v_raw_beneficiary"
[0m23:23:19.831687 [debug] [Thread-4 (]: Using snowflake connection "model.UPI_Fraud_Monitoring.v_raw_collect_request"
[0m23:23:19.839034 [debug] [Thread-5 (]: Using snowflake connection "model.UPI_Fraud_Monitoring.v_raw_customer"
[0m23:23:19.839649 [debug] [Thread-2 (]: On model.UPI_Fraud_Monitoring.v_raw_account: /* {"app": "dbt", "dbt_version": "1.9.4", "profile_name": "default", "target_name": "dev", "node_id": "model.UPI_Fraud_Monitoring.v_raw_account"} */
describe table UPI_FRAUD_MONITORING.STAGING.account
[0m23:23:19.840174 [debug] [Thread-3 (]: On model.UPI_Fraud_Monitoring.v_raw_beneficiary: /* {"app": "dbt", "dbt_version": "1.9.4", "profile_name": "default", "target_name": "dev", "node_id": "model.UPI_Fraud_Monitoring.v_raw_beneficiary"} */
describe table UPI_FRAUD_MONITORING.STAGING.beneficiary
[0m23:23:19.840786 [debug] [Thread-4 (]: On model.UPI_Fraud_Monitoring.v_raw_collect_request: /* {"app": "dbt", "dbt_version": "1.9.4", "profile_name": "default", "target_name": "dev", "node_id": "model.UPI_Fraud_Monitoring.v_raw_collect_request"} */
describe table UPI_FRAUD_MONITORING.STAGING.collect_request
[0m23:23:19.841276 [debug] [Thread-5 (]: On model.UPI_Fraud_Monitoring.v_raw_customer: /* {"app": "dbt", "dbt_version": "1.9.4", "profile_name": "default", "target_name": "dev", "node_id": "model.UPI_Fraud_Monitoring.v_raw_customer"} */
describe table UPI_FRAUD_MONITORING.STAGING.customer
[0m23:23:19.841790 [debug] [Thread-2 (]: Opening a new connection, currently in state init
[0m23:23:19.842321 [debug] [Thread-3 (]: Opening a new connection, currently in state init
[0m23:23:19.842787 [debug] [Thread-4 (]: Opening a new connection, currently in state init
[0m23:23:19.843247 [debug] [Thread-5 (]: Opening a new connection, currently in state init
[0m23:23:20.225687 [debug] [Thread-4 (]: SQL status: SUCCESS 7 in 0.383 seconds
[0m23:23:20.226612 [debug] [Thread-2 (]: SQL status: SUCCESS 12 in 0.385 seconds
[0m23:23:20.227400 [debug] [Thread-5 (]: SQL status: SUCCESS 12 in 0.384 seconds
[0m23:23:20.228170 [debug] [Thread-3 (]: SQL status: SUCCESS 9 in 0.386 seconds
[0m23:23:20.230505 [debug] [Thread-4 (]: Writing injected SQL for node "model.UPI_Fraud_Monitoring.v_raw_collect_request"
[0m23:23:20.232878 [debug] [Thread-2 (]: Writing injected SQL for node "model.UPI_Fraud_Monitoring.v_raw_account"
[0m23:23:20.235051 [debug] [Thread-5 (]: Writing injected SQL for node "model.UPI_Fraud_Monitoring.v_raw_customer"
[0m23:23:20.237121 [debug] [Thread-3 (]: Writing injected SQL for node "model.UPI_Fraud_Monitoring.v_raw_beneficiary"
[0m23:23:20.239091 [debug] [Thread-4 (]: Began executing node model.UPI_Fraud_Monitoring.v_raw_collect_request
[0m23:23:20.239885 [debug] [Thread-5 (]: Began executing node model.UPI_Fraud_Monitoring.v_raw_customer
[0m23:23:20.240442 [debug] [Thread-2 (]: Began executing node model.UPI_Fraud_Monitoring.v_raw_account
[0m23:23:20.246519 [debug] [Thread-3 (]: Began executing node model.UPI_Fraud_Monitoring.v_raw_beneficiary
[0m23:23:20.292010 [debug] [Thread-4 (]: Writing runtime sql for node "model.UPI_Fraud_Monitoring.v_raw_collect_request"
[0m23:23:20.300854 [debug] [Thread-5 (]: Writing runtime sql for node "model.UPI_Fraud_Monitoring.v_raw_customer"
[0m23:23:20.305199 [debug] [Thread-2 (]: Writing runtime sql for node "model.UPI_Fraud_Monitoring.v_raw_account"
[0m23:23:20.310310 [debug] [Thread-3 (]: Writing runtime sql for node "model.UPI_Fraud_Monitoring.v_raw_beneficiary"
[0m23:23:20.313212 [debug] [Thread-4 (]: Using snowflake connection "model.UPI_Fraud_Monitoring.v_raw_collect_request"
[0m23:23:20.314305 [debug] [Thread-5 (]: Using snowflake connection "model.UPI_Fraud_Monitoring.v_raw_customer"
[0m23:23:20.315416 [debug] [Thread-2 (]: Using snowflake connection "model.UPI_Fraud_Monitoring.v_raw_account"
[0m23:23:20.316057 [debug] [Thread-4 (]: On model.UPI_Fraud_Monitoring.v_raw_collect_request: /* {"app": "dbt", "dbt_version": "1.9.4", "profile_name": "default", "target_name": "dev", "node_id": "model.UPI_Fraud_Monitoring.v_raw_collect_request"} */
create or replace   view UPI_FRAUD_MONITORING.STAGING_transform.v_raw_collect_request
  
   as (
    

    
    

    select
        
        COLLECT_REQUEST_ID,
        
        CUSTOMER_ID,
        
        REQUEST_AMOUNT,
        
        REQUEST_TIME,
        
        REQUEST_STATUS,
        
        CREATED_LOAD_ID,
        
        CREATED_DATE_TIME
        
    from UPI_FRAUD_MONITORING.STAGING.collect_request


  );
[0m23:23:20.317183 [debug] [Thread-3 (]: Using snowflake connection "model.UPI_Fraud_Monitoring.v_raw_beneficiary"
[0m23:23:20.317743 [debug] [Thread-5 (]: On model.UPI_Fraud_Monitoring.v_raw_customer: /* {"app": "dbt", "dbt_version": "1.9.4", "profile_name": "default", "target_name": "dev", "node_id": "model.UPI_Fraud_Monitoring.v_raw_customer"} */
create or replace   view UPI_FRAUD_MONITORING.STAGING_transform.v_raw_customer
  
   as (
    

    
    

    select
        
        CUSTOMER_ID,
        
        CUSTOMER_NAME,
        
        DOB,
        
        GENDER,
        
        MOBILE_NUMBER,
        
        EMAIL_ID,
        
        CUSTOMER_SEGMENT,
        
        CUSTOMER_TYPE,
        
        KYC_STATUS,
        
        RISK_RATING,
        
        CUSTOMER_SINCE,
        
        CUSTOMER_STATUS
        
    from UPI_FRAUD_MONITORING.STAGING.customer


  );
[0m23:23:20.318319 [debug] [Thread-2 (]: On model.UPI_Fraud_Monitoring.v_raw_account: /* {"app": "dbt", "dbt_version": "1.9.4", "profile_name": "default", "target_name": "dev", "node_id": "model.UPI_Fraud_Monitoring.v_raw_account"} */
create or replace   view UPI_FRAUD_MONITORING.STAGING_transform.v_raw_account
  
   as (
    

    
    

    select
        
        ACCOUNT_ID,
        
        CUSTOMER_ID,
        
        ACCOUNT_NUMBER,
        
        ACCOUNT_TYPE,
        
        BRANCH_CODE,
        
        IFSC_CODE,
        
        OPEN_DATE,
        
        ACCOUNT_STATUS,
        
        CURRENT_BALANCE,
        
        AVAILABLE_BALANCE,
        
        CREATED_LOAD_ID,
        
        CREATED_DATE_TIME
        
    from UPI_FRAUD_MONITORING.STAGING.account


  );
[0m23:23:20.319156 [debug] [Thread-3 (]: On model.UPI_Fraud_Monitoring.v_raw_beneficiary: /* {"app": "dbt", "dbt_version": "1.9.4", "profile_name": "default", "target_name": "dev", "node_id": "model.UPI_Fraud_Monitoring.v_raw_beneficiary"} */
create or replace   view UPI_FRAUD_MONITORING.STAGING_transform.v_raw_beneficiary
  
   as (
    

    
    

    select
        
        BENEFICIARY_ID,
        
        CUSTOMER_ID,
        
        BENEFICIARY_NAME,
        
        BENEFICIARY_VPA,
        
        BENEFICIARY_CREATED_DATE,
        
        BANK_NAME,
        
        RISK_RATING,
        
        CREATED_LOAD_ID,
        
        CREATED_DATE_TIME
        
    from UPI_FRAUD_MONITORING.STAGING.beneficiary


  );
[0m23:23:20.511544 [debug] [Thread-3 (]: SQL status: SUCCESS 1 in 0.191 seconds
[0m23:23:20.512304 [debug] [Thread-4 (]: SQL status: SUCCESS 1 in 0.193 seconds
[0m23:23:20.538396 [info ] [Thread-3 (]: 2 of 20 OK created sql view model STAGING_transform.v_raw_beneficiary .......... [[32mSUCCESS 1[0m in 0.74s]
[0m23:23:20.539164 [info ] [Thread-4 (]: 3 of 20 OK created sql view model STAGING_transform.v_raw_collect_request ...... [[32mSUCCESS 1[0m in 0.74s]
[0m23:23:20.539893 [debug] [Thread-3 (]: Finished running node model.UPI_Fraud_Monitoring.v_raw_beneficiary
[0m23:23:20.540632 [debug] [Thread-4 (]: Finished running node model.UPI_Fraud_Monitoring.v_raw_collect_request
[0m23:23:20.541240 [debug] [Thread-3 (]: Began running node model.UPI_Fraud_Monitoring.v_raw_device_registry
[0m23:23:20.542181 [debug] [Thread-4 (]: Began running node model.UPI_Fraud_Monitoring.v_raw_login_activity
[0m23:23:20.543106 [info ] [Thread-3 (]: 5 of 20 START sql view model STAGING_transform.v_raw_device_registry ........... [RUN]
[0m23:23:20.543828 [info ] [Thread-4 (]: 6 of 20 START sql view model STAGING_transform.v_raw_login_activity ............ [RUN]
[0m23:23:20.544717 [debug] [Thread-3 (]: Re-using an available connection from the pool (formerly model.UPI_Fraud_Monitoring.v_raw_beneficiary, now model.UPI_Fraud_Monitoring.v_raw_device_registry)
[0m23:23:20.545522 [debug] [Thread-5 (]: SQL status: SUCCESS 1 in 0.226 seconds
[0m23:23:20.546190 [debug] [Thread-2 (]: SQL status: SUCCESS 1 in 0.226 seconds
[0m23:23:20.546811 [debug] [Thread-4 (]: Re-using an available connection from the pool (formerly model.UPI_Fraud_Monitoring.v_raw_collect_request, now model.UPI_Fraud_Monitoring.v_raw_login_activity)
[0m23:23:20.547384 [debug] [Thread-3 (]: Began compiling node model.UPI_Fraud_Monitoring.v_raw_device_registry
[0m23:23:20.550148 [info ] [Thread-5 (]: 4 of 20 OK created sql view model STAGING_transform.v_raw_customer ............. [[32mSUCCESS 1[0m in 0.76s]
[0m23:23:20.552559 [info ] [Thread-2 (]: 1 of 20 OK created sql view model STAGING_transform.v_raw_account .............. [[32mSUCCESS 1[0m in 0.76s]
[0m23:23:20.553166 [debug] [Thread-4 (]: Began compiling node model.UPI_Fraud_Monitoring.v_raw_login_activity
[0m23:23:20.560503 [debug] [Thread-3 (]: Using snowflake connection "model.UPI_Fraud_Monitoring.v_raw_device_registry"
[0m23:23:20.561224 [debug] [Thread-5 (]: Finished running node model.UPI_Fraud_Monitoring.v_raw_customer
[0m23:23:20.561883 [debug] [Thread-2 (]: Finished running node model.UPI_Fraud_Monitoring.v_raw_account
[0m23:23:20.569512 [debug] [Thread-4 (]: Using snowflake connection "model.UPI_Fraud_Monitoring.v_raw_login_activity"
[0m23:23:20.570067 [debug] [Thread-3 (]: On model.UPI_Fraud_Monitoring.v_raw_device_registry: /* {"app": "dbt", "dbt_version": "1.9.4", "profile_name": "default", "target_name": "dev", "node_id": "model.UPI_Fraud_Monitoring.v_raw_device_registry"} */
describe table UPI_FRAUD_MONITORING.STAGING.device_registry
[0m23:23:20.570679 [debug] [Thread-5 (]: Began running node model.UPI_Fraud_Monitoring.v_raw_merchant
[0m23:23:20.571529 [debug] [Thread-2 (]: Began running node model.UPI_Fraud_Monitoring.v_raw_password_change
[0m23:23:20.572346 [debug] [Thread-4 (]: On model.UPI_Fraud_Monitoring.v_raw_login_activity: /* {"app": "dbt", "dbt_version": "1.9.4", "profile_name": "default", "target_name": "dev", "node_id": "model.UPI_Fraud_Monitoring.v_raw_login_activity"} */
describe table UPI_FRAUD_MONITORING.STAGING.login_activity
[0m23:23:20.573000 [debug] [Thread-3 (]: Opening a new connection, currently in state init
[0m23:23:20.573816 [info ] [Thread-5 (]: 7 of 20 START sql view model STAGING_transform.v_raw_merchant .................. [RUN]
[0m23:23:20.574523 [info ] [Thread-2 (]: 8 of 20 START sql view model STAGING_transform.v_raw_password_change ........... [RUN]
[0m23:23:20.575079 [debug] [Thread-4 (]: Opening a new connection, currently in state init
[0m23:23:20.575816 [debug] [Thread-5 (]: Re-using an available connection from the pool (formerly model.UPI_Fraud_Monitoring.v_raw_customer, now model.UPI_Fraud_Monitoring.v_raw_merchant)
[0m23:23:20.576504 [debug] [Thread-2 (]: Re-using an available connection from the pool (formerly model.UPI_Fraud_Monitoring.v_raw_account, now model.UPI_Fraud_Monitoring.v_raw_password_change)
[0m23:23:20.577210 [debug] [Thread-5 (]: Began compiling node model.UPI_Fraud_Monitoring.v_raw_merchant
[0m23:23:20.577741 [debug] [Thread-2 (]: Began compiling node model.UPI_Fraud_Monitoring.v_raw_password_change
[0m23:23:20.584756 [debug] [Thread-5 (]: Using snowflake connection "model.UPI_Fraud_Monitoring.v_raw_merchant"
[0m23:23:20.591586 [debug] [Thread-2 (]: Using snowflake connection "model.UPI_Fraud_Monitoring.v_raw_password_change"
[0m23:23:20.592116 [debug] [Thread-5 (]: On model.UPI_Fraud_Monitoring.v_raw_merchant: /* {"app": "dbt", "dbt_version": "1.9.4", "profile_name": "default", "target_name": "dev", "node_id": "model.UPI_Fraud_Monitoring.v_raw_merchant"} */
describe table UPI_FRAUD_MONITORING.STAGING.merchant
[0m23:23:20.592705 [debug] [Thread-2 (]: On model.UPI_Fraud_Monitoring.v_raw_password_change: /* {"app": "dbt", "dbt_version": "1.9.4", "profile_name": "default", "target_name": "dev", "node_id": "model.UPI_Fraud_Monitoring.v_raw_password_change"} */
describe table UPI_FRAUD_MONITORING.STAGING.password_change
[0m23:23:20.593188 [debug] [Thread-5 (]: Opening a new connection, currently in state init
[0m23:23:20.593649 [debug] [Thread-2 (]: Opening a new connection, currently in state init
[0m23:23:20.945982 [debug] [Thread-5 (]: SQL status: SUCCESS 8 in 0.353 seconds
[0m23:23:20.948205 [debug] [Thread-5 (]: Writing injected SQL for node "model.UPI_Fraud_Monitoring.v_raw_merchant"
[0m23:23:20.949053 [debug] [Thread-5 (]: Began executing node model.UPI_Fraud_Monitoring.v_raw_merchant
[0m23:23:20.953510 [debug] [Thread-5 (]: Writing runtime sql for node "model.UPI_Fraud_Monitoring.v_raw_merchant"
[0m23:23:20.954735 [debug] [Thread-5 (]: Using snowflake connection "model.UPI_Fraud_Monitoring.v_raw_merchant"
[0m23:23:20.955265 [debug] [Thread-5 (]: On model.UPI_Fraud_Monitoring.v_raw_merchant: /* {"app": "dbt", "dbt_version": "1.9.4", "profile_name": "default", "target_name": "dev", "node_id": "model.UPI_Fraud_Monitoring.v_raw_merchant"} */
create or replace   view UPI_FRAUD_MONITORING.STAGING_transform.v_raw_merchant
  
   as (
    

    
    

    select
        
        MERCHANT_ID,
        
        MERCHANT_NAME,
        
        MERCHANT_CATEGORY,
        
        MERCHANT_STATUS,
        
        RISK_RATING,
        
        CREATED_LOAD_ID,
        
        CREATED_DATE_TIME,
        
        TESTING
        
    from UPI_FRAUD_MONITORING.STAGING.merchant


  );
[0m23:23:20.963149 [debug] [Thread-3 (]: SQL status: SUCCESS 15 in 0.390 seconds
[0m23:23:20.965615 [debug] [Thread-3 (]: Writing injected SQL for node "model.UPI_Fraud_Monitoring.v_raw_device_registry"
[0m23:23:20.966446 [debug] [Thread-4 (]: SQL status: SUCCESS 11 in 0.391 seconds
[0m23:23:20.968823 [debug] [Thread-4 (]: Writing injected SQL for node "model.UPI_Fraud_Monitoring.v_raw_login_activity"
[0m23:23:20.969436 [debug] [Thread-3 (]: Began executing node model.UPI_Fraud_Monitoring.v_raw_device_registry
[0m23:23:20.973674 [debug] [Thread-3 (]: Writing runtime sql for node "model.UPI_Fraud_Monitoring.v_raw_device_registry"
[0m23:23:20.974224 [debug] [Thread-4 (]: Began executing node model.UPI_Fraud_Monitoring.v_raw_login_activity
[0m23:23:20.975287 [debug] [Thread-2 (]: SQL status: SUCCESS 7 in 0.382 seconds
[0m23:23:20.979114 [debug] [Thread-4 (]: Writing runtime sql for node "model.UPI_Fraud_Monitoring.v_raw_login_activity"
[0m23:23:20.980454 [debug] [Thread-3 (]: Using snowflake connection "model.UPI_Fraud_Monitoring.v_raw_device_registry"
[0m23:23:20.982384 [debug] [Thread-2 (]: Writing injected SQL for node "model.UPI_Fraud_Monitoring.v_raw_password_change"
[0m23:23:20.983277 [debug] [Thread-3 (]: On model.UPI_Fraud_Monitoring.v_raw_device_registry: /* {"app": "dbt", "dbt_version": "1.9.4", "profile_name": "default", "target_name": "dev", "node_id": "model.UPI_Fraud_Monitoring.v_raw_device_registry"} */
create or replace   view UPI_FRAUD_MONITORING.STAGING_transform.v_raw_device_registry
  
   as (
    

    
    

    select
        
        DEVICE_ID,
        
        CUSTOMER_ID,
        
        IMEI_NUMBER,
        
        IMSI_NUMBER,
        
        SIM_NUMBER,
        
        DEVICE_MAKE,
        
        DEVICE_MODEL,
        
        DEVICE_OS,
        
        DEVICE_REGISTRATION_DATE,
        
        OS_VERSION,
        
        APP_VERSION,
        
        DEVICE_FINGERPRINT,
        
        TRUSTED_FLAG,
        
        CREATED_LOAD_ID,
        
        CREATED_DATE_TIME
        
    from UPI_FRAUD_MONITORING.STAGING.device_registry


  );
[0m23:23:20.984521 [debug] [Thread-4 (]: Using snowflake connection "model.UPI_Fraud_Monitoring.v_raw_login_activity"
[0m23:23:20.985690 [debug] [Thread-2 (]: Began executing node model.UPI_Fraud_Monitoring.v_raw_password_change
[0m23:23:20.986280 [debug] [Thread-4 (]: On model.UPI_Fraud_Monitoring.v_raw_login_activity: /* {"app": "dbt", "dbt_version": "1.9.4", "profile_name": "default", "target_name": "dev", "node_id": "model.UPI_Fraud_Monitoring.v_raw_login_activity"} */
create or replace   view UPI_FRAUD_MONITORING.STAGING_transform.v_raw_login_activity
  
   as (
    

    
    

    select
        
        LOGIN_ID,
        
        CUSTOMER_ID,
        
        DEVICE_ID,
        
        LOGIN_TIME,
        
        LOGIN_STATUS,
        
        IP_ADDRESS,
        
        COUNTRY,
        
        STATE,
        
        CITY,
        
        CREATED_LOAD_ID,
        
        CREATED_DATE_TIME
        
    from UPI_FRAUD_MONITORING.STAGING.login_activity


  );
[0m23:23:20.990246 [debug] [Thread-2 (]: Writing runtime sql for node "model.UPI_Fraud_Monitoring.v_raw_password_change"
[0m23:23:20.991728 [debug] [Thread-2 (]: Using snowflake connection "model.UPI_Fraud_Monitoring.v_raw_password_change"
[0m23:23:20.992244 [debug] [Thread-2 (]: On model.UPI_Fraud_Monitoring.v_raw_password_change: /* {"app": "dbt", "dbt_version": "1.9.4", "profile_name": "default", "target_name": "dev", "node_id": "model.UPI_Fraud_Monitoring.v_raw_password_change"} */
create or replace   view UPI_FRAUD_MONITORING.STAGING_transform.v_raw_password_change
  
   as (
    

    
    

    select
        
        PASSWORD_CHANGE_ID,
        
        CUSTOMER_ID,
        
        CHANGE_TIME,
        
        CHANGE_CHANNEL,
        
        DEVICE_ID,
        
        CREATED_LOAD_ID,
        
        CREATED_DATE_TIME
        
    from UPI_FRAUD_MONITORING.STAGING.password_change


  );
[0m23:23:21.130569 [debug] [Thread-5 (]: SQL status: SUCCESS 1 in 0.175 seconds
[0m23:23:21.133264 [info ] [Thread-5 (]: 7 of 20 OK created sql view model STAGING_transform.v_raw_merchant ............. [[32mSUCCESS 1[0m in 0.56s]
[0m23:23:21.133979 [debug] [Thread-5 (]: Finished running node model.UPI_Fraud_Monitoring.v_raw_merchant
[0m23:23:21.134560 [debug] [Thread-5 (]: Began running node model.UPI_Fraud_Monitoring.v_raw_transaction
[0m23:23:21.135519 [info ] [Thread-5 (]: 9 of 20 START sql view model STAGING_transform.v_raw_transaction ............... [RUN]
[0m23:23:21.136153 [debug] [Thread-5 (]: Re-using an available connection from the pool (formerly model.UPI_Fraud_Monitoring.v_raw_merchant, now model.UPI_Fraud_Monitoring.v_raw_transaction)
[0m23:23:21.136710 [debug] [Thread-5 (]: Began compiling node model.UPI_Fraud_Monitoring.v_raw_transaction
[0m23:23:21.144663 [debug] [Thread-5 (]: Using snowflake connection "model.UPI_Fraud_Monitoring.v_raw_transaction"
[0m23:23:21.145337 [debug] [Thread-5 (]: On model.UPI_Fraud_Monitoring.v_raw_transaction: /* {"app": "dbt", "dbt_version": "1.9.4", "profile_name": "default", "target_name": "dev", "node_id": "model.UPI_Fraud_Monitoring.v_raw_transaction"} */
describe table UPI_FRAUD_MONITORING.STAGING.transaction
[0m23:23:21.145839 [debug] [Thread-5 (]: Opening a new connection, currently in state init
[0m23:23:21.166062 [debug] [Thread-2 (]: SQL status: SUCCESS 1 in 0.173 seconds
[0m23:23:21.168735 [info ] [Thread-2 (]: 8 of 20 OK created sql view model STAGING_transform.v_raw_password_change ...... [[32mSUCCESS 1[0m in 0.59s]
[0m23:23:21.169890 [debug] [Thread-2 (]: Finished running node model.UPI_Fraud_Monitoring.v_raw_password_change
[0m23:23:21.170842 [debug] [Thread-2 (]: Began running node model.UPI_Fraud_Monitoring.v_raw_watchlist
[0m23:23:21.171679 [debug] [Thread-3 (]: SQL status: SUCCESS 1 in 0.186 seconds
[0m23:23:21.172543 [info ] [Thread-2 (]: 10 of 20 START sql view model STAGING_transform.v_raw_watchlist ................ [RUN]
[0m23:23:21.175006 [info ] [Thread-3 (]: 5 of 20 OK created sql view model STAGING_transform.v_raw_device_registry ...... [[32mSUCCESS 1[0m in 0.63s]
[0m23:23:21.175675 [debug] [Thread-2 (]: Re-using an available connection from the pool (formerly model.UPI_Fraud_Monitoring.v_raw_password_change, now model.UPI_Fraud_Monitoring.v_raw_watchlist)
[0m23:23:21.176428 [debug] [Thread-3 (]: Finished running node model.UPI_Fraud_Monitoring.v_raw_device_registry
[0m23:23:21.176970 [debug] [Thread-2 (]: Began compiling node model.UPI_Fraud_Monitoring.v_raw_watchlist
[0m23:23:21.177601 [debug] [Thread-3 (]: Began running node model.UPI_Fraud_Monitoring.v_beneficiary
[0m23:23:21.183983 [debug] [Thread-4 (]: SQL status: SUCCESS 1 in 0.193 seconds
[0m23:23:21.185980 [debug] [Thread-2 (]: Using snowflake connection "model.UPI_Fraud_Monitoring.v_raw_watchlist"
[0m23:23:21.186680 [info ] [Thread-3 (]: 11 of 20 START sql view model STAGING_transform.v_beneficiary .................. [RUN]
[0m23:23:21.189209 [info ] [Thread-4 (]: 6 of 20 OK created sql view model STAGING_transform.v_raw_login_activity ....... [[32mSUCCESS 1[0m in 0.64s]
[0m23:23:21.189815 [debug] [Thread-2 (]: On model.UPI_Fraud_Monitoring.v_raw_watchlist: /* {"app": "dbt", "dbt_version": "1.9.4", "profile_name": "default", "target_name": "dev", "node_id": "model.UPI_Fraud_Monitoring.v_raw_watchlist"} */
describe table UPI_FRAUD_MONITORING.STAGING.watchlist
[0m23:23:21.190386 [debug] [Thread-3 (]: Re-using an available connection from the pool (formerly model.UPI_Fraud_Monitoring.v_raw_device_registry, now model.UPI_Fraud_Monitoring.v_beneficiary)
[0m23:23:21.191073 [debug] [Thread-4 (]: Finished running node model.UPI_Fraud_Monitoring.v_raw_login_activity
[0m23:23:21.191648 [debug] [Thread-2 (]: Opening a new connection, currently in state init
[0m23:23:21.192209 [debug] [Thread-3 (]: Began compiling node model.UPI_Fraud_Monitoring.v_beneficiary
[0m23:23:21.192898 [debug] [Thread-4 (]: Began running node model.UPI_Fraud_Monitoring.v_collect_request
[0m23:23:21.296722 [debug] [Thread-3 (]: Using snowflake connection "model.UPI_Fraud_Monitoring.v_beneficiary"
[0m23:23:21.297655 [info ] [Thread-4 (]: 12 of 20 START sql view model STAGING_transform.v_collect_request .............. [RUN]
[0m23:23:21.298589 [debug] [Thread-3 (]: On model.UPI_Fraud_Monitoring.v_beneficiary: /* {"app": "dbt", "dbt_version": "1.9.4", "profile_name": "default", "target_name": "dev", "node_id": "model.UPI_Fraud_Monitoring.v_beneficiary"} */
describe table UPI_FRAUD_MONITORING.STAGING_transform.v_raw_beneficiary
[0m23:23:21.299495 [debug] [Thread-4 (]: Re-using an available connection from the pool (formerly model.UPI_Fraud_Monitoring.v_raw_login_activity, now model.UPI_Fraud_Monitoring.v_collect_request)
[0m23:23:21.300023 [debug] [Thread-3 (]: Opening a new connection, currently in state init
[0m23:23:21.300608 [debug] [Thread-4 (]: Began compiling node model.UPI_Fraud_Monitoring.v_collect_request
[0m23:23:21.307650 [debug] [Thread-4 (]: Using snowflake connection "model.UPI_Fraud_Monitoring.v_collect_request"
[0m23:23:21.308208 [debug] [Thread-4 (]: On model.UPI_Fraud_Monitoring.v_collect_request: /* {"app": "dbt", "dbt_version": "1.9.4", "profile_name": "default", "target_name": "dev", "node_id": "model.UPI_Fraud_Monitoring.v_collect_request"} */
describe table UPI_FRAUD_MONITORING.STAGING_transform.v_raw_collect_request
[0m23:23:21.308794 [debug] [Thread-4 (]: Opening a new connection, currently in state init
[0m23:23:21.606846 [debug] [Thread-5 (]: SQL status: SUCCESS 19 in 0.461 seconds
[0m23:23:21.609803 [debug] [Thread-5 (]: Writing injected SQL for node "model.UPI_Fraud_Monitoring.v_raw_transaction"
[0m23:23:21.611063 [debug] [Thread-5 (]: Began executing node model.UPI_Fraud_Monitoring.v_raw_transaction
[0m23:23:21.615225 [debug] [Thread-5 (]: Writing runtime sql for node "model.UPI_Fraud_Monitoring.v_raw_transaction"
[0m23:23:21.618329 [debug] [Thread-5 (]: Using snowflake connection "model.UPI_Fraud_Monitoring.v_raw_transaction"
[0m23:23:21.618952 [debug] [Thread-5 (]: On model.UPI_Fraud_Monitoring.v_raw_transaction: /* {"app": "dbt", "dbt_version": "1.9.4", "profile_name": "default", "target_name": "dev", "node_id": "model.UPI_Fraud_Monitoring.v_raw_transaction"} */
create or replace   view UPI_FRAUD_MONITORING.STAGING_transform.v_raw_transaction
  
   as (
    

    
    

    select
        
        TRANSACTION_ID,
        
        UPI_REF_NO,
        
        CUSTOMER_ID,
        
        ACCOUNT_ID,
        
        PAYER_VPA,
        
        PAYEE_VPA,
        
        BENEFICIARY_ID,
        
        MERCHANT_ID,
        
        TXN_DATETIME,
        
        TXN_AMOUNT,
        
        TXN_TYPE,
        
        TXN_STATUS,
        
        CHANNEL,
        
        DEVICE_ID,
        
        IP_ADDRESS,
        
        LATITUDE,
        
        LONGITUDE,
        
        CREATED_LOAD_ID,
        
        CREATED_DATE_TIME
        
    from UPI_FRAUD_MONITORING.STAGING.transaction


  );
[0m23:23:21.629240 [debug] [Thread-2 (]: SQL status: SUCCESS 7 in 0.437 seconds
[0m23:23:21.631262 [debug] [Thread-2 (]: Writing injected SQL for node "model.UPI_Fraud_Monitoring.v_raw_watchlist"
[0m23:23:21.631946 [debug] [Thread-2 (]: Began executing node model.UPI_Fraud_Monitoring.v_raw_watchlist
[0m23:23:21.635843 [debug] [Thread-2 (]: Writing runtime sql for node "model.UPI_Fraud_Monitoring.v_raw_watchlist"
[0m23:23:21.637053 [debug] [Thread-2 (]: Using snowflake connection "model.UPI_Fraud_Monitoring.v_raw_watchlist"
[0m23:23:21.637583 [debug] [Thread-2 (]: On model.UPI_Fraud_Monitoring.v_raw_watchlist: /* {"app": "dbt", "dbt_version": "1.9.4", "profile_name": "default", "target_name": "dev", "node_id": "model.UPI_Fraud_Monitoring.v_raw_watchlist"} */
create or replace   view UPI_FRAUD_MONITORING.STAGING_transform.v_raw_watchlist
  
   as (
    

    
    

    select
        
        WATCHLIST_ID,
        
        ENTITY_TYPE,
        
        ENTITY_ID,
        
        ENTITY_NAME,
        
        RISK_LEVEL,
        
        CREATED_LOAD_ID,
        
        CREATED_DATE_TIME
        
    from UPI_FRAUD_MONITORING.STAGING.watchlist


  );
[0m23:23:21.689102 [debug] [Thread-4 (]: SQL status: SUCCESS 7 in 0.380 seconds
[0m23:23:21.691599 [debug] [Thread-4 (]: Writing injected SQL for node "model.UPI_Fraud_Monitoring.v_collect_request"
[0m23:23:21.692572 [debug] [Thread-4 (]: Began executing node model.UPI_Fraud_Monitoring.v_collect_request
[0m23:23:21.693417 [debug] [Thread-3 (]: SQL status: SUCCESS 9 in 0.393 seconds
[0m23:23:21.697513 [debug] [Thread-4 (]: Writing runtime sql for node "model.UPI_Fraud_Monitoring.v_collect_request"
[0m23:23:21.699636 [debug] [Thread-3 (]: Writing injected SQL for node "model.UPI_Fraud_Monitoring.v_beneficiary"
[0m23:23:21.702401 [debug] [Thread-4 (]: Using snowflake connection "model.UPI_Fraud_Monitoring.v_collect_request"
[0m23:23:21.702981 [debug] [Thread-3 (]: Began executing node model.UPI_Fraud_Monitoring.v_beneficiary
[0m23:23:21.703584 [debug] [Thread-4 (]: On model.UPI_Fraud_Monitoring.v_collect_request: /* {"app": "dbt", "dbt_version": "1.9.4", "profile_name": "default", "target_name": "dev", "node_id": "model.UPI_Fraud_Monitoring.v_collect_request"} */
create or replace   view UPI_FRAUD_MONITORING.STAGING_transform.v_collect_request
  
   as (
    

    
    

    
    

    
        

        
            
            
        
    
        

        
            
            
        
    
        

        
            
            
        
    
        

        
            
            
        
    
        

        
            
            
        
    
        

        
            
            
        
    
        

        
            
            
        
    

    with cleansed as (
        select distinct
            trim(COLLECT_REQUEST_ID) as COLLECT_REQUEST_ID,
            trim(CUSTOMER_ID) as CUSTOMER_ID,
            trim(REQUEST_AMOUNT) as REQUEST_AMOUNT,
            trim(REQUEST_TIME) as REQUEST_TIME,
            trim(REQUEST_STATUS) as REQUEST_STATUS,
            trim(CREATED_LOAD_ID) as CREATED_LOAD_ID,
            CREATED_DATE_TIME,
            md5(coalesce(trim(COLLECT_REQUEST_ID), '^') || '|' || coalesce(trim(CUSTOMER_ID), '^') || '|' || coalesce(trim(REQUEST_AMOUNT), '^') || '|' || coalesce(trim(REQUEST_TIME), '^') || '|' || coalesce(trim(REQUEST_STATUS), '^') || '|' || coalesce(trim(CREATED_LOAD_ID), '^') || '|' || coalesce(CREATED_DATE_TIME::string, '^')) as hash_diff
        from UPI_FRAUD_MONITORING.STAGING_transform.v_raw_collect_request
        where CREATED_LOAD_ID is not null
    )

    select *
    from cleansed
    where CREATED_LOAD_ID = (
        select max(CREATED_LOAD_ID)
        from cleansed
    )


  );
[0m23:23:21.707483 [debug] [Thread-3 (]: Writing runtime sql for node "model.UPI_Fraud_Monitoring.v_beneficiary"
[0m23:23:21.710307 [debug] [Thread-3 (]: Using snowflake connection "model.UPI_Fraud_Monitoring.v_beneficiary"
[0m23:23:21.710939 [debug] [Thread-3 (]: On model.UPI_Fraud_Monitoring.v_beneficiary: /* {"app": "dbt", "dbt_version": "1.9.4", "profile_name": "default", "target_name": "dev", "node_id": "model.UPI_Fraud_Monitoring.v_beneficiary"} */
create or replace   view UPI_FRAUD_MONITORING.STAGING_transform.v_beneficiary
  
   as (
    

    
    

    
    

    
        

        
            
            
        
    
        

        
            
            
        
    
        

        
            
            
        
    
        

        
            
            
        
    
        

        
            
            
        
    
        

        
            
            
        
    
        

        
            
            
        
    
        

        
            
            
        
    
        

        
            
            
        
    

    with cleansed as (
        select distinct
            trim(BENEFICIARY_ID) as BENEFICIARY_ID,
            trim(CUSTOMER_ID) as CUSTOMER_ID,
            trim(BENEFICIARY_NAME) as BENEFICIARY_NAME,
            trim(BENEFICIARY_VPA) as BENEFICIARY_VPA,
            trim(BENEFICIARY_CREATED_DATE) as BENEFICIARY_CREATED_DATE,
            trim(BANK_NAME) as BANK_NAME,
            trim(RISK_RATING) as RISK_RATING,
            trim(CREATED_LOAD_ID) as CREATED_LOAD_ID,
            CREATED_DATE_TIME,
            md5(coalesce(trim(BENEFICIARY_ID), '^') || '|' || coalesce(trim(CUSTOMER_ID), '^') || '|' || coalesce(trim(BENEFICIARY_NAME), '^') || '|' || coalesce(trim(BENEFICIARY_VPA), '^') || '|' || coalesce(trim(BENEFICIARY_CREATED_DATE), '^') || '|' || coalesce(trim(BANK_NAME), '^') || '|' || coalesce(trim(RISK_RATING), '^') || '|' || coalesce(trim(CREATED_LOAD_ID), '^') || '|' || coalesce(CREATED_DATE_TIME::string, '^')) as hash_diff
        from UPI_FRAUD_MONITORING.STAGING_transform.v_raw_beneficiary
        where CREATED_LOAD_ID is not null
    )

    select *
    from cleansed
    where CREATED_LOAD_ID = (
        select max(CREATED_LOAD_ID)
        from cleansed
    )


  );
[0m23:23:21.789760 [debug] [Thread-2 (]: SQL status: SUCCESS 1 in 0.151 seconds
[0m23:23:21.792431 [info ] [Thread-2 (]: 10 of 20 OK created sql view model STAGING_transform.v_raw_watchlist ........... [[32mSUCCESS 1[0m in 0.62s]
[0m23:23:21.793189 [debug] [Thread-2 (]: Finished running node model.UPI_Fraud_Monitoring.v_raw_watchlist
[0m23:23:21.793751 [debug] [Thread-2 (]: Began running node model.UPI_Fraud_Monitoring.v_customer
[0m23:23:21.794682 [info ] [Thread-2 (]: 13 of 20 START sql view model STAGING_transform.v_customer ..................... [RUN]
[0m23:23:21.795372 [debug] [Thread-2 (]: Re-using an available connection from the pool (formerly model.UPI_Fraud_Monitoring.v_raw_watchlist, now model.UPI_Fraud_Monitoring.v_customer)
[0m23:23:21.795883 [debug] [Thread-2 (]: Began compiling node model.UPI_Fraud_Monitoring.v_customer
[0m23:23:21.804421 [debug] [Thread-2 (]: Using snowflake connection "model.UPI_Fraud_Monitoring.v_customer"
[0m23:23:21.804987 [debug] [Thread-2 (]: On model.UPI_Fraud_Monitoring.v_customer: /* {"app": "dbt", "dbt_version": "1.9.4", "profile_name": "default", "target_name": "dev", "node_id": "model.UPI_Fraud_Monitoring.v_customer"} */
describe table UPI_FRAUD_MONITORING.STAGING_transform.v_raw_customer
[0m23:23:21.805493 [debug] [Thread-2 (]: Opening a new connection, currently in state init
[0m23:23:21.807369 [debug] [Thread-5 (]: SQL status: SUCCESS 1 in 0.188 seconds
[0m23:23:21.809769 [info ] [Thread-5 (]: 9 of 20 OK created sql view model STAGING_transform.v_raw_transaction .......... [[32mSUCCESS 1[0m in 0.67s]
[0m23:23:21.810502 [debug] [Thread-5 (]: Finished running node model.UPI_Fraud_Monitoring.v_raw_transaction
[0m23:23:21.811069 [debug] [Thread-5 (]: Began running node model.UPI_Fraud_Monitoring.v_account
[0m23:23:21.811946 [info ] [Thread-5 (]: 14 of 20 START sql view model STAGING_transform.v_account ...................... [RUN]
[0m23:23:21.812647 [debug] [Thread-5 (]: Re-using an available connection from the pool (formerly model.UPI_Fraud_Monitoring.v_raw_transaction, now model.UPI_Fraud_Monitoring.v_account)
[0m23:23:21.813158 [debug] [Thread-5 (]: Began compiling node model.UPI_Fraud_Monitoring.v_account
[0m23:23:21.819798 [debug] [Thread-5 (]: Using snowflake connection "model.UPI_Fraud_Monitoring.v_account"
[0m23:23:21.820420 [debug] [Thread-5 (]: On model.UPI_Fraud_Monitoring.v_account: /* {"app": "dbt", "dbt_version": "1.9.4", "profile_name": "default", "target_name": "dev", "node_id": "model.UPI_Fraud_Monitoring.v_account"} */
describe table UPI_FRAUD_MONITORING.STAGING_transform.v_raw_account
[0m23:23:21.820948 [debug] [Thread-5 (]: Opening a new connection, currently in state init
[0m23:23:21.900082 [debug] [Thread-4 (]: SQL status: SUCCESS 1 in 0.192 seconds
[0m23:23:21.900949 [debug] [Thread-3 (]: SQL status: SUCCESS 1 in 0.189 seconds
[0m23:23:21.903805 [info ] [Thread-4 (]: 12 of 20 OK created sql view model STAGING_transform.v_collect_request ......... [[32mSUCCESS 1[0m in 0.60s]
[0m23:23:21.906251 [info ] [Thread-3 (]: 11 of 20 OK created sql view model STAGING_transform.v_beneficiary ............. [[32mSUCCESS 1[0m in 0.72s]
[0m23:23:21.907032 [debug] [Thread-4 (]: Finished running node model.UPI_Fraud_Monitoring.v_collect_request
[0m23:23:21.907692 [debug] [Thread-3 (]: Finished running node model.UPI_Fraud_Monitoring.v_beneficiary
[0m23:23:21.908279 [debug] [Thread-4 (]: Began running node model.UPI_Fraud_Monitoring.v_merchant
[0m23:23:21.909011 [debug] [Thread-3 (]: Began running node model.UPI_Fraud_Monitoring.v_password_change
[0m23:23:21.909702 [info ] [Thread-4 (]: 15 of 20 START sql view model STAGING_transform.v_merchant ..................... [RUN]
[0m23:23:21.910426 [info ] [Thread-3 (]: 16 of 20 START sql view model STAGING_transform.v_password_change .............. [RUN]
[0m23:23:21.911605 [debug] [Thread-4 (]: Re-using an available connection from the pool (formerly model.UPI_Fraud_Monitoring.v_collect_request, now model.UPI_Fraud_Monitoring.v_merchant)
[0m23:23:21.912164 [debug] [Thread-3 (]: Re-using an available connection from the pool (formerly model.UPI_Fraud_Monitoring.v_beneficiary, now model.UPI_Fraud_Monitoring.v_password_change)
[0m23:23:21.912736 [debug] [Thread-4 (]: Began compiling node model.UPI_Fraud_Monitoring.v_merchant
[0m23:23:21.913235 [debug] [Thread-3 (]: Began compiling node model.UPI_Fraud_Monitoring.v_password_change
[0m23:23:21.921541 [debug] [Thread-4 (]: Using snowflake connection "model.UPI_Fraud_Monitoring.v_merchant"
[0m23:23:21.928263 [debug] [Thread-3 (]: Using snowflake connection "model.UPI_Fraud_Monitoring.v_password_change"
[0m23:23:21.928910 [debug] [Thread-4 (]: On model.UPI_Fraud_Monitoring.v_merchant: /* {"app": "dbt", "dbt_version": "1.9.4", "profile_name": "default", "target_name": "dev", "node_id": "model.UPI_Fraud_Monitoring.v_merchant"} */
describe table UPI_FRAUD_MONITORING.STAGING_transform.v_raw_merchant
[0m23:23:21.929444 [debug] [Thread-3 (]: On model.UPI_Fraud_Monitoring.v_password_change: /* {"app": "dbt", "dbt_version": "1.9.4", "profile_name": "default", "target_name": "dev", "node_id": "model.UPI_Fraud_Monitoring.v_password_change"} */
describe table UPI_FRAUD_MONITORING.STAGING_transform.v_raw_password_change
[0m23:23:21.929973 [debug] [Thread-4 (]: Opening a new connection, currently in state init
[0m23:23:21.930451 [debug] [Thread-3 (]: Opening a new connection, currently in state init
[0m23:23:22.186359 [debug] [Thread-5 (]: SQL status: SUCCESS 12 in 0.365 seconds
[0m23:23:22.189331 [debug] [Thread-5 (]: Writing injected SQL for node "model.UPI_Fraud_Monitoring.v_account"
[0m23:23:22.190113 [debug] [Thread-5 (]: Began executing node model.UPI_Fraud_Monitoring.v_account
[0m23:23:22.194234 [debug] [Thread-5 (]: Writing runtime sql for node "model.UPI_Fraud_Monitoring.v_account"
[0m23:23:22.197074 [debug] [Thread-5 (]: Using snowflake connection "model.UPI_Fraud_Monitoring.v_account"
[0m23:23:22.197755 [debug] [Thread-5 (]: On model.UPI_Fraud_Monitoring.v_account: /* {"app": "dbt", "dbt_version": "1.9.4", "profile_name": "default", "target_name": "dev", "node_id": "model.UPI_Fraud_Monitoring.v_account"} */
create or replace   view UPI_FRAUD_MONITORING.STAGING_transform.v_account
  
   as (
    

    
    

    
    

    
        

        
            
            
        
    
        

        
            
            
        
    
        

        
            
            
        
    
        

        
            
            
        
    
        

        
            
            
        
    
        

        
            
            
        
    
        

        
            
            
        
    
        

        
            
            
        
    
        

        
            
            
        
    
        

        
            
            
        
    
        

        
            
            
        
    
        

        
            
            
        
    

    with cleansed as (
        select distinct
            trim(ACCOUNT_ID) as ACCOUNT_ID,
            trim(CUSTOMER_ID) as CUSTOMER_ID,
            trim(ACCOUNT_NUMBER) as ACCOUNT_NUMBER,
            trim(ACCOUNT_TYPE) as ACCOUNT_TYPE,
            trim(BRANCH_CODE) as BRANCH_CODE,
            trim(IFSC_CODE) as IFSC_CODE,
            trim(OPEN_DATE) as OPEN_DATE,
            trim(ACCOUNT_STATUS) as ACCOUNT_STATUS,
            trim(CURRENT_BALANCE) as CURRENT_BALANCE,
            trim(AVAILABLE_BALANCE) as AVAILABLE_BALANCE,
            trim(CREATED_LOAD_ID) as CREATED_LOAD_ID,
            CREATED_DATE_TIME,
            md5(coalesce(trim(ACCOUNT_ID), '^') || '|' || coalesce(trim(CUSTOMER_ID), '^') || '|' || coalesce(trim(ACCOUNT_NUMBER), '^') || '|' || coalesce(trim(ACCOUNT_TYPE), '^') || '|' || coalesce(trim(BRANCH_CODE), '^') || '|' || coalesce(trim(IFSC_CODE), '^') || '|' || coalesce(trim(OPEN_DATE), '^') || '|' || coalesce(trim(ACCOUNT_STATUS), '^') || '|' || coalesce(trim(CURRENT_BALANCE), '^') || '|' || coalesce(trim(AVAILABLE_BALANCE), '^') || '|' || coalesce(trim(CREATED_LOAD_ID), '^') || '|' || coalesce(CREATED_DATE_TIME::string, '^')) as hash_diff
        from UPI_FRAUD_MONITORING.STAGING_transform.v_raw_account
        where CREATED_LOAD_ID is not null
    )

    select *
    from cleansed
    where CREATED_LOAD_ID = (
        select max(CREATED_LOAD_ID)
        from cleansed
    )


  );
[0m23:23:22.208317 [debug] [Thread-2 (]: SQL status: SUCCESS 12 in 0.403 seconds
[0m23:23:22.210754 [debug] [Thread-2 (]: Writing injected SQL for node "model.UPI_Fraud_Monitoring.v_customer"
[0m23:23:22.211434 [debug] [Thread-2 (]: Began executing node model.UPI_Fraud_Monitoring.v_customer
[0m23:23:22.216429 [debug] [Thread-2 (]: Writing runtime sql for node "model.UPI_Fraud_Monitoring.v_customer"
[0m23:23:22.218989 [debug] [Thread-2 (]: Using snowflake connection "model.UPI_Fraud_Monitoring.v_customer"
[0m23:23:22.219621 [debug] [Thread-2 (]: On model.UPI_Fraud_Monitoring.v_customer: /* {"app": "dbt", "dbt_version": "1.9.4", "profile_name": "default", "target_name": "dev", "node_id": "model.UPI_Fraud_Monitoring.v_customer"} */
create or replace   view UPI_FRAUD_MONITORING.STAGING_transform.v_customer
  
   as (
    

    
    

    
    

    
        

        
            
            
        
    
        

        
            
            
        
    
        

        
            
            
        
    
        

        
            
            
        
    
        

        
            
            
        
    
        

        
            
            
        
    
        

        
            
            
        
    
        

        
            
            
        
    
        

        
            
            
        
    
        

        
            
            
        
    
        

        
            
            
        
    
        

        
            
            
        
    

    with cleansed as (
        select distinct
            trim(CUSTOMER_ID) as CUSTOMER_ID,
            trim(CUSTOMER_NAME) as CUSTOMER_NAME,
            trim(DOB) as DOB,
            trim(GENDER) as GENDER,
            trim(MOBILE_NUMBER) as MOBILE_NUMBER,
            trim(EMAIL_ID) as EMAIL_ID,
            trim(CUSTOMER_SEGMENT) as CUSTOMER_SEGMENT,
            trim(CUSTOMER_TYPE) as CUSTOMER_TYPE,
            trim(KYC_STATUS) as KYC_STATUS,
            trim(RISK_RATING) as RISK_RATING,
            trim(CUSTOMER_SINCE) as CUSTOMER_SINCE,
            trim(CUSTOMER_STATUS) as CUSTOMER_STATUS,
            md5(coalesce(trim(CUSTOMER_ID), '^') || '|' || coalesce(trim(CUSTOMER_NAME), '^') || '|' || coalesce(trim(DOB), '^') || '|' || coalesce(trim(GENDER), '^') || '|' || coalesce(trim(MOBILE_NUMBER), '^') || '|' || coalesce(trim(EMAIL_ID), '^') || '|' || coalesce(trim(CUSTOMER_SEGMENT), '^') || '|' || coalesce(trim(CUSTOMER_TYPE), '^') || '|' || coalesce(trim(KYC_STATUS), '^') || '|' || coalesce(trim(RISK_RATING), '^') || '|' || coalesce(trim(CUSTOMER_SINCE), '^') || '|' || coalesce(trim(CUSTOMER_STATUS), '^')) as hash_diff
        from UPI_FRAUD_MONITORING.STAGING_transform.v_raw_customer
        where CREATED_LOAD_ID is not null
    )

    select *
    from cleansed
    where CREATED_LOAD_ID = (
        select max(CREATED_LOAD_ID)
        from cleansed
    )


  );
[0m23:23:22.285784 [debug] [Thread-3 (]: SQL status: SUCCESS 7 in 0.355 seconds
[0m23:23:22.287967 [debug] [Thread-3 (]: Writing injected SQL for node "model.UPI_Fraud_Monitoring.v_password_change"
[0m23:23:22.288752 [debug] [Thread-3 (]: Began executing node model.UPI_Fraud_Monitoring.v_password_change
[0m23:23:22.292880 [debug] [Thread-3 (]: Writing runtime sql for node "model.UPI_Fraud_Monitoring.v_password_change"
[0m23:23:22.294951 [debug] [Thread-3 (]: Using snowflake connection "model.UPI_Fraud_Monitoring.v_password_change"
[0m23:23:22.295565 [debug] [Thread-3 (]: On model.UPI_Fraud_Monitoring.v_password_change: /* {"app": "dbt", "dbt_version": "1.9.4", "profile_name": "default", "target_name": "dev", "node_id": "model.UPI_Fraud_Monitoring.v_password_change"} */
create or replace   view UPI_FRAUD_MONITORING.STAGING_transform.v_password_change
  
   as (
    

    
    

    
    

    
        

        
            
            
        
    
        

        
            
            
        
    
        

        
            
            
        
    
        

        
            
            
        
    
        

        
            
            
        
    
        

        
            
            
        
    
        

        
            
            
        
    

    with cleansed as (
        select distinct
            trim(PASSWORD_CHANGE_ID) as PASSWORD_CHANGE_ID,
            trim(CUSTOMER_ID) as CUSTOMER_ID,
            trim(CHANGE_TIME) as CHANGE_TIME,
            trim(CHANGE_CHANNEL) as CHANGE_CHANNEL,
            trim(DEVICE_ID) as DEVICE_ID,
            trim(CREATED_LOAD_ID) as CREATED_LOAD_ID,
            CREATED_DATE_TIME,
            md5(coalesce(trim(PASSWORD_CHANGE_ID), '^') || '|' || coalesce(trim(CUSTOMER_ID), '^') || '|' || coalesce(trim(CHANGE_TIME), '^') || '|' || coalesce(trim(CHANGE_CHANNEL), '^') || '|' || coalesce(trim(DEVICE_ID), '^') || '|' || coalesce(trim(CREATED_LOAD_ID), '^') || '|' || coalesce(CREATED_DATE_TIME::string, '^')) as hash_diff
        from UPI_FRAUD_MONITORING.STAGING_transform.v_raw_password_change
        where CREATED_LOAD_ID is not null
    )

    select *
    from cleansed
    where CREATED_LOAD_ID = (
        select max(CREATED_LOAD_ID)
        from cleansed
    )


  );
[0m23:23:22.305033 [debug] [Thread-4 (]: SQL status: SUCCESS 8 in 0.375 seconds
[0m23:23:22.307166 [debug] [Thread-4 (]: Writing injected SQL for node "model.UPI_Fraud_Monitoring.v_merchant"
[0m23:23:22.307821 [debug] [Thread-4 (]: Began executing node model.UPI_Fraud_Monitoring.v_merchant
[0m23:23:22.311940 [debug] [Thread-4 (]: Writing runtime sql for node "model.UPI_Fraud_Monitoring.v_merchant"
[0m23:23:22.314140 [debug] [Thread-4 (]: Using snowflake connection "model.UPI_Fraud_Monitoring.v_merchant"
[0m23:23:22.314741 [debug] [Thread-4 (]: On model.UPI_Fraud_Monitoring.v_merchant: /* {"app": "dbt", "dbt_version": "1.9.4", "profile_name": "default", "target_name": "dev", "node_id": "model.UPI_Fraud_Monitoring.v_merchant"} */
create or replace   view UPI_FRAUD_MONITORING.STAGING_transform.v_merchant
  
   as (
    

    
    

    
    

    
        

        
            
            
        
    
        

        
            
            
        
    
        

        
            
            
        
    
        

        
            
            
        
    
        

        
            
            
        
    
        

        
            
            
        
    
        

        
            
            
        
    
        

        
            
            
        
    

    with cleansed as (
        select distinct
            trim(MERCHANT_ID) as MERCHANT_ID,
            trim(MERCHANT_NAME) as MERCHANT_NAME,
            trim(MERCHANT_CATEGORY) as MERCHANT_CATEGORY,
            trim(MERCHANT_STATUS) as MERCHANT_STATUS,
            trim(RISK_RATING) as RISK_RATING,
            trim(CREATED_LOAD_ID) as CREATED_LOAD_ID,
            CREATED_DATE_TIME,
            trim(TESTING) as TESTING,
            md5(coalesce(trim(MERCHANT_ID), '^') || '|' || coalesce(trim(MERCHANT_NAME), '^') || '|' || coalesce(trim(MERCHANT_CATEGORY), '^') || '|' || coalesce(trim(MERCHANT_STATUS), '^') || '|' || coalesce(trim(RISK_RATING), '^') || '|' || coalesce(trim(CREATED_LOAD_ID), '^') || '|' || coalesce(CREATED_DATE_TIME::string, '^') || '|' || coalesce(trim(TESTING), '^')) as hash_diff
        from UPI_FRAUD_MONITORING.STAGING_transform.v_raw_merchant
        where CREATED_LOAD_ID is not null
    )

    select *
    from cleansed
    where CREATED_LOAD_ID = (
        select max(CREATED_LOAD_ID)
        from cleansed
    )


  );
[0m23:23:22.329166 [debug] [Thread-2 (]: Snowflake adapter: Snowflake query id: 01c714df-0002-9cb1-000e-aac20013d91a
[0m23:23:22.329778 [debug] [Thread-2 (]: Snowflake adapter: Snowflake error: 000904 (42000): SQL compilation error: error line 114 at position 14
invalid identifier 'CREATED_LOAD_ID'
[0m23:23:22.334114 [debug] [Thread-2 (]: Database Error in model v_customer (models/bronze/views/v_customer.sql)
  000904 (42000): SQL compilation error: error line 114 at position 14
  invalid identifier 'CREATED_LOAD_ID'
  compiled code at target/run/UPI_Fraud_Monitoring/models/bronze/views/v_customer.sql
[0m23:23:22.335176 [error] [Thread-2 (]: 13 of 20 ERROR creating sql view model STAGING_transform.v_customer ............ [[31mERROR[0m in 0.54s]
[0m23:23:22.335932 [debug] [Thread-2 (]: Finished running node model.UPI_Fraud_Monitoring.v_customer
[0m23:23:22.336606 [debug] [Thread-2 (]: Began running node model.UPI_Fraud_Monitoring.v_device_registry
[0m23:23:22.337278 [debug] [Thread-8 (]: Marking all children of 'model.UPI_Fraud_Monitoring.v_customer' to be skipped because of status 'error'.  Reason: Database Error in model v_customer (models/bronze/views/v_customer.sql)
  000904 (42000): SQL compilation error: error line 114 at position 14
  invalid identifier 'CREATED_LOAD_ID'
  compiled code at target/run/UPI_Fraud_Monitoring/models/bronze/views/v_customer.sql.
[0m23:23:22.337967 [info ] [Thread-2 (]: 17 of 20 START sql view model STAGING_transform.v_device_registry .............. [RUN]
[0m23:23:22.339480 [debug] [Thread-2 (]: Re-using an available connection from the pool (formerly model.UPI_Fraud_Monitoring.v_customer, now model.UPI_Fraud_Monitoring.v_device_registry)
[0m23:23:22.340018 [debug] [Thread-2 (]: Began compiling node model.UPI_Fraud_Monitoring.v_device_registry
[0m23:23:22.347420 [debug] [Thread-2 (]: Using snowflake connection "model.UPI_Fraud_Monitoring.v_device_registry"
[0m23:23:22.347954 [debug] [Thread-2 (]: On model.UPI_Fraud_Monitoring.v_device_registry: /* {"app": "dbt", "dbt_version": "1.9.4", "profile_name": "default", "target_name": "dev", "node_id": "model.UPI_Fraud_Monitoring.v_device_registry"} */
describe table UPI_FRAUD_MONITORING.STAGING_transform.v_raw_device_registry
[0m23:23:22.348512 [debug] [Thread-2 (]: Opening a new connection, currently in state init
[0m23:23:22.409814 [debug] [Thread-5 (]: SQL status: SUCCESS 1 in 0.211 seconds
[0m23:23:22.412530 [info ] [Thread-5 (]: 14 of 20 OK created sql view model STAGING_transform.v_account ................. [[32mSUCCESS 1[0m in 0.60s]
[0m23:23:22.413280 [debug] [Thread-5 (]: Finished running node model.UPI_Fraud_Monitoring.v_account
[0m23:23:22.413897 [debug] [Thread-5 (]: Began running node model.UPI_Fraud_Monitoring.v_login_activity
[0m23:23:22.414611 [info ] [Thread-5 (]: 18 of 20 START sql view model STAGING_transform.v_login_activity ............... [RUN]
[0m23:23:22.415212 [debug] [Thread-5 (]: Re-using an available connection from the pool (formerly model.UPI_Fraud_Monitoring.v_account, now model.UPI_Fraud_Monitoring.v_login_activity)
[0m23:23:22.415685 [debug] [Thread-5 (]: Began compiling node model.UPI_Fraud_Monitoring.v_login_activity
[0m23:23:22.424154 [debug] [Thread-5 (]: Using snowflake connection "model.UPI_Fraud_Monitoring.v_login_activity"
[0m23:23:22.431892 [debug] [Thread-5 (]: On model.UPI_Fraud_Monitoring.v_login_activity: /* {"app": "dbt", "dbt_version": "1.9.4", "profile_name": "default", "target_name": "dev", "node_id": "model.UPI_Fraud_Monitoring.v_login_activity"} */
describe table UPI_FRAUD_MONITORING.STAGING_transform.v_raw_login_activity
[0m23:23:22.432507 [debug] [Thread-5 (]: Opening a new connection, currently in state init
[0m23:23:22.516476 [debug] [Thread-3 (]: SQL status: SUCCESS 1 in 0.220 seconds
[0m23:23:22.519087 [info ] [Thread-3 (]: 16 of 20 OK created sql view model STAGING_transform.v_password_change ......... [[32mSUCCESS 1[0m in 0.61s]
[0m23:23:22.519858 [debug] [Thread-3 (]: Finished running node model.UPI_Fraud_Monitoring.v_password_change
[0m23:23:22.520513 [debug] [Thread-3 (]: Began running node model.UPI_Fraud_Monitoring.v_watchlist
[0m23:23:22.521234 [info ] [Thread-3 (]: 19 of 20 START sql view model STAGING_transform.v_watchlist .................... [RUN]
[0m23:23:22.521890 [debug] [Thread-3 (]: Re-using an available connection from the pool (formerly model.UPI_Fraud_Monitoring.v_password_change, now model.UPI_Fraud_Monitoring.v_watchlist)
[0m23:23:22.522403 [debug] [Thread-3 (]: Began compiling node model.UPI_Fraud_Monitoring.v_watchlist
[0m23:23:22.529560 [debug] [Thread-3 (]: Using snowflake connection "model.UPI_Fraud_Monitoring.v_watchlist"
[0m23:23:22.530111 [debug] [Thread-3 (]: On model.UPI_Fraud_Monitoring.v_watchlist: /* {"app": "dbt", "dbt_version": "1.9.4", "profile_name": "default", "target_name": "dev", "node_id": "model.UPI_Fraud_Monitoring.v_watchlist"} */
describe table UPI_FRAUD_MONITORING.STAGING_transform.v_raw_watchlist
[0m23:23:22.530618 [debug] [Thread-3 (]: Opening a new connection, currently in state init
[0m23:23:22.533336 [debug] [Thread-4 (]: SQL status: SUCCESS 1 in 0.218 seconds
[0m23:23:22.535704 [info ] [Thread-4 (]: 15 of 20 OK created sql view model STAGING_transform.v_merchant ................ [[32mSUCCESS 1[0m in 0.62s]
[0m23:23:22.536456 [debug] [Thread-4 (]: Finished running node model.UPI_Fraud_Monitoring.v_merchant
[0m23:23:22.537028 [debug] [Thread-4 (]: Began running node model.UPI_Fraud_Monitoring.v_transaction
[0m23:23:22.537729 [info ] [Thread-4 (]: 20 of 20 START sql view model STAGING_transform.v_transaction .................. [RUN]
[0m23:23:22.538371 [debug] [Thread-4 (]: Re-using an available connection from the pool (formerly model.UPI_Fraud_Monitoring.v_merchant, now model.UPI_Fraud_Monitoring.v_transaction)
[0m23:23:22.538855 [debug] [Thread-4 (]: Began compiling node model.UPI_Fraud_Monitoring.v_transaction
[0m23:23:22.547165 [debug] [Thread-4 (]: Using snowflake connection "model.UPI_Fraud_Monitoring.v_transaction"
[0m23:23:22.547743 [debug] [Thread-4 (]: On model.UPI_Fraud_Monitoring.v_transaction: /* {"app": "dbt", "dbt_version": "1.9.4", "profile_name": "default", "target_name": "dev", "node_id": "model.UPI_Fraud_Monitoring.v_transaction"} */
describe table UPI_FRAUD_MONITORING.STAGING_transform.v_raw_transaction
[0m23:23:22.548253 [debug] [Thread-4 (]: Opening a new connection, currently in state init
[0m23:23:22.749305 [debug] [Thread-2 (]: SQL status: SUCCESS 15 in 0.401 seconds
[0m23:23:22.751985 [debug] [Thread-2 (]: Writing injected SQL for node "model.UPI_Fraud_Monitoring.v_device_registry"
[0m23:23:22.752788 [debug] [Thread-2 (]: Began executing node model.UPI_Fraud_Monitoring.v_device_registry
[0m23:23:22.756940 [debug] [Thread-2 (]: Writing runtime sql for node "model.UPI_Fraud_Monitoring.v_device_registry"
[0m23:23:22.760129 [debug] [Thread-2 (]: Using snowflake connection "model.UPI_Fraud_Monitoring.v_device_registry"
[0m23:23:22.760871 [debug] [Thread-2 (]: On model.UPI_Fraud_Monitoring.v_device_registry: /* {"app": "dbt", "dbt_version": "1.9.4", "profile_name": "default", "target_name": "dev", "node_id": "model.UPI_Fraud_Monitoring.v_device_registry"} */
create or replace   view UPI_FRAUD_MONITORING.STAGING_transform.v_device_registry
  
   as (
    

    
    

    
    

    
        

        
            
            
        
    
        

        
            
            
        
    
        

        
            
            
        
    
        

        
            
            
        
    
        

        
            
            
        
    
        

        
            
            
        
    
        

        
            
            
        
    
        

        
            
            
        
    
        

        
            
            
        
    
        

        
            
            
        
    
        

        
            
            
        
    
        

        
            
            
        
    
        

        
            
            
        
    
        

        
            
            
        
    
        

        
            
            
        
    

    with cleansed as (
        select distinct
            trim(DEVICE_ID) as DEVICE_ID,
            trim(CUSTOMER_ID) as CUSTOMER_ID,
            trim(IMEI_NUMBER) as IMEI_NUMBER,
            trim(IMSI_NUMBER) as IMSI_NUMBER,
            trim(SIM_NUMBER) as SIM_NUMBER,
            trim(DEVICE_MAKE) as DEVICE_MAKE,
            trim(DEVICE_MODEL) as DEVICE_MODEL,
            trim(DEVICE_OS) as DEVICE_OS,
            trim(DEVICE_REGISTRATION_DATE) as DEVICE_REGISTRATION_DATE,
            trim(OS_VERSION) as OS_VERSION,
            trim(APP_VERSION) as APP_VERSION,
            trim(DEVICE_FINGERPRINT) as DEVICE_FINGERPRINT,
            trim(TRUSTED_FLAG) as TRUSTED_FLAG,
            trim(CREATED_LOAD_ID) as CREATED_LOAD_ID,
            CREATED_DATE_TIME,
            md5(coalesce(trim(DEVICE_ID), '^') || '|' || coalesce(trim(CUSTOMER_ID), '^') || '|' || coalesce(trim(IMEI_NUMBER), '^') || '|' || coalesce(trim(IMSI_NUMBER), '^') || '|' || coalesce(trim(SIM_NUMBER), '^') || '|' || coalesce(trim(DEVICE_MAKE), '^') || '|' || coalesce(trim(DEVICE_MODEL), '^') || '|' || coalesce(trim(DEVICE_OS), '^') || '|' || coalesce(trim(DEVICE_REGISTRATION_DATE), '^') || '|' || coalesce(trim(OS_VERSION), '^') || '|' || coalesce(trim(APP_VERSION), '^') || '|' || coalesce(trim(DEVICE_FINGERPRINT), '^') || '|' || coalesce(trim(TRUSTED_FLAG), '^') || '|' || coalesce(trim(CREATED_LOAD_ID), '^') || '|' || coalesce(CREATED_DATE_TIME::string, '^')) as hash_diff
        from UPI_FRAUD_MONITORING.STAGING_transform.v_raw_device_registry
        where CREATED_LOAD_ID is not null
    )

    select *
    from cleansed
    where CREATED_LOAD_ID = (
        select max(CREATED_LOAD_ID)
        from cleansed
    )


  );
[0m23:23:22.822851 [debug] [Thread-5 (]: SQL status: SUCCESS 11 in 0.390 seconds
[0m23:23:22.825341 [debug] [Thread-5 (]: Writing injected SQL for node "model.UPI_Fraud_Monitoring.v_login_activity"
[0m23:23:22.826036 [debug] [Thread-5 (]: Began executing node model.UPI_Fraud_Monitoring.v_login_activity
[0m23:23:22.830348 [debug] [Thread-5 (]: Writing runtime sql for node "model.UPI_Fraud_Monitoring.v_login_activity"
[0m23:23:22.832805 [debug] [Thread-5 (]: Using snowflake connection "model.UPI_Fraud_Monitoring.v_login_activity"
[0m23:23:22.833429 [debug] [Thread-5 (]: On model.UPI_Fraud_Monitoring.v_login_activity: /* {"app": "dbt", "dbt_version": "1.9.4", "profile_name": "default", "target_name": "dev", "node_id": "model.UPI_Fraud_Monitoring.v_login_activity"} */
create or replace   view UPI_FRAUD_MONITORING.STAGING_transform.v_login_activity
  
   as (
    

    
    

    
    

    
        

        
            
            
        
    
        

        
            
            
        
    
        

        
            
            
        
    
        

        
            
            
        
    
        

        
            
            
        
    
        

        
            
            
        
    
        

        
            
            
        
    
        

        
            
            
        
    
        

        
            
            
        
    
        

        
            
            
        
    
        

        
            
            
        
    

    with cleansed as (
        select distinct
            trim(LOGIN_ID) as LOGIN_ID,
            trim(CUSTOMER_ID) as CUSTOMER_ID,
            trim(DEVICE_ID) as DEVICE_ID,
            trim(LOGIN_TIME) as LOGIN_TIME,
            trim(LOGIN_STATUS) as LOGIN_STATUS,
            trim(IP_ADDRESS) as IP_ADDRESS,
            trim(COUNTRY) as COUNTRY,
            trim(STATE) as STATE,
            trim(CITY) as CITY,
            trim(CREATED_LOAD_ID) as CREATED_LOAD_ID,
            CREATED_DATE_TIME,
            md5(coalesce(trim(LOGIN_ID), '^') || '|' || coalesce(trim(CUSTOMER_ID), '^') || '|' || coalesce(trim(DEVICE_ID), '^') || '|' || coalesce(trim(LOGIN_TIME), '^') || '|' || coalesce(trim(LOGIN_STATUS), '^') || '|' || coalesce(trim(IP_ADDRESS), '^') || '|' || coalesce(trim(COUNTRY), '^') || '|' || coalesce(trim(STATE), '^') || '|' || coalesce(trim(CITY), '^') || '|' || coalesce(trim(CREATED_LOAD_ID), '^') || '|' || coalesce(CREATED_DATE_TIME::string, '^')) as hash_diff
        from UPI_FRAUD_MONITORING.STAGING_transform.v_raw_login_activity
        where CREATED_LOAD_ID is not null
    )

    select *
    from cleansed
    where CREATED_LOAD_ID = (
        select max(CREATED_LOAD_ID)
        from cleansed
    )


  );
[0m23:23:22.951515 [debug] [Thread-3 (]: SQL status: SUCCESS 7 in 0.421 seconds
[0m23:23:22.953757 [debug] [Thread-3 (]: Writing injected SQL for node "model.UPI_Fraud_Monitoring.v_watchlist"
[0m23:23:22.954485 [debug] [Thread-3 (]: Began executing node model.UPI_Fraud_Monitoring.v_watchlist
[0m23:23:22.959500 [debug] [Thread-3 (]: Writing runtime sql for node "model.UPI_Fraud_Monitoring.v_watchlist"
[0m23:23:22.961570 [debug] [Thread-3 (]: Using snowflake connection "model.UPI_Fraud_Monitoring.v_watchlist"
[0m23:23:22.962158 [debug] [Thread-3 (]: On model.UPI_Fraud_Monitoring.v_watchlist: /* {"app": "dbt", "dbt_version": "1.9.4", "profile_name": "default", "target_name": "dev", "node_id": "model.UPI_Fraud_Monitoring.v_watchlist"} */
create or replace   view UPI_FRAUD_MONITORING.STAGING_transform.v_watchlist
  
   as (
    

    
    

    
    

    
        

        
            
            
        
    
        

        
            
            
        
    
        

        
            
            
        
    
        

        
            
            
        
    
        

        
            
            
        
    
        

        
            
            
        
    
        

        
            
            
        
    

    with cleansed as (
        select distinct
            trim(WATCHLIST_ID) as WATCHLIST_ID,
            trim(ENTITY_TYPE) as ENTITY_TYPE,
            trim(ENTITY_ID) as ENTITY_ID,
            trim(ENTITY_NAME) as ENTITY_NAME,
            trim(RISK_LEVEL) as RISK_LEVEL,
            trim(CREATED_LOAD_ID) as CREATED_LOAD_ID,
            CREATED_DATE_TIME,
            md5(coalesce(trim(WATCHLIST_ID), '^') || '|' || coalesce(trim(ENTITY_TYPE), '^') || '|' || coalesce(trim(ENTITY_ID), '^') || '|' || coalesce(trim(ENTITY_NAME), '^') || '|' || coalesce(trim(RISK_LEVEL), '^') || '|' || coalesce(trim(CREATED_LOAD_ID), '^') || '|' || coalesce(CREATED_DATE_TIME::string, '^')) as hash_diff
        from UPI_FRAUD_MONITORING.STAGING_transform.v_raw_watchlist
        where CREATED_LOAD_ID is not null
    )

    select *
    from cleansed
    where CREATED_LOAD_ID = (
        select max(CREATED_LOAD_ID)
        from cleansed
    )


  );
[0m23:23:22.963689 [debug] [Thread-4 (]: SQL status: SUCCESS 19 in 0.415 seconds
[0m23:23:22.966700 [debug] [Thread-4 (]: Writing injected SQL for node "model.UPI_Fraud_Monitoring.v_transaction"
[0m23:23:22.967363 [debug] [Thread-4 (]: Began executing node model.UPI_Fraud_Monitoring.v_transaction
[0m23:23:22.971364 [debug] [Thread-4 (]: Writing runtime sql for node "model.UPI_Fraud_Monitoring.v_transaction"
[0m23:23:22.974978 [debug] [Thread-4 (]: Using snowflake connection "model.UPI_Fraud_Monitoring.v_transaction"
[0m23:23:22.975720 [debug] [Thread-4 (]: On model.UPI_Fraud_Monitoring.v_transaction: /* {"app": "dbt", "dbt_version": "1.9.4", "profile_name": "default", "target_name": "dev", "node_id": "model.UPI_Fraud_Monitoring.v_transaction"} */
create or replace   view UPI_FRAUD_MONITORING.STAGING_transform.v_transaction
  
   as (
    

    
    

    
    

    
        

        
            
            
        
    
        

        
            
            
        
    
        

        
            
            
        
    
        

        
            
            
        
    
        

        
            
            
        
    
        

        
            
            
        
    
        

        
            
            
        
    
        

        
            
            
        
    
        

        
            
            
        
    
        

        
            
            
        
    
        

        
            
            
        
    
        

        
            
            
        
    
        

        
            
            
        
    
        

        
            
            
        
    
        

        
            
            
        
    
        

        
            
            
        
    
        

        
            
            
        
    
        

        
            
            
        
    
        

        
            
            
        
    

    with cleansed as (
        select distinct
            trim(TRANSACTION_ID) as TRANSACTION_ID,
            trim(UPI_REF_NO) as UPI_REF_NO,
            trim(CUSTOMER_ID) as CUSTOMER_ID,
            trim(ACCOUNT_ID) as ACCOUNT_ID,
            trim(PAYER_VPA) as PAYER_VPA,
            trim(PAYEE_VPA) as PAYEE_VPA,
            trim(BENEFICIARY_ID) as BENEFICIARY_ID,
            trim(MERCHANT_ID) as MERCHANT_ID,
            trim(TXN_DATETIME) as TXN_DATETIME,
            trim(TXN_AMOUNT) as TXN_AMOUNT,
            trim(TXN_TYPE) as TXN_TYPE,
            trim(TXN_STATUS) as TXN_STATUS,
            trim(CHANNEL) as CHANNEL,
            trim(DEVICE_ID) as DEVICE_ID,
            trim(IP_ADDRESS) as IP_ADDRESS,
            trim(LATITUDE) as LATITUDE,
            trim(LONGITUDE) as LONGITUDE,
            trim(CREATED_LOAD_ID) as CREATED_LOAD_ID,
            CREATED_DATE_TIME,
            md5(coalesce(trim(TRANSACTION_ID), '^') || '|' || coalesce(trim(UPI_REF_NO), '^') || '|' || coalesce(trim(CUSTOMER_ID), '^') || '|' || coalesce(trim(ACCOUNT_ID), '^') || '|' || coalesce(trim(PAYER_VPA), '^') || '|' || coalesce(trim(PAYEE_VPA), '^') || '|' || coalesce(trim(BENEFICIARY_ID), '^') || '|' || coalesce(trim(MERCHANT_ID), '^') || '|' || coalesce(trim(TXN_DATETIME), '^') || '|' || coalesce(trim(TXN_AMOUNT), '^') || '|' || coalesce(trim(TXN_TYPE), '^') || '|' || coalesce(trim(TXN_STATUS), '^') || '|' || coalesce(trim(CHANNEL), '^') || '|' || coalesce(trim(DEVICE_ID), '^') || '|' || coalesce(trim(IP_ADDRESS), '^') || '|' || coalesce(trim(LATITUDE), '^') || '|' || coalesce(trim(LONGITUDE), '^') || '|' || coalesce(trim(CREATED_LOAD_ID), '^') || '|' || coalesce(CREATED_DATE_TIME::string, '^')) as hash_diff
        from UPI_FRAUD_MONITORING.STAGING_transform.v_raw_transaction
        where CREATED_LOAD_ID is not null
    )

    select *
    from cleansed
    where CREATED_LOAD_ID = (
        select max(CREATED_LOAD_ID)
        from cleansed
    )


  );
[0m23:23:23.010077 [debug] [Thread-2 (]: SQL status: SUCCESS 1 in 0.248 seconds
[0m23:23:23.012770 [info ] [Thread-2 (]: 17 of 20 OK created sql view model STAGING_transform.v_device_registry ......... [[32mSUCCESS 1[0m in 0.67s]
[0m23:23:23.013543 [debug] [Thread-2 (]: Finished running node model.UPI_Fraud_Monitoring.v_device_registry
[0m23:23:23.047010 [debug] [Thread-5 (]: SQL status: SUCCESS 1 in 0.213 seconds
[0m23:23:23.049577 [info ] [Thread-5 (]: 18 of 20 OK created sql view model STAGING_transform.v_login_activity .......... [[32mSUCCESS 1[0m in 0.63s]
[0m23:23:23.050295 [debug] [Thread-5 (]: Finished running node model.UPI_Fraud_Monitoring.v_login_activity
[0m23:23:23.170790 [debug] [Thread-3 (]: SQL status: SUCCESS 1 in 0.208 seconds
[0m23:23:23.173443 [info ] [Thread-3 (]: 19 of 20 OK created sql view model STAGING_transform.v_watchlist ............... [[32mSUCCESS 1[0m in 0.65s]
[0m23:23:23.174189 [debug] [Thread-3 (]: Finished running node model.UPI_Fraud_Monitoring.v_watchlist
[0m23:23:23.226146 [debug] [Thread-4 (]: SQL status: SUCCESS 1 in 0.250 seconds
[0m23:23:23.228894 [info ] [Thread-4 (]: 20 of 20 OK created sql view model STAGING_transform.v_transaction ............. [[32mSUCCESS 1[0m in 0.69s]
[0m23:23:23.229695 [debug] [Thread-4 (]: Finished running node model.UPI_Fraud_Monitoring.v_transaction
[0m23:23:23.233196 [debug] [Dummy-1   ]: Connection 'master' was properly closed.
[0m23:23:23.233981 [debug] [Dummy-1   ]: Connection 'model.UPI_Fraud_Monitoring.v_device_registry' was properly closed.
[0m23:23:23.234610 [debug] [Dummy-1   ]: Connection 'model.UPI_Fraud_Monitoring.v_watchlist' was properly closed.
[0m23:23:23.235082 [debug] [Dummy-1   ]: Connection 'model.UPI_Fraud_Monitoring.v_transaction' was properly closed.
[0m23:23:23.235520 [debug] [Dummy-1   ]: Connection 'model.UPI_Fraud_Monitoring.v_login_activity' was properly closed.
[0m23:23:23.236097 [info ] [Dummy-1   ]: 
[0m23:23:23.236664 [info ] [Dummy-1   ]: Finished running 20 view models in 0 hours 0 minutes and 5.30 seconds (5.30s).
[0m23:23:23.239491 [debug] [Dummy-1   ]: Command end result
[0m23:23:23.267808 [debug] [Dummy-1   ]: Wrote artifact WritableManifest to /tmp/dbt/target/manifest.json
[0m23:23:23.269866 [debug] [Dummy-1   ]: Wrote artifact SemanticManifest to /tmp/dbt/target/semantic_manifest.json
[0m23:23:23.276901 [debug] [Dummy-1   ]: Wrote artifact RunExecutionResult to /tmp/dbt/target/run_results.json
[0m23:23:23.277418 [info ] [Dummy-1   ]: 
[0m23:23:23.277998 [info ] [Dummy-1   ]: [31mCompleted with 1 error, 0 partial successes, and 0 warnings:[0m
[0m23:23:23.278490 [info ] [Dummy-1   ]: 
[0m23:23:23.279079 [error] [Dummy-1   ]:   Database Error in model v_customer (models/bronze/views/v_customer.sql)
  000904 (42000): SQL compilation error: error line 114 at position 14
  invalid identifier 'CREATED_LOAD_ID'
  compiled code at target/run/UPI_Fraud_Monitoring/models/bronze/views/v_customer.sql
[0m23:23:23.279514 [info ] [Dummy-1   ]: 
[0m23:23:23.279964 [info ] [Dummy-1   ]: Done. PASS=19 WARN=0 ERROR=1 SKIP=0 TOTAL=20
[0m23:23:23.281718 [debug] [Dummy-1   ]: Resource report: {"command_name": "run", "command_success": false, "command_wall_clock_time": 6.6872067, "process_in_blocks": "0", "process_kernel_time": 0.99, "process_mem_max_rss": "481436", "process_out_blocks": "0", "process_user_time": 4.83}
[0m23:23:23.282335 [debug] [Dummy-1   ]: Command `cli run` failed at 23:23:23.282080 after 6.69 seconds
[0m23:23:23.282861 [debug] [Dummy-1   ]: Flushing usage events


============================== 00:22:02.427568 | 80602040-69e7-4269-90a6-85ffd2cd22b3 ==============================
[0m00:22:02.427568 [info ] [Dummy-1   ]: Running with dbt=1.9.4
[0m00:22:02.428506 [debug] [Dummy-1   ]: running dbt with arguments {'printer_width': '80', 'indirect_selection': 'eager', 'log_cache_events': 'False', 'write_json': 'True', 'partial_parse': 'True', 'cache_selected_only': 'False', 'warn_error': 'None', 'fail_fast': 'False', 'version_check': 'True', 'log_path': '/tmp/dbt/logs', 'profiles_dir': '/tmp/dbt_effective_profiles_umfdeq3s', 'debug': 'False', 'use_colors': 'True', 'use_experimental_parser': 'False', 'no_print': 'None', 'quiet': 'False', 'empty': 'False', 'log_format': 'default', 'introspect': 'True', 'warn_error_options': 'WarnErrorOptions(include=[], exclude=[])', 'invocation_command': 'dbt ', 'target_path': 'None', 'static_parser': 'True', 'send_anonymous_usage_stats': 'False'}
[0m00:22:02.694796 [info ] [Dummy-1   ]: Registered adapter: snowflake=1.9.2
[0m00:22:03.208101 [debug] [Dummy-1   ]: checksum: 53ed91fada2233efb98368d1716b44ab532c83a9c293cf1890b7905d5b45fb25, vars: {}, profile: , target: dev, version: 1.9.4
[0m00:22:03.368254 [info ] [Dummy-1   ]: Unable to do partial parsing because a project config has changed
[0m00:22:05.075985 [debug] [Dummy-1   ]: Wrote artifact WritableManifest to /tmp/dbt/target/manifest.json
[0m00:22:05.077850 [debug] [Dummy-1   ]: Wrote artifact SemanticManifest to /tmp/dbt/target/semantic_manifest.json
[0m00:22:05.117325 [info ] [Dummy-1   ]: Found 21 models, 11 data tests, 10 sources, 477 macros
[0m00:22:05.119292 [info ] [Dummy-1   ]: 
[0m00:22:05.119751 [info ] [Dummy-1   ]: Concurrency: 4 threads (target='dev')
[0m00:22:05.120170 [info ] [Dummy-1   ]: 
[0m00:22:05.120877 [debug] [Dummy-1   ]: Acquiring new snowflake connection 'master'
[0m00:22:05.122957 [debug] [ThreadPool]: Acquiring new snowflake connection 'list_UPI_FRAUD_MONITORING'
[0m00:22:05.203511 [debug] [ThreadPool]: Using snowflake connection "list_UPI_FRAUD_MONITORING"
[0m00:22:05.204044 [debug] [ThreadPool]: On list_UPI_FRAUD_MONITORING: /* {"app": "dbt", "dbt_version": "1.9.4", "profile_name": "default", "target_name": "dev", "connection_name": "list_UPI_FRAUD_MONITORING"} */
show terse schemas in database UPI_FRAUD_MONITORING
    limit 10000
[0m00:22:05.204554 [debug] [ThreadPool]: Opening a new connection, currently in state init
[0m00:22:06.174048 [debug] [ThreadPool]: SQL status: SUCCESS 4 in 0.969 seconds
[0m00:22:06.176308 [debug] [ThreadPool]: Re-using an available connection from the pool (formerly list_UPI_FRAUD_MONITORING, now create_UPI_FRAUD_MONITORING_STAGING_silver)
[0m00:22:06.177068 [debug] [ThreadPool]: Creating schema "database: "UPI_FRAUD_MONITORING"
schema: "STAGING_silver"
"
[0m00:22:06.183462 [debug] [ThreadPool]: Using snowflake connection "create_UPI_FRAUD_MONITORING_STAGING_silver"
[0m00:22:06.183941 [debug] [ThreadPool]: On create_UPI_FRAUD_MONITORING_STAGING_silver: /* {"app": "dbt", "dbt_version": "1.9.4", "profile_name": "default", "target_name": "dev", "connection_name": "create_UPI_FRAUD_MONITORING_STAGING_silver"} */
create schema if not exists UPI_FRAUD_MONITORING.STAGING_silver
[0m00:22:06.184417 [debug] [ThreadPool]: Opening a new connection, currently in state init
[0m00:22:06.537175 [debug] [ThreadPool]: SQL status: SUCCESS 1 in 0.353 seconds
[0m00:22:06.545485 [debug] [ThreadPool]: Re-using an available connection from the pool (formerly create_UPI_FRAUD_MONITORING_STAGING_silver, now list_UPI_FRAUD_MONITORING_STAGING_silver)
[0m00:22:06.547254 [debug] [ThreadPool]: Acquiring new snowflake connection 'list_UPI_FRAUD_MONITORING_STAGING_transform'
[0m00:22:06.559699 [debug] [ThreadPool]: Using snowflake connection "list_UPI_FRAUD_MONITORING_STAGING_silver"
[0m00:22:06.563296 [debug] [ThreadPool]: Using snowflake connection "list_UPI_FRAUD_MONITORING_STAGING_transform"
[0m00:22:06.563803 [debug] [ThreadPool]: On list_UPI_FRAUD_MONITORING_STAGING_silver: /* {"app": "dbt", "dbt_version": "1.9.4", "profile_name": "default", "target_name": "dev", "connection_name": "list_UPI_FRAUD_MONITORING_STAGING_silver"} */
alter session set quoted_identifiers_ignore_case = false;
[0m00:22:06.564258 [debug] [ThreadPool]: On list_UPI_FRAUD_MONITORING_STAGING_transform: /* {"app": "dbt", "dbt_version": "1.9.4", "profile_name": "default", "target_name": "dev", "connection_name": "list_UPI_FRAUD_MONITORING_STAGING_transform"} */
alter session set quoted_identifiers_ignore_case = false;
[0m00:22:06.564771 [debug] [ThreadPool]: Opening a new connection, currently in state init
[0m00:22:06.565223 [debug] [ThreadPool]: Opening a new connection, currently in state init
[0m00:22:06.891135 [debug] [ThreadPool]: SQL status: SUCCESS 1 in 0.326 seconds
[0m00:22:06.891835 [debug] [ThreadPool]: SQL status: SUCCESS 1 in 0.327 seconds
[0m00:22:06.896140 [debug] [ThreadPool]: Using snowflake connection "list_UPI_FRAUD_MONITORING_STAGING_transform"
[0m00:22:06.897881 [debug] [ThreadPool]: Using snowflake connection "list_UPI_FRAUD_MONITORING_STAGING_silver"
[0m00:22:06.898378 [debug] [ThreadPool]: On list_UPI_FRAUD_MONITORING_STAGING_transform: /* {"app": "dbt", "dbt_version": "1.9.4", "profile_name": "default", "target_name": "dev", "connection_name": "list_UPI_FRAUD_MONITORING_STAGING_transform"} */
show objects in UPI_FRAUD_MONITORING.STAGING_transform
    limit 10000
    
;
[0m00:22:06.898869 [debug] [ThreadPool]: On list_UPI_FRAUD_MONITORING_STAGING_silver: /* {"app": "dbt", "dbt_version": "1.9.4", "profile_name": "default", "target_name": "dev", "connection_name": "list_UPI_FRAUD_MONITORING_STAGING_silver"} */
show objects in UPI_FRAUD_MONITORING.STAGING_silver
    limit 10000
    
;
[0m00:22:06.975315 [debug] [ThreadPool]: SQL status: SUCCESS 0 in 0.076 seconds
[0m00:22:06.977222 [debug] [ThreadPool]: Using snowflake connection "list_UPI_FRAUD_MONITORING_STAGING_silver"
[0m00:22:06.977681 [debug] [ThreadPool]: On list_UPI_FRAUD_MONITORING_STAGING_silver: /* {"app": "dbt", "dbt_version": "1.9.4", "profile_name": "default", "target_name": "dev", "connection_name": "list_UPI_FRAUD_MONITORING_STAGING_silver"} */
alter session unset quoted_identifiers_ignore_case;
[0m00:22:07.015752 [debug] [ThreadPool]: SQL status: SUCCESS 19 in 0.116 seconds
[0m00:22:07.018046 [debug] [ThreadPool]: Using snowflake connection "list_UPI_FRAUD_MONITORING_STAGING_transform"
[0m00:22:07.018514 [debug] [ThreadPool]: On list_UPI_FRAUD_MONITORING_STAGING_transform: /* {"app": "dbt", "dbt_version": "1.9.4", "profile_name": "default", "target_name": "dev", "connection_name": "list_UPI_FRAUD_MONITORING_STAGING_transform"} */
alter session unset quoted_identifiers_ignore_case;
[0m00:22:07.031485 [debug] [ThreadPool]: SQL status: SUCCESS 1 in 0.053 seconds
[0m00:22:07.068999 [debug] [ThreadPool]: SQL status: SUCCESS 1 in 0.050 seconds
[0m00:22:07.085419 [debug] [Thread-2 (]: Began running node model.UPI_Fraud_Monitoring.sl_transaction
[0m00:22:07.086225 [info ] [Thread-2 (]: 1 of 1 START sql incremental model STAGING_silver.sl_transaction ............... [RUN]
[0m00:22:07.086832 [debug] [Thread-2 (]: Re-using an available connection from the pool (formerly list_UPI_FRAUD_MONITORING_STAGING_silver, now model.UPI_Fraud_Monitoring.sl_transaction)
[0m00:22:07.087307 [debug] [Thread-2 (]: Began compiling node model.UPI_Fraud_Monitoring.sl_transaction
[0m00:22:07.097906 [debug] [Thread-2 (]: Writing injected SQL for node "model.UPI_Fraud_Monitoring.sl_transaction"
[0m00:22:07.098632 [debug] [Thread-2 (]: Began executing node model.UPI_Fraud_Monitoring.sl_transaction
[0m00:22:07.159190 [debug] [Thread-2 (]: Writing runtime sql for node "model.UPI_Fraud_Monitoring.sl_transaction"
[0m00:22:07.161855 [debug] [Thread-2 (]: Using snowflake connection "model.UPI_Fraud_Monitoring.sl_transaction"
[0m00:22:07.162485 [debug] [Thread-2 (]: On model.UPI_Fraud_Monitoring.sl_transaction: /* {"app": "dbt", "dbt_version": "1.9.4", "profile_name": "default", "target_name": "dev", "node_id": "model.UPI_Fraud_Monitoring.sl_transaction"} */
create or replace transient table UPI_FRAUD_MONITORING.STAGING_silver.sl_transaction
         as
        (













    -- Full refresh: load all records as current
    select
        cast(TRANSACTION_ID as VARCHAR(100)) as TRANSACTION_ID,
        cast(CUSTOMER_ID as VARCHAR(50)) as CUSTOMER_ID,
        cast(ACCOUNT_ID as VARCHAR(50)) as ACCOUNT_ID,
        cast(BENEFICIARY_ID as VARCHAR(100)) as BENEFICIARY_ID,
        cast(MERCHANT_ID as VARCHAR(100)) as MERCHANT_ID,
        cast(DEVICE_ID as VARCHAR(100)) as DEVICE_ID,
        cast(TXN_DATETIME as TIMESTAMP) as TXN_DATETIME,
        cast(TXN_AMOUNT as NUMBER(18,2)) as TXN_AMOUNT,
        cast(TXN_TYPE as VARCHAR(50)) as TXN_TYPE,
        cast(TXN_STATUS as VARCHAR(30)) as TXN_STATUS,
        cast(CHANNEL as VARCHAR(50)) as CHANNEL,
        cast(NULL as VARCHAR(100)) as COUNTRY,
        cast(NULL as VARCHAR(100)) as STATE,
        cast(NULL as VARCHAR(50)) as TXN_RISK_REASON,
        cast(NULL as VARCHAR(50)) as TXN_FRAUD_ID,
        md5(coalesce(cast(TRANSACTION_ID as VARCHAR), '^') || '|' || coalesce(cast(CUSTOMER_ID as VARCHAR), '^') || '|' || coalesce(cast(ACCOUNT_ID as VARCHAR), '^') || '|' || coalesce(cast(BENEFICIARY_ID as VARCHAR), '^') || '|' || coalesce(cast(MERCHANT_ID as VARCHAR), '^') || '|' || coalesce(cast(DEVICE_ID as VARCHAR), '^') || '|' || coalesce(cast(TXN_DATETIME as VARCHAR), '^') || '|' || coalesce(cast(TXN_AMOUNT as VARCHAR), '^') || '|' || coalesce(cast(TXN_TYPE as VARCHAR), '^') || '|' || coalesce(cast(TXN_STATUS as VARCHAR), '^') || '|' || coalesce(cast(CHANNEL as VARCHAR), '^')) as HASH_DIFF,
        'Y' as IS_CURRENT,
        CREATED_LOAD_ID,
        CREATED_DATE_TIME
    from UPI_FRAUD_MONITORING.STAGING_transform.v_transaction




        );
[0m00:22:07.163017 [debug] [Thread-2 (]: Opening a new connection, currently in state init
[0m00:22:08.360650 [debug] [Thread-2 (]: SQL status: SUCCESS 1 in 1.197 seconds
[0m00:22:08.371299 [debug] [Thread-2 (]: Applying DROP to: UPI_FRAUD_MONITORING.STAGING_silver.sl_transaction__dbt_tmp
[0m00:22:08.386048 [debug] [Thread-2 (]: Using snowflake connection "model.UPI_Fraud_Monitoring.sl_transaction"
[0m00:22:08.386591 [debug] [Thread-2 (]: On model.UPI_Fraud_Monitoring.sl_transaction: /* {"app": "dbt", "dbt_version": "1.9.4", "profile_name": "default", "target_name": "dev", "node_id": "model.UPI_Fraud_Monitoring.sl_transaction"} */
drop view if exists UPI_FRAUD_MONITORING.STAGING_silver.sl_transaction__dbt_tmp cascade
[0m00:22:08.440294 [debug] [Thread-2 (]: SQL status: SUCCESS 1 in 0.053 seconds
[0m00:22:08.442955 [debug] [Thread-2 (]: Using snowflake connection "model.UPI_Fraud_Monitoring.sl_transaction"
[0m00:22:08.443510 [debug] [Thread-2 (]: On model.UPI_Fraud_Monitoring.sl_transaction: /* {"app": "dbt", "dbt_version": "1.9.4", "profile_name": "default", "target_name": "dev", "node_id": "model.UPI_Fraud_Monitoring.sl_transaction"} */
UPDATE UPI_FRAUD_MONITORING.STAGING_silver.sl_transaction t
             SET t.IS_CURRENT = 'N'
             WHERE t.IS_CURRENT = 'Y'
               AND t.TRANSACTION_ID IN (
                   SELECT s.TRANSACTION_ID
                   FROM UPI_FRAUD_MONITORING.STAGING_silver.sl_transaction s
                   WHERE s.IS_CURRENT = 'Y'
                   GROUP BY s.TRANSACTION_ID
                   HAVING COUNT(*) > 1
               )
               AND t.CREATED_DATE_TIME < (
                   SELECT MAX(s2.CREATED_DATE_TIME)
                   FROM UPI_FRAUD_MONITORING.STAGING_silver.sl_transaction s2
                   WHERE s2.TRANSACTION_ID = t.TRANSACTION_ID
                     AND s2.IS_CURRENT = 'Y'
               )
[0m00:22:08.671649 [debug] [Thread-2 (]: SQL status: SUCCESS 0 in 0.227 seconds
[0m00:22:08.693434 [info ] [Thread-2 (]: 1 of 1 OK created sql incremental model STAGING_silver.sl_transaction .......... [[32mSUCCESS 1[0m in 1.60s]
[0m00:22:08.694220 [debug] [Thread-2 (]: Finished running node model.UPI_Fraud_Monitoring.sl_transaction
[0m00:22:08.697173 [debug] [Dummy-1   ]: Connection 'master' was properly closed.
[0m00:22:08.697637 [debug] [Dummy-1   ]: Connection 'model.UPI_Fraud_Monitoring.sl_transaction' was properly closed.
[0m00:22:08.698099 [debug] [Dummy-1   ]: Connection 'list_UPI_FRAUD_MONITORING_STAGING_transform' was properly closed.
[0m00:22:08.698551 [info ] [Dummy-1   ]: 
[0m00:22:08.699022 [info ] [Dummy-1   ]: Finished running 1 incremental model in 0 hours 0 minutes and 3.58 seconds (3.58s).
[0m00:22:08.699765 [debug] [Dummy-1   ]: Command end result
[0m00:22:08.728098 [debug] [Dummy-1   ]: Wrote artifact WritableManifest to /tmp/dbt/target/manifest.json
[0m00:22:08.729896 [debug] [Dummy-1   ]: Wrote artifact SemanticManifest to /tmp/dbt/target/semantic_manifest.json
[0m00:22:08.735267 [debug] [Dummy-1   ]: Wrote artifact RunExecutionResult to /tmp/dbt/target/run_results.json
[0m00:22:08.735712 [info ] [Dummy-1   ]: 
[0m00:22:08.736325 [info ] [Dummy-1   ]: [32mCompleted successfully[0m
[0m00:22:08.736863 [info ] [Dummy-1   ]: 
[0m00:22:08.737335 [info ] [Dummy-1   ]: Done. PASS=1 WARN=0 ERROR=0 SKIP=0 TOTAL=1
[0m00:22:08.738936 [debug] [Dummy-1   ]: Resource report: {"command_name": "run", "command_success": true, "command_wall_clock_time": 6.3839426, "process_in_blocks": "0", "process_kernel_time": 0.82, "process_mem_max_rss": "510412", "process_out_blocks": "0", "process_user_time": 5.44}
[0m00:22:08.739548 [debug] [Dummy-1   ]: Command `cli run` succeeded at 00:22:08.739296 after 6.38 seconds
[0m00:22:08.740008 [debug] [Dummy-1   ]: Flushing usage events


============================== 00:24:12.590214 | b26a5d69-b58b-470e-bd90-141677c0a032 ==============================
[0m00:24:12.590214 [info ] [Dummy-1   ]: Running with dbt=1.9.4
[0m00:24:12.591082 [debug] [Dummy-1   ]: running dbt with arguments {'printer_width': '80', 'indirect_selection': 'eager', 'write_json': 'True', 'log_cache_events': 'False', 'partial_parse': 'True', 'cache_selected_only': 'False', 'warn_error': 'None', 'version_check': 'True', 'fail_fast': 'False', 'log_path': '/tmp/dbt/logs', 'profiles_dir': '/tmp/dbt_effective_profiles_fasyctwn', 'debug': 'False', 'use_colors': 'True', 'use_experimental_parser': 'False', 'empty': 'False', 'quiet': 'False', 'no_print': 'None', 'log_format': 'default', 'invocation_command': 'dbt ', 'static_parser': 'True', 'warn_error_options': 'WarnErrorOptions(include=[], exclude=[])', 'target_path': 'None', 'introspect': 'True', 'send_anonymous_usage_stats': 'False'}
[0m00:24:12.859327 [info ] [Dummy-1   ]: Registered adapter: snowflake=1.9.2
[0m00:24:13.377410 [debug] [Dummy-1   ]: checksum: 53ed91fada2233efb98368d1716b44ab532c83a9c293cf1890b7905d5b45fb25, vars: {}, profile: , target: dev, version: 1.9.4
[0m00:24:13.659712 [debug] [Dummy-1   ]: Partial parsing enabled: 0 files deleted, 0 files added, 1 files changed.
[0m00:24:13.660770 [debug] [Dummy-1   ]: Partial parsing: updated file: UPI_Fraud_Monitoring://models/silver/sl_transaction.sql
[0m00:24:14.302416 [debug] [Dummy-1   ]: Wrote artifact WritableManifest to /tmp/dbt/target/manifest.json
[0m00:24:14.304529 [debug] [Dummy-1   ]: Wrote artifact SemanticManifest to /tmp/dbt/target/semantic_manifest.json
[0m00:24:14.345809 [info ] [Dummy-1   ]: Found 21 models, 11 data tests, 10 sources, 477 macros
[0m00:24:14.347869 [info ] [Dummy-1   ]: 
[0m00:24:14.348436 [info ] [Dummy-1   ]: Concurrency: 4 threads (target='dev')
[0m00:24:14.348865 [info ] [Dummy-1   ]: 
[0m00:24:14.349543 [debug] [Dummy-1   ]: Acquiring new snowflake connection 'master'
[0m00:24:14.351703 [debug] [ThreadPool]: Acquiring new snowflake connection 'list_UPI_FRAUD_MONITORING'
[0m00:24:14.435303 [debug] [ThreadPool]: Using snowflake connection "list_UPI_FRAUD_MONITORING"
[0m00:24:14.435840 [debug] [ThreadPool]: On list_UPI_FRAUD_MONITORING: /* {"app": "dbt", "dbt_version": "1.9.4", "profile_name": "default", "target_name": "dev", "connection_name": "list_UPI_FRAUD_MONITORING"} */
show terse schemas in database UPI_FRAUD_MONITORING
    limit 10000
[0m00:24:14.436272 [debug] [ThreadPool]: Opening a new connection, currently in state init
[0m00:24:14.881409 [debug] [ThreadPool]: SQL status: SUCCESS 5 in 0.445 seconds
[0m00:24:14.890201 [debug] [ThreadPool]: Re-using an available connection from the pool (formerly list_UPI_FRAUD_MONITORING, now list_UPI_FRAUD_MONITORING_STAGING_transform)
[0m00:24:14.891965 [debug] [ThreadPool]: Acquiring new snowflake connection 'list_UPI_FRAUD_MONITORING_STAGING_silver'
[0m00:24:14.904190 [debug] [ThreadPool]: Using snowflake connection "list_UPI_FRAUD_MONITORING_STAGING_transform"
[0m00:24:14.907575 [debug] [ThreadPool]: Using snowflake connection "list_UPI_FRAUD_MONITORING_STAGING_silver"
[0m00:24:14.908111 [debug] [ThreadPool]: On list_UPI_FRAUD_MONITORING_STAGING_transform: /* {"app": "dbt", "dbt_version": "1.9.4", "profile_name": "default", "target_name": "dev", "connection_name": "list_UPI_FRAUD_MONITORING_STAGING_transform"} */
alter session set quoted_identifiers_ignore_case = false;
[0m00:24:14.908698 [debug] [ThreadPool]: On list_UPI_FRAUD_MONITORING_STAGING_silver: /* {"app": "dbt", "dbt_version": "1.9.4", "profile_name": "default", "target_name": "dev", "connection_name": "list_UPI_FRAUD_MONITORING_STAGING_silver"} */
alter session set quoted_identifiers_ignore_case = false;
[0m00:24:14.909167 [debug] [ThreadPool]: Opening a new connection, currently in state init
[0m00:24:14.909595 [debug] [ThreadPool]: Opening a new connection, currently in state init
[0m00:24:15.312704 [debug] [ThreadPool]: SQL status: SUCCESS 1 in 0.403 seconds
[0m00:24:15.317224 [debug] [ThreadPool]: Using snowflake connection "list_UPI_FRAUD_MONITORING_STAGING_transform"
[0m00:24:15.317756 [debug] [ThreadPool]: On list_UPI_FRAUD_MONITORING_STAGING_transform: /* {"app": "dbt", "dbt_version": "1.9.4", "profile_name": "default", "target_name": "dev", "connection_name": "list_UPI_FRAUD_MONITORING_STAGING_transform"} */
show objects in UPI_FRAUD_MONITORING.STAGING_transform
    limit 10000
    
;
[0m00:24:15.325172 [debug] [ThreadPool]: SQL status: SUCCESS 1 in 0.415 seconds
[0m00:24:15.326944 [debug] [ThreadPool]: Using snowflake connection "list_UPI_FRAUD_MONITORING_STAGING_silver"
[0m00:24:15.327391 [debug] [ThreadPool]: On list_UPI_FRAUD_MONITORING_STAGING_silver: /* {"app": "dbt", "dbt_version": "1.9.4", "profile_name": "default", "target_name": "dev", "connection_name": "list_UPI_FRAUD_MONITORING_STAGING_silver"} */
show objects in UPI_FRAUD_MONITORING.STAGING_silver
    limit 10000
    
;
[0m00:24:15.441050 [debug] [ThreadPool]: SQL status: SUCCESS 1 in 0.113 seconds
[0m00:24:15.441931 [debug] [ThreadPool]: SQL status: SUCCESS 19 in 0.124 seconds
[0m00:24:15.443722 [debug] [ThreadPool]: Using snowflake connection "list_UPI_FRAUD_MONITORING_STAGING_silver"
[0m00:24:15.445862 [debug] [ThreadPool]: Using snowflake connection "list_UPI_FRAUD_MONITORING_STAGING_transform"
[0m00:24:15.446350 [debug] [ThreadPool]: On list_UPI_FRAUD_MONITORING_STAGING_silver: /* {"app": "dbt", "dbt_version": "1.9.4", "profile_name": "default", "target_name": "dev", "connection_name": "list_UPI_FRAUD_MONITORING_STAGING_silver"} */
alter session unset quoted_identifiers_ignore_case;
[0m00:24:15.446851 [debug] [ThreadPool]: On list_UPI_FRAUD_MONITORING_STAGING_transform: /* {"app": "dbt", "dbt_version": "1.9.4", "profile_name": "default", "target_name": "dev", "connection_name": "list_UPI_FRAUD_MONITORING_STAGING_transform"} */
alter session unset quoted_identifiers_ignore_case;
[0m00:24:15.510570 [debug] [ThreadPool]: SQL status: SUCCESS 1 in 0.063 seconds
[0m00:24:15.531318 [debug] [ThreadPool]: SQL status: SUCCESS 1 in 0.084 seconds
[0m00:24:15.542589 [debug] [Thread-2 (]: Began running node model.UPI_Fraud_Monitoring.sl_transaction
[0m00:24:15.543330 [info ] [Thread-2 (]: 1 of 1 START sql incremental model STAGING_silver.sl_transaction ............... [RUN]
[0m00:24:15.543949 [debug] [Thread-2 (]: Re-using an available connection from the pool (formerly list_UPI_FRAUD_MONITORING_STAGING_transform, now model.UPI_Fraud_Monitoring.sl_transaction)
[0m00:24:15.544525 [debug] [Thread-2 (]: Began compiling node model.UPI_Fraud_Monitoring.sl_transaction
[0m00:24:15.557086 [debug] [Thread-2 (]: Writing injected SQL for node "model.UPI_Fraud_Monitoring.sl_transaction"
[0m00:24:15.557822 [debug] [Thread-2 (]: Began executing node model.UPI_Fraud_Monitoring.sl_transaction
[0m00:24:15.615221 [debug] [Thread-2 (]: Writing runtime sql for node "model.UPI_Fraud_Monitoring.sl_transaction"
[0m00:24:15.618457 [debug] [Thread-2 (]: Using snowflake connection "model.UPI_Fraud_Monitoring.sl_transaction"
[0m00:24:15.619106 [debug] [Thread-2 (]: On model.UPI_Fraud_Monitoring.sl_transaction: /* {"app": "dbt", "dbt_version": "1.9.4", "profile_name": "default", "target_name": "dev", "node_id": "model.UPI_Fraud_Monitoring.sl_transaction"} */
create or replace transient table UPI_FRAUD_MONITORING.STAGING_silver.sl_transaction
         as
        (

with source as (
    select
        cast(TRANSACTION_ID as VARCHAR(100)) as TRANSACTION_ID,
        cast(CUSTOMER_ID as VARCHAR(50)) as CUSTOMER_ID,
        cast(ACCOUNT_ID as VARCHAR(50)) as ACCOUNT_ID,
        cast(BENEFICIARY_ID as VARCHAR(100)) as BENEFICIARY_ID,
        cast(MERCHANT_ID as VARCHAR(100)) as MERCHANT_ID,
        cast(DEVICE_ID as VARCHAR(100)) as DEVICE_ID,
        cast(TXN_DATETIME as TIMESTAMP) as TXN_DATETIME,
        cast(TXN_AMOUNT as NUMBER(18,2)) as TXN_AMOUNT,
        cast(TXN_TYPE as VARCHAR(50)) as TXN_TYPE,
        cast(TXN_STATUS as VARCHAR(30)) as TXN_STATUS,
        cast(CHANNEL as VARCHAR(50)) as CHANNEL,
        cast(NULL as VARCHAR(100)) as COUNTRY,
        cast(NULL as VARCHAR(100)) as STATE,
        CASE
            WHEN cast(TXN_AMOUNT as NUMBER(18,2)) >= 100000 THEN 'HIGH_VALUE_TXN'
            WHEN DEVICE_ID IN (SELECT DEVICE_ID FROM UPI_FRAUD_MONITORING.STAGING_transform.v_device_registry WHERE TRUSTED_FLAG = 'N') THEN 'UNTRUSTED_DEVICE'
            WHEN BENEFICIARY_ID IN (SELECT BENEFICIARY_ID FROM UPI_FRAUD_MONITORING.STAGING_transform.v_beneficiary WHERE RISK_RATING = 'HIGH') THEN 'HIGH_RISK_BENEFICIARY'
            WHEN MERCHANT_ID IN (SELECT MERCHANT_ID FROM UPI_FRAUD_MONITORING.STAGING_transform.v_merchant WHERE RISK_RATING = 'HIGH') THEN 'HIGH_RISK_MERCHANT'
            WHEN CUSTOMER_ID IN (SELECT CUSTOMER_ID FROM UPI_FRAUD_MONITORING.STAGING_transform.v_customer WHERE RISK_RATING = 'HIGH') THEN 'HIGH_RISK_CUSTOMER'
            WHEN TXN_STATUS = 'FAILED' THEN 'FAILED_TRANSACTION'
            ELSE 'NORMAL'
        END as TXN_RISK_REASON,
        cast(NULL as VARCHAR(50)) as TXN_FRAUD_ID,
        CREATED_LOAD_ID,
        CREATED_DATE_TIME
    from UPI_FRAUD_MONITORING.STAGING_transform.v_transaction
),

hashed as (
    select
        *,
        md5(
            coalesce(TRANSACTION_ID, '^') || '|' ||
            coalesce(CUSTOMER_ID, '^') || '|' ||
            coalesce(ACCOUNT_ID, '^') || '|' ||
            coalesce(BENEFICIARY_ID, '^') || '|' ||
            coalesce(MERCHANT_ID, '^') || '|' ||
            coalesce(DEVICE_ID, '^') || '|' ||
            coalesce(cast(TXN_DATETIME as VARCHAR), '^') || '|' ||
            coalesce(cast(TXN_AMOUNT as VARCHAR), '^') || '|' ||
            coalesce(TXN_TYPE, '^') || '|' ||
            coalesce(TXN_STATUS, '^') || '|' ||
            coalesce(CHANNEL, '^') || '|' ||
            coalesce(TXN_RISK_REASON, '^')
        ) as HASH_DIFF,
        'Y' as IS_CURRENT
    from source
)



    select * from hashed


        );
[0m00:24:15.619675 [debug] [Thread-2 (]: Opening a new connection, currently in state init
[0m00:24:16.270768 [debug] [Thread-2 (]: Snowflake adapter: Snowflake query id: 01c7151c-0002-9ccb-000e-aac200145012
[0m00:24:16.271390 [debug] [Thread-2 (]: Snowflake adapter: Snowflake error: 002003 (42S02): SQL compilation error:
Object 'UPI_FRAUD_MONITORING.STAGING_TRANSFORM.V_CUSTOMER' does not exist or not authorized.
[0m00:24:16.275329 [debug] [Thread-2 (]: Database Error in model sl_transaction (models/silver/sl_transaction.sql)
  002003 (42S02): SQL compilation error:
  Object 'UPI_FRAUD_MONITORING.STAGING_TRANSFORM.V_CUSTOMER' does not exist or not authorized.
  compiled code at target/run/UPI_Fraud_Monitoring/models/silver/sl_transaction.sql
[0m00:24:16.277953 [error] [Thread-2 (]: 1 of 1 ERROR creating sql incremental model STAGING_silver.sl_transaction ...... [[31mERROR[0m in 0.73s]
[0m00:24:16.278704 [debug] [Thread-2 (]: Finished running node model.UPI_Fraud_Monitoring.sl_transaction
[0m00:24:16.279420 [debug] [Thread-8 (]: Marking all children of 'model.UPI_Fraud_Monitoring.sl_transaction' to be skipped because of status 'error'.  Reason: Database Error in model sl_transaction (models/silver/sl_transaction.sql)
  002003 (42S02): SQL compilation error:
  Object 'UPI_FRAUD_MONITORING.STAGING_TRANSFORM.V_CUSTOMER' does not exist or not authorized.
  compiled code at target/run/UPI_Fraud_Monitoring/models/silver/sl_transaction.sql.
[0m00:24:16.282655 [debug] [Dummy-1   ]: Connection 'master' was properly closed.
[0m00:24:16.283104 [debug] [Dummy-1   ]: Connection 'model.UPI_Fraud_Monitoring.sl_transaction' was properly closed.
[0m00:24:16.283495 [debug] [Dummy-1   ]: Connection 'list_UPI_FRAUD_MONITORING_STAGING_silver' was properly closed.
[0m00:24:16.283935 [info ] [Dummy-1   ]: 
[0m00:24:16.284488 [info ] [Dummy-1   ]: Finished running 1 incremental model in 0 hours 0 minutes and 1.93 seconds (1.93s).
[0m00:24:16.285258 [debug] [Dummy-1   ]: Command end result
[0m00:24:16.313311 [debug] [Dummy-1   ]: Wrote artifact WritableManifest to /tmp/dbt/target/manifest.json
[0m00:24:16.314959 [debug] [Dummy-1   ]: Wrote artifact SemanticManifest to /tmp/dbt/target/semantic_manifest.json
[0m00:24:16.320413 [debug] [Dummy-1   ]: Wrote artifact RunExecutionResult to /tmp/dbt/target/run_results.json
[0m00:24:16.320862 [info ] [Dummy-1   ]: 
[0m00:24:16.321400 [info ] [Dummy-1   ]: [31mCompleted with 1 error, 0 partial successes, and 0 warnings:[0m
[0m00:24:16.321831 [info ] [Dummy-1   ]: 
[0m00:24:16.322356 [error] [Dummy-1   ]:   Database Error in model sl_transaction (models/silver/sl_transaction.sql)
  002003 (42S02): SQL compilation error:
  Object 'UPI_FRAUD_MONITORING.STAGING_TRANSFORM.V_CUSTOMER' does not exist or not authorized.
  compiled code at target/run/UPI_Fraud_Monitoring/models/silver/sl_transaction.sql
[0m00:24:16.322744 [info ] [Dummy-1   ]: 
[0m00:24:16.323199 [info ] [Dummy-1   ]: Done. PASS=0 WARN=0 ERROR=1 SKIP=0 TOTAL=1
[0m00:24:16.324831 [debug] [Dummy-1   ]: Resource report: {"command_name": "run", "command_success": false, "command_wall_clock_time": 3.8067064, "process_in_blocks": "0", "process_kernel_time": 0.82, "process_mem_max_rss": "457536", "process_out_blocks": "0", "process_user_time": 4.42}
[0m00:24:16.325457 [debug] [Dummy-1   ]: Command `cli run` failed at 00:24:16.325208 after 3.81 seconds
[0m00:24:16.325966 [debug] [Dummy-1   ]: Flushing usage events


============================== 00:33:56.862091 | b5f8e746-b4dd-4b12-8363-e0c21bdabca7 ==============================
[0m00:33:56.862091 [info ] [Dummy-1   ]: Running with dbt=1.9.4
[0m00:33:56.862911 [debug] [Dummy-1   ]: running dbt with arguments {'printer_width': '80', 'indirect_selection': 'eager', 'log_cache_events': 'False', 'write_json': 'True', 'partial_parse': 'True', 'cache_selected_only': 'False', 'warn_error': 'None', 'version_check': 'True', 'fail_fast': 'False', 'log_path': '/tmp/dbt/logs', 'profiles_dir': '/tmp/dbt_effective_profiles_83fscsxq', 'debug': 'False', 'use_colors': 'True', 'use_experimental_parser': 'False', 'no_print': 'None', 'quiet': 'False', 'empty': 'False', 'warn_error_options': 'WarnErrorOptions(include=[], exclude=[])', 'introspect': 'True', 'invocation_command': 'dbt ', 'static_parser': 'True', 'target_path': 'None', 'log_format': 'default', 'send_anonymous_usage_stats': 'False'}
[0m00:33:57.129999 [info ] [Dummy-1   ]: Registered adapter: snowflake=1.9.2
[0m00:33:57.652341 [debug] [Dummy-1   ]: checksum: 53ed91fada2233efb98368d1716b44ab532c83a9c293cf1890b7905d5b45fb25, vars: {}, profile: , target: dev, version: 1.9.4
[0m00:33:57.936711 [debug] [Dummy-1   ]: Partial parsing enabled: 0 files deleted, 6 files added, 2 files changed.
[0m00:33:57.937581 [debug] [Dummy-1   ]: Partial parsing: added file: UPI_Fraud_Monitoring://models/silver/sl_beneficiary.sql
[0m00:33:57.938086 [debug] [Dummy-1   ]: Partial parsing: added file: UPI_Fraud_Monitoring://models/silver/sl_device.sql
[0m00:33:57.938561 [debug] [Dummy-1   ]: Partial parsing: added file: UPI_Fraud_Monitoring://models/silver/sl_merchant.sql
[0m00:33:57.939048 [debug] [Dummy-1   ]: Partial parsing: added file: UPI_Fraud_Monitoring://models/silver/sl_account.sql
[0m00:33:57.939510 [debug] [Dummy-1   ]: Partial parsing: added file: UPI_Fraud_Monitoring://models/silver/sl_watchlist.sql
[0m00:33:57.939971 [debug] [Dummy-1   ]: Partial parsing: added file: UPI_Fraud_Monitoring://models/silver/sl_customer.sql
[0m00:33:57.940812 [debug] [Dummy-1   ]: Partial parsing: updated file: UPI_Fraud_Monitoring://models/schema.yml
[0m00:33:57.941428 [debug] [Dummy-1   ]: Partial parsing: updated file: UPI_Fraud_Monitoring://models/silver/sl_transaction.sql
[0m00:33:58.655846 [debug] [Dummy-1   ]: Wrote artifact WritableManifest to /tmp/dbt/target/manifest.json
[0m00:33:58.657843 [debug] [Dummy-1   ]: Wrote artifact SemanticManifest to /tmp/dbt/target/semantic_manifest.json
[0m00:33:58.697921 [info ] [Dummy-1   ]: Found 27 models, 17 data tests, 10 sources, 477 macros
[0m00:33:58.700314 [info ] [Dummy-1   ]: 
[0m00:33:58.700889 [info ] [Dummy-1   ]: Concurrency: 4 threads (target='dev')
[0m00:33:58.701323 [info ] [Dummy-1   ]: 
[0m00:33:58.701973 [debug] [Dummy-1   ]: Acquiring new snowflake connection 'master'
[0m00:33:58.707940 [debug] [ThreadPool]: Acquiring new snowflake connection 'list_UPI_FRAUD_MONITORING'
[0m00:33:58.788794 [debug] [ThreadPool]: Using snowflake connection "list_UPI_FRAUD_MONITORING"
[0m00:33:58.789351 [debug] [ThreadPool]: On list_UPI_FRAUD_MONITORING: /* {"app": "dbt", "dbt_version": "1.9.4", "profile_name": "default", "target_name": "dev", "connection_name": "list_UPI_FRAUD_MONITORING"} */
show terse schemas in database UPI_FRAUD_MONITORING
    limit 10000
[0m00:33:58.789792 [debug] [ThreadPool]: Opening a new connection, currently in state init
[0m00:33:59.188679 [debug] [ThreadPool]: SQL status: SUCCESS 5 in 0.399 seconds
[0m00:33:59.193950 [debug] [ThreadPool]: Re-using an available connection from the pool (formerly list_UPI_FRAUD_MONITORING, now list_UPI_FRAUD_MONITORING_STAGING_transform)
[0m00:33:59.195660 [debug] [ThreadPool]: Acquiring new snowflake connection 'list_UPI_FRAUD_MONITORING_STAGING_silver'
[0m00:33:59.208026 [debug] [ThreadPool]: Using snowflake connection "list_UPI_FRAUD_MONITORING_STAGING_transform"
[0m00:33:59.211417 [debug] [ThreadPool]: Using snowflake connection "list_UPI_FRAUD_MONITORING_STAGING_silver"
[0m00:33:59.211934 [debug] [ThreadPool]: On list_UPI_FRAUD_MONITORING_STAGING_transform: /* {"app": "dbt", "dbt_version": "1.9.4", "profile_name": "default", "target_name": "dev", "connection_name": "list_UPI_FRAUD_MONITORING_STAGING_transform"} */
alter session set quoted_identifiers_ignore_case = false;
[0m00:33:59.212470 [debug] [ThreadPool]: On list_UPI_FRAUD_MONITORING_STAGING_silver: /* {"app": "dbt", "dbt_version": "1.9.4", "profile_name": "default", "target_name": "dev", "connection_name": "list_UPI_FRAUD_MONITORING_STAGING_silver"} */
alter session set quoted_identifiers_ignore_case = false;
[0m00:33:59.212960 [debug] [ThreadPool]: Opening a new connection, currently in state init
[0m00:33:59.213403 [debug] [ThreadPool]: Opening a new connection, currently in state init
[0m00:33:59.574029 [debug] [ThreadPool]: SQL status: SUCCESS 1 in 0.361 seconds
[0m00:33:59.578423 [debug] [ThreadPool]: Using snowflake connection "list_UPI_FRAUD_MONITORING_STAGING_transform"
[0m00:33:59.579375 [debug] [ThreadPool]: On list_UPI_FRAUD_MONITORING_STAGING_transform: /* {"app": "dbt", "dbt_version": "1.9.4", "profile_name": "default", "target_name": "dev", "connection_name": "list_UPI_FRAUD_MONITORING_STAGING_transform"} */
show objects in UPI_FRAUD_MONITORING.STAGING_transform
    limit 10000
    
;
[0m00:33:59.646730 [debug] [ThreadPool]: SQL status: SUCCESS 1 in 0.433 seconds
[0m00:33:59.648491 [debug] [ThreadPool]: Using snowflake connection "list_UPI_FRAUD_MONITORING_STAGING_silver"
[0m00:33:59.648966 [debug] [ThreadPool]: On list_UPI_FRAUD_MONITORING_STAGING_silver: /* {"app": "dbt", "dbt_version": "1.9.4", "profile_name": "default", "target_name": "dev", "connection_name": "list_UPI_FRAUD_MONITORING_STAGING_silver"} */
show objects in UPI_FRAUD_MONITORING.STAGING_silver
    limit 10000
    
;
[0m00:33:59.738960 [debug] [ThreadPool]: SQL status: SUCCESS 19 in 0.159 seconds
[0m00:33:59.741234 [debug] [ThreadPool]: Using snowflake connection "list_UPI_FRAUD_MONITORING_STAGING_transform"
[0m00:33:59.741706 [debug] [ThreadPool]: On list_UPI_FRAUD_MONITORING_STAGING_transform: /* {"app": "dbt", "dbt_version": "1.9.4", "profile_name": "default", "target_name": "dev", "connection_name": "list_UPI_FRAUD_MONITORING_STAGING_transform"} */
alter session unset quoted_identifiers_ignore_case;
[0m00:33:59.753812 [debug] [ThreadPool]: SQL status: SUCCESS 1 in 0.104 seconds
[0m00:33:59.755516 [debug] [ThreadPool]: Using snowflake connection "list_UPI_FRAUD_MONITORING_STAGING_silver"
[0m00:33:59.755996 [debug] [ThreadPool]: On list_UPI_FRAUD_MONITORING_STAGING_silver: /* {"app": "dbt", "dbt_version": "1.9.4", "profile_name": "default", "target_name": "dev", "connection_name": "list_UPI_FRAUD_MONITORING_STAGING_silver"} */
alter session unset quoted_identifiers_ignore_case;
[0m00:33:59.811212 [debug] [ThreadPool]: SQL status: SUCCESS 1 in 0.069 seconds
[0m00:33:59.832901 [debug] [ThreadPool]: SQL status: SUCCESS 1 in 0.076 seconds
[0m00:33:59.844242 [debug] [Thread-2 (]: Began running node model.UPI_Fraud_Monitoring.sl_account
[0m00:33:59.844880 [debug] [Thread-3 (]: Began running node model.UPI_Fraud_Monitoring.sl_customer
[0m00:33:59.845440 [debug] [Thread-4 (]: Began running node model.UPI_Fraud_Monitoring.sl_device
[0m00:33:59.846283 [debug] [Thread-5 (]: Began running node model.UPI_Fraud_Monitoring.sl_merchant
[0m00:33:59.846942 [info ] [Thread-2 (]: 1 of 7 START sql incremental model STAGING_silver.sl_account ................... [RUN]
[0m00:33:59.847624 [info ] [Thread-3 (]: 2 of 7 START sql incremental model STAGING_silver.sl_customer .................. [RUN]
[0m00:33:59.848288 [info ] [Thread-4 (]: 3 of 7 START sql incremental model STAGING_silver.sl_device .................... [RUN]
[0m00:33:59.848996 [info ] [Thread-5 (]: 4 of 7 START sql incremental model STAGING_silver.sl_merchant .................. [RUN]
[0m00:33:59.849618 [debug] [Thread-2 (]: Re-using an available connection from the pool (formerly list_UPI_FRAUD_MONITORING_STAGING_transform, now model.UPI_Fraud_Monitoring.sl_account)
[0m00:33:59.850151 [debug] [Thread-3 (]: Re-using an available connection from the pool (formerly list_UPI_FRAUD_MONITORING_STAGING_silver, now model.UPI_Fraud_Monitoring.sl_customer)
[0m00:33:59.850754 [debug] [Thread-4 (]: Acquiring new snowflake connection 'model.UPI_Fraud_Monitoring.sl_device'
[0m00:33:59.851367 [debug] [Thread-5 (]: Acquiring new snowflake connection 'model.UPI_Fraud_Monitoring.sl_merchant'
[0m00:33:59.851899 [debug] [Thread-2 (]: Began compiling node model.UPI_Fraud_Monitoring.sl_account
[0m00:33:59.852476 [debug] [Thread-3 (]: Began compiling node model.UPI_Fraud_Monitoring.sl_customer
[0m00:33:59.852962 [debug] [Thread-4 (]: Began compiling node model.UPI_Fraud_Monitoring.sl_device
[0m00:33:59.853437 [debug] [Thread-5 (]: Began compiling node model.UPI_Fraud_Monitoring.sl_merchant
[0m00:33:59.864155 [debug] [Thread-2 (]: Writing injected SQL for node "model.UPI_Fraud_Monitoring.sl_account"
[0m00:33:59.935852 [debug] [Thread-3 (]: Writing injected SQL for node "model.UPI_Fraud_Monitoring.sl_customer"
[0m00:33:59.940946 [debug] [Thread-4 (]: Writing injected SQL for node "model.UPI_Fraud_Monitoring.sl_device"
[0m00:33:59.946281 [debug] [Thread-5 (]: Writing injected SQL for node "model.UPI_Fraud_Monitoring.sl_merchant"
[0m00:33:59.947551 [debug] [Thread-2 (]: Began executing node model.UPI_Fraud_Monitoring.sl_account
[0m00:33:59.948328 [debug] [Thread-3 (]: Began executing node model.UPI_Fraud_Monitoring.sl_customer
[0m00:33:59.949223 [debug] [Thread-4 (]: Began executing node model.UPI_Fraud_Monitoring.sl_device
[0m00:33:59.960651 [debug] [Thread-5 (]: Began executing node model.UPI_Fraud_Monitoring.sl_merchant
[0m00:34:00.039422 [debug] [Thread-3 (]: Writing runtime sql for node "model.UPI_Fraud_Monitoring.sl_customer"
[0m00:34:00.040112 [debug] [Thread-2 (]: Writing runtime sql for node "model.UPI_Fraud_Monitoring.sl_account"
[0m00:34:00.044265 [debug] [Thread-4 (]: Writing runtime sql for node "model.UPI_Fraud_Monitoring.sl_device"
[0m00:34:00.048309 [debug] [Thread-5 (]: Writing runtime sql for node "model.UPI_Fraud_Monitoring.sl_merchant"
[0m00:34:00.050869 [debug] [Thread-3 (]: Using snowflake connection "model.UPI_Fraud_Monitoring.sl_customer"
[0m00:34:00.053544 [debug] [Thread-2 (]: Using snowflake connection "model.UPI_Fraud_Monitoring.sl_account"
[0m00:34:00.056192 [debug] [Thread-4 (]: Using snowflake connection "model.UPI_Fraud_Monitoring.sl_device"
[0m00:34:00.056947 [debug] [Thread-3 (]: On model.UPI_Fraud_Monitoring.sl_customer: /* {"app": "dbt", "dbt_version": "1.9.4", "profile_name": "default", "target_name": "dev", "node_id": "model.UPI_Fraud_Monitoring.sl_customer"} */
create or replace transient table UPI_FRAUD_MONITORING.STAGING_silver.sl_customer
         as
        (

with source as (
    select
        cast(CUSTOMER_ID as VARCHAR(50)) as CUSTOMER_ID,
        cast(CUSTOMER_NAME as VARCHAR(255)) as CUSTOMER_NAME,
        cast(CUSTOMER_SEGMENT as VARCHAR(50)) as CUSTOMER_SEGMENT,
        cast(KYC_STATUS as VARCHAR(30)) as KYC_STATUS,
        cast(RISK_RATING as VARCHAR(20)) as RISK_RATING,
        cast(CUSTOMER_STATUS as VARCHAR(30)) as CUSTOMER_STATUS,
        cast(CUSTOMER_SINCE as DATE) as CUSTOMER_SINCE,
        cast(CUSTOMER_TYPE as VARCHAR(50)) as CUSTOMER_TYPE,
        CREATED_LOAD_ID,
        CREATED_DATE_TIME
    from UPI_FRAUD_MONITORING.STAGING_transform.v_raw_customer
),

hashed as (
    select
        *,
        md5(
            coalesce(CUSTOMER_ID, '^') || '|' ||
            coalesce(CUSTOMER_NAME, '^') || '|' ||
            coalesce(CUSTOMER_SEGMENT, '^') || '|' ||
            coalesce(KYC_STATUS, '^') || '|' ||
            coalesce(RISK_RATING, '^') || '|' ||
            coalesce(CUSTOMER_STATUS, '^') || '|' ||
            coalesce(cast(CUSTOMER_SINCE as VARCHAR), '^') || '|' ||
            coalesce(CUSTOMER_TYPE, '^')
        ) as HASH_DIFF,
        'Y' as IS_CURRENT
    from source
)



    select * from hashed


        );
[0m00:34:00.058999 [debug] [Thread-5 (]: Using snowflake connection "model.UPI_Fraud_Monitoring.sl_merchant"
[0m00:34:00.059627 [debug] [Thread-2 (]: On model.UPI_Fraud_Monitoring.sl_account: /* {"app": "dbt", "dbt_version": "1.9.4", "profile_name": "default", "target_name": "dev", "node_id": "model.UPI_Fraud_Monitoring.sl_account"} */
create or replace transient table UPI_FRAUD_MONITORING.STAGING_silver.sl_account
         as
        (

with source as (
    select
        cast(ACCOUNT_ID as VARCHAR(50)) as ACCOUNT_ID,
        cast(CUSTOMER_ID as VARCHAR(50)) as CUSTOMER_ID,
        cast(ACCOUNT_TYPE as VARCHAR(30)) as ACCOUNT_TYPE,
        cast(ACCOUNT_STATUS as VARCHAR(30)) as ACCOUNT_STATUS,
        cast(CURRENT_BALANCE as NUMBER(18,2)) as CURRENT_BALANCE,
        cast(AVAILABLE_BALANCE as NUMBER(18,2)) as AVAILABLE_BALANCE,
        cast(OPEN_DATE as DATE) as OPEN_DATE,
        DATEDIFF(DAY, cast(OPEN_DATE as DATE), CURRENT_DATE) as ACCOUNT_AGE_DAYS,
        CREATED_LOAD_ID,
        CREATED_DATE_TIME
    from UPI_FRAUD_MONITORING.STAGING_transform.v_account
),

enriched as (
    select
        ACCOUNT_ID,
        CUSTOMER_ID,
        ACCOUNT_TYPE,
        ACCOUNT_STATUS,
        CURRENT_BALANCE,
        AVAILABLE_BALANCE,
        OPEN_DATE,
        ACCOUNT_AGE_DAYS,
        CASE
            WHEN ACCOUNT_AGE_DAYS < 30 THEN 'HIGH'
            WHEN CURRENT_BALANCE > 1000000 THEN 'MEDIUM'
            ELSE 'LOW'
        END as ACCOUNT_RISK_RATING,
        CREATED_LOAD_ID,
        CREATED_DATE_TIME
    from source
),

hashed as (
    select
        *,
        md5(
            coalesce(ACCOUNT_ID, '^') || '|' ||
            coalesce(CUSTOMER_ID, '^') || '|' ||
            coalesce(ACCOUNT_TYPE, '^') || '|' ||
            coalesce(ACCOUNT_STATUS, '^') || '|' ||
            coalesce(cast(CURRENT_BALANCE as VARCHAR), '^') || '|' ||
            coalesce(cast(AVAILABLE_BALANCE as VARCHAR), '^') || '|' ||
            coalesce(cast(OPEN_DATE as VARCHAR), '^') || '|' ||
            coalesce(ACCOUNT_RISK_RATING, '^')
        ) as HASH_DIFF,
        'Y' as IS_CURRENT
    from enriched
)



    select * from hashed


        );
[0m00:34:00.060338 [debug] [Thread-4 (]: On model.UPI_Fraud_Monitoring.sl_device: /* {"app": "dbt", "dbt_version": "1.9.4", "profile_name": "default", "target_name": "dev", "node_id": "model.UPI_Fraud_Monitoring.sl_device"} */
create or replace transient table UPI_FRAUD_MONITORING.STAGING_silver.sl_device
         as
        (

with source as (
    select
        cast(DEVICE_ID as VARCHAR(100)) as DEVICE_ID,
        cast(CUSTOMER_ID as VARCHAR(50)) as CUSTOMER_ID,
        cast(DEVICE_FINGERPRINT as VARCHAR(500)) as DEVICE_FINGERPRINT,
        cast(DEVICE_OS as VARCHAR(50)) as DEVICE_OS,
        cast(TRUSTED_FLAG as VARCHAR(1)) as TRUSTED_FLAG,
        DATEDIFF(DAY, cast(DEVICE_REGISTRATION_DATE as DATE), CURRENT_DATE) as DEVICE_AGE_DAYS,
        OS_VERSION,
        CREATED_LOAD_ID,
        CREATED_DATE_TIME
    from UPI_FRAUD_MONITORING.STAGING_transform.v_device_registry
),

enriched as (
    select
        DEVICE_ID,
        CUSTOMER_ID,
        DEVICE_FINGERPRINT,
        DEVICE_OS,
        TRUSTED_FLAG,
        DEVICE_AGE_DAYS,
        (CASE WHEN TRUSTED_FLAG = 'N' THEN 40 ELSE 0 END)
        + (CASE WHEN DEVICE_AGE_DAYS < 30 THEN 30 ELSE 0 END)
        + (CASE WHEN OS_VERSION < 'Android 10' THEN 20 ELSE 0 END) as DEVICE_RISK_SCORE,
        CREATED_LOAD_ID,
        CREATED_DATE_TIME
    from source
),

hashed as (
    select
        DEVICE_ID,
        CUSTOMER_ID,
        DEVICE_FINGERPRINT,
        DEVICE_OS,
        TRUSTED_FLAG,
        DEVICE_AGE_DAYS,
        DEVICE_RISK_SCORE,
        md5(
            coalesce(DEVICE_ID, '^') || '|' ||
            coalesce(CUSTOMER_ID, '^') || '|' ||
            coalesce(DEVICE_FINGERPRINT, '^') || '|' ||
            coalesce(DEVICE_OS, '^') || '|' ||
            coalesce(TRUSTED_FLAG, '^') || '|' ||
            coalesce(cast(DEVICE_RISK_SCORE as VARCHAR), '^')
        ) as HASH_DIFF,
        'Y' as IS_CURRENT,
        CREATED_LOAD_ID,
        CREATED_DATE_TIME
    from enriched
)



    select * from hashed


        );
[0m00:34:00.061030 [debug] [Thread-3 (]: Opening a new connection, currently in state init
[0m00:34:00.061685 [debug] [Thread-5 (]: On model.UPI_Fraud_Monitoring.sl_merchant: /* {"app": "dbt", "dbt_version": "1.9.4", "profile_name": "default", "target_name": "dev", "node_id": "model.UPI_Fraud_Monitoring.sl_merchant"} */
create or replace transient table UPI_FRAUD_MONITORING.STAGING_silver.sl_merchant
         as
        (

with source as (
    select
        cast(MERCHANT_ID as VARCHAR(100)) as MERCHANT_ID,
        cast(MERCHANT_NAME as VARCHAR(255)) as MERCHANT_NAME,
        cast(MERCHANT_CATEGORY as VARCHAR(100)) as MERCHANT_CATEGORY,
        cast(MERCHANT_STATUS as VARCHAR(50)) as MERCHANT_STATUS,
        CASE
            WHEN MERCHANT_CATEGORY = 'Grocery' THEN '5411'
            WHEN MERCHANT_CATEGORY = 'Fuel' THEN '5541'
            WHEN MERCHANT_CATEGORY = 'Retail' THEN '6000'
            ELSE '9999'
        END as MCC_CODE,
        CREATED_LOAD_ID,
        CREATED_DATE_TIME
    from UPI_FRAUD_MONITORING.STAGING_transform.v_merchant
),

enriched as (
    select
        MERCHANT_ID,
        MERCHANT_NAME,
        MERCHANT_CATEGORY,
        cast(MCC_CODE as VARCHAR(20)) as MCC_CODE,
        MERCHANT_STATUS,
        CASE
            WHEN MCC_CODE IN ('5411', '5541', '5812') THEN 'LOW'
            WHEN MCC_CODE IN ('6000') THEN 'MEDIUM'
            ELSE 'HIGH_RISK'
        END as RISK_RATING,
        CREATED_LOAD_ID,
        CREATED_DATE_TIME
    from source
),

hashed as (
    select
        *,
        md5(
            coalesce(MERCHANT_ID, '^') || '|' ||
            coalesce(MERCHANT_NAME, '^') || '|' ||
            coalesce(MERCHANT_CATEGORY, '^') || '|' ||
            coalesce(MCC_CODE, '^') || '|' ||
            coalesce(MERCHANT_STATUS, '^') || '|' ||
            coalesce(RISK_RATING, '^')
        ) as HASH_DIFF,
        'Y' as IS_CURRENT
    from enriched
)



    select * from hashed


        );
[0m00:34:00.062247 [debug] [Thread-2 (]: Opening a new connection, currently in state init
[0m00:34:00.062752 [debug] [Thread-4 (]: Opening a new connection, currently in state init
[0m00:34:00.063400 [debug] [Thread-5 (]: Opening a new connection, currently in state init
[0m00:34:00.504248 [debug] [Thread-3 (]: Snowflake adapter: Snowflake query id: 01c71526-0002-9cb1-000e-aac20014822a
[0m00:34:00.504913 [debug] [Thread-3 (]: Snowflake adapter: Snowflake error: 000904 (42000): SQL compilation error: error line 15 at position 8
invalid identifier 'CREATED_LOAD_ID'
[0m00:34:00.508710 [debug] [Thread-3 (]: Database Error in model sl_customer (models/silver/sl_customer.sql)
  000904 (42000): SQL compilation error: error line 15 at position 8
  invalid identifier 'CREATED_LOAD_ID'
  compiled code at target/run/UPI_Fraud_Monitoring/models/silver/sl_customer.sql
[0m00:34:00.511191 [error] [Thread-3 (]: 2 of 7 ERROR creating sql incremental model STAGING_silver.sl_customer ......... [[31mERROR[0m in 0.66s]
[0m00:34:00.511900 [debug] [Thread-3 (]: Finished running node model.UPI_Fraud_Monitoring.sl_customer
[0m00:34:00.512555 [debug] [Thread-3 (]: Began running node model.UPI_Fraud_Monitoring.sl_transaction
[0m00:34:00.513188 [debug] [Thread-8 (]: Marking all children of 'model.UPI_Fraud_Monitoring.sl_customer' to be skipped because of status 'error'.  Reason: Database Error in model sl_customer (models/silver/sl_customer.sql)
  000904 (42000): SQL compilation error: error line 15 at position 8
  invalid identifier 'CREATED_LOAD_ID'
  compiled code at target/run/UPI_Fraud_Monitoring/models/silver/sl_customer.sql.
[0m00:34:00.513815 [info ] [Thread-3 (]: 5 of 7 START sql incremental model STAGING_silver.sl_transaction ............... [RUN]
[0m00:34:00.515214 [debug] [Thread-3 (]: Re-using an available connection from the pool (formerly model.UPI_Fraud_Monitoring.sl_customer, now model.UPI_Fraud_Monitoring.sl_transaction)
[0m00:34:00.515773 [debug] [Thread-3 (]: Began compiling node model.UPI_Fraud_Monitoring.sl_transaction
[0m00:34:00.523474 [debug] [Thread-3 (]: Writing injected SQL for node "model.UPI_Fraud_Monitoring.sl_transaction"
[0m00:34:00.524183 [debug] [Thread-3 (]: Began executing node model.UPI_Fraud_Monitoring.sl_transaction
[0m00:34:00.528202 [debug] [Thread-3 (]: Writing runtime sql for node "model.UPI_Fraud_Monitoring.sl_transaction"
[0m00:34:00.531490 [debug] [Thread-3 (]: Using snowflake connection "model.UPI_Fraud_Monitoring.sl_transaction"
[0m00:34:00.532168 [debug] [Thread-3 (]: On model.UPI_Fraud_Monitoring.sl_transaction: /* {"app": "dbt", "dbt_version": "1.9.4", "profile_name": "default", "target_name": "dev", "node_id": "model.UPI_Fraud_Monitoring.sl_transaction"} */
create or replace transient table UPI_FRAUD_MONITORING.STAGING_silver.sl_transaction
         as
        (

with source as (
    select
        cast(TRANSACTION_ID as VARCHAR(100)) as TRANSACTION_ID,
        cast(CUSTOMER_ID as VARCHAR(50)) as CUSTOMER_ID,
        cast(ACCOUNT_ID as VARCHAR(50)) as ACCOUNT_ID,
        cast(BENEFICIARY_ID as VARCHAR(100)) as BENEFICIARY_ID,
        cast(MERCHANT_ID as VARCHAR(100)) as MERCHANT_ID,
        cast(DEVICE_ID as VARCHAR(100)) as DEVICE_ID,
        cast(TXN_DATETIME as TIMESTAMP) as TXN_DATETIME,
        cast(TXN_AMOUNT as NUMBER(18,2)) as TXN_AMOUNT,
        cast(TXN_TYPE as VARCHAR(50)) as TXN_TYPE,
        cast(TXN_STATUS as VARCHAR(30)) as TXN_STATUS,
        cast(CHANNEL as VARCHAR(50)) as CHANNEL,
        cast(NULL as VARCHAR(100)) as COUNTRY,
        cast(NULL as VARCHAR(100)) as STATE,
        CASE
            WHEN cast(TXN_AMOUNT as NUMBER(18,2)) >= 100000 THEN 'HIGH_VALUE_TXN'
            WHEN DEVICE_ID IN (SELECT DEVICE_ID FROM UPI_FRAUD_MONITORING.STAGING_transform.v_device_registry WHERE TRUSTED_FLAG = 'N') THEN 'UNTRUSTED_DEVICE'
            WHEN BENEFICIARY_ID IN (SELECT BENEFICIARY_ID FROM UPI_FRAUD_MONITORING.STAGING_transform.v_beneficiary WHERE RISK_RATING = 'HIGH') THEN 'HIGH_RISK_BENEFICIARY'
            WHEN MERCHANT_ID IN (SELECT MERCHANT_ID FROM UPI_FRAUD_MONITORING.STAGING_transform.v_merchant WHERE RISK_RATING = 'HIGH') THEN 'HIGH_RISK_MERCHANT'
            WHEN CUSTOMER_ID IN (SELECT CUSTOMER_ID FROM UPI_FRAUD_MONITORING.STAGING_transform.v_raw_customer WHERE RISK_RATING = 'HIGH') THEN 'HIGH_RISK_CUSTOMER'
            WHEN TXN_STATUS = 'FAILED' THEN 'FAILED_TRANSACTION'
            ELSE 'NORMAL'
        END as TXN_RISK_REASON,
        cast(NULL as VARCHAR(50)) as TXN_FRAUD_ID,
        CREATED_LOAD_ID,
        CREATED_DATE_TIME
    from UPI_FRAUD_MONITORING.STAGING_transform.v_transaction
),

hashed as (
    select
        *,
        md5(
            coalesce(TRANSACTION_ID, '^') || '|' ||
            coalesce(CUSTOMER_ID, '^') || '|' ||
            coalesce(ACCOUNT_ID, '^') || '|' ||
            coalesce(BENEFICIARY_ID, '^') || '|' ||
            coalesce(MERCHANT_ID, '^') || '|' ||
            coalesce(DEVICE_ID, '^') || '|' ||
            coalesce(cast(TXN_DATETIME as VARCHAR), '^') || '|' ||
            coalesce(cast(TXN_AMOUNT as VARCHAR), '^') || '|' ||
            coalesce(TXN_TYPE, '^') || '|' ||
            coalesce(TXN_STATUS, '^') || '|' ||
            coalesce(CHANNEL, '^') || '|' ||
            coalesce(TXN_RISK_REASON, '^')
        ) as HASH_DIFF,
        'Y' as IS_CURRENT
    from source
)



    select * from hashed


        );
[0m00:34:00.532798 [debug] [Thread-3 (]: Opening a new connection, currently in state init
[0m00:34:01.215550 [debug] [Thread-2 (]: SQL status: SUCCESS 1 in 1.153 seconds
[0m00:34:01.216462 [debug] [Thread-4 (]: SQL status: SUCCESS 1 in 1.154 seconds
[0m00:34:01.223056 [debug] [Thread-5 (]: SQL status: SUCCESS 1 in 1.160 seconds
[0m00:34:01.228207 [debug] [Thread-2 (]: Applying DROP to: UPI_FRAUD_MONITORING.STAGING_silver.sl_account__dbt_tmp
[0m00:34:01.232615 [debug] [Thread-4 (]: Applying DROP to: UPI_FRAUD_MONITORING.STAGING_silver.sl_device__dbt_tmp
[0m00:34:01.238441 [debug] [Thread-5 (]: Applying DROP to: UPI_FRAUD_MONITORING.STAGING_silver.sl_merchant__dbt_tmp
[0m00:34:01.254529 [debug] [Thread-2 (]: Using snowflake connection "model.UPI_Fraud_Monitoring.sl_account"
[0m00:34:01.255690 [debug] [Thread-4 (]: Using snowflake connection "model.UPI_Fraud_Monitoring.sl_device"
[0m00:34:01.256999 [debug] [Thread-5 (]: Using snowflake connection "model.UPI_Fraud_Monitoring.sl_merchant"
[0m00:34:01.257561 [debug] [Thread-2 (]: On model.UPI_Fraud_Monitoring.sl_account: /* {"app": "dbt", "dbt_version": "1.9.4", "profile_name": "default", "target_name": "dev", "node_id": "model.UPI_Fraud_Monitoring.sl_account"} */
drop view if exists UPI_FRAUD_MONITORING.STAGING_silver.sl_account__dbt_tmp cascade
[0m00:34:01.258127 [debug] [Thread-4 (]: On model.UPI_Fraud_Monitoring.sl_device: /* {"app": "dbt", "dbt_version": "1.9.4", "profile_name": "default", "target_name": "dev", "node_id": "model.UPI_Fraud_Monitoring.sl_device"} */
drop view if exists UPI_FRAUD_MONITORING.STAGING_silver.sl_device__dbt_tmp cascade
[0m00:34:01.258857 [debug] [Thread-5 (]: On model.UPI_Fraud_Monitoring.sl_merchant: /* {"app": "dbt", "dbt_version": "1.9.4", "profile_name": "default", "target_name": "dev", "node_id": "model.UPI_Fraud_Monitoring.sl_merchant"} */
drop view if exists UPI_FRAUD_MONITORING.STAGING_silver.sl_merchant__dbt_tmp cascade
[0m00:34:01.306581 [debug] [Thread-5 (]: SQL status: SUCCESS 1 in 0.047 seconds
[0m00:34:01.307295 [debug] [Thread-2 (]: SQL status: SUCCESS 1 in 0.048 seconds
[0m00:34:01.310255 [debug] [Thread-5 (]: Using snowflake connection "model.UPI_Fraud_Monitoring.sl_merchant"
[0m00:34:01.310959 [debug] [Thread-4 (]: SQL status: SUCCESS 1 in 0.051 seconds
[0m00:34:01.313618 [debug] [Thread-2 (]: Using snowflake connection "model.UPI_Fraud_Monitoring.sl_account"
[0m00:34:01.314206 [debug] [Thread-5 (]: On model.UPI_Fraud_Monitoring.sl_merchant: /* {"app": "dbt", "dbt_version": "1.9.4", "profile_name": "default", "target_name": "dev", "node_id": "model.UPI_Fraud_Monitoring.sl_merchant"} */
UPDATE UPI_FRAUD_MONITORING.STAGING_silver.sl_merchant t
             SET t.IS_CURRENT = 'N'
             WHERE t.IS_CURRENT = 'Y'
               AND t.MERCHANT_ID IN (
                   SELECT s.MERCHANT_ID FROM UPI_FRAUD_MONITORING.STAGING_silver.sl_merchant s
                   WHERE s.IS_CURRENT = 'Y'
                   GROUP BY s.MERCHANT_ID HAVING COUNT(*) > 1
               )
               AND t.CREATED_DATE_TIME < (
                   SELECT MAX(s2.CREATED_DATE_TIME) FROM UPI_FRAUD_MONITORING.STAGING_silver.sl_merchant s2
                   WHERE s2.MERCHANT_ID = t.MERCHANT_ID AND s2.IS_CURRENT = 'Y'
               )
[0m00:34:01.316789 [debug] [Thread-4 (]: Using snowflake connection "model.UPI_Fraud_Monitoring.sl_device"
[0m00:34:01.317362 [debug] [Thread-2 (]: On model.UPI_Fraud_Monitoring.sl_account: /* {"app": "dbt", "dbt_version": "1.9.4", "profile_name": "default", "target_name": "dev", "node_id": "model.UPI_Fraud_Monitoring.sl_account"} */
UPDATE UPI_FRAUD_MONITORING.STAGING_silver.sl_account t
             SET t.IS_CURRENT = 'N'
             WHERE t.IS_CURRENT = 'Y'
               AND t.ACCOUNT_ID IN (
                   SELECT s.ACCOUNT_ID FROM UPI_FRAUD_MONITORING.STAGING_silver.sl_account s
                   WHERE s.IS_CURRENT = 'Y'
                   GROUP BY s.ACCOUNT_ID HAVING COUNT(*) > 1
               )
               AND t.CREATED_DATE_TIME < (
                   SELECT MAX(s2.CREATED_DATE_TIME) FROM UPI_FRAUD_MONITORING.STAGING_silver.sl_account s2
                   WHERE s2.ACCOUNT_ID = t.ACCOUNT_ID AND s2.IS_CURRENT = 'Y'
               )
[0m00:34:01.318280 [debug] [Thread-4 (]: On model.UPI_Fraud_Monitoring.sl_device: /* {"app": "dbt", "dbt_version": "1.9.4", "profile_name": "default", "target_name": "dev", "node_id": "model.UPI_Fraud_Monitoring.sl_device"} */
UPDATE UPI_FRAUD_MONITORING.STAGING_silver.sl_device t
             SET t.IS_CURRENT = 'N'
             WHERE t.IS_CURRENT = 'Y'
               AND t.DEVICE_ID IN (
                   SELECT s.DEVICE_ID FROM UPI_FRAUD_MONITORING.STAGING_silver.sl_device s
                   WHERE s.IS_CURRENT = 'Y'
                   GROUP BY s.DEVICE_ID HAVING COUNT(*) > 1
               )
               AND t.CREATED_DATE_TIME < (
                   SELECT MAX(s2.CREATED_DATE_TIME) FROM UPI_FRAUD_MONITORING.STAGING_silver.sl_device s2
                   WHERE s2.DEVICE_ID = t.DEVICE_ID AND s2.IS_CURRENT = 'Y'
               )
[0m00:34:01.541041 [debug] [Thread-2 (]: SQL status: SUCCESS 0 in 0.222 seconds
[0m00:34:01.552644 [debug] [Thread-5 (]: SQL status: SUCCESS 0 in 0.235 seconds
[0m00:34:01.553344 [debug] [Thread-4 (]: SQL status: SUCCESS 0 in 0.234 seconds
[0m00:34:01.563266 [info ] [Thread-2 (]: 1 of 7 OK created sql incremental model STAGING_silver.sl_account .............. [[32mSUCCESS 1[0m in 1.71s]
[0m00:34:01.565780 [info ] [Thread-5 (]: 4 of 7 OK created sql incremental model STAGING_silver.sl_merchant ............. [[32mSUCCESS 1[0m in 1.71s]
[0m00:34:01.568063 [info ] [Thread-4 (]: 3 of 7 OK created sql incremental model STAGING_silver.sl_device ............... [[32mSUCCESS 1[0m in 1.72s]
[0m00:34:01.568883 [debug] [Thread-2 (]: Finished running node model.UPI_Fraud_Monitoring.sl_account
[0m00:34:01.569534 [debug] [Thread-5 (]: Finished running node model.UPI_Fraud_Monitoring.sl_merchant
[0m00:34:01.570179 [debug] [Thread-4 (]: Finished running node model.UPI_Fraud_Monitoring.sl_device
[0m00:34:01.570852 [debug] [Thread-2 (]: Began running node model.UPI_Fraud_Monitoring.sl_watchlist
[0m00:34:01.572000 [info ] [Thread-2 (]: 6 of 7 START sql incremental model STAGING_silver.sl_watchlist ................. [RUN]
[0m00:34:01.572731 [debug] [Thread-2 (]: Re-using an available connection from the pool (formerly model.UPI_Fraud_Monitoring.sl_account, now model.UPI_Fraud_Monitoring.sl_watchlist)
[0m00:34:01.573255 [debug] [Thread-2 (]: Began compiling node model.UPI_Fraud_Monitoring.sl_watchlist
[0m00:34:01.578627 [debug] [Thread-2 (]: Writing injected SQL for node "model.UPI_Fraud_Monitoring.sl_watchlist"
[0m00:34:01.579371 [debug] [Thread-2 (]: Began executing node model.UPI_Fraud_Monitoring.sl_watchlist
[0m00:34:01.583949 [debug] [Thread-2 (]: Writing runtime sql for node "model.UPI_Fraud_Monitoring.sl_watchlist"
[0m00:34:01.585735 [debug] [Thread-2 (]: Using snowflake connection "model.UPI_Fraud_Monitoring.sl_watchlist"
[0m00:34:01.586304 [debug] [Thread-2 (]: On model.UPI_Fraud_Monitoring.sl_watchlist: /* {"app": "dbt", "dbt_version": "1.9.4", "profile_name": "default", "target_name": "dev", "node_id": "model.UPI_Fraud_Monitoring.sl_watchlist"} */
create or replace transient table UPI_FRAUD_MONITORING.STAGING_silver.sl_watchlist
         as
        (

with source as (
    select
        cast(WATCHLIST_ID as VARCHAR(100)) as WATCHLIST_ID,
        cast(ENTITY_TYPE as VARCHAR(50)) as ENTITY_TYPE,
        cast(ENTITY_ID as VARCHAR(100)) as ENTITY_ID,
        cast(ENTITY_NAME as VARCHAR(255)) as ENTITY_NAME,
        cast(RISK_LEVEL as VARCHAR(20)) as RISK_LEVEL,
        CREATED_LOAD_ID,
        CREATED_DATE_TIME
    from UPI_FRAUD_MONITORING.STAGING_transform.v_watchlist
),

hashed as (
    select
        *,
        md5(
            coalesce(WATCHLIST_ID, '^') || '|' ||
            coalesce(ENTITY_TYPE, '^') || '|' ||
            coalesce(ENTITY_ID, '^') || '|' ||
            coalesce(ENTITY_NAME, '^') || '|' ||
            coalesce(RISK_LEVEL, '^')
        ) as HASH_DIFF,
        'Y' as IS_CURRENT
    from source
)



    select * from hashed


        );
[0m00:34:01.586797 [debug] [Thread-2 (]: Opening a new connection, currently in state init
[0m00:34:02.240107 [debug] [Thread-3 (]: SQL status: SUCCESS 1 in 1.707 seconds
[0m00:34:02.245189 [debug] [Thread-3 (]: Applying DROP to: UPI_FRAUD_MONITORING.STAGING_silver.sl_transaction__dbt_tmp
[0m00:34:02.246658 [debug] [Thread-3 (]: Using snowflake connection "model.UPI_Fraud_Monitoring.sl_transaction"
[0m00:34:02.247203 [debug] [Thread-3 (]: On model.UPI_Fraud_Monitoring.sl_transaction: /* {"app": "dbt", "dbt_version": "1.9.4", "profile_name": "default", "target_name": "dev", "node_id": "model.UPI_Fraud_Monitoring.sl_transaction"} */
drop view if exists UPI_FRAUD_MONITORING.STAGING_silver.sl_transaction__dbt_tmp cascade
[0m00:34:02.300870 [debug] [Thread-3 (]: SQL status: SUCCESS 1 in 0.053 seconds
[0m00:34:02.303966 [debug] [Thread-3 (]: Using snowflake connection "model.UPI_Fraud_Monitoring.sl_transaction"
[0m00:34:02.304672 [debug] [Thread-3 (]: On model.UPI_Fraud_Monitoring.sl_transaction: /* {"app": "dbt", "dbt_version": "1.9.4", "profile_name": "default", "target_name": "dev", "node_id": "model.UPI_Fraud_Monitoring.sl_transaction"} */
UPDATE UPI_FRAUD_MONITORING.STAGING_silver.sl_transaction t
             SET t.IS_CURRENT = 'N'
             WHERE t.IS_CURRENT = 'Y'
               AND t.TRANSACTION_ID IN (
                   SELECT s.TRANSACTION_ID
                   FROM UPI_FRAUD_MONITORING.STAGING_silver.sl_transaction s
                   WHERE s.IS_CURRENT = 'Y'
                   GROUP BY s.TRANSACTION_ID
                   HAVING COUNT(*) > 1
               )
               AND t.CREATED_DATE_TIME < (
                   SELECT MAX(s2.CREATED_DATE_TIME)
                   FROM UPI_FRAUD_MONITORING.STAGING_silver.sl_transaction s2
                   WHERE s2.TRANSACTION_ID = t.TRANSACTION_ID
                     AND s2.IS_CURRENT = 'Y'
               )
[0m00:34:02.527880 [debug] [Thread-3 (]: SQL status: SUCCESS 0 in 0.222 seconds
[0m00:34:02.533137 [info ] [Thread-3 (]: 5 of 7 OK created sql incremental model STAGING_silver.sl_transaction .......... [[32mSUCCESS 1[0m in 2.02s]
[0m00:34:02.533890 [debug] [Thread-3 (]: Finished running node model.UPI_Fraud_Monitoring.sl_transaction
[0m00:34:02.696433 [debug] [Thread-2 (]: SQL status: SUCCESS 1 in 1.109 seconds
[0m00:34:02.702626 [debug] [Thread-2 (]: Applying DROP to: UPI_FRAUD_MONITORING.STAGING_silver.sl_watchlist__dbt_tmp
[0m00:34:02.703995 [debug] [Thread-2 (]: Using snowflake connection "model.UPI_Fraud_Monitoring.sl_watchlist"
[0m00:34:02.704577 [debug] [Thread-2 (]: On model.UPI_Fraud_Monitoring.sl_watchlist: /* {"app": "dbt", "dbt_version": "1.9.4", "profile_name": "default", "target_name": "dev", "node_id": "model.UPI_Fraud_Monitoring.sl_watchlist"} */
drop view if exists UPI_FRAUD_MONITORING.STAGING_silver.sl_watchlist__dbt_tmp cascade
[0m00:34:02.776483 [debug] [Thread-2 (]: SQL status: SUCCESS 1 in 0.071 seconds
[0m00:34:02.779298 [debug] [Thread-2 (]: Using snowflake connection "model.UPI_Fraud_Monitoring.sl_watchlist"
[0m00:34:02.779860 [debug] [Thread-2 (]: On model.UPI_Fraud_Monitoring.sl_watchlist: /* {"app": "dbt", "dbt_version": "1.9.4", "profile_name": "default", "target_name": "dev", "node_id": "model.UPI_Fraud_Monitoring.sl_watchlist"} */
UPDATE UPI_FRAUD_MONITORING.STAGING_silver.sl_watchlist t
             SET t.IS_CURRENT = 'N'
             WHERE t.IS_CURRENT = 'Y'
               AND t.WATCHLIST_ID IN (
                   SELECT s.WATCHLIST_ID FROM UPI_FRAUD_MONITORING.STAGING_silver.sl_watchlist s
                   WHERE s.IS_CURRENT = 'Y'
                   GROUP BY s.WATCHLIST_ID HAVING COUNT(*) > 1
               )
               AND t.CREATED_DATE_TIME < (
                   SELECT MAX(s2.CREATED_DATE_TIME) FROM UPI_FRAUD_MONITORING.STAGING_silver.sl_watchlist s2
                   WHERE s2.WATCHLIST_ID = t.WATCHLIST_ID AND s2.IS_CURRENT = 'Y'
               )
[0m00:34:03.039037 [debug] [Thread-2 (]: SQL status: SUCCESS 0 in 0.258 seconds
[0m00:34:03.041625 [info ] [Thread-2 (]: 6 of 7 OK created sql incremental model STAGING_silver.sl_watchlist ............ [[32mSUCCESS 1[0m in 1.47s]
[0m00:34:03.042324 [debug] [Thread-2 (]: Finished running node model.UPI_Fraud_Monitoring.sl_watchlist
[0m00:34:03.043540 [debug] [Thread-5 (]: Began running node model.UPI_Fraud_Monitoring.sl_beneficiary
[0m00:34:03.044505 [info ] [Thread-5 (]: 7 of 7 START sql incremental model STAGING_silver.sl_beneficiary ............... [RUN]
[0m00:34:03.045175 [debug] [Thread-5 (]: Re-using an available connection from the pool (formerly model.UPI_Fraud_Monitoring.sl_merchant, now model.UPI_Fraud_Monitoring.sl_beneficiary)
[0m00:34:03.045713 [debug] [Thread-5 (]: Began compiling node model.UPI_Fraud_Monitoring.sl_beneficiary
[0m00:34:03.051538 [debug] [Thread-5 (]: Writing injected SQL for node "model.UPI_Fraud_Monitoring.sl_beneficiary"
[0m00:34:03.052203 [debug] [Thread-5 (]: Began executing node model.UPI_Fraud_Monitoring.sl_beneficiary
[0m00:34:03.056492 [debug] [Thread-5 (]: Writing runtime sql for node "model.UPI_Fraud_Monitoring.sl_beneficiary"
[0m00:34:03.059174 [debug] [Thread-5 (]: Using snowflake connection "model.UPI_Fraud_Monitoring.sl_beneficiary"
[0m00:34:03.059831 [debug] [Thread-5 (]: On model.UPI_Fraud_Monitoring.sl_beneficiary: /* {"app": "dbt", "dbt_version": "1.9.4", "profile_name": "default", "target_name": "dev", "node_id": "model.UPI_Fraud_Monitoring.sl_beneficiary"} */
create or replace transient table UPI_FRAUD_MONITORING.STAGING_silver.sl_beneficiary
         as
        (

with txn_agg as (
    select
        BENEFICIARY_ID,
        sum(cast(TXN_AMOUNT as NUMBER(18,2))) as TXN_AMOUNT,
        count(distinct CUSTOMER_ID) as CNT
    from UPI_FRAUD_MONITORING.STAGING_silver.sl_transaction
    where IS_CURRENT = 'Y'
    group by BENEFICIARY_ID
),

source as (
    select
        cast(b.BENEFICIARY_ID as VARCHAR(100)) as BENEFICIARY_ID,
        cast(b.CUSTOMER_ID as VARCHAR(50)) as CUSTOMER_ID,
        cast(b.BENEFICIARY_NAME as VARCHAR(255)) as BENEFICIARY_NAME,
        cast(b.BENEFICIARY_VPA as VARCHAR(255)) as BENEFICIARY_VPA,
        cast(b.BANK_NAME as VARCHAR(255)) as BANK_NAME,
        b.BENEFICIARY_CREATED_DATE,
        t.TXN_AMOUNT,
        t.CNT,
        CASE
            WHEN EXISTS (
                SELECT 1 FROM UPI_FRAUD_MONITORING.STAGING_silver.sl_watchlist w
                WHERE w.ENTITY_TYPE = 'BENEFICIARY'
                  AND w.ENTITY_ID = b.BENEFICIARY_ID
                  AND w.IS_CURRENT = 'Y'
            ) THEN 'HIGH'
            WHEN t.TXN_AMOUNT > 1000000 THEN 'HIGH'
            WHEN t.CNT > 10 THEN 'HIGH'
            WHEN DATEDIFF(DAY, cast(b.BENEFICIARY_CREATED_DATE as DATE), CURRENT_DATE) < 30 THEN 'MEDIUM'
            ELSE 'LOW'
        END as RISK_RATING,
        b.CREATED_LOAD_ID,
        b.CREATED_DATE_TIME
    from UPI_FRAUD_MONITORING.STAGING_transform.v_beneficiary b
    left join txn_agg t on b.BENEFICIARY_ID = t.BENEFICIARY_ID
),

hashed as (
    select
        BENEFICIARY_ID,
        CUSTOMER_ID,
        BENEFICIARY_NAME,
        BENEFICIARY_VPA,
        BANK_NAME,
        RISK_RATING,
        md5(
            coalesce(BENEFICIARY_ID, '^') || '|' ||
            coalesce(CUSTOMER_ID, '^') || '|' ||
            coalesce(BENEFICIARY_NAME, '^') || '|' ||
            coalesce(BENEFICIARY_VPA, '^') || '|' ||
            coalesce(BANK_NAME, '^') || '|' ||
            coalesce(RISK_RATING, '^')
        ) as HASH_DIFF,
        'Y' as IS_CURRENT,
        CREATED_LOAD_ID,
        CREATED_DATE_TIME
    from source
)



    select * from hashed


        );
[0m00:34:03.060457 [debug] [Thread-5 (]: Opening a new connection, currently in state init
[0m00:34:04.086417 [debug] [Thread-5 (]: SQL status: SUCCESS 1 in 1.026 seconds
[0m00:34:04.091155 [debug] [Thread-5 (]: Applying DROP to: UPI_FRAUD_MONITORING.STAGING_silver.sl_beneficiary__dbt_tmp
[0m00:34:04.092459 [debug] [Thread-5 (]: Using snowflake connection "model.UPI_Fraud_Monitoring.sl_beneficiary"
[0m00:34:04.092993 [debug] [Thread-5 (]: On model.UPI_Fraud_Monitoring.sl_beneficiary: /* {"app": "dbt", "dbt_version": "1.9.4", "profile_name": "default", "target_name": "dev", "node_id": "model.UPI_Fraud_Monitoring.sl_beneficiary"} */
drop view if exists UPI_FRAUD_MONITORING.STAGING_silver.sl_beneficiary__dbt_tmp cascade
[0m00:34:04.160877 [debug] [Thread-5 (]: SQL status: SUCCESS 1 in 0.067 seconds
[0m00:34:04.163684 [debug] [Thread-5 (]: Using snowflake connection "model.UPI_Fraud_Monitoring.sl_beneficiary"
[0m00:34:04.164276 [debug] [Thread-5 (]: On model.UPI_Fraud_Monitoring.sl_beneficiary: /* {"app": "dbt", "dbt_version": "1.9.4", "profile_name": "default", "target_name": "dev", "node_id": "model.UPI_Fraud_Monitoring.sl_beneficiary"} */
UPDATE UPI_FRAUD_MONITORING.STAGING_silver.sl_beneficiary t
             SET t.IS_CURRENT = 'N'
             WHERE t.IS_CURRENT = 'Y'
               AND t.BENEFICIARY_ID IN (
                   SELECT s.BENEFICIARY_ID FROM UPI_FRAUD_MONITORING.STAGING_silver.sl_beneficiary s
                   WHERE s.IS_CURRENT = 'Y'
                   GROUP BY s.BENEFICIARY_ID HAVING COUNT(*) > 1
               )
               AND t.CREATED_DATE_TIME < (
                   SELECT MAX(s2.CREATED_DATE_TIME) FROM UPI_FRAUD_MONITORING.STAGING_silver.sl_beneficiary s2
                   WHERE s2.BENEFICIARY_ID = t.BENEFICIARY_ID AND s2.IS_CURRENT = 'Y'
               )
[0m00:34:04.372276 [debug] [Thread-5 (]: SQL status: SUCCESS 0 in 0.207 seconds
[0m00:34:04.374882 [info ] [Thread-5 (]: 7 of 7 OK created sql incremental model STAGING_silver.sl_beneficiary .......... [[32mSUCCESS 1[0m in 1.33s]
[0m00:34:04.375613 [debug] [Thread-5 (]: Finished running node model.UPI_Fraud_Monitoring.sl_beneficiary
[0m00:34:04.378933 [debug] [Dummy-1   ]: Connection 'master' was properly closed.
[0m00:34:04.379588 [debug] [Dummy-1   ]: Connection 'model.UPI_Fraud_Monitoring.sl_watchlist' was properly closed.
[0m00:34:04.380056 [debug] [Dummy-1   ]: Connection 'model.UPI_Fraud_Monitoring.sl_transaction' was properly closed.
[0m00:34:04.380552 [debug] [Dummy-1   ]: Connection 'model.UPI_Fraud_Monitoring.sl_device' was properly closed.
[0m00:34:04.380981 [debug] [Dummy-1   ]: Connection 'model.UPI_Fraud_Monitoring.sl_beneficiary' was properly closed.
[0m00:34:04.381538 [info ] [Dummy-1   ]: 
[0m00:34:04.382042 [info ] [Dummy-1   ]: Finished running 7 incremental models in 0 hours 0 minutes and 5.68 seconds (5.68s).
[0m00:34:04.383441 [debug] [Dummy-1   ]: Command end result
[0m00:34:04.414203 [debug] [Dummy-1   ]: Wrote artifact WritableManifest to /tmp/dbt/target/manifest.json
[0m00:34:04.415917 [debug] [Dummy-1   ]: Wrote artifact SemanticManifest to /tmp/dbt/target/semantic_manifest.json
[0m00:34:04.421765 [debug] [Dummy-1   ]: Wrote artifact RunExecutionResult to /tmp/dbt/target/run_results.json
[0m00:34:04.422199 [info ] [Dummy-1   ]: 
[0m00:34:04.422715 [info ] [Dummy-1   ]: [31mCompleted with 1 error, 0 partial successes, and 0 warnings:[0m
[0m00:34:04.423187 [info ] [Dummy-1   ]: 
[0m00:34:04.423740 [error] [Dummy-1   ]:   Database Error in model sl_customer (models/silver/sl_customer.sql)
  000904 (42000): SQL compilation error: error line 15 at position 8
  invalid identifier 'CREATED_LOAD_ID'
  compiled code at target/run/UPI_Fraud_Monitoring/models/silver/sl_customer.sql
[0m00:34:04.424184 [info ] [Dummy-1   ]: 
[0m00:34:04.424750 [info ] [Dummy-1   ]: Done. PASS=6 WARN=0 ERROR=1 SKIP=0 TOTAL=7
[0m00:34:04.426287 [debug] [Dummy-1   ]: Resource report: {"command_name": "run", "command_success": false, "command_wall_clock_time": 7.6355367, "process_in_blocks": "0", "process_kernel_time": 0.84, "process_mem_max_rss": "462952", "process_out_blocks": "0", "process_user_time": 5.0}
[0m00:34:04.426873 [debug] [Dummy-1   ]: Command `cli run` failed at 00:34:04.426640 after 7.64 seconds
[0m00:34:04.427373 [debug] [Dummy-1   ]: Flushing usage events


============================== 00:35:30.617425 | fd5245c0-ac42-4fa8-9712-8bfac4d9f310 ==============================
[0m00:35:30.617425 [info ] [Dummy-1   ]: Running with dbt=1.9.4
[0m00:35:30.618231 [debug] [Dummy-1   ]: running dbt with arguments {'printer_width': '80', 'indirect_selection': 'eager', 'log_cache_events': 'False', 'write_json': 'True', 'partial_parse': 'True', 'cache_selected_only': 'False', 'warn_error': 'None', 'debug': 'False', 'fail_fast': 'False', 'log_path': '/tmp/dbt/logs', 'profiles_dir': '/tmp/dbt_effective_profiles_jshhmfum', 'version_check': 'True', 'use_colors': 'True', 'use_experimental_parser': 'False', 'no_print': 'None', 'quiet': 'False', 'empty': 'False', 'warn_error_options': 'WarnErrorOptions(include=[], exclude=[])', 'invocation_command': 'dbt ', 'introspect': 'True', 'log_format': 'default', 'target_path': 'None', 'static_parser': 'True', 'send_anonymous_usage_stats': 'False'}
[0m00:35:30.887057 [info ] [Dummy-1   ]: Registered adapter: snowflake=1.9.2
[0m00:35:31.424980 [debug] [Dummy-1   ]: checksum: 53ed91fada2233efb98368d1716b44ab532c83a9c293cf1890b7905d5b45fb25, vars: {}, profile: , target: dev, version: 1.9.4
[0m00:35:31.707398 [debug] [Dummy-1   ]: Partial parsing enabled: 0 files deleted, 0 files added, 0 files changed.
[0m00:35:31.707961 [debug] [Dummy-1   ]: Partial parsing enabled, no changes found, skipping parsing
[0m00:35:31.851177 [debug] [Dummy-1   ]: Wrote artifact WritableManifest to /tmp/dbt/target/manifest.json
[0m00:35:31.853416 [debug] [Dummy-1   ]: Wrote artifact SemanticManifest to /tmp/dbt/target/semantic_manifest.json
[0m00:35:31.899203 [info ] [Dummy-1   ]: Found 27 models, 17 data tests, 10 sources, 477 macros
[0m00:35:31.901746 [info ] [Dummy-1   ]: 
[0m00:35:31.902424 [info ] [Dummy-1   ]: Concurrency: 4 threads (target='dev')
[0m00:35:31.903004 [info ] [Dummy-1   ]: 
[0m00:35:31.903831 [debug] [Dummy-1   ]: Acquiring new snowflake connection 'master'
[0m00:35:31.909846 [debug] [ThreadPool]: Acquiring new snowflake connection 'list_UPI_FRAUD_MONITORING'
[0m00:35:31.911816 [debug] [ThreadPool]: Acquiring new snowflake connection 'list_UPI_FRAUD_MONITORING'
[0m00:35:32.016259 [debug] [ThreadPool]: Using snowflake connection "list_UPI_FRAUD_MONITORING"
[0m00:35:32.016971 [debug] [ThreadPool]: Using snowflake connection "list_UPI_FRAUD_MONITORING"
[0m00:35:32.017463 [debug] [ThreadPool]: On list_UPI_FRAUD_MONITORING: /* {"app": "dbt", "dbt_version": "1.9.4", "profile_name": "default", "target_name": "dev", "connection_name": "list_UPI_FRAUD_MONITORING"} */
show terse schemas in database UPI_FRAUD_MONITORING
    limit 10000
[0m00:35:32.017937 [debug] [ThreadPool]: On list_UPI_FRAUD_MONITORING: /* {"app": "dbt", "dbt_version": "1.9.4", "profile_name": "default", "target_name": "dev", "connection_name": "list_UPI_FRAUD_MONITORING"} */
show terse schemas in database UPI_FRAUD_MONITORING
    limit 10000
[0m00:35:32.018364 [debug] [ThreadPool]: Opening a new connection, currently in state init
[0m00:35:32.018799 [debug] [ThreadPool]: Opening a new connection, currently in state init
[0m00:35:32.403458 [debug] [ThreadPool]: SQL status: SUCCESS 5 in 0.384 seconds
[0m00:35:32.453705 [debug] [ThreadPool]: SQL status: SUCCESS 5 in 0.435 seconds
[0m00:35:32.459008 [debug] [ThreadPool]: Re-using an available connection from the pool (formerly list_UPI_FRAUD_MONITORING, now list_UPI_FRAUD_MONITORING_STAGING_silver)
[0m00:35:32.460516 [debug] [ThreadPool]: Re-using an available connection from the pool (formerly list_UPI_FRAUD_MONITORING, now list_UPI_FRAUD_MONITORING_STAGING_transform)
[0m00:35:32.472877 [debug] [ThreadPool]: Using snowflake connection "list_UPI_FRAUD_MONITORING_STAGING_silver"
[0m00:35:32.476200 [debug] [ThreadPool]: Using snowflake connection "list_UPI_FRAUD_MONITORING_STAGING_transform"
[0m00:35:32.476783 [debug] [ThreadPool]: On list_UPI_FRAUD_MONITORING_STAGING_silver: /* {"app": "dbt", "dbt_version": "1.9.4", "profile_name": "default", "target_name": "dev", "connection_name": "list_UPI_FRAUD_MONITORING_STAGING_silver"} */
alter session set quoted_identifiers_ignore_case = false;
[0m00:35:32.477274 [debug] [ThreadPool]: On list_UPI_FRAUD_MONITORING_STAGING_transform: /* {"app": "dbt", "dbt_version": "1.9.4", "profile_name": "default", "target_name": "dev", "connection_name": "list_UPI_FRAUD_MONITORING_STAGING_transform"} */
alter session set quoted_identifiers_ignore_case = false;
[0m00:35:32.477740 [debug] [ThreadPool]: Opening a new connection, currently in state init
[0m00:35:32.478176 [debug] [ThreadPool]: Opening a new connection, currently in state init
[0m00:35:32.835733 [debug] [ThreadPool]: SQL status: SUCCESS 1 in 0.358 seconds
[0m00:35:32.840411 [debug] [ThreadPool]: Using snowflake connection "list_UPI_FRAUD_MONITORING_STAGING_silver"
[0m00:35:32.840958 [debug] [ThreadPool]: On list_UPI_FRAUD_MONITORING_STAGING_silver: /* {"app": "dbt", "dbt_version": "1.9.4", "profile_name": "default", "target_name": "dev", "connection_name": "list_UPI_FRAUD_MONITORING_STAGING_silver"} */
show objects in UPI_FRAUD_MONITORING.STAGING_silver
    limit 10000
    
;
[0m00:35:32.846807 [debug] [ThreadPool]: SQL status: SUCCESS 1 in 0.369 seconds
[0m00:35:32.848542 [debug] [ThreadPool]: Using snowflake connection "list_UPI_FRAUD_MONITORING_STAGING_transform"
[0m00:35:32.849018 [debug] [ThreadPool]: On list_UPI_FRAUD_MONITORING_STAGING_transform: /* {"app": "dbt", "dbt_version": "1.9.4", "profile_name": "default", "target_name": "dev", "connection_name": "list_UPI_FRAUD_MONITORING_STAGING_transform"} */
show objects in UPI_FRAUD_MONITORING.STAGING_transform
    limit 10000
    
;
[0m00:35:32.932461 [debug] [ThreadPool]: SQL status: SUCCESS 6 in 0.091 seconds
[0m00:35:32.934476 [debug] [ThreadPool]: Using snowflake connection "list_UPI_FRAUD_MONITORING_STAGING_silver"
[0m00:35:32.934927 [debug] [ThreadPool]: On list_UPI_FRAUD_MONITORING_STAGING_silver: /* {"app": "dbt", "dbt_version": "1.9.4", "profile_name": "default", "target_name": "dev", "connection_name": "list_UPI_FRAUD_MONITORING_STAGING_silver"} */
alter session unset quoted_identifiers_ignore_case;
[0m00:35:32.944500 [debug] [ThreadPool]: SQL status: SUCCESS 19 in 0.095 seconds
[0m00:35:32.946728 [debug] [ThreadPool]: Using snowflake connection "list_UPI_FRAUD_MONITORING_STAGING_transform"
[0m00:35:32.947225 [debug] [ThreadPool]: On list_UPI_FRAUD_MONITORING_STAGING_transform: /* {"app": "dbt", "dbt_version": "1.9.4", "profile_name": "default", "target_name": "dev", "connection_name": "list_UPI_FRAUD_MONITORING_STAGING_transform"} */
alter session unset quoted_identifiers_ignore_case;
[0m00:35:32.995446 [debug] [ThreadPool]: SQL status: SUCCESS 1 in 0.060 seconds
[0m00:35:33.000460 [debug] [ThreadPool]: SQL status: SUCCESS 1 in 0.053 seconds
[0m00:35:33.017025 [debug] [Thread-2 (]: Began running node model.UPI_Fraud_Monitoring.sl_customer
[0m00:35:33.017650 [debug] [Thread-3 (]: Began running node model.UPI_Fraud_Monitoring.v_customer
[0m00:35:33.018402 [info ] [Thread-2 (]: 1 of 2 START sql incremental model STAGING_silver.sl_customer .................. [RUN]
[0m00:35:33.019123 [info ] [Thread-3 (]: 2 of 2 START sql view model STAGING_transform.v_customer ....................... [RUN]
[0m00:35:33.019782 [debug] [Thread-2 (]: Re-using an available connection from the pool (formerly list_UPI_FRAUD_MONITORING_STAGING_silver, now model.UPI_Fraud_Monitoring.sl_customer)
[0m00:35:33.020409 [debug] [Thread-3 (]: Re-using an available connection from the pool (formerly list_UPI_FRAUD_MONITORING_STAGING_transform, now model.UPI_Fraud_Monitoring.v_customer)
[0m00:35:33.020938 [debug] [Thread-2 (]: Began compiling node model.UPI_Fraud_Monitoring.sl_customer
[0m00:35:33.021412 [debug] [Thread-3 (]: Began compiling node model.UPI_Fraud_Monitoring.v_customer
[0m00:35:33.036008 [debug] [Thread-2 (]: Writing injected SQL for node "model.UPI_Fraud_Monitoring.sl_customer"
[0m00:35:33.057718 [debug] [Thread-3 (]: Using snowflake connection "model.UPI_Fraud_Monitoring.v_customer"
[0m00:35:33.058547 [debug] [Thread-3 (]: On model.UPI_Fraud_Monitoring.v_customer: /* {"app": "dbt", "dbt_version": "1.9.4", "profile_name": "default", "target_name": "dev", "node_id": "model.UPI_Fraud_Monitoring.v_customer"} */
describe table UPI_FRAUD_MONITORING.STAGING_transform.v_raw_customer
[0m00:35:33.059103 [debug] [Thread-2 (]: Began executing node model.UPI_Fraud_Monitoring.sl_customer
[0m00:35:33.059556 [debug] [Thread-3 (]: Opening a new connection, currently in state init
[0m00:35:33.121658 [debug] [Thread-2 (]: Writing runtime sql for node "model.UPI_Fraud_Monitoring.sl_customer"
[0m00:35:33.124347 [debug] [Thread-2 (]: Using snowflake connection "model.UPI_Fraud_Monitoring.sl_customer"
[0m00:35:33.125080 [debug] [Thread-2 (]: On model.UPI_Fraud_Monitoring.sl_customer: /* {"app": "dbt", "dbt_version": "1.9.4", "profile_name": "default", "target_name": "dev", "node_id": "model.UPI_Fraud_Monitoring.sl_customer"} */
create or replace transient table UPI_FRAUD_MONITORING.STAGING_silver.sl_customer
         as
        (

with source as (
    select
        cast(CUSTOMER_ID as VARCHAR(50)) as CUSTOMER_ID,
        cast(CUSTOMER_NAME as VARCHAR(255)) as CUSTOMER_NAME,
        cast(CUSTOMER_SEGMENT as VARCHAR(50)) as CUSTOMER_SEGMENT,
        cast(KYC_STATUS as VARCHAR(30)) as KYC_STATUS,
        cast(RISK_RATING as VARCHAR(20)) as RISK_RATING,
        cast(CUSTOMER_STATUS as VARCHAR(30)) as CUSTOMER_STATUS,
        cast(CUSTOMER_SINCE as DATE) as CUSTOMER_SINCE,
        cast(CUSTOMER_TYPE as VARCHAR(50)) as CUSTOMER_TYPE,
        CREATED_LOAD_ID,
        CREATED_DATE_TIME
    from UPI_FRAUD_MONITORING.STAGING_transform.v_raw_customer
),

hashed as (
    select
        *,
        md5(
            coalesce(CUSTOMER_ID, '^') || '|' ||
            coalesce(CUSTOMER_NAME, '^') || '|' ||
            coalesce(CUSTOMER_SEGMENT, '^') || '|' ||
            coalesce(KYC_STATUS, '^') || '|' ||
            coalesce(RISK_RATING, '^') || '|' ||
            coalesce(CUSTOMER_STATUS, '^') || '|' ||
            coalesce(cast(CUSTOMER_SINCE as VARCHAR), '^') || '|' ||
            coalesce(CUSTOMER_TYPE, '^')
        ) as HASH_DIFF,
        'Y' as IS_CURRENT
    from source
)



    select * from hashed


        );
[0m00:35:33.125657 [debug] [Thread-2 (]: Opening a new connection, currently in state init
[0m00:35:33.436142 [debug] [Thread-3 (]: SQL status: SUCCESS 12 in 0.376 seconds
[0m00:35:33.438908 [debug] [Thread-3 (]: Writing injected SQL for node "model.UPI_Fraud_Monitoring.v_customer"
[0m00:35:33.439631 [debug] [Thread-3 (]: Began executing node model.UPI_Fraud_Monitoring.v_customer
[0m00:35:33.470007 [debug] [Thread-3 (]: Writing runtime sql for node "model.UPI_Fraud_Monitoring.v_customer"
[0m00:35:33.472838 [debug] [Thread-3 (]: Using snowflake connection "model.UPI_Fraud_Monitoring.v_customer"
[0m00:35:33.473487 [debug] [Thread-3 (]: On model.UPI_Fraud_Monitoring.v_customer: /* {"app": "dbt", "dbt_version": "1.9.4", "profile_name": "default", "target_name": "dev", "node_id": "model.UPI_Fraud_Monitoring.v_customer"} */
create or replace   view UPI_FRAUD_MONITORING.STAGING_transform.v_customer
  
   as (
    

    
    

    
    

    
        

        
            
            
        
    
        

        
            
            
        
    
        

        
            
            
        
    
        

        
            
            
        
    
        

        
            
            
        
    
        

        
            
            
        
    
        

        
            
            
        
    
        

        
            
            
        
    
        

        
            
            
        
    
        

        
            
            
        
    
        

        
            
            
        
    
        

        
            
            
        
    

    with cleansed as (
        select distinct
            trim(CUSTOMER_ID) as CUSTOMER_ID,
            trim(CUSTOMER_NAME) as CUSTOMER_NAME,
            trim(DOB) as DOB,
            trim(GENDER) as GENDER,
            trim(MOBILE_NUMBER) as MOBILE_NUMBER,
            trim(EMAIL_ID) as EMAIL_ID,
            trim(CUSTOMER_SEGMENT) as CUSTOMER_SEGMENT,
            trim(CUSTOMER_TYPE) as CUSTOMER_TYPE,
            trim(KYC_STATUS) as KYC_STATUS,
            trim(RISK_RATING) as RISK_RATING,
            trim(CUSTOMER_SINCE) as CUSTOMER_SINCE,
            trim(CUSTOMER_STATUS) as CUSTOMER_STATUS,
            md5(coalesce(trim(CUSTOMER_ID), '^') || '|' || coalesce(trim(CUSTOMER_NAME), '^') || '|' || coalesce(trim(DOB), '^') || '|' || coalesce(trim(GENDER), '^') || '|' || coalesce(trim(MOBILE_NUMBER), '^') || '|' || coalesce(trim(EMAIL_ID), '^') || '|' || coalesce(trim(CUSTOMER_SEGMENT), '^') || '|' || coalesce(trim(CUSTOMER_TYPE), '^') || '|' || coalesce(trim(KYC_STATUS), '^') || '|' || coalesce(trim(RISK_RATING), '^') || '|' || coalesce(trim(CUSTOMER_SINCE), '^') || '|' || coalesce(trim(CUSTOMER_STATUS), '^')) as hash_diff
        from UPI_FRAUD_MONITORING.STAGING_transform.v_raw_customer
        where CREATED_LOAD_ID is not null
    )

    select *
    from cleansed
    where CREATED_LOAD_ID = (
        select max(CREATED_LOAD_ID)
        from cleansed
    )


  );
[0m00:35:33.514118 [debug] [Thread-2 (]: Snowflake adapter: Snowflake query id: 01c71527-0002-9cb1-000e-aac2001484be
[0m00:35:33.514695 [debug] [Thread-2 (]: Snowflake adapter: Snowflake error: 000904 (42000): SQL compilation error: error line 15 at position 8
invalid identifier 'CREATED_LOAD_ID'
[0m00:35:33.518532 [debug] [Thread-2 (]: Database Error in model sl_customer (models/silver/sl_customer.sql)
  000904 (42000): SQL compilation error: error line 15 at position 8
  invalid identifier 'CREATED_LOAD_ID'
  compiled code at target/run/UPI_Fraud_Monitoring/models/silver/sl_customer.sql
[0m00:35:33.521048 [error] [Thread-2 (]: 1 of 2 ERROR creating sql incremental model STAGING_silver.sl_customer ......... [[31mERROR[0m in 0.50s]
[0m00:35:33.521740 [debug] [Thread-2 (]: Finished running node model.UPI_Fraud_Monitoring.sl_customer
[0m00:35:33.522485 [debug] [Thread-8 (]: Marking all children of 'model.UPI_Fraud_Monitoring.sl_customer' to be skipped because of status 'error'.  Reason: Database Error in model sl_customer (models/silver/sl_customer.sql)
  000904 (42000): SQL compilation error: error line 15 at position 8
  invalid identifier 'CREATED_LOAD_ID'
  compiled code at target/run/UPI_Fraud_Monitoring/models/silver/sl_customer.sql.
[0m00:35:33.560699 [debug] [Thread-3 (]: Snowflake adapter: Snowflake query id: 01c71527-0002-9cb1-000e-aac2001484c2
[0m00:35:33.561276 [debug] [Thread-3 (]: Snowflake adapter: Snowflake error: 000904 (42000): SQL compilation error: error line 114 at position 14
invalid identifier 'CREATED_LOAD_ID'
[0m00:35:33.565031 [debug] [Thread-3 (]: Database Error in model v_customer (models/bronze/views/v_customer.sql)
  000904 (42000): SQL compilation error: error line 114 at position 14
  invalid identifier 'CREATED_LOAD_ID'
  compiled code at target/run/UPI_Fraud_Monitoring/models/bronze/views/v_customer.sql
[0m00:35:33.566028 [error] [Thread-3 (]: 2 of 2 ERROR creating sql view model STAGING_transform.v_customer .............. [[31mERROR[0m in 0.55s]
[0m00:35:33.566728 [debug] [Thread-3 (]: Finished running node model.UPI_Fraud_Monitoring.v_customer
[0m00:35:33.567350 [debug] [Thread-8 (]: Marking all children of 'model.UPI_Fraud_Monitoring.v_customer' to be skipped because of status 'error'.  Reason: Database Error in model v_customer (models/bronze/views/v_customer.sql)
  000904 (42000): SQL compilation error: error line 114 at position 14
  invalid identifier 'CREATED_LOAD_ID'
  compiled code at target/run/UPI_Fraud_Monitoring/models/bronze/views/v_customer.sql.
[0m00:35:33.569917 [debug] [Dummy-1   ]: Connection 'master' was properly closed.
[0m00:35:33.570578 [debug] [Dummy-1   ]: Connection 'model.UPI_Fraud_Monitoring.v_customer' was properly closed.
[0m00:35:33.570962 [debug] [Dummy-1   ]: Connection 'model.UPI_Fraud_Monitoring.sl_customer' was properly closed.
[0m00:35:33.571384 [info ] [Dummy-1   ]: 
[0m00:35:33.571833 [info ] [Dummy-1   ]: Finished running 1 incremental model, 1 view model in 0 hours 0 minutes and 1.67 seconds (1.67s).
[0m00:35:33.572796 [debug] [Dummy-1   ]: Command end result
[0m00:35:33.603353 [debug] [Dummy-1   ]: Wrote artifact WritableManifest to /tmp/dbt/target/manifest.json
[0m00:35:33.605181 [debug] [Dummy-1   ]: Wrote artifact SemanticManifest to /tmp/dbt/target/semantic_manifest.json
[0m00:35:33.610923 [debug] [Dummy-1   ]: Wrote artifact RunExecutionResult to /tmp/dbt/target/run_results.json
[0m00:35:33.611363 [info ] [Dummy-1   ]: 
[0m00:35:33.611930 [info ] [Dummy-1   ]: [31mCompleted with 2 errors, 0 partial successes, and 0 warnings:[0m
[0m00:35:33.612421 [info ] [Dummy-1   ]: 
[0m00:35:33.612984 [error] [Dummy-1   ]:   Database Error in model sl_customer (models/silver/sl_customer.sql)
  000904 (42000): SQL compilation error: error line 15 at position 8
  invalid identifier 'CREATED_LOAD_ID'
  compiled code at target/run/UPI_Fraud_Monitoring/models/silver/sl_customer.sql
[0m00:35:33.613394 [info ] [Dummy-1   ]: 
[0m00:35:33.613891 [error] [Dummy-1   ]:   Database Error in model v_customer (models/bronze/views/v_customer.sql)
  000904 (42000): SQL compilation error: error line 114 at position 14
  invalid identifier 'CREATED_LOAD_ID'
  compiled code at target/run/UPI_Fraud_Monitoring/models/bronze/views/v_customer.sql
[0m00:35:33.614275 [info ] [Dummy-1   ]: 
[0m00:35:33.614692 [info ] [Dummy-1   ]: Done. PASS=0 WARN=0 ERROR=2 SKIP=0 TOTAL=2
[0m00:35:33.616280 [debug] [Dummy-1   ]: Resource report: {"command_name": "run", "command_success": false, "command_wall_clock_time": 3.0714967, "process_in_blocks": "0", "process_kernel_time": 0.78, "process_mem_max_rss": "457184", "process_out_blocks": "0", "process_user_time": 4.13}
[0m00:35:33.616924 [debug] [Dummy-1   ]: Command `cli run` failed at 00:35:33.616692 after 3.07 seconds
[0m00:35:33.617396 [debug] [Dummy-1   ]: Flushing usage events


============================== 00:35:58.476732 | 4c250536-3650-40e0-ad91-7ac579247af6 ==============================
[0m00:35:58.476732 [info ] [Dummy-1   ]: Running with dbt=1.9.4
[0m00:35:58.477556 [debug] [Dummy-1   ]: running dbt with arguments {'printer_width': '80', 'indirect_selection': 'eager', 'write_json': 'True', 'log_cache_events': 'False', 'partial_parse': 'True', 'cache_selected_only': 'False', 'warn_error': 'None', 'version_check': 'True', 'fail_fast': 'False', 'log_path': '/tmp/dbt/logs', 'debug': 'False', 'profiles_dir': '/tmp/dbt_effective_profiles_u5en680j', 'use_colors': 'True', 'use_experimental_parser': 'False', 'empty': 'False', 'quiet': 'False', 'no_print': 'None', 'warn_error_options': 'WarnErrorOptions(include=[], exclude=[])', 'introspect': 'True', 'static_parser': 'True', 'log_format': 'default', 'target_path': 'None', 'invocation_command': 'dbt ', 'send_anonymous_usage_stats': 'False'}
[0m00:35:58.743678 [info ] [Dummy-1   ]: Registered adapter: snowflake=1.9.2
[0m00:35:59.281276 [debug] [Dummy-1   ]: checksum: 53ed91fada2233efb98368d1716b44ab532c83a9c293cf1890b7905d5b45fb25, vars: {}, profile: , target: dev, version: 1.9.4
[0m00:35:59.543593 [debug] [Dummy-1   ]: Partial parsing enabled: 0 files deleted, 0 files added, 0 files changed.
[0m00:35:59.544149 [debug] [Dummy-1   ]: Partial parsing enabled, no changes found, skipping parsing
[0m00:35:59.685987 [debug] [Dummy-1   ]: Wrote artifact WritableManifest to /tmp/dbt/target/manifest.json
[0m00:35:59.687956 [debug] [Dummy-1   ]: Wrote artifact SemanticManifest to /tmp/dbt/target/semantic_manifest.json
[0m00:35:59.730974 [info ] [Dummy-1   ]: Found 27 models, 17 data tests, 10 sources, 477 macros
[0m00:35:59.733270 [info ] [Dummy-1   ]: 
[0m00:35:59.733834 [info ] [Dummy-1   ]: Concurrency: 4 threads (target='dev')
[0m00:35:59.734280 [info ] [Dummy-1   ]: 
[0m00:35:59.735012 [debug] [Dummy-1   ]: Acquiring new snowflake connection 'master'
[0m00:35:59.737326 [debug] [ThreadPool]: Acquiring new snowflake connection 'list_UPI_FRAUD_MONITORING'
[0m00:35:59.835854 [debug] [ThreadPool]: Using snowflake connection "list_UPI_FRAUD_MONITORING"
[0m00:35:59.836556 [debug] [ThreadPool]: On list_UPI_FRAUD_MONITORING: /* {"app": "dbt", "dbt_version": "1.9.4", "profile_name": "default", "target_name": "dev", "connection_name": "list_UPI_FRAUD_MONITORING"} */
show terse schemas in database UPI_FRAUD_MONITORING
    limit 10000
[0m00:35:59.837056 [debug] [ThreadPool]: Opening a new connection, currently in state init
[0m00:36:00.315028 [debug] [ThreadPool]: SQL status: SUCCESS 5 in 0.478 seconds
[0m00:36:00.323975 [debug] [ThreadPool]: Re-using an available connection from the pool (formerly list_UPI_FRAUD_MONITORING, now list_UPI_FRAUD_MONITORING_STAGING_silver)
[0m00:36:00.325859 [debug] [ThreadPool]: Acquiring new snowflake connection 'list_UPI_FRAUD_MONITORING_STAGING_transform'
[0m00:36:00.338349 [debug] [ThreadPool]: Using snowflake connection "list_UPI_FRAUD_MONITORING_STAGING_silver"
[0m00:36:00.341762 [debug] [ThreadPool]: Using snowflake connection "list_UPI_FRAUD_MONITORING_STAGING_transform"
[0m00:36:00.342290 [debug] [ThreadPool]: On list_UPI_FRAUD_MONITORING_STAGING_silver: /* {"app": "dbt", "dbt_version": "1.9.4", "profile_name": "default", "target_name": "dev", "connection_name": "list_UPI_FRAUD_MONITORING_STAGING_silver"} */
alter session set quoted_identifiers_ignore_case = false;
[0m00:36:00.342763 [debug] [ThreadPool]: On list_UPI_FRAUD_MONITORING_STAGING_transform: /* {"app": "dbt", "dbt_version": "1.9.4", "profile_name": "default", "target_name": "dev", "connection_name": "list_UPI_FRAUD_MONITORING_STAGING_transform"} */
alter session set quoted_identifiers_ignore_case = false;
[0m00:36:00.343195 [debug] [ThreadPool]: Opening a new connection, currently in state init
[0m00:36:00.343620 [debug] [ThreadPool]: Opening a new connection, currently in state init
[0m00:36:00.745700 [debug] [ThreadPool]: SQL status: SUCCESS 1 in 0.402 seconds
[0m00:36:00.750061 [debug] [ThreadPool]: Using snowflake connection "list_UPI_FRAUD_MONITORING_STAGING_silver"
[0m00:36:00.750569 [debug] [ThreadPool]: On list_UPI_FRAUD_MONITORING_STAGING_silver: /* {"app": "dbt", "dbt_version": "1.9.4", "profile_name": "default", "target_name": "dev", "connection_name": "list_UPI_FRAUD_MONITORING_STAGING_silver"} */
show objects in UPI_FRAUD_MONITORING.STAGING_silver
    limit 10000
    
;
[0m00:36:00.767597 [debug] [ThreadPool]: SQL status: SUCCESS 1 in 0.424 seconds
[0m00:36:00.769308 [debug] [ThreadPool]: Using snowflake connection "list_UPI_FRAUD_MONITORING_STAGING_transform"
[0m00:36:00.769984 [debug] [ThreadPool]: On list_UPI_FRAUD_MONITORING_STAGING_transform: /* {"app": "dbt", "dbt_version": "1.9.4", "profile_name": "default", "target_name": "dev", "connection_name": "list_UPI_FRAUD_MONITORING_STAGING_transform"} */
show objects in UPI_FRAUD_MONITORING.STAGING_transform
    limit 10000
    
;
[0m00:36:00.897045 [debug] [ThreadPool]: SQL status: SUCCESS 6 in 0.146 seconds
[0m00:36:00.898887 [debug] [ThreadPool]: Using snowflake connection "list_UPI_FRAUD_MONITORING_STAGING_silver"
[0m00:36:00.899331 [debug] [ThreadPool]: On list_UPI_FRAUD_MONITORING_STAGING_silver: /* {"app": "dbt", "dbt_version": "1.9.4", "profile_name": "default", "target_name": "dev", "connection_name": "list_UPI_FRAUD_MONITORING_STAGING_silver"} */
alter session unset quoted_identifiers_ignore_case;
[0m00:36:00.913815 [debug] [ThreadPool]: SQL status: SUCCESS 19 in 0.143 seconds
[0m00:36:00.915953 [debug] [ThreadPool]: Using snowflake connection "list_UPI_FRAUD_MONITORING_STAGING_transform"
[0m00:36:00.916482 [debug] [ThreadPool]: On list_UPI_FRAUD_MONITORING_STAGING_transform: /* {"app": "dbt", "dbt_version": "1.9.4", "profile_name": "default", "target_name": "dev", "connection_name": "list_UPI_FRAUD_MONITORING_STAGING_transform"} */
alter session unset quoted_identifiers_ignore_case;
[0m00:36:00.966400 [debug] [ThreadPool]: SQL status: SUCCESS 1 in 0.067 seconds
[0m00:36:00.974359 [debug] [ThreadPool]: SQL status: SUCCESS 1 in 0.057 seconds
[0m00:36:00.990261 [debug] [Thread-2 (]: Began running node model.UPI_Fraud_Monitoring.v_raw_customer
[0m00:36:00.990987 [info ] [Thread-2 (]: 1 of 1 START sql view model STAGING_transform.v_raw_customer ................... [RUN]
[0m00:36:00.991915 [debug] [Thread-2 (]: Re-using an available connection from the pool (formerly list_UPI_FRAUD_MONITORING_STAGING_silver, now model.UPI_Fraud_Monitoring.v_raw_customer)
[0m00:36:00.992491 [debug] [Thread-2 (]: Began compiling node model.UPI_Fraud_Monitoring.v_raw_customer
[0m00:36:01.012968 [debug] [Thread-2 (]: Using snowflake connection "model.UPI_Fraud_Monitoring.v_raw_customer"
[0m00:36:01.013533 [debug] [Thread-2 (]: On model.UPI_Fraud_Monitoring.v_raw_customer: /* {"app": "dbt", "dbt_version": "1.9.4", "profile_name": "default", "target_name": "dev", "node_id": "model.UPI_Fraud_Monitoring.v_raw_customer"} */
describe table UPI_FRAUD_MONITORING.STAGING.customer
[0m00:36:01.014019 [debug] [Thread-2 (]: Opening a new connection, currently in state init
[0m00:36:01.429447 [debug] [Thread-2 (]: SQL status: SUCCESS 14 in 0.415 seconds
[0m00:36:01.432312 [debug] [Thread-2 (]: Writing injected SQL for node "model.UPI_Fraud_Monitoring.v_raw_customer"
[0m00:36:01.433712 [debug] [Thread-2 (]: Began executing node model.UPI_Fraud_Monitoring.v_raw_customer
[0m00:36:01.473677 [debug] [Thread-2 (]: Writing runtime sql for node "model.UPI_Fraud_Monitoring.v_raw_customer"
[0m00:36:01.475255 [debug] [Thread-2 (]: Using snowflake connection "model.UPI_Fraud_Monitoring.v_raw_customer"
[0m00:36:01.475885 [debug] [Thread-2 (]: On model.UPI_Fraud_Monitoring.v_raw_customer: /* {"app": "dbt", "dbt_version": "1.9.4", "profile_name": "default", "target_name": "dev", "node_id": "model.UPI_Fraud_Monitoring.v_raw_customer"} */
create or replace   view UPI_FRAUD_MONITORING.STAGING_transform.v_raw_customer
  
   as (
    

    
    

    select
        
        CUSTOMER_ID,
        
        CUSTOMER_NAME,
        
        DOB,
        
        GENDER,
        
        MOBILE_NUMBER,
        
        EMAIL_ID,
        
        CUSTOMER_SEGMENT,
        
        CUSTOMER_TYPE,
        
        KYC_STATUS,
        
        RISK_RATING,
        
        CUSTOMER_SINCE,
        
        CUSTOMER_STATUS,
        
        CREATED_LOAD_ID,
        
        CREATED_DATE_TIME
        
    from UPI_FRAUD_MONITORING.STAGING.customer


  );
[0m00:36:01.777924 [debug] [Thread-2 (]: SQL status: SUCCESS 1 in 0.301 seconds
[0m00:36:01.805602 [info ] [Thread-2 (]: 1 of 1 OK created sql view model STAGING_transform.v_raw_customer .............. [[32mSUCCESS 1[0m in 0.81s]
[0m00:36:01.806423 [debug] [Thread-2 (]: Finished running node model.UPI_Fraud_Monitoring.v_raw_customer
[0m00:36:01.809418 [debug] [Dummy-1   ]: Connection 'master' was properly closed.
[0m00:36:01.809940 [debug] [Dummy-1   ]: Connection 'model.UPI_Fraud_Monitoring.v_raw_customer' was properly closed.
[0m00:36:01.810367 [debug] [Dummy-1   ]: Connection 'list_UPI_FRAUD_MONITORING_STAGING_transform' was properly closed.
[0m00:36:01.810848 [info ] [Dummy-1   ]: 
[0m00:36:01.811354 [info ] [Dummy-1   ]: Finished running 1 view model in 0 hours 0 minutes and 2.08 seconds (2.08s).
[0m00:36:01.812190 [debug] [Dummy-1   ]: Command end result
[0m00:36:01.845020 [debug] [Dummy-1   ]: Wrote artifact WritableManifest to /tmp/dbt/target/manifest.json
[0m00:36:01.847109 [debug] [Dummy-1   ]: Wrote artifact SemanticManifest to /tmp/dbt/target/semantic_manifest.json
[0m00:36:01.853115 [debug] [Dummy-1   ]: Wrote artifact RunExecutionResult to /tmp/dbt/target/run_results.json
[0m00:36:01.853596 [info ] [Dummy-1   ]: 
[0m00:36:01.854224 [info ] [Dummy-1   ]: [32mCompleted successfully[0m
[0m00:36:01.854682 [info ] [Dummy-1   ]: 
[0m00:36:01.855155 [info ] [Dummy-1   ]: Done. PASS=1 WARN=0 ERROR=0 SKIP=0 TOTAL=1
[0m00:36:01.856917 [debug] [Dummy-1   ]: Resource report: {"command_name": "run", "command_success": true, "command_wall_clock_time": 3.4511473, "process_in_blocks": "0", "process_kernel_time": 0.75, "process_mem_max_rss": "462220", "process_out_blocks": "0", "process_user_time": 4.07}
[0m00:36:01.857579 [debug] [Dummy-1   ]: Command `cli run` succeeded at 00:36:01.857321 after 3.45 seconds
[0m00:36:01.858106 [debug] [Dummy-1   ]: Flushing usage events


============================== 00:36:24.115401 | f7331cf9-5c79-43b0-bb7b-6445532af339 ==============================
[0m00:36:24.115401 [info ] [Dummy-1   ]: Running with dbt=1.9.4
[0m00:36:24.116216 [debug] [Dummy-1   ]: running dbt with arguments {'printer_width': '80', 'indirect_selection': 'eager', 'log_cache_events': 'False', 'write_json': 'True', 'partial_parse': 'True', 'cache_selected_only': 'False', 'warn_error': 'None', 'fail_fast': 'False', 'profiles_dir': '/tmp/dbt_effective_profiles_es7jh872', 'log_path': '/tmp/dbt/logs', 'debug': 'False', 'version_check': 'True', 'use_colors': 'True', 'use_experimental_parser': 'False', 'no_print': 'None', 'quiet': 'False', 'empty': 'False', 'warn_error_options': 'WarnErrorOptions(include=[], exclude=[])', 'introspect': 'True', 'log_format': 'default', 'invocation_command': 'dbt ', 'target_path': 'None', 'static_parser': 'True', 'send_anonymous_usage_stats': 'False'}
[0m00:36:24.383335 [info ] [Dummy-1   ]: Registered adapter: snowflake=1.9.2
[0m00:36:24.912276 [debug] [Dummy-1   ]: checksum: 53ed91fada2233efb98368d1716b44ab532c83a9c293cf1890b7905d5b45fb25, vars: {}, profile: , target: dev, version: 1.9.4
[0m00:36:25.205066 [debug] [Dummy-1   ]: Partial parsing enabled: 0 files deleted, 0 files added, 0 files changed.
[0m00:36:25.205646 [debug] [Dummy-1   ]: Partial parsing enabled, no changes found, skipping parsing
[0m00:36:25.347464 [debug] [Dummy-1   ]: Wrote artifact WritableManifest to /tmp/dbt/target/manifest.json
[0m00:36:25.349531 [debug] [Dummy-1   ]: Wrote artifact SemanticManifest to /tmp/dbt/target/semantic_manifest.json
[0m00:36:25.392628 [info ] [Dummy-1   ]: Found 27 models, 17 data tests, 10 sources, 477 macros
[0m00:36:25.395033 [info ] [Dummy-1   ]: 
[0m00:36:25.395634 [info ] [Dummy-1   ]: Concurrency: 4 threads (target='dev')
[0m00:36:25.396084 [info ] [Dummy-1   ]: 
[0m00:36:25.396913 [debug] [Dummy-1   ]: Acquiring new snowflake connection 'master'
[0m00:36:25.402743 [debug] [ThreadPool]: Acquiring new snowflake connection 'list_UPI_FRAUD_MONITORING'
[0m00:36:25.404678 [debug] [ThreadPool]: Acquiring new snowflake connection 'list_UPI_FRAUD_MONITORING'
[0m00:36:25.508515 [debug] [ThreadPool]: Using snowflake connection "list_UPI_FRAUD_MONITORING"
[0m00:36:25.509149 [debug] [ThreadPool]: Using snowflake connection "list_UPI_FRAUD_MONITORING"
[0m00:36:25.509674 [debug] [ThreadPool]: On list_UPI_FRAUD_MONITORING: /* {"app": "dbt", "dbt_version": "1.9.4", "profile_name": "default", "target_name": "dev", "connection_name": "list_UPI_FRAUD_MONITORING"} */
show terse schemas in database UPI_FRAUD_MONITORING
    limit 10000
[0m00:36:25.510164 [debug] [ThreadPool]: On list_UPI_FRAUD_MONITORING: /* {"app": "dbt", "dbt_version": "1.9.4", "profile_name": "default", "target_name": "dev", "connection_name": "list_UPI_FRAUD_MONITORING"} */
show terse schemas in database UPI_FRAUD_MONITORING
    limit 10000
[0m00:36:25.510594 [debug] [ThreadPool]: Opening a new connection, currently in state init
[0m00:36:25.510988 [debug] [ThreadPool]: Opening a new connection, currently in state init
[0m00:36:26.009803 [debug] [ThreadPool]: SQL status: SUCCESS 5 in 0.499 seconds
[0m00:36:26.030687 [debug] [ThreadPool]: SQL status: SUCCESS 5 in 0.520 seconds
[0m00:36:26.035951 [debug] [ThreadPool]: Re-using an available connection from the pool (formerly list_UPI_FRAUD_MONITORING, now list_UPI_FRAUD_MONITORING_STAGING_silver)
[0m00:36:26.037592 [debug] [ThreadPool]: Re-using an available connection from the pool (formerly list_UPI_FRAUD_MONITORING, now list_UPI_FRAUD_MONITORING_STAGING_transform)
[0m00:36:26.050436 [debug] [ThreadPool]: Using snowflake connection "list_UPI_FRAUD_MONITORING_STAGING_silver"
[0m00:36:26.054046 [debug] [ThreadPool]: Using snowflake connection "list_UPI_FRAUD_MONITORING_STAGING_transform"
[0m00:36:26.054597 [debug] [ThreadPool]: On list_UPI_FRAUD_MONITORING_STAGING_silver: /* {"app": "dbt", "dbt_version": "1.9.4", "profile_name": "default", "target_name": "dev", "connection_name": "list_UPI_FRAUD_MONITORING_STAGING_silver"} */
alter session set quoted_identifiers_ignore_case = false;
[0m00:36:26.055058 [debug] [ThreadPool]: On list_UPI_FRAUD_MONITORING_STAGING_transform: /* {"app": "dbt", "dbt_version": "1.9.4", "profile_name": "default", "target_name": "dev", "connection_name": "list_UPI_FRAUD_MONITORING_STAGING_transform"} */
alter session set quoted_identifiers_ignore_case = false;
[0m00:36:26.055496 [debug] [ThreadPool]: Opening a new connection, currently in state init
[0m00:36:26.055919 [debug] [ThreadPool]: Opening a new connection, currently in state init
[0m00:36:26.503798 [debug] [ThreadPool]: SQL status: SUCCESS 1 in 0.448 seconds
[0m00:36:26.504575 [debug] [ThreadPool]: SQL status: SUCCESS 1 in 0.449 seconds
[0m00:36:26.509176 [debug] [ThreadPool]: Using snowflake connection "list_UPI_FRAUD_MONITORING_STAGING_silver"
[0m00:36:26.510821 [debug] [ThreadPool]: Using snowflake connection "list_UPI_FRAUD_MONITORING_STAGING_transform"
[0m00:36:26.511339 [debug] [ThreadPool]: On list_UPI_FRAUD_MONITORING_STAGING_silver: /* {"app": "dbt", "dbt_version": "1.9.4", "profile_name": "default", "target_name": "dev", "connection_name": "list_UPI_FRAUD_MONITORING_STAGING_silver"} */
show objects in UPI_FRAUD_MONITORING.STAGING_silver
    limit 10000
    
;
[0m00:36:26.511801 [debug] [ThreadPool]: On list_UPI_FRAUD_MONITORING_STAGING_transform: /* {"app": "dbt", "dbt_version": "1.9.4", "profile_name": "default", "target_name": "dev", "connection_name": "list_UPI_FRAUD_MONITORING_STAGING_transform"} */
show objects in UPI_FRAUD_MONITORING.STAGING_transform
    limit 10000
    
;
[0m00:36:26.623825 [debug] [ThreadPool]: SQL status: SUCCESS 6 in 0.111 seconds
[0m00:36:26.625851 [debug] [ThreadPool]: Using snowflake connection "list_UPI_FRAUD_MONITORING_STAGING_silver"
[0m00:36:26.626318 [debug] [ThreadPool]: On list_UPI_FRAUD_MONITORING_STAGING_silver: /* {"app": "dbt", "dbt_version": "1.9.4", "profile_name": "default", "target_name": "dev", "connection_name": "list_UPI_FRAUD_MONITORING_STAGING_silver"} */
alter session unset quoted_identifiers_ignore_case;
[0m00:36:26.636962 [debug] [ThreadPool]: SQL status: SUCCESS 19 in 0.124 seconds
[0m00:36:26.639049 [debug] [ThreadPool]: Using snowflake connection "list_UPI_FRAUD_MONITORING_STAGING_transform"
[0m00:36:26.639529 [debug] [ThreadPool]: On list_UPI_FRAUD_MONITORING_STAGING_transform: /* {"app": "dbt", "dbt_version": "1.9.4", "profile_name": "default", "target_name": "dev", "connection_name": "list_UPI_FRAUD_MONITORING_STAGING_transform"} */
alter session unset quoted_identifiers_ignore_case;
[0m00:36:26.693168 [debug] [ThreadPool]: SQL status: SUCCESS 1 in 0.066 seconds
[0m00:36:26.703736 [debug] [ThreadPool]: SQL status: SUCCESS 1 in 0.064 seconds
[0m00:36:26.720786 [debug] [Thread-2 (]: Began running node model.UPI_Fraud_Monitoring.sl_customer
[0m00:36:26.721389 [debug] [Thread-3 (]: Began running node model.UPI_Fraud_Monitoring.v_customer
[0m00:36:26.722103 [info ] [Thread-2 (]: 1 of 2 START sql incremental model STAGING_silver.sl_customer .................. [RUN]
[0m00:36:26.722737 [info ] [Thread-3 (]: 2 of 2 START sql view model STAGING_transform.v_customer ....................... [RUN]
[0m00:36:26.723399 [debug] [Thread-2 (]: Re-using an available connection from the pool (formerly list_UPI_FRAUD_MONITORING_STAGING_silver, now model.UPI_Fraud_Monitoring.sl_customer)
[0m00:36:26.723968 [debug] [Thread-3 (]: Re-using an available connection from the pool (formerly list_UPI_FRAUD_MONITORING_STAGING_transform, now model.UPI_Fraud_Monitoring.v_customer)
[0m00:36:26.724558 [debug] [Thread-2 (]: Began compiling node model.UPI_Fraud_Monitoring.sl_customer
[0m00:36:26.725062 [debug] [Thread-3 (]: Began compiling node model.UPI_Fraud_Monitoring.v_customer
[0m00:36:26.739514 [debug] [Thread-2 (]: Writing injected SQL for node "model.UPI_Fraud_Monitoring.sl_customer"
[0m00:36:26.761172 [debug] [Thread-3 (]: Using snowflake connection "model.UPI_Fraud_Monitoring.v_customer"
[0m00:36:26.762022 [debug] [Thread-3 (]: On model.UPI_Fraud_Monitoring.v_customer: /* {"app": "dbt", "dbt_version": "1.9.4", "profile_name": "default", "target_name": "dev", "node_id": "model.UPI_Fraud_Monitoring.v_customer"} */
describe table UPI_FRAUD_MONITORING.STAGING_transform.v_raw_customer
[0m00:36:26.762679 [debug] [Thread-2 (]: Began executing node model.UPI_Fraud_Monitoring.sl_customer
[0m00:36:26.763192 [debug] [Thread-3 (]: Opening a new connection, currently in state init
[0m00:36:26.824635 [debug] [Thread-2 (]: Writing runtime sql for node "model.UPI_Fraud_Monitoring.sl_customer"
[0m00:36:26.827274 [debug] [Thread-2 (]: Using snowflake connection "model.UPI_Fraud_Monitoring.sl_customer"
[0m00:36:26.827914 [debug] [Thread-2 (]: On model.UPI_Fraud_Monitoring.sl_customer: /* {"app": "dbt", "dbt_version": "1.9.4", "profile_name": "default", "target_name": "dev", "node_id": "model.UPI_Fraud_Monitoring.sl_customer"} */
create or replace transient table UPI_FRAUD_MONITORING.STAGING_silver.sl_customer
         as
        (

with source as (
    select
        cast(CUSTOMER_ID as VARCHAR(50)) as CUSTOMER_ID,
        cast(CUSTOMER_NAME as VARCHAR(255)) as CUSTOMER_NAME,
        cast(CUSTOMER_SEGMENT as VARCHAR(50)) as CUSTOMER_SEGMENT,
        cast(KYC_STATUS as VARCHAR(30)) as KYC_STATUS,
        cast(RISK_RATING as VARCHAR(20)) as RISK_RATING,
        cast(CUSTOMER_STATUS as VARCHAR(30)) as CUSTOMER_STATUS,
        cast(CUSTOMER_SINCE as DATE) as CUSTOMER_SINCE,
        cast(CUSTOMER_TYPE as VARCHAR(50)) as CUSTOMER_TYPE,
        CREATED_LOAD_ID,
        CREATED_DATE_TIME
    from UPI_FRAUD_MONITORING.STAGING_transform.v_raw_customer
),

hashed as (
    select
        *,
        md5(
            coalesce(CUSTOMER_ID, '^') || '|' ||
            coalesce(CUSTOMER_NAME, '^') || '|' ||
            coalesce(CUSTOMER_SEGMENT, '^') || '|' ||
            coalesce(KYC_STATUS, '^') || '|' ||
            coalesce(RISK_RATING, '^') || '|' ||
            coalesce(CUSTOMER_STATUS, '^') || '|' ||
            coalesce(cast(CUSTOMER_SINCE as VARCHAR), '^') || '|' ||
            coalesce(CUSTOMER_TYPE, '^')
        ) as HASH_DIFF,
        'Y' as IS_CURRENT
    from source
)



    select * from hashed


        );
[0m00:36:26.828541 [debug] [Thread-2 (]: Opening a new connection, currently in state init
[0m00:36:27.201780 [debug] [Thread-3 (]: SQL status: SUCCESS 14 in 0.438 seconds
[0m00:36:27.204655 [debug] [Thread-3 (]: Writing injected SQL for node "model.UPI_Fraud_Monitoring.v_customer"
[0m00:36:27.205395 [debug] [Thread-3 (]: Began executing node model.UPI_Fraud_Monitoring.v_customer
[0m00:36:27.235716 [debug] [Thread-3 (]: Writing runtime sql for node "model.UPI_Fraud_Monitoring.v_customer"
[0m00:36:27.238704 [debug] [Thread-3 (]: Using snowflake connection "model.UPI_Fraud_Monitoring.v_customer"
[0m00:36:27.239378 [debug] [Thread-3 (]: On model.UPI_Fraud_Monitoring.v_customer: /* {"app": "dbt", "dbt_version": "1.9.4", "profile_name": "default", "target_name": "dev", "node_id": "model.UPI_Fraud_Monitoring.v_customer"} */
create or replace   view UPI_FRAUD_MONITORING.STAGING_transform.v_customer
  
   as (
    

    
    

    
    

    
        

        
            
            
        
    
        

        
            
            
        
    
        

        
            
            
        
    
        

        
            
            
        
    
        

        
            
            
        
    
        

        
            
            
        
    
        

        
            
            
        
    
        

        
            
            
        
    
        

        
            
            
        
    
        

        
            
            
        
    
        

        
            
            
        
    
        

        
            
            
        
    
        

        
            
            
        
    
        

        
            
            
        
    

    with cleansed as (
        select distinct
            trim(CUSTOMER_ID) as CUSTOMER_ID,
            trim(CUSTOMER_NAME) as CUSTOMER_NAME,
            trim(DOB) as DOB,
            trim(GENDER) as GENDER,
            trim(MOBILE_NUMBER) as MOBILE_NUMBER,
            trim(EMAIL_ID) as EMAIL_ID,
            trim(CUSTOMER_SEGMENT) as CUSTOMER_SEGMENT,
            trim(CUSTOMER_TYPE) as CUSTOMER_TYPE,
            trim(KYC_STATUS) as KYC_STATUS,
            trim(RISK_RATING) as RISK_RATING,
            trim(CUSTOMER_SINCE) as CUSTOMER_SINCE,
            trim(CUSTOMER_STATUS) as CUSTOMER_STATUS,
            trim(CREATED_LOAD_ID) as CREATED_LOAD_ID,
            CREATED_DATE_TIME,
            md5(coalesce(trim(CUSTOMER_ID), '^') || '|' || coalesce(trim(CUSTOMER_NAME), '^') || '|' || coalesce(trim(DOB), '^') || '|' || coalesce(trim(GENDER), '^') || '|' || coalesce(trim(MOBILE_NUMBER), '^') || '|' || coalesce(trim(EMAIL_ID), '^') || '|' || coalesce(trim(CUSTOMER_SEGMENT), '^') || '|' || coalesce(trim(CUSTOMER_TYPE), '^') || '|' || coalesce(trim(KYC_STATUS), '^') || '|' || coalesce(trim(RISK_RATING), '^') || '|' || coalesce(trim(CUSTOMER_SINCE), '^') || '|' || coalesce(trim(CUSTOMER_STATUS), '^') || '|' || coalesce(trim(CREATED_LOAD_ID), '^') || '|' || coalesce(CREATED_DATE_TIME::string, '^')) as hash_diff
        from UPI_FRAUD_MONITORING.STAGING_transform.v_raw_customer
        where CREATED_LOAD_ID is not null
    )

    select *
    from cleansed
    where CREATED_LOAD_ID = (
        select max(CREATED_LOAD_ID)
        from cleansed
    )


  );
[0m00:36:27.448167 [debug] [Thread-3 (]: SQL status: SUCCESS 1 in 0.208 seconds
[0m00:36:27.469608 [info ] [Thread-3 (]: 2 of 2 OK created sql view model STAGING_transform.v_customer .................. [[32mSUCCESS 1[0m in 0.74s]
[0m00:36:27.470376 [debug] [Thread-3 (]: Finished running node model.UPI_Fraud_Monitoring.v_customer
[0m00:36:27.791379 [debug] [Thread-2 (]: SQL status: SUCCESS 1 in 0.963 seconds
[0m00:36:27.802224 [debug] [Thread-2 (]: Applying DROP to: UPI_FRAUD_MONITORING.STAGING_silver.sl_customer__dbt_tmp
[0m00:36:27.817252 [debug] [Thread-2 (]: Using snowflake connection "model.UPI_Fraud_Monitoring.sl_customer"
[0m00:36:27.817837 [debug] [Thread-2 (]: On model.UPI_Fraud_Monitoring.sl_customer: /* {"app": "dbt", "dbt_version": "1.9.4", "profile_name": "default", "target_name": "dev", "node_id": "model.UPI_Fraud_Monitoring.sl_customer"} */
drop view if exists UPI_FRAUD_MONITORING.STAGING_silver.sl_customer__dbt_tmp cascade
[0m00:36:27.881029 [debug] [Thread-2 (]: SQL status: SUCCESS 1 in 0.063 seconds
[0m00:36:27.883808 [debug] [Thread-2 (]: Using snowflake connection "model.UPI_Fraud_Monitoring.sl_customer"
[0m00:36:27.884438 [debug] [Thread-2 (]: On model.UPI_Fraud_Monitoring.sl_customer: /* {"app": "dbt", "dbt_version": "1.9.4", "profile_name": "default", "target_name": "dev", "node_id": "model.UPI_Fraud_Monitoring.sl_customer"} */
UPDATE UPI_FRAUD_MONITORING.STAGING_silver.sl_customer t
             SET t.IS_CURRENT = 'N'
             WHERE t.IS_CURRENT = 'Y'
               AND t.CUSTOMER_ID IN (
                   SELECT s.CUSTOMER_ID FROM UPI_FRAUD_MONITORING.STAGING_silver.sl_customer s
                   WHERE s.IS_CURRENT = 'Y'
                   GROUP BY s.CUSTOMER_ID HAVING COUNT(*) > 1
               )
               AND t.CREATED_DATE_TIME < (
                   SELECT MAX(s2.CREATED_DATE_TIME) FROM UPI_FRAUD_MONITORING.STAGING_silver.sl_customer s2
                   WHERE s2.CUSTOMER_ID = t.CUSTOMER_ID AND s2.IS_CURRENT = 'Y'
               )
[0m00:36:28.070699 [debug] [Thread-2 (]: SQL status: SUCCESS 0 in 0.186 seconds
[0m00:36:28.073409 [info ] [Thread-2 (]: 1 of 2 OK created sql incremental model STAGING_silver.sl_customer ............. [[32mSUCCESS 1[0m in 1.35s]
[0m00:36:28.074137 [debug] [Thread-2 (]: Finished running node model.UPI_Fraud_Monitoring.sl_customer
[0m00:36:28.077141 [debug] [Dummy-1   ]: Connection 'master' was properly closed.
[0m00:36:28.077806 [debug] [Dummy-1   ]: Connection 'model.UPI_Fraud_Monitoring.sl_customer' was properly closed.
[0m00:36:28.078236 [debug] [Dummy-1   ]: Connection 'model.UPI_Fraud_Monitoring.v_customer' was properly closed.
[0m00:36:28.078698 [info ] [Dummy-1   ]: 
[0m00:36:28.079207 [info ] [Dummy-1   ]: Finished running 1 incremental model, 1 view model in 0 hours 0 minutes and 2.68 seconds (2.68s).
[0m00:36:28.080122 [debug] [Dummy-1   ]: Command end result
[0m00:36:28.111152 [debug] [Dummy-1   ]: Wrote artifact WritableManifest to /tmp/dbt/target/manifest.json
[0m00:36:28.112951 [debug] [Dummy-1   ]: Wrote artifact SemanticManifest to /tmp/dbt/target/semantic_manifest.json
[0m00:36:28.118658 [debug] [Dummy-1   ]: Wrote artifact RunExecutionResult to /tmp/dbt/target/run_results.json
[0m00:36:28.119102 [info ] [Dummy-1   ]: 
[0m00:36:28.119696 [info ] [Dummy-1   ]: [32mCompleted successfully[0m
[0m00:36:28.120121 [info ] [Dummy-1   ]: 
[0m00:36:28.120675 [info ] [Dummy-1   ]: Done. PASS=2 WARN=0 ERROR=0 SKIP=0 TOTAL=2
[0m00:36:28.122201 [debug] [Dummy-1   ]: Resource report: {"command_name": "run", "command_success": true, "command_wall_clock_time": 4.079643, "process_in_blocks": "0", "process_kernel_time": 0.9, "process_mem_max_rss": "464720", "process_out_blocks": "0", "process_user_time": 4.09}
[0m00:36:28.122788 [debug] [Dummy-1   ]: Command `cli run` succeeded at 00:36:28.122551 after 4.08 seconds
[0m00:36:28.123273 [debug] [Dummy-1   ]: Flushing usage events


============================== 00:49:53.244633 | 00c2a898-10ff-4404-adce-d750df0a7b53 ==============================
[0m00:49:53.244633 [info ] [Dummy-1   ]: Running with dbt=1.9.4
[0m00:49:53.245474 [debug] [Dummy-1   ]: running dbt with arguments {'printer_width': '80', 'indirect_selection': 'eager', 'write_json': 'True', 'log_cache_events': 'False', 'partial_parse': 'True', 'cache_selected_only': 'False', 'profiles_dir': '/tmp/dbt_effective_profiles_xy10z_hx', 'fail_fast': 'False', 'debug': 'False', 'log_path': '/tmp/dbt/logs', 'version_check': 'True', 'warn_error': 'None', 'use_colors': 'True', 'use_experimental_parser': 'False', 'empty': 'False', 'quiet': 'False', 'no_print': 'None', 'log_format': 'default', 'static_parser': 'True', 'introspect': 'True', 'invocation_command': 'dbt ', 'target_path': 'None', 'warn_error_options': 'WarnErrorOptions(include=[], exclude=[])', 'send_anonymous_usage_stats': 'False'}
[0m00:49:53.513231 [info ] [Dummy-1   ]: Registered adapter: snowflake=1.9.2
[0m00:49:54.059554 [debug] [Dummy-1   ]: checksum: 53ed91fada2233efb98368d1716b44ab532c83a9c293cf1890b7905d5b45fb25, vars: {}, profile: , target: dev, version: 1.9.4
[0m00:49:54.282726 [info ] [Dummy-1   ]: Unable to do partial parsing because a project config has changed
[0m00:49:56.028946 [debug] [Dummy-1   ]: Wrote artifact WritableManifest to /tmp/dbt/target/manifest.json
[0m00:49:56.030986 [debug] [Dummy-1   ]: Wrote artifact SemanticManifest to /tmp/dbt/target/semantic_manifest.json
[0m00:49:56.072613 [info ] [Dummy-1   ]: Found 27 models, 17 data tests, 10 sources, 478 macros
[0m00:49:56.075778 [info ] [Dummy-1   ]: 
[0m00:49:56.076293 [info ] [Dummy-1   ]: Concurrency: 4 threads (target='dev')
[0m00:49:56.076829 [info ] [Dummy-1   ]: 
[0m00:49:56.077530 [debug] [Dummy-1   ]: Acquiring new snowflake connection 'master'
[0m00:49:56.084922 [debug] [ThreadPool]: Acquiring new snowflake connection 'list_UPI_FRAUD_MONITORING'
[0m00:49:56.166331 [debug] [ThreadPool]: Using snowflake connection "list_UPI_FRAUD_MONITORING"
[0m00:49:56.166866 [debug] [ThreadPool]: On list_UPI_FRAUD_MONITORING: /* {"app": "dbt", "dbt_version": "1.9.4", "profile_name": "default", "target_name": "dev", "connection_name": "list_UPI_FRAUD_MONITORING"} */
show terse schemas in database UPI_FRAUD_MONITORING
    limit 10000
[0m00:49:56.167284 [debug] [ThreadPool]: Opening a new connection, currently in state init
[0m00:49:56.507480 [debug] [ThreadPool]: SQL status: SUCCESS 6 in 0.340 seconds
[0m00:49:56.512914 [debug] [ThreadPool]: Re-using an available connection from the pool (formerly list_UPI_FRAUD_MONITORING, now list_UPI_FRAUD_MONITORING_TRANSFORM)
[0m00:49:56.525077 [debug] [ThreadPool]: Using snowflake connection "list_UPI_FRAUD_MONITORING_TRANSFORM"
[0m00:49:56.525590 [debug] [ThreadPool]: On list_UPI_FRAUD_MONITORING_TRANSFORM: /* {"app": "dbt", "dbt_version": "1.9.4", "profile_name": "default", "target_name": "dev", "connection_name": "list_UPI_FRAUD_MONITORING_TRANSFORM"} */
alter session set quoted_identifiers_ignore_case = false;
[0m00:49:56.526017 [debug] [ThreadPool]: Opening a new connection, currently in state init
[0m00:49:56.881141 [debug] [ThreadPool]: SQL status: SUCCESS 1 in 0.355 seconds
[0m00:49:56.885530 [debug] [ThreadPool]: Using snowflake connection "list_UPI_FRAUD_MONITORING_TRANSFORM"
[0m00:49:56.886005 [debug] [ThreadPool]: On list_UPI_FRAUD_MONITORING_TRANSFORM: /* {"app": "dbt", "dbt_version": "1.9.4", "profile_name": "default", "target_name": "dev", "connection_name": "list_UPI_FRAUD_MONITORING_TRANSFORM"} */
show objects in UPI_FRAUD_MONITORING.TRANSFORM
    limit 10000
    
;
[0m00:49:56.964567 [debug] [ThreadPool]: SQL status: SUCCESS 0 in 0.078 seconds
[0m00:49:56.966420 [debug] [ThreadPool]: Using snowflake connection "list_UPI_FRAUD_MONITORING_TRANSFORM"
[0m00:49:56.966884 [debug] [ThreadPool]: On list_UPI_FRAUD_MONITORING_TRANSFORM: /* {"app": "dbt", "dbt_version": "1.9.4", "profile_name": "default", "target_name": "dev", "connection_name": "list_UPI_FRAUD_MONITORING_TRANSFORM"} */
alter session unset quoted_identifiers_ignore_case;
[0m00:49:57.013779 [debug] [ThreadPool]: SQL status: SUCCESS 1 in 0.046 seconds
[0m00:49:57.026502 [debug] [Thread-2 (]: Began running node model.UPI_Fraud_Monitoring.v_raw_account
[0m00:49:57.027116 [debug] [Thread-3 (]: Began running node model.UPI_Fraud_Monitoring.v_raw_beneficiary
[0m00:49:57.027698 [debug] [Thread-4 (]: Began running node model.UPI_Fraud_Monitoring.v_raw_collect_request
[0m00:49:57.028429 [debug] [Thread-5 (]: Began running node model.UPI_Fraud_Monitoring.v_raw_customer
[0m00:49:57.029126 [info ] [Thread-2 (]: 1 of 27 START sql view model TRANSFORM.v_raw_account ........................... [RUN]
[0m00:49:57.029797 [info ] [Thread-3 (]: 2 of 27 START sql view model TRANSFORM.v_raw_beneficiary ....................... [RUN]
[0m00:49:57.030470 [info ] [Thread-4 (]: 3 of 27 START sql view model TRANSFORM.v_raw_collect_request ................... [RUN]
[0m00:49:57.031137 [info ] [Thread-5 (]: 4 of 27 START sql view model TRANSFORM.v_raw_customer .......................... [RUN]
[0m00:49:57.031789 [debug] [Thread-2 (]: Re-using an available connection from the pool (formerly list_UPI_FRAUD_MONITORING_TRANSFORM, now model.UPI_Fraud_Monitoring.v_raw_account)
[0m00:49:57.032487 [debug] [Thread-3 (]: Acquiring new snowflake connection 'model.UPI_Fraud_Monitoring.v_raw_beneficiary'
[0m00:49:57.033119 [debug] [Thread-4 (]: Acquiring new snowflake connection 'model.UPI_Fraud_Monitoring.v_raw_collect_request'
[0m00:49:57.033723 [debug] [Thread-5 (]: Acquiring new snowflake connection 'model.UPI_Fraud_Monitoring.v_raw_customer'
[0m00:49:57.034246 [debug] [Thread-2 (]: Began compiling node model.UPI_Fraud_Monitoring.v_raw_account
[0m00:49:57.034755 [debug] [Thread-3 (]: Began compiling node model.UPI_Fraud_Monitoring.v_raw_beneficiary
[0m00:49:57.035279 [debug] [Thread-4 (]: Began compiling node model.UPI_Fraud_Monitoring.v_raw_collect_request
[0m00:49:57.035762 [debug] [Thread-5 (]: Began compiling node model.UPI_Fraud_Monitoring.v_raw_customer
[0m00:49:57.053228 [debug] [Thread-2 (]: Using snowflake connection "model.UPI_Fraud_Monitoring.v_raw_account"
[0m00:49:57.059959 [debug] [Thread-3 (]: Using snowflake connection "model.UPI_Fraud_Monitoring.v_raw_beneficiary"
[0m00:49:57.067612 [debug] [Thread-4 (]: Using snowflake connection "model.UPI_Fraud_Monitoring.v_raw_collect_request"
[0m00:49:57.074405 [debug] [Thread-5 (]: Using snowflake connection "model.UPI_Fraud_Monitoring.v_raw_customer"
[0m00:49:57.074988 [debug] [Thread-2 (]: On model.UPI_Fraud_Monitoring.v_raw_account: /* {"app": "dbt", "dbt_version": "1.9.4", "profile_name": "default", "target_name": "dev", "node_id": "model.UPI_Fraud_Monitoring.v_raw_account"} */
describe table UPI_FRAUD_MONITORING.STAGING.account
[0m00:49:57.075523 [debug] [Thread-3 (]: On model.UPI_Fraud_Monitoring.v_raw_beneficiary: /* {"app": "dbt", "dbt_version": "1.9.4", "profile_name": "default", "target_name": "dev", "node_id": "model.UPI_Fraud_Monitoring.v_raw_beneficiary"} */
describe table UPI_FRAUD_MONITORING.STAGING.beneficiary
[0m00:49:57.076043 [debug] [Thread-4 (]: On model.UPI_Fraud_Monitoring.v_raw_collect_request: /* {"app": "dbt", "dbt_version": "1.9.4", "profile_name": "default", "target_name": "dev", "node_id": "model.UPI_Fraud_Monitoring.v_raw_collect_request"} */
describe table UPI_FRAUD_MONITORING.STAGING.collect_request
[0m00:49:57.076656 [debug] [Thread-5 (]: On model.UPI_Fraud_Monitoring.v_raw_customer: /* {"app": "dbt", "dbt_version": "1.9.4", "profile_name": "default", "target_name": "dev", "node_id": "model.UPI_Fraud_Monitoring.v_raw_customer"} */
describe table UPI_FRAUD_MONITORING.STAGING.customer
[0m00:49:57.077174 [debug] [Thread-2 (]: Opening a new connection, currently in state init
[0m00:49:57.077652 [debug] [Thread-3 (]: Opening a new connection, currently in state init
[0m00:49:57.078136 [debug] [Thread-4 (]: Opening a new connection, currently in state init
[0m00:49:57.078619 [debug] [Thread-5 (]: Opening a new connection, currently in state init
[0m00:49:57.438126 [debug] [Thread-3 (]: SQL status: SUCCESS 9 in 0.360 seconds
[0m00:49:57.440773 [debug] [Thread-3 (]: Writing injected SQL for node "model.UPI_Fraud_Monitoring.v_raw_beneficiary"
[0m00:49:57.441590 [debug] [Thread-5 (]: SQL status: SUCCESS 14 in 0.363 seconds
[0m00:49:57.444121 [debug] [Thread-5 (]: Writing injected SQL for node "model.UPI_Fraud_Monitoring.v_raw_customer"
[0m00:49:57.444853 [debug] [Thread-3 (]: Began executing node model.UPI_Fraud_Monitoring.v_raw_beneficiary
[0m00:49:57.457170 [debug] [Thread-4 (]: SQL status: SUCCESS 7 in 0.379 seconds
[0m00:49:57.457685 [debug] [Thread-5 (]: Began executing node model.UPI_Fraud_Monitoring.v_raw_customer
[0m00:49:57.458399 [debug] [Thread-2 (]: SQL status: SUCCESS 12 in 0.381 seconds
[0m00:49:57.487163 [debug] [Thread-3 (]: Writing runtime sql for node "model.UPI_Fraud_Monitoring.v_raw_beneficiary"
[0m00:49:57.489199 [debug] [Thread-4 (]: Writing injected SQL for node "model.UPI_Fraud_Monitoring.v_raw_collect_request"
[0m00:49:57.493123 [debug] [Thread-5 (]: Writing runtime sql for node "model.UPI_Fraud_Monitoring.v_raw_customer"
[0m00:49:57.495211 [debug] [Thread-2 (]: Writing injected SQL for node "model.UPI_Fraud_Monitoring.v_raw_account"
[0m00:49:57.496748 [debug] [Thread-3 (]: Using snowflake connection "model.UPI_Fraud_Monitoring.v_raw_beneficiary"
[0m00:49:57.497632 [debug] [Thread-4 (]: Began executing node model.UPI_Fraud_Monitoring.v_raw_collect_request
[0m00:49:57.499000 [debug] [Thread-5 (]: Using snowflake connection "model.UPI_Fraud_Monitoring.v_raw_customer"
[0m00:49:57.499692 [debug] [Thread-3 (]: On model.UPI_Fraud_Monitoring.v_raw_beneficiary: /* {"app": "dbt", "dbt_version": "1.9.4", "profile_name": "default", "target_name": "dev", "node_id": "model.UPI_Fraud_Monitoring.v_raw_beneficiary"} */
create or replace   view UPI_FRAUD_MONITORING.TRANSFORM.v_raw_beneficiary
  
   as (
    

    
    

    select
        
        BENEFICIARY_ID,
        
        CUSTOMER_ID,
        
        BENEFICIARY_NAME,
        
        BENEFICIARY_VPA,
        
        BENEFICIARY_CREATED_DATE,
        
        BANK_NAME,
        
        RISK_RATING,
        
        CREATED_LOAD_ID,
        
        CREATED_DATE_TIME
        
    from UPI_FRAUD_MONITORING.STAGING.beneficiary


  );
[0m00:49:57.500306 [debug] [Thread-2 (]: Began executing node model.UPI_Fraud_Monitoring.v_raw_account
[0m00:49:57.504139 [debug] [Thread-4 (]: Writing runtime sql for node "model.UPI_Fraud_Monitoring.v_raw_collect_request"
[0m00:49:57.504776 [debug] [Thread-5 (]: On model.UPI_Fraud_Monitoring.v_raw_customer: /* {"app": "dbt", "dbt_version": "1.9.4", "profile_name": "default", "target_name": "dev", "node_id": "model.UPI_Fraud_Monitoring.v_raw_customer"} */
create or replace   view UPI_FRAUD_MONITORING.TRANSFORM.v_raw_customer
  
   as (
    

    
    

    select
        
        CUSTOMER_ID,
        
        CUSTOMER_NAME,
        
        DOB,
        
        GENDER,
        
        MOBILE_NUMBER,
        
        EMAIL_ID,
        
        CUSTOMER_SEGMENT,
        
        CUSTOMER_TYPE,
        
        KYC_STATUS,
        
        RISK_RATING,
        
        CUSTOMER_SINCE,
        
        CUSTOMER_STATUS,
        
        CREATED_LOAD_ID,
        
        CREATED_DATE_TIME
        
    from UPI_FRAUD_MONITORING.STAGING.customer


  );
[0m00:49:57.508818 [debug] [Thread-2 (]: Writing runtime sql for node "model.UPI_Fraud_Monitoring.v_raw_account"
[0m00:49:57.510152 [debug] [Thread-4 (]: Using snowflake connection "model.UPI_Fraud_Monitoring.v_raw_collect_request"
[0m00:49:57.511162 [debug] [Thread-4 (]: On model.UPI_Fraud_Monitoring.v_raw_collect_request: /* {"app": "dbt", "dbt_version": "1.9.4", "profile_name": "default", "target_name": "dev", "node_id": "model.UPI_Fraud_Monitoring.v_raw_collect_request"} */
create or replace   view UPI_FRAUD_MONITORING.TRANSFORM.v_raw_collect_request
  
   as (
    

    
    

    select
        
        COLLECT_REQUEST_ID,
        
        CUSTOMER_ID,
        
        REQUEST_AMOUNT,
        
        REQUEST_TIME,
        
        REQUEST_STATUS,
        
        CREATED_LOAD_ID,
        
        CREATED_DATE_TIME
        
    from UPI_FRAUD_MONITORING.STAGING.collect_request


  );
[0m00:49:57.512264 [debug] [Thread-2 (]: Using snowflake connection "model.UPI_Fraud_Monitoring.v_raw_account"
[0m00:49:57.513111 [debug] [Thread-2 (]: On model.UPI_Fraud_Monitoring.v_raw_account: /* {"app": "dbt", "dbt_version": "1.9.4", "profile_name": "default", "target_name": "dev", "node_id": "model.UPI_Fraud_Monitoring.v_raw_account"} */
create or replace   view UPI_FRAUD_MONITORING.TRANSFORM.v_raw_account
  
   as (
    

    
    

    select
        
        ACCOUNT_ID,
        
        CUSTOMER_ID,
        
        ACCOUNT_NUMBER,
        
        ACCOUNT_TYPE,
        
        BRANCH_CODE,
        
        IFSC_CODE,
        
        OPEN_DATE,
        
        ACCOUNT_STATUS,
        
        CURRENT_BALANCE,
        
        AVAILABLE_BALANCE,
        
        CREATED_LOAD_ID,
        
        CREATED_DATE_TIME
        
    from UPI_FRAUD_MONITORING.STAGING.account


  );
[0m00:49:57.669466 [debug] [Thread-4 (]: SQL status: SUCCESS 1 in 0.156 seconds
[0m00:49:57.677981 [debug] [Thread-3 (]: SQL status: SUCCESS 1 in 0.173 seconds
[0m00:49:57.678762 [debug] [Thread-5 (]: SQL status: SUCCESS 1 in 0.169 seconds
[0m00:49:57.689635 [debug] [Thread-2 (]: SQL status: SUCCESS 1 in 0.176 seconds
[0m00:49:57.700468 [info ] [Thread-4 (]: 3 of 27 OK created sql view model TRANSFORM.v_raw_collect_request .............. [[32mSUCCESS 1[0m in 0.66s]
[0m00:49:57.701249 [info ] [Thread-3 (]: 2 of 27 OK created sql view model TRANSFORM.v_raw_beneficiary .................. [[32mSUCCESS 1[0m in 0.66s]
[0m00:49:57.701970 [info ] [Thread-5 (]: 4 of 27 OK created sql view model TRANSFORM.v_raw_customer ..................... [[32mSUCCESS 1[0m in 0.66s]
[0m00:49:57.702728 [info ] [Thread-2 (]: 1 of 27 OK created sql view model TRANSFORM.v_raw_account ...................... [[32mSUCCESS 1[0m in 0.67s]
[0m00:49:57.703482 [debug] [Thread-4 (]: Finished running node model.UPI_Fraud_Monitoring.v_raw_collect_request
[0m00:49:57.704185 [debug] [Thread-3 (]: Finished running node model.UPI_Fraud_Monitoring.v_raw_beneficiary
[0m00:49:57.704926 [debug] [Thread-5 (]: Finished running node model.UPI_Fraud_Monitoring.v_raw_customer
[0m00:49:57.705568 [debug] [Thread-2 (]: Finished running node model.UPI_Fraud_Monitoring.v_raw_account
[0m00:49:57.706171 [debug] [Thread-4 (]: Began running node model.UPI_Fraud_Monitoring.v_raw_device_registry
[0m00:49:57.707015 [debug] [Thread-3 (]: Began running node model.UPI_Fraud_Monitoring.v_raw_login_activity
[0m00:49:57.707780 [debug] [Thread-5 (]: Began running node model.UPI_Fraud_Monitoring.v_raw_merchant
[0m00:49:57.708680 [debug] [Thread-2 (]: Began running node model.UPI_Fraud_Monitoring.v_raw_password_change
[0m00:49:57.709487 [info ] [Thread-4 (]: 5 of 27 START sql view model TRANSFORM.v_raw_device_registry ................... [RUN]
[0m00:49:57.710144 [info ] [Thread-3 (]: 6 of 27 START sql view model TRANSFORM.v_raw_login_activity .................... [RUN]
[0m00:49:57.710767 [info ] [Thread-5 (]: 7 of 27 START sql view model TRANSFORM.v_raw_merchant .......................... [RUN]
[0m00:49:57.711447 [info ] [Thread-2 (]: 8 of 27 START sql view model TRANSFORM.v_raw_password_change ................... [RUN]
[0m00:49:57.712108 [debug] [Thread-4 (]: Re-using an available connection from the pool (formerly model.UPI_Fraud_Monitoring.v_raw_collect_request, now model.UPI_Fraud_Monitoring.v_raw_device_registry)
[0m00:49:57.712732 [debug] [Thread-3 (]: Re-using an available connection from the pool (formerly model.UPI_Fraud_Monitoring.v_raw_beneficiary, now model.UPI_Fraud_Monitoring.v_raw_login_activity)
[0m00:49:57.713275 [debug] [Thread-5 (]: Re-using an available connection from the pool (formerly model.UPI_Fraud_Monitoring.v_raw_customer, now model.UPI_Fraud_Monitoring.v_raw_merchant)
[0m00:49:57.713805 [debug] [Thread-2 (]: Re-using an available connection from the pool (formerly model.UPI_Fraud_Monitoring.v_raw_account, now model.UPI_Fraud_Monitoring.v_raw_password_change)
[0m00:49:57.714312 [debug] [Thread-4 (]: Began compiling node model.UPI_Fraud_Monitoring.v_raw_device_registry
[0m00:49:57.714790 [debug] [Thread-3 (]: Began compiling node model.UPI_Fraud_Monitoring.v_raw_login_activity
[0m00:49:57.715259 [debug] [Thread-5 (]: Began compiling node model.UPI_Fraud_Monitoring.v_raw_merchant
[0m00:49:57.715740 [debug] [Thread-2 (]: Began compiling node model.UPI_Fraud_Monitoring.v_raw_password_change
[0m00:49:57.724348 [debug] [Thread-4 (]: Using snowflake connection "model.UPI_Fraud_Monitoring.v_raw_device_registry"
[0m00:49:57.730937 [debug] [Thread-3 (]: Using snowflake connection "model.UPI_Fraud_Monitoring.v_raw_login_activity"
[0m00:49:57.738540 [debug] [Thread-5 (]: Using snowflake connection "model.UPI_Fraud_Monitoring.v_raw_merchant"
[0m00:49:57.745234 [debug] [Thread-2 (]: Using snowflake connection "model.UPI_Fraud_Monitoring.v_raw_password_change"
[0m00:49:57.745824 [debug] [Thread-4 (]: On model.UPI_Fraud_Monitoring.v_raw_device_registry: /* {"app": "dbt", "dbt_version": "1.9.4", "profile_name": "default", "target_name": "dev", "node_id": "model.UPI_Fraud_Monitoring.v_raw_device_registry"} */
describe table UPI_FRAUD_MONITORING.STAGING.device_registry
[0m00:49:57.746328 [debug] [Thread-3 (]: On model.UPI_Fraud_Monitoring.v_raw_login_activity: /* {"app": "dbt", "dbt_version": "1.9.4", "profile_name": "default", "target_name": "dev", "node_id": "model.UPI_Fraud_Monitoring.v_raw_login_activity"} */
describe table UPI_FRAUD_MONITORING.STAGING.login_activity
[0m00:49:57.746835 [debug] [Thread-5 (]: On model.UPI_Fraud_Monitoring.v_raw_merchant: /* {"app": "dbt", "dbt_version": "1.9.4", "profile_name": "default", "target_name": "dev", "node_id": "model.UPI_Fraud_Monitoring.v_raw_merchant"} */
describe table UPI_FRAUD_MONITORING.STAGING.merchant
[0m00:49:57.747326 [debug] [Thread-2 (]: On model.UPI_Fraud_Monitoring.v_raw_password_change: /* {"app": "dbt", "dbt_version": "1.9.4", "profile_name": "default", "target_name": "dev", "node_id": "model.UPI_Fraud_Monitoring.v_raw_password_change"} */
describe table UPI_FRAUD_MONITORING.STAGING.password_change
[0m00:49:57.747807 [debug] [Thread-4 (]: Opening a new connection, currently in state init
[0m00:49:57.748275 [debug] [Thread-3 (]: Opening a new connection, currently in state init
[0m00:49:57.748813 [debug] [Thread-5 (]: Opening a new connection, currently in state init
[0m00:49:57.749265 [debug] [Thread-2 (]: Opening a new connection, currently in state init
[0m00:49:58.094117 [debug] [Thread-5 (]: SQL status: SUCCESS 8 in 0.345 seconds
[0m00:49:58.094989 [debug] [Thread-3 (]: SQL status: SUCCESS 11 in 0.347 seconds
[0m00:49:58.097225 [debug] [Thread-5 (]: Writing injected SQL for node "model.UPI_Fraud_Monitoring.v_raw_merchant"
[0m00:49:58.098024 [debug] [Thread-4 (]: SQL status: SUCCESS 15 in 0.350 seconds
[0m00:49:58.100059 [debug] [Thread-3 (]: Writing injected SQL for node "model.UPI_Fraud_Monitoring.v_raw_login_activity"
[0m00:49:58.102551 [debug] [Thread-4 (]: Writing injected SQL for node "model.UPI_Fraud_Monitoring.v_raw_device_registry"
[0m00:49:58.103315 [debug] [Thread-5 (]: Began executing node model.UPI_Fraud_Monitoring.v_raw_merchant
[0m00:49:58.104283 [debug] [Thread-3 (]: Began executing node model.UPI_Fraud_Monitoring.v_raw_login_activity
[0m00:49:58.108652 [debug] [Thread-5 (]: Writing runtime sql for node "model.UPI_Fraud_Monitoring.v_raw_merchant"
[0m00:49:58.109199 [debug] [Thread-4 (]: Began executing node model.UPI_Fraud_Monitoring.v_raw_device_registry
[0m00:49:58.114156 [debug] [Thread-3 (]: Writing runtime sql for node "model.UPI_Fraud_Monitoring.v_raw_login_activity"
[0m00:49:58.114992 [debug] [Thread-2 (]: SQL status: SUCCESS 7 in 0.366 seconds
[0m00:49:58.119110 [debug] [Thread-4 (]: Writing runtime sql for node "model.UPI_Fraud_Monitoring.v_raw_device_registry"
[0m00:49:58.120303 [debug] [Thread-5 (]: Using snowflake connection "model.UPI_Fraud_Monitoring.v_raw_merchant"
[0m00:49:58.122478 [debug] [Thread-2 (]: Writing injected SQL for node "model.UPI_Fraud_Monitoring.v_raw_password_change"
[0m00:49:58.123573 [debug] [Thread-3 (]: Using snowflake connection "model.UPI_Fraud_Monitoring.v_raw_login_activity"
[0m00:49:58.125125 [debug] [Thread-4 (]: Using snowflake connection "model.UPI_Fraud_Monitoring.v_raw_device_registry"
[0m00:49:58.125636 [debug] [Thread-5 (]: On model.UPI_Fraud_Monitoring.v_raw_merchant: /* {"app": "dbt", "dbt_version": "1.9.4", "profile_name": "default", "target_name": "dev", "node_id": "model.UPI_Fraud_Monitoring.v_raw_merchant"} */
create or replace   view UPI_FRAUD_MONITORING.TRANSFORM.v_raw_merchant
  
   as (
    

    
    

    select
        
        MERCHANT_ID,
        
        MERCHANT_NAME,
        
        MERCHANT_CATEGORY,
        
        MERCHANT_STATUS,
        
        RISK_RATING,
        
        CREATED_LOAD_ID,
        
        CREATED_DATE_TIME,
        
        TESTING
        
    from UPI_FRAUD_MONITORING.STAGING.merchant


  );
[0m00:49:58.126534 [debug] [Thread-3 (]: On model.UPI_Fraud_Monitoring.v_raw_login_activity: /* {"app": "dbt", "dbt_version": "1.9.4", "profile_name": "default", "target_name": "dev", "node_id": "model.UPI_Fraud_Monitoring.v_raw_login_activity"} */
create or replace   view UPI_FRAUD_MONITORING.TRANSFORM.v_raw_login_activity
  
   as (
    

    
    

    select
        
        LOGIN_ID,
        
        CUSTOMER_ID,
        
        DEVICE_ID,
        
        LOGIN_TIME,
        
        LOGIN_STATUS,
        
        IP_ADDRESS,
        
        COUNTRY,
        
        STATE,
        
        CITY,
        
        CREATED_LOAD_ID,
        
        CREATED_DATE_TIME
        
    from UPI_FRAUD_MONITORING.STAGING.login_activity


  );
[0m00:49:58.127184 [debug] [Thread-2 (]: Began executing node model.UPI_Fraud_Monitoring.v_raw_password_change
[0m00:49:58.127727 [debug] [Thread-4 (]: On model.UPI_Fraud_Monitoring.v_raw_device_registry: /* {"app": "dbt", "dbt_version": "1.9.4", "profile_name": "default", "target_name": "dev", "node_id": "model.UPI_Fraud_Monitoring.v_raw_device_registry"} */
create or replace   view UPI_FRAUD_MONITORING.TRANSFORM.v_raw_device_registry
  
   as (
    

    
    

    select
        
        DEVICE_ID,
        
        CUSTOMER_ID,
        
        IMEI_NUMBER,
        
        IMSI_NUMBER,
        
        SIM_NUMBER,
        
        DEVICE_MAKE,
        
        DEVICE_MODEL,
        
        DEVICE_OS,
        
        DEVICE_REGISTRATION_DATE,
        
        OS_VERSION,
        
        APP_VERSION,
        
        DEVICE_FINGERPRINT,
        
        TRUSTED_FLAG,
        
        CREATED_LOAD_ID,
        
        CREATED_DATE_TIME
        
    from UPI_FRAUD_MONITORING.STAGING.device_registry


  );
[0m00:49:58.132217 [debug] [Thread-2 (]: Writing runtime sql for node "model.UPI_Fraud_Monitoring.v_raw_password_change"
[0m00:49:58.133756 [debug] [Thread-2 (]: Using snowflake connection "model.UPI_Fraud_Monitoring.v_raw_password_change"
[0m00:49:58.134265 [debug] [Thread-2 (]: On model.UPI_Fraud_Monitoring.v_raw_password_change: /* {"app": "dbt", "dbt_version": "1.9.4", "profile_name": "default", "target_name": "dev", "node_id": "model.UPI_Fraud_Monitoring.v_raw_password_change"} */
create or replace   view UPI_FRAUD_MONITORING.TRANSFORM.v_raw_password_change
  
   as (
    

    
    

    select
        
        PASSWORD_CHANGE_ID,
        
        CUSTOMER_ID,
        
        CHANGE_TIME,
        
        CHANGE_CHANNEL,
        
        DEVICE_ID,
        
        CREATED_LOAD_ID,
        
        CREATED_DATE_TIME
        
    from UPI_FRAUD_MONITORING.STAGING.password_change


  );
[0m00:49:58.285109 [debug] [Thread-5 (]: SQL status: SUCCESS 1 in 0.157 seconds
[0m00:49:58.288027 [info ] [Thread-5 (]: 7 of 27 OK created sql view model TRANSFORM.v_raw_merchant ..................... [[32mSUCCESS 1[0m in 0.57s]
[0m00:49:58.288895 [debug] [Thread-2 (]: SQL status: SUCCESS 1 in 0.154 seconds
[0m00:49:58.289603 [debug] [Thread-5 (]: Finished running node model.UPI_Fraud_Monitoring.v_raw_merchant
[0m00:49:58.291815 [info ] [Thread-2 (]: 8 of 27 OK created sql view model TRANSFORM.v_raw_password_change .............. [[32mSUCCESS 1[0m in 0.58s]
[0m00:49:58.292614 [debug] [Thread-4 (]: SQL status: SUCCESS 1 in 0.160 seconds
[0m00:49:58.293219 [debug] [Thread-5 (]: Began running node model.UPI_Fraud_Monitoring.v_raw_transaction
[0m00:49:58.294060 [debug] [Thread-2 (]: Finished running node model.UPI_Fraud_Monitoring.v_raw_password_change
[0m00:49:58.296281 [info ] [Thread-4 (]: 5 of 27 OK created sql view model TRANSFORM.v_raw_device_registry .............. [[32mSUCCESS 1[0m in 0.58s]
[0m00:49:58.297081 [debug] [Thread-3 (]: SQL status: SUCCESS 1 in 0.169 seconds
[0m00:49:58.297723 [info ] [Thread-5 (]: 9 of 27 START sql view model TRANSFORM.v_raw_transaction ....................... [RUN]
[0m00:49:58.298335 [debug] [Thread-2 (]: Began running node model.UPI_Fraud_Monitoring.v_raw_watchlist
[0m00:49:58.299252 [debug] [Thread-4 (]: Finished running node model.UPI_Fraud_Monitoring.v_raw_device_registry
[0m00:49:58.301527 [info ] [Thread-3 (]: 6 of 27 OK created sql view model TRANSFORM.v_raw_login_activity ............... [[32mSUCCESS 1[0m in 0.59s]
[0m00:49:58.302135 [debug] [Thread-5 (]: Re-using an available connection from the pool (formerly model.UPI_Fraud_Monitoring.v_raw_merchant, now model.UPI_Fraud_Monitoring.v_raw_transaction)
[0m00:49:58.302737 [info ] [Thread-2 (]: 10 of 27 START sql view model TRANSFORM.v_raw_watchlist ........................ [RUN]
[0m00:49:58.303360 [debug] [Thread-4 (]: Began running node model.UPI_Fraud_Monitoring.v_collect_request
[0m00:49:58.304132 [debug] [Thread-3 (]: Finished running node model.UPI_Fraud_Monitoring.v_raw_login_activity
[0m00:49:58.304735 [debug] [Thread-5 (]: Began compiling node model.UPI_Fraud_Monitoring.v_raw_transaction
[0m00:49:58.305332 [debug] [Thread-2 (]: Re-using an available connection from the pool (formerly model.UPI_Fraud_Monitoring.v_raw_password_change, now model.UPI_Fraud_Monitoring.v_raw_watchlist)
[0m00:49:58.305952 [info ] [Thread-4 (]: 11 of 27 START sql view model TRANSFORM.v_collect_request ...................... [RUN]
[0m00:49:58.306549 [debug] [Thread-3 (]: Began running node model.UPI_Fraud_Monitoring.v_beneficiary
[0m00:49:58.315098 [debug] [Thread-5 (]: Using snowflake connection "model.UPI_Fraud_Monitoring.v_raw_transaction"
[0m00:49:58.315639 [debug] [Thread-2 (]: Began compiling node model.UPI_Fraud_Monitoring.v_raw_watchlist
[0m00:49:58.316206 [debug] [Thread-4 (]: Re-using an available connection from the pool (formerly model.UPI_Fraud_Monitoring.v_raw_device_registry, now model.UPI_Fraud_Monitoring.v_collect_request)
[0m00:49:58.316921 [info ] [Thread-3 (]: 12 of 27 START sql view model TRANSFORM.v_beneficiary .......................... [RUN]
[0m00:49:58.317461 [debug] [Thread-5 (]: On model.UPI_Fraud_Monitoring.v_raw_transaction: /* {"app": "dbt", "dbt_version": "1.9.4", "profile_name": "default", "target_name": "dev", "node_id": "model.UPI_Fraud_Monitoring.v_raw_transaction"} */
describe table UPI_FRAUD_MONITORING.STAGING.transaction
[0m00:49:58.324096 [debug] [Thread-2 (]: Using snowflake connection "model.UPI_Fraud_Monitoring.v_raw_watchlist"
[0m00:49:58.324715 [debug] [Thread-4 (]: Began compiling node model.UPI_Fraud_Monitoring.v_collect_request
[0m00:49:58.325322 [debug] [Thread-3 (]: Re-using an available connection from the pool (formerly model.UPI_Fraud_Monitoring.v_raw_login_activity, now model.UPI_Fraud_Monitoring.v_beneficiary)
[0m00:49:58.325834 [debug] [Thread-5 (]: Opening a new connection, currently in state init
[0m00:49:58.326363 [debug] [Thread-2 (]: On model.UPI_Fraud_Monitoring.v_raw_watchlist: /* {"app": "dbt", "dbt_version": "1.9.4", "profile_name": "default", "target_name": "dev", "node_id": "model.UPI_Fraud_Monitoring.v_raw_watchlist"} */
describe table UPI_FRAUD_MONITORING.STAGING.watchlist
[0m00:49:58.333165 [debug] [Thread-4 (]: Using snowflake connection "model.UPI_Fraud_Monitoring.v_collect_request"
[0m00:49:58.333651 [debug] [Thread-3 (]: Began compiling node model.UPI_Fraud_Monitoring.v_beneficiary
[0m00:49:58.334327 [debug] [Thread-2 (]: Opening a new connection, currently in state init
[0m00:49:58.334891 [debug] [Thread-4 (]: On model.UPI_Fraud_Monitoring.v_collect_request: /* {"app": "dbt", "dbt_version": "1.9.4", "profile_name": "default", "target_name": "dev", "node_id": "model.UPI_Fraud_Monitoring.v_collect_request"} */
describe table UPI_FRAUD_MONITORING.TRANSFORM.v_raw_collect_request
[0m00:49:58.421142 [debug] [Thread-3 (]: Using snowflake connection "model.UPI_Fraud_Monitoring.v_beneficiary"
[0m00:49:58.422383 [debug] [Thread-4 (]: Opening a new connection, currently in state init
[0m00:49:58.422982 [debug] [Thread-3 (]: On model.UPI_Fraud_Monitoring.v_beneficiary: /* {"app": "dbt", "dbt_version": "1.9.4", "profile_name": "default", "target_name": "dev", "node_id": "model.UPI_Fraud_Monitoring.v_beneficiary"} */
describe table UPI_FRAUD_MONITORING.TRANSFORM.v_raw_beneficiary
[0m00:49:58.423583 [debug] [Thread-3 (]: Opening a new connection, currently in state init
[0m00:49:58.722899 [debug] [Thread-5 (]: SQL status: SUCCESS 19 in 0.397 seconds
[0m00:49:58.725724 [debug] [Thread-5 (]: Writing injected SQL for node "model.UPI_Fraud_Monitoring.v_raw_transaction"
[0m00:49:58.726450 [debug] [Thread-5 (]: Began executing node model.UPI_Fraud_Monitoring.v_raw_transaction
[0m00:49:58.730774 [debug] [Thread-5 (]: Writing runtime sql for node "model.UPI_Fraud_Monitoring.v_raw_transaction"
[0m00:49:58.732158 [debug] [Thread-5 (]: Using snowflake connection "model.UPI_Fraud_Monitoring.v_raw_transaction"
[0m00:49:58.732775 [debug] [Thread-5 (]: On model.UPI_Fraud_Monitoring.v_raw_transaction: /* {"app": "dbt", "dbt_version": "1.9.4", "profile_name": "default", "target_name": "dev", "node_id": "model.UPI_Fraud_Monitoring.v_raw_transaction"} */
create or replace   view UPI_FRAUD_MONITORING.TRANSFORM.v_raw_transaction
  
   as (
    

    
    

    select
        
        TRANSACTION_ID,
        
        UPI_REF_NO,
        
        CUSTOMER_ID,
        
        ACCOUNT_ID,
        
        PAYER_VPA,
        
        PAYEE_VPA,
        
        BENEFICIARY_ID,
        
        MERCHANT_ID,
        
        TXN_DATETIME,
        
        TXN_AMOUNT,
        
        TXN_TYPE,
        
        TXN_STATUS,
        
        CHANNEL,
        
        DEVICE_ID,
        
        IP_ADDRESS,
        
        LATITUDE,
        
        LONGITUDE,
        
        CREATED_LOAD_ID,
        
        CREATED_DATE_TIME
        
    from UPI_FRAUD_MONITORING.STAGING.transaction


  );
[0m00:49:58.743047 [debug] [Thread-4 (]: SQL status: SUCCESS 7 in 0.321 seconds
[0m00:49:58.745105 [debug] [Thread-4 (]: Writing injected SQL for node "model.UPI_Fraud_Monitoring.v_collect_request"
[0m00:49:58.745854 [debug] [Thread-3 (]: SQL status: SUCCESS 9 in 0.322 seconds
[0m00:49:58.748092 [debug] [Thread-3 (]: Writing injected SQL for node "model.UPI_Fraud_Monitoring.v_beneficiary"
[0m00:49:58.748709 [debug] [Thread-4 (]: Began executing node model.UPI_Fraud_Monitoring.v_collect_request
[0m00:49:58.752860 [debug] [Thread-4 (]: Writing runtime sql for node "model.UPI_Fraud_Monitoring.v_collect_request"
[0m00:49:58.753392 [debug] [Thread-3 (]: Began executing node model.UPI_Fraud_Monitoring.v_beneficiary
[0m00:49:58.758380 [debug] [Thread-3 (]: Writing runtime sql for node "model.UPI_Fraud_Monitoring.v_beneficiary"
[0m00:49:58.759158 [debug] [Thread-2 (]: SQL status: SUCCESS 7 in 0.425 seconds
[0m00:49:58.761114 [debug] [Thread-4 (]: Using snowflake connection "model.UPI_Fraud_Monitoring.v_collect_request"
[0m00:49:58.763182 [debug] [Thread-2 (]: Writing injected SQL for node "model.UPI_Fraud_Monitoring.v_raw_watchlist"
[0m00:49:58.765390 [debug] [Thread-3 (]: Using snowflake connection "model.UPI_Fraud_Monitoring.v_beneficiary"
[0m00:49:58.766039 [debug] [Thread-4 (]: On model.UPI_Fraud_Monitoring.v_collect_request: /* {"app": "dbt", "dbt_version": "1.9.4", "profile_name": "default", "target_name": "dev", "node_id": "model.UPI_Fraud_Monitoring.v_collect_request"} */
create or replace   view UPI_FRAUD_MONITORING.TRANSFORM.v_collect_request
  
   as (
    

    
    

    
    

    
        

        
            
            
        
    
        

        
            
            
        
    
        

        
            
            
        
    
        

        
            
            
        
    
        

        
            
            
        
    
        

        
            
            
        
    
        

        
            
            
        
    

    with cleansed as (
        select distinct
            trim(COLLECT_REQUEST_ID) as COLLECT_REQUEST_ID,
            trim(CUSTOMER_ID) as CUSTOMER_ID,
            trim(REQUEST_AMOUNT) as REQUEST_AMOUNT,
            trim(REQUEST_TIME) as REQUEST_TIME,
            trim(REQUEST_STATUS) as REQUEST_STATUS,
            trim(CREATED_LOAD_ID) as CREATED_LOAD_ID,
            CREATED_DATE_TIME,
            md5(coalesce(trim(COLLECT_REQUEST_ID), '^') || '|' || coalesce(trim(CUSTOMER_ID), '^') || '|' || coalesce(trim(REQUEST_AMOUNT), '^') || '|' || coalesce(trim(REQUEST_TIME), '^') || '|' || coalesce(trim(REQUEST_STATUS), '^') || '|' || coalesce(trim(CREATED_LOAD_ID), '^') || '|' || coalesce(CREATED_DATE_TIME::string, '^')) as hash_diff
        from UPI_FRAUD_MONITORING.TRANSFORM.v_raw_collect_request
        where CREATED_LOAD_ID is not null
    )

    select *
    from cleansed
    where CREATED_LOAD_ID = (
        select max(CREATED_LOAD_ID)
        from cleansed
    )


  );
[0m00:49:58.766936 [debug] [Thread-3 (]: On model.UPI_Fraud_Monitoring.v_beneficiary: /* {"app": "dbt", "dbt_version": "1.9.4", "profile_name": "default", "target_name": "dev", "node_id": "model.UPI_Fraud_Monitoring.v_beneficiary"} */
create or replace   view UPI_FRAUD_MONITORING.TRANSFORM.v_beneficiary
  
   as (
    

    
    

    
    

    
        

        
            
            
        
    
        

        
            
            
        
    
        

        
            
            
        
    
        

        
            
            
        
    
        

        
            
            
        
    
        

        
            
            
        
    
        

        
            
            
        
    
        

        
            
            
        
    
        

        
            
            
        
    

    with cleansed as (
        select distinct
            trim(BENEFICIARY_ID) as BENEFICIARY_ID,
            trim(CUSTOMER_ID) as CUSTOMER_ID,
            trim(BENEFICIARY_NAME) as BENEFICIARY_NAME,
            trim(BENEFICIARY_VPA) as BENEFICIARY_VPA,
            trim(BENEFICIARY_CREATED_DATE) as BENEFICIARY_CREATED_DATE,
            trim(BANK_NAME) as BANK_NAME,
            trim(RISK_RATING) as RISK_RATING,
            trim(CREATED_LOAD_ID) as CREATED_LOAD_ID,
            CREATED_DATE_TIME,
            md5(coalesce(trim(BENEFICIARY_ID), '^') || '|' || coalesce(trim(CUSTOMER_ID), '^') || '|' || coalesce(trim(BENEFICIARY_NAME), '^') || '|' || coalesce(trim(BENEFICIARY_VPA), '^') || '|' || coalesce(trim(BENEFICIARY_CREATED_DATE), '^') || '|' || coalesce(trim(BANK_NAME), '^') || '|' || coalesce(trim(RISK_RATING), '^') || '|' || coalesce(trim(CREATED_LOAD_ID), '^') || '|' || coalesce(CREATED_DATE_TIME::string, '^')) as hash_diff
        from UPI_FRAUD_MONITORING.TRANSFORM.v_raw_beneficiary
        where CREATED_LOAD_ID is not null
    )

    select *
    from cleansed
    where CREATED_LOAD_ID = (
        select max(CREATED_LOAD_ID)
        from cleansed
    )


  );
[0m00:49:58.767540 [debug] [Thread-2 (]: Began executing node model.UPI_Fraud_Monitoring.v_raw_watchlist
[0m00:49:58.771775 [debug] [Thread-2 (]: Writing runtime sql for node "model.UPI_Fraud_Monitoring.v_raw_watchlist"
[0m00:49:58.772954 [debug] [Thread-2 (]: Using snowflake connection "model.UPI_Fraud_Monitoring.v_raw_watchlist"
[0m00:49:58.773474 [debug] [Thread-2 (]: On model.UPI_Fraud_Monitoring.v_raw_watchlist: /* {"app": "dbt", "dbt_version": "1.9.4", "profile_name": "default", "target_name": "dev", "node_id": "model.UPI_Fraud_Monitoring.v_raw_watchlist"} */
create or replace   view UPI_FRAUD_MONITORING.TRANSFORM.v_raw_watchlist
  
   as (
    

    
    

    select
        
        WATCHLIST_ID,
        
        ENTITY_TYPE,
        
        ENTITY_ID,
        
        ENTITY_NAME,
        
        RISK_LEVEL,
        
        CREATED_LOAD_ID,
        
        CREATED_DATE_TIME
        
    from UPI_FRAUD_MONITORING.STAGING.watchlist


  );
[0m00:49:58.905773 [debug] [Thread-5 (]: SQL status: SUCCESS 1 in 0.172 seconds
[0m00:49:58.908443 [info ] [Thread-5 (]: 9 of 27 OK created sql view model TRANSFORM.v_raw_transaction .................. [[32mSUCCESS 1[0m in 0.61s]
[0m00:49:58.909174 [debug] [Thread-5 (]: Finished running node model.UPI_Fraud_Monitoring.v_raw_transaction
[0m00:49:58.909721 [debug] [Thread-5 (]: Began running node model.UPI_Fraud_Monitoring.sl_customer
[0m00:49:58.910599 [info ] [Thread-5 (]: 13 of 27 START sql incremental model TRANSFORM.sl_customer ..................... [RUN]
[0m00:49:58.911220 [debug] [Thread-5 (]: Re-using an available connection from the pool (formerly model.UPI_Fraud_Monitoring.v_raw_transaction, now model.UPI_Fraud_Monitoring.sl_customer)
[0m00:49:58.911691 [debug] [Thread-5 (]: Began compiling node model.UPI_Fraud_Monitoring.sl_customer
[0m00:49:58.917130 [debug] [Thread-5 (]: Writing injected SQL for node "model.UPI_Fraud_Monitoring.sl_customer"
[0m00:49:58.917809 [debug] [Thread-5 (]: Began executing node model.UPI_Fraud_Monitoring.sl_customer
[0m00:49:58.928928 [debug] [Thread-2 (]: SQL status: SUCCESS 1 in 0.155 seconds
[0m00:49:58.952909 [info ] [Thread-2 (]: 10 of 27 OK created sql view model TRANSFORM.v_raw_watchlist ................... [[32mSUCCESS 1[0m in 0.65s]
[0m00:49:58.959806 [debug] [Thread-3 (]: SQL status: SUCCESS 1 in 0.191 seconds
[0m00:49:58.960546 [debug] [Thread-4 (]: SQL status: SUCCESS 1 in 0.192 seconds
[0m00:49:58.976098 [debug] [Thread-5 (]: Writing runtime sql for node "model.UPI_Fraud_Monitoring.sl_customer"
[0m00:49:58.976859 [debug] [Thread-2 (]: Finished running node model.UPI_Fraud_Monitoring.v_raw_watchlist
[0m00:49:58.979127 [info ] [Thread-3 (]: 12 of 27 OK created sql view model TRANSFORM.v_beneficiary ..................... [[32mSUCCESS 1[0m in 0.65s]
[0m00:49:58.981346 [info ] [Thread-4 (]: 11 of 27 OK created sql view model TRANSFORM.v_collect_request ................. [[32mSUCCESS 1[0m in 0.66s]
[0m00:49:58.982302 [debug] [Thread-2 (]: Began running node model.UPI_Fraud_Monitoring.v_customer
[0m00:49:58.984102 [debug] [Thread-5 (]: Using snowflake connection "model.UPI_Fraud_Monitoring.sl_customer"
[0m00:49:58.985040 [debug] [Thread-3 (]: Finished running node model.UPI_Fraud_Monitoring.v_beneficiary
[0m00:49:58.985689 [debug] [Thread-4 (]: Finished running node model.UPI_Fraud_Monitoring.v_collect_request
[0m00:49:58.986362 [info ] [Thread-2 (]: 14 of 27 START sql view model TRANSFORM.v_customer ............................. [RUN]
[0m00:49:58.987001 [debug] [Thread-5 (]: On model.UPI_Fraud_Monitoring.sl_customer: /* {"app": "dbt", "dbt_version": "1.9.4", "profile_name": "default", "target_name": "dev", "node_id": "model.UPI_Fraud_Monitoring.sl_customer"} */
create or replace transient table UPI_FRAUD_MONITORING.TRANSFORM.sl_customer
         as
        (

with source as (
    select
        cast(CUSTOMER_ID as VARCHAR(50)) as CUSTOMER_ID,
        cast(CUSTOMER_NAME as VARCHAR(255)) as CUSTOMER_NAME,
        cast(CUSTOMER_SEGMENT as VARCHAR(50)) as CUSTOMER_SEGMENT,
        cast(KYC_STATUS as VARCHAR(30)) as KYC_STATUS,
        cast(RISK_RATING as VARCHAR(20)) as RISK_RATING,
        cast(CUSTOMER_STATUS as VARCHAR(30)) as CUSTOMER_STATUS,
        cast(CUSTOMER_SINCE as DATE) as CUSTOMER_SINCE,
        cast(CUSTOMER_TYPE as VARCHAR(50)) as CUSTOMER_TYPE,
        CREATED_LOAD_ID,
        CREATED_DATE_TIME
    from UPI_FRAUD_MONITORING.TRANSFORM.v_raw_customer
),

hashed as (
    select
        *,
        md5(
            coalesce(CUSTOMER_ID, '^') || '|' ||
            coalesce(CUSTOMER_NAME, '^') || '|' ||
            coalesce(CUSTOMER_SEGMENT, '^') || '|' ||
            coalesce(KYC_STATUS, '^') || '|' ||
            coalesce(RISK_RATING, '^') || '|' ||
            coalesce(CUSTOMER_STATUS, '^') || '|' ||
            coalesce(cast(CUSTOMER_SINCE as VARCHAR), '^') || '|' ||
            coalesce(CUSTOMER_TYPE, '^')
        ) as HASH_DIFF,
        'Y' as IS_CURRENT
    from source
)



    select * from hashed


        );
[0m00:49:58.987617 [debug] [Thread-3 (]: Began running node model.UPI_Fraud_Monitoring.v_account
[0m00:49:58.988195 [debug] [Thread-4 (]: Began running node model.UPI_Fraud_Monitoring.v_merchant
[0m00:49:58.988904 [debug] [Thread-2 (]: Re-using an available connection from the pool (formerly model.UPI_Fraud_Monitoring.v_raw_watchlist, now model.UPI_Fraud_Monitoring.v_customer)
[0m00:49:58.989418 [debug] [Thread-5 (]: Opening a new connection, currently in state init
[0m00:49:58.990004 [info ] [Thread-3 (]: 15 of 27 START sql view model TRANSFORM.v_account .............................. [RUN]
[0m00:49:58.990631 [info ] [Thread-4 (]: 16 of 27 START sql view model TRANSFORM.v_merchant ............................. [RUN]
[0m00:49:58.991154 [debug] [Thread-2 (]: Began compiling node model.UPI_Fraud_Monitoring.v_customer
[0m00:49:58.991793 [debug] [Thread-3 (]: Re-using an available connection from the pool (formerly model.UPI_Fraud_Monitoring.v_beneficiary, now model.UPI_Fraud_Monitoring.v_account)
[0m00:49:58.992408 [debug] [Thread-4 (]: Re-using an available connection from the pool (formerly model.UPI_Fraud_Monitoring.v_collect_request, now model.UPI_Fraud_Monitoring.v_merchant)
[0m00:49:58.999190 [debug] [Thread-2 (]: Using snowflake connection "model.UPI_Fraud_Monitoring.v_customer"
[0m00:49:58.999700 [debug] [Thread-3 (]: Began compiling node model.UPI_Fraud_Monitoring.v_account
[0m00:49:59.000182 [debug] [Thread-4 (]: Began compiling node model.UPI_Fraud_Monitoring.v_merchant
[0m00:49:59.000775 [debug] [Thread-2 (]: On model.UPI_Fraud_Monitoring.v_customer: /* {"app": "dbt", "dbt_version": "1.9.4", "profile_name": "default", "target_name": "dev", "node_id": "model.UPI_Fraud_Monitoring.v_customer"} */
describe table UPI_FRAUD_MONITORING.TRANSFORM.v_raw_customer
[0m00:49:59.007187 [debug] [Thread-3 (]: Using snowflake connection "model.UPI_Fraud_Monitoring.v_account"
[0m00:49:59.015063 [debug] [Thread-4 (]: Using snowflake connection "model.UPI_Fraud_Monitoring.v_merchant"
[0m00:49:59.015854 [debug] [Thread-2 (]: Opening a new connection, currently in state init
[0m00:49:59.016555 [debug] [Thread-3 (]: On model.UPI_Fraud_Monitoring.v_account: /* {"app": "dbt", "dbt_version": "1.9.4", "profile_name": "default", "target_name": "dev", "node_id": "model.UPI_Fraud_Monitoring.v_account"} */
describe table UPI_FRAUD_MONITORING.TRANSFORM.v_raw_account
[0m00:49:59.017329 [debug] [Thread-4 (]: On model.UPI_Fraud_Monitoring.v_merchant: /* {"app": "dbt", "dbt_version": "1.9.4", "profile_name": "default", "target_name": "dev", "node_id": "model.UPI_Fraud_Monitoring.v_merchant"} */
describe table UPI_FRAUD_MONITORING.TRANSFORM.v_raw_merchant
[0m00:49:59.018019 [debug] [Thread-3 (]: Opening a new connection, currently in state init
[0m00:49:59.018524 [debug] [Thread-4 (]: Opening a new connection, currently in state init
[0m00:49:59.346183 [debug] [Thread-2 (]: SQL status: SUCCESS 14 in 0.330 seconds
[0m00:49:59.347022 [debug] [Thread-4 (]: SQL status: SUCCESS 8 in 0.328 seconds
[0m00:49:59.349679 [debug] [Thread-2 (]: Writing injected SQL for node "model.UPI_Fraud_Monitoring.v_customer"
[0m00:49:59.351656 [debug] [Thread-4 (]: Writing injected SQL for node "model.UPI_Fraud_Monitoring.v_merchant"
[0m00:49:59.352721 [debug] [Thread-2 (]: Began executing node model.UPI_Fraud_Monitoring.v_customer
[0m00:49:59.353401 [debug] [Thread-4 (]: Began executing node model.UPI_Fraud_Monitoring.v_merchant
[0m00:49:59.357517 [debug] [Thread-2 (]: Writing runtime sql for node "model.UPI_Fraud_Monitoring.v_customer"
[0m00:49:59.358306 [debug] [Thread-3 (]: SQL status: SUCCESS 12 in 0.340 seconds
[0m00:49:59.362217 [debug] [Thread-4 (]: Writing runtime sql for node "model.UPI_Fraud_Monitoring.v_merchant"
[0m00:49:59.364855 [debug] [Thread-3 (]: Writing injected SQL for node "model.UPI_Fraud_Monitoring.v_account"
[0m00:49:59.367652 [debug] [Thread-2 (]: Using snowflake connection "model.UPI_Fraud_Monitoring.v_customer"
[0m00:49:59.370238 [debug] [Thread-4 (]: Using snowflake connection "model.UPI_Fraud_Monitoring.v_merchant"
[0m00:49:59.370979 [debug] [Thread-2 (]: On model.UPI_Fraud_Monitoring.v_customer: /* {"app": "dbt", "dbt_version": "1.9.4", "profile_name": "default", "target_name": "dev", "node_id": "model.UPI_Fraud_Monitoring.v_customer"} */
create or replace   view UPI_FRAUD_MONITORING.TRANSFORM.v_customer
  
   as (
    

    
    

    
    

    
        

        
            
            
        
    
        

        
            
            
        
    
        

        
            
            
        
    
        

        
            
            
        
    
        

        
            
            
        
    
        

        
            
            
        
    
        

        
            
            
        
    
        

        
            
            
        
    
        

        
            
            
        
    
        

        
            
            
        
    
        

        
            
            
        
    
        

        
            
            
        
    
        

        
            
            
        
    
        

        
            
            
        
    

    with cleansed as (
        select distinct
            trim(CUSTOMER_ID) as CUSTOMER_ID,
            trim(CUSTOMER_NAME) as CUSTOMER_NAME,
            trim(DOB) as DOB,
            trim(GENDER) as GENDER,
            trim(MOBILE_NUMBER) as MOBILE_NUMBER,
            trim(EMAIL_ID) as EMAIL_ID,
            trim(CUSTOMER_SEGMENT) as CUSTOMER_SEGMENT,
            trim(CUSTOMER_TYPE) as CUSTOMER_TYPE,
            trim(KYC_STATUS) as KYC_STATUS,
            trim(RISK_RATING) as RISK_RATING,
            trim(CUSTOMER_SINCE) as CUSTOMER_SINCE,
            trim(CUSTOMER_STATUS) as CUSTOMER_STATUS,
            trim(CREATED_LOAD_ID) as CREATED_LOAD_ID,
            CREATED_DATE_TIME,
            md5(coalesce(trim(CUSTOMER_ID), '^') || '|' || coalesce(trim(CUSTOMER_NAME), '^') || '|' || coalesce(trim(DOB), '^') || '|' || coalesce(trim(GENDER), '^') || '|' || coalesce(trim(MOBILE_NUMBER), '^') || '|' || coalesce(trim(EMAIL_ID), '^') || '|' || coalesce(trim(CUSTOMER_SEGMENT), '^') || '|' || coalesce(trim(CUSTOMER_TYPE), '^') || '|' || coalesce(trim(KYC_STATUS), '^') || '|' || coalesce(trim(RISK_RATING), '^') || '|' || coalesce(trim(CUSTOMER_SINCE), '^') || '|' || coalesce(trim(CUSTOMER_STATUS), '^') || '|' || coalesce(trim(CREATED_LOAD_ID), '^') || '|' || coalesce(CREATED_DATE_TIME::string, '^')) as hash_diff
        from UPI_FRAUD_MONITORING.TRANSFORM.v_raw_customer
        where CREATED_LOAD_ID is not null
    )

    select *
    from cleansed
    where CREATED_LOAD_ID = (
        select max(CREATED_LOAD_ID)
        from cleansed
    )


  );
[0m00:49:59.371578 [debug] [Thread-3 (]: Began executing node model.UPI_Fraud_Monitoring.v_account
[0m00:49:59.372195 [debug] [Thread-4 (]: On model.UPI_Fraud_Monitoring.v_merchant: /* {"app": "dbt", "dbt_version": "1.9.4", "profile_name": "default", "target_name": "dev", "node_id": "model.UPI_Fraud_Monitoring.v_merchant"} */
create or replace   view UPI_FRAUD_MONITORING.TRANSFORM.v_merchant
  
   as (
    

    
    

    
    

    
        

        
            
            
        
    
        

        
            
            
        
    
        

        
            
            
        
    
        

        
            
            
        
    
        

        
            
            
        
    
        

        
            
            
        
    
        

        
            
            
        
    
        

        
            
            
        
    

    with cleansed as (
        select distinct
            trim(MERCHANT_ID) as MERCHANT_ID,
            trim(MERCHANT_NAME) as MERCHANT_NAME,
            trim(MERCHANT_CATEGORY) as MERCHANT_CATEGORY,
            trim(MERCHANT_STATUS) as MERCHANT_STATUS,
            trim(RISK_RATING) as RISK_RATING,
            trim(CREATED_LOAD_ID) as CREATED_LOAD_ID,
            CREATED_DATE_TIME,
            trim(TESTING) as TESTING,
            md5(coalesce(trim(MERCHANT_ID), '^') || '|' || coalesce(trim(MERCHANT_NAME), '^') || '|' || coalesce(trim(MERCHANT_CATEGORY), '^') || '|' || coalesce(trim(MERCHANT_STATUS), '^') || '|' || coalesce(trim(RISK_RATING), '^') || '|' || coalesce(trim(CREATED_LOAD_ID), '^') || '|' || coalesce(CREATED_DATE_TIME::string, '^') || '|' || coalesce(trim(TESTING), '^')) as hash_diff
        from UPI_FRAUD_MONITORING.TRANSFORM.v_raw_merchant
        where CREATED_LOAD_ID is not null
    )

    select *
    from cleansed
    where CREATED_LOAD_ID = (
        select max(CREATED_LOAD_ID)
        from cleansed
    )


  );
[0m00:49:59.377597 [debug] [Thread-3 (]: Writing runtime sql for node "model.UPI_Fraud_Monitoring.v_account"
[0m00:49:59.380548 [debug] [Thread-3 (]: Using snowflake connection "model.UPI_Fraud_Monitoring.v_account"
[0m00:49:59.381192 [debug] [Thread-3 (]: On model.UPI_Fraud_Monitoring.v_account: /* {"app": "dbt", "dbt_version": "1.9.4", "profile_name": "default", "target_name": "dev", "node_id": "model.UPI_Fraud_Monitoring.v_account"} */
create or replace   view UPI_FRAUD_MONITORING.TRANSFORM.v_account
  
   as (
    

    
    

    
    

    
        

        
            
            
        
    
        

        
            
            
        
    
        

        
            
            
        
    
        

        
            
            
        
    
        

        
            
            
        
    
        

        
            
            
        
    
        

        
            
            
        
    
        

        
            
            
        
    
        

        
            
            
        
    
        

        
            
            
        
    
        

        
            
            
        
    
        

        
            
            
        
    

    with cleansed as (
        select distinct
            trim(ACCOUNT_ID) as ACCOUNT_ID,
            trim(CUSTOMER_ID) as CUSTOMER_ID,
            trim(ACCOUNT_NUMBER) as ACCOUNT_NUMBER,
            trim(ACCOUNT_TYPE) as ACCOUNT_TYPE,
            trim(BRANCH_CODE) as BRANCH_CODE,
            trim(IFSC_CODE) as IFSC_CODE,
            trim(OPEN_DATE) as OPEN_DATE,
            trim(ACCOUNT_STATUS) as ACCOUNT_STATUS,
            trim(CURRENT_BALANCE) as CURRENT_BALANCE,
            trim(AVAILABLE_BALANCE) as AVAILABLE_BALANCE,
            trim(CREATED_LOAD_ID) as CREATED_LOAD_ID,
            CREATED_DATE_TIME,
            md5(coalesce(trim(ACCOUNT_ID), '^') || '|' || coalesce(trim(CUSTOMER_ID), '^') || '|' || coalesce(trim(ACCOUNT_NUMBER), '^') || '|' || coalesce(trim(ACCOUNT_TYPE), '^') || '|' || coalesce(trim(BRANCH_CODE), '^') || '|' || coalesce(trim(IFSC_CODE), '^') || '|' || coalesce(trim(OPEN_DATE), '^') || '|' || coalesce(trim(ACCOUNT_STATUS), '^') || '|' || coalesce(trim(CURRENT_BALANCE), '^') || '|' || coalesce(trim(AVAILABLE_BALANCE), '^') || '|' || coalesce(trim(CREATED_LOAD_ID), '^') || '|' || coalesce(CREATED_DATE_TIME::string, '^')) as hash_diff
        from UPI_FRAUD_MONITORING.TRANSFORM.v_raw_account
        where CREATED_LOAD_ID is not null
    )

    select *
    from cleansed
    where CREATED_LOAD_ID = (
        select max(CREATED_LOAD_ID)
        from cleansed
    )


  );
[0m00:49:59.551324 [debug] [Thread-4 (]: SQL status: SUCCESS 1 in 0.173 seconds
[0m00:49:59.554224 [info ] [Thread-4 (]: 16 of 27 OK created sql view model TRANSFORM.v_merchant ........................ [[32mSUCCESS 1[0m in 0.56s]
[0m00:49:59.554949 [debug] [Thread-4 (]: Finished running node model.UPI_Fraud_Monitoring.v_merchant
[0m00:49:59.555520 [debug] [Thread-4 (]: Began running node model.UPI_Fraud_Monitoring.v_password_change
[0m00:49:59.556453 [info ] [Thread-4 (]: 17 of 27 START sql view model TRANSFORM.v_password_change ...................... [RUN]
[0m00:49:59.557052 [debug] [Thread-4 (]: Re-using an available connection from the pool (formerly model.UPI_Fraud_Monitoring.v_merchant, now model.UPI_Fraud_Monitoring.v_password_change)
[0m00:49:59.557520 [debug] [Thread-4 (]: Began compiling node model.UPI_Fraud_Monitoring.v_password_change
[0m00:49:59.564251 [debug] [Thread-4 (]: Using snowflake connection "model.UPI_Fraud_Monitoring.v_password_change"
[0m00:49:59.565137 [debug] [Thread-2 (]: SQL status: SUCCESS 1 in 0.192 seconds
[0m00:49:59.565695 [debug] [Thread-4 (]: On model.UPI_Fraud_Monitoring.v_password_change: /* {"app": "dbt", "dbt_version": "1.9.4", "profile_name": "default", "target_name": "dev", "node_id": "model.UPI_Fraud_Monitoring.v_password_change"} */
describe table UPI_FRAUD_MONITORING.TRANSFORM.v_raw_password_change
[0m00:49:59.567910 [info ] [Thread-2 (]: 14 of 27 OK created sql view model TRANSFORM.v_customer ........................ [[32mSUCCESS 1[0m in 0.58s]
[0m00:49:59.568585 [debug] [Thread-4 (]: Opening a new connection, currently in state init
[0m00:49:59.569242 [debug] [Thread-2 (]: Finished running node model.UPI_Fraud_Monitoring.v_customer
[0m00:49:59.570034 [debug] [Thread-2 (]: Began running node model.UPI_Fraud_Monitoring.v_device_registry
[0m00:49:59.570769 [info ] [Thread-2 (]: 18 of 27 START sql view model TRANSFORM.v_device_registry ...................... [RUN]
[0m00:49:59.571355 [debug] [Thread-2 (]: Re-using an available connection from the pool (formerly model.UPI_Fraud_Monitoring.v_customer, now model.UPI_Fraud_Monitoring.v_device_registry)
[0m00:49:59.571865 [debug] [Thread-2 (]: Began compiling node model.UPI_Fraud_Monitoring.v_device_registry
[0m00:49:59.578548 [debug] [Thread-2 (]: Using snowflake connection "model.UPI_Fraud_Monitoring.v_device_registry"
[0m00:49:59.579072 [debug] [Thread-2 (]: On model.UPI_Fraud_Monitoring.v_device_registry: /* {"app": "dbt", "dbt_version": "1.9.4", "profile_name": "default", "target_name": "dev", "node_id": "model.UPI_Fraud_Monitoring.v_device_registry"} */
describe table UPI_FRAUD_MONITORING.TRANSFORM.v_raw_device_registry
[0m00:49:59.579544 [debug] [Thread-2 (]: Opening a new connection, currently in state init
[0m00:49:59.589798 [debug] [Thread-3 (]: SQL status: SUCCESS 1 in 0.208 seconds
[0m00:49:59.592529 [info ] [Thread-3 (]: 15 of 27 OK created sql view model TRANSFORM.v_account ......................... [[32mSUCCESS 1[0m in 0.60s]
[0m00:49:59.593599 [debug] [Thread-3 (]: Finished running node model.UPI_Fraud_Monitoring.v_account
[0m00:49:59.594223 [debug] [Thread-3 (]: Began running node model.UPI_Fraud_Monitoring.v_login_activity
[0m00:49:59.595083 [info ] [Thread-3 (]: 19 of 27 START sql view model TRANSFORM.v_login_activity ....................... [RUN]
[0m00:49:59.595719 [debug] [Thread-3 (]: Re-using an available connection from the pool (formerly model.UPI_Fraud_Monitoring.v_account, now model.UPI_Fraud_Monitoring.v_login_activity)
[0m00:49:59.596213 [debug] [Thread-3 (]: Began compiling node model.UPI_Fraud_Monitoring.v_login_activity
[0m00:49:59.603072 [debug] [Thread-3 (]: Using snowflake connection "model.UPI_Fraud_Monitoring.v_login_activity"
[0m00:49:59.603884 [debug] [Thread-3 (]: On model.UPI_Fraud_Monitoring.v_login_activity: /* {"app": "dbt", "dbt_version": "1.9.4", "profile_name": "default", "target_name": "dev", "node_id": "model.UPI_Fraud_Monitoring.v_login_activity"} */
describe table UPI_FRAUD_MONITORING.TRANSFORM.v_raw_login_activity
[0m00:49:59.604803 [debug] [Thread-3 (]: Opening a new connection, currently in state init
[0m00:49:59.814729 [debug] [Thread-5 (]: SQL status: SUCCESS 1 in 0.825 seconds
[0m00:49:59.825731 [debug] [Thread-5 (]: Applying DROP to: UPI_FRAUD_MONITORING.TRANSFORM.sl_customer__dbt_tmp
[0m00:49:59.841054 [debug] [Thread-5 (]: Using snowflake connection "model.UPI_Fraud_Monitoring.sl_customer"
[0m00:49:59.842186 [debug] [Thread-5 (]: On model.UPI_Fraud_Monitoring.sl_customer: /* {"app": "dbt", "dbt_version": "1.9.4", "profile_name": "default", "target_name": "dev", "node_id": "model.UPI_Fraud_Monitoring.sl_customer"} */
drop view if exists UPI_FRAUD_MONITORING.TRANSFORM.sl_customer__dbt_tmp cascade
[0m00:49:59.885408 [debug] [Thread-5 (]: SQL status: SUCCESS 1 in 0.042 seconds
[0m00:49:59.888283 [debug] [Thread-5 (]: Using snowflake connection "model.UPI_Fraud_Monitoring.sl_customer"
[0m00:49:59.888932 [debug] [Thread-5 (]: On model.UPI_Fraud_Monitoring.sl_customer: /* {"app": "dbt", "dbt_version": "1.9.4", "profile_name": "default", "target_name": "dev", "node_id": "model.UPI_Fraud_Monitoring.sl_customer"} */
UPDATE UPI_FRAUD_MONITORING.TRANSFORM.sl_customer t
             SET t.IS_CURRENT = 'N'
             WHERE t.IS_CURRENT = 'Y'
               AND t.CUSTOMER_ID IN (
                   SELECT s.CUSTOMER_ID FROM UPI_FRAUD_MONITORING.TRANSFORM.sl_customer s
                   WHERE s.IS_CURRENT = 'Y'
                   GROUP BY s.CUSTOMER_ID HAVING COUNT(*) > 1
               )
               AND t.CREATED_DATE_TIME < (
                   SELECT MAX(s2.CREATED_DATE_TIME) FROM UPI_FRAUD_MONITORING.TRANSFORM.sl_customer s2
                   WHERE s2.CUSTOMER_ID = t.CUSTOMER_ID AND s2.IS_CURRENT = 'Y'
               )
[0m00:49:59.897684 [debug] [Thread-4 (]: SQL status: SUCCESS 7 in 0.329 seconds
[0m00:49:59.899656 [debug] [Thread-4 (]: Writing injected SQL for node "model.UPI_Fraud_Monitoring.v_password_change"
[0m00:49:59.900403 [debug] [Thread-4 (]: Began executing node model.UPI_Fraud_Monitoring.v_password_change
[0m00:49:59.906358 [debug] [Thread-2 (]: SQL status: SUCCESS 15 in 0.327 seconds
[0m00:49:59.906672 [debug] [Thread-4 (]: Writing runtime sql for node "model.UPI_Fraud_Monitoring.v_password_change"
[0m00:49:59.909107 [debug] [Thread-2 (]: Writing injected SQL for node "model.UPI_Fraud_Monitoring.v_device_registry"
[0m00:49:59.911831 [debug] [Thread-4 (]: Using snowflake connection "model.UPI_Fraud_Monitoring.v_password_change"
[0m00:49:59.912532 [debug] [Thread-2 (]: Began executing node model.UPI_Fraud_Monitoring.v_device_registry
[0m00:49:59.913187 [debug] [Thread-4 (]: On model.UPI_Fraud_Monitoring.v_password_change: /* {"app": "dbt", "dbt_version": "1.9.4", "profile_name": "default", "target_name": "dev", "node_id": "model.UPI_Fraud_Monitoring.v_password_change"} */
create or replace   view UPI_FRAUD_MONITORING.TRANSFORM.v_password_change
  
   as (
    

    
    

    
    

    
        

        
            
            
        
    
        

        
            
            
        
    
        

        
            
            
        
    
        

        
            
            
        
    
        

        
            
            
        
    
        

        
            
            
        
    
        

        
            
            
        
    

    with cleansed as (
        select distinct
            trim(PASSWORD_CHANGE_ID) as PASSWORD_CHANGE_ID,
            trim(CUSTOMER_ID) as CUSTOMER_ID,
            trim(CHANGE_TIME) as CHANGE_TIME,
            trim(CHANGE_CHANNEL) as CHANGE_CHANNEL,
            trim(DEVICE_ID) as DEVICE_ID,
            trim(CREATED_LOAD_ID) as CREATED_LOAD_ID,
            CREATED_DATE_TIME,
            md5(coalesce(trim(PASSWORD_CHANGE_ID), '^') || '|' || coalesce(trim(CUSTOMER_ID), '^') || '|' || coalesce(trim(CHANGE_TIME), '^') || '|' || coalesce(trim(CHANGE_CHANNEL), '^') || '|' || coalesce(trim(DEVICE_ID), '^') || '|' || coalesce(trim(CREATED_LOAD_ID), '^') || '|' || coalesce(CREATED_DATE_TIME::string, '^')) as hash_diff
        from UPI_FRAUD_MONITORING.TRANSFORM.v_raw_password_change
        where CREATED_LOAD_ID is not null
    )

    select *
    from cleansed
    where CREATED_LOAD_ID = (
        select max(CREATED_LOAD_ID)
        from cleansed
    )


  );
[0m00:49:59.917128 [debug] [Thread-2 (]: Writing runtime sql for node "model.UPI_Fraud_Monitoring.v_device_registry"
[0m00:49:59.920523 [debug] [Thread-2 (]: Using snowflake connection "model.UPI_Fraud_Monitoring.v_device_registry"
[0m00:49:59.921191 [debug] [Thread-2 (]: On model.UPI_Fraud_Monitoring.v_device_registry: /* {"app": "dbt", "dbt_version": "1.9.4", "profile_name": "default", "target_name": "dev", "node_id": "model.UPI_Fraud_Monitoring.v_device_registry"} */
create or replace   view UPI_FRAUD_MONITORING.TRANSFORM.v_device_registry
  
   as (
    

    
    

    
    

    
        

        
            
            
        
    
        

        
            
            
        
    
        

        
            
            
        
    
        

        
            
            
        
    
        

        
            
            
        
    
        

        
            
            
        
    
        

        
            
            
        
    
        

        
            
            
        
    
        

        
            
            
        
    
        

        
            
            
        
    
        

        
            
            
        
    
        

        
            
            
        
    
        

        
            
            
        
    
        

        
            
            
        
    
        

        
            
            
        
    

    with cleansed as (
        select distinct
            trim(DEVICE_ID) as DEVICE_ID,
            trim(CUSTOMER_ID) as CUSTOMER_ID,
            trim(IMEI_NUMBER) as IMEI_NUMBER,
            trim(IMSI_NUMBER) as IMSI_NUMBER,
            trim(SIM_NUMBER) as SIM_NUMBER,
            trim(DEVICE_MAKE) as DEVICE_MAKE,
            trim(DEVICE_MODEL) as DEVICE_MODEL,
            trim(DEVICE_OS) as DEVICE_OS,
            trim(DEVICE_REGISTRATION_DATE) as DEVICE_REGISTRATION_DATE,
            trim(OS_VERSION) as OS_VERSION,
            trim(APP_VERSION) as APP_VERSION,
            trim(DEVICE_FINGERPRINT) as DEVICE_FINGERPRINT,
            trim(TRUSTED_FLAG) as TRUSTED_FLAG,
            trim(CREATED_LOAD_ID) as CREATED_LOAD_ID,
            CREATED_DATE_TIME,
            md5(coalesce(trim(DEVICE_ID), '^') || '|' || coalesce(trim(CUSTOMER_ID), '^') || '|' || coalesce(trim(IMEI_NUMBER), '^') || '|' || coalesce(trim(IMSI_NUMBER), '^') || '|' || coalesce(trim(SIM_NUMBER), '^') || '|' || coalesce(trim(DEVICE_MAKE), '^') || '|' || coalesce(trim(DEVICE_MODEL), '^') || '|' || coalesce(trim(DEVICE_OS), '^') || '|' || coalesce(trim(DEVICE_REGISTRATION_DATE), '^') || '|' || coalesce(trim(OS_VERSION), '^') || '|' || coalesce(trim(APP_VERSION), '^') || '|' || coalesce(trim(DEVICE_FINGERPRINT), '^') || '|' || coalesce(trim(TRUSTED_FLAG), '^') || '|' || coalesce(trim(CREATED_LOAD_ID), '^') || '|' || coalesce(CREATED_DATE_TIME::string, '^')) as hash_diff
        from UPI_FRAUD_MONITORING.TRANSFORM.v_raw_device_registry
        where CREATED_LOAD_ID is not null
    )

    select *
    from cleansed
    where CREATED_LOAD_ID = (
        select max(CREATED_LOAD_ID)
        from cleansed
    )


  );
[0m00:49:59.965241 [debug] [Thread-3 (]: SQL status: SUCCESS 11 in 0.360 seconds
[0m00:49:59.967560 [debug] [Thread-3 (]: Writing injected SQL for node "model.UPI_Fraud_Monitoring.v_login_activity"
[0m00:49:59.968291 [debug] [Thread-3 (]: Began executing node model.UPI_Fraud_Monitoring.v_login_activity
[0m00:49:59.972318 [debug] [Thread-3 (]: Writing runtime sql for node "model.UPI_Fraud_Monitoring.v_login_activity"
[0m00:49:59.974771 [debug] [Thread-3 (]: Using snowflake connection "model.UPI_Fraud_Monitoring.v_login_activity"
[0m00:49:59.975379 [debug] [Thread-3 (]: On model.UPI_Fraud_Monitoring.v_login_activity: /* {"app": "dbt", "dbt_version": "1.9.4", "profile_name": "default", "target_name": "dev", "node_id": "model.UPI_Fraud_Monitoring.v_login_activity"} */
create or replace   view UPI_FRAUD_MONITORING.TRANSFORM.v_login_activity
  
   as (
    

    
    

    
    

    
        

        
            
            
        
    
        

        
            
            
        
    
        

        
            
            
        
    
        

        
            
            
        
    
        

        
            
            
        
    
        

        
            
            
        
    
        

        
            
            
        
    
        

        
            
            
        
    
        

        
            
            
        
    
        

        
            
            
        
    
        

        
            
            
        
    

    with cleansed as (
        select distinct
            trim(LOGIN_ID) as LOGIN_ID,
            trim(CUSTOMER_ID) as CUSTOMER_ID,
            trim(DEVICE_ID) as DEVICE_ID,
            trim(LOGIN_TIME) as LOGIN_TIME,
            trim(LOGIN_STATUS) as LOGIN_STATUS,
            trim(IP_ADDRESS) as IP_ADDRESS,
            trim(COUNTRY) as COUNTRY,
            trim(STATE) as STATE,
            trim(CITY) as CITY,
            trim(CREATED_LOAD_ID) as CREATED_LOAD_ID,
            CREATED_DATE_TIME,
            md5(coalesce(trim(LOGIN_ID), '^') || '|' || coalesce(trim(CUSTOMER_ID), '^') || '|' || coalesce(trim(DEVICE_ID), '^') || '|' || coalesce(trim(LOGIN_TIME), '^') || '|' || coalesce(trim(LOGIN_STATUS), '^') || '|' || coalesce(trim(IP_ADDRESS), '^') || '|' || coalesce(trim(COUNTRY), '^') || '|' || coalesce(trim(STATE), '^') || '|' || coalesce(trim(CITY), '^') || '|' || coalesce(trim(CREATED_LOAD_ID), '^') || '|' || coalesce(CREATED_DATE_TIME::string, '^')) as hash_diff
        from UPI_FRAUD_MONITORING.TRANSFORM.v_raw_login_activity
        where CREATED_LOAD_ID is not null
    )

    select *
    from cleansed
    where CREATED_LOAD_ID = (
        select max(CREATED_LOAD_ID)
        from cleansed
    )


  );
[0m00:50:00.085392 [debug] [Thread-5 (]: SQL status: SUCCESS 0 in 0.196 seconds
[0m00:50:00.087970 [info ] [Thread-5 (]: 13 of 27 OK created sql incremental model TRANSFORM.sl_customer ................ [[32mSUCCESS 1[0m in 1.18s]
[0m00:50:00.088780 [debug] [Thread-5 (]: Finished running node model.UPI_Fraud_Monitoring.sl_customer
[0m00:50:00.089386 [debug] [Thread-5 (]: Began running node model.UPI_Fraud_Monitoring.v_transaction
[0m00:50:00.090096 [info ] [Thread-5 (]: 20 of 27 START sql view model TRANSFORM.v_transaction .......................... [RUN]
[0m00:50:00.090932 [debug] [Thread-5 (]: Re-using an available connection from the pool (formerly model.UPI_Fraud_Monitoring.sl_customer, now model.UPI_Fraud_Monitoring.v_transaction)
[0m00:50:00.091412 [debug] [Thread-5 (]: Began compiling node model.UPI_Fraud_Monitoring.v_transaction
[0m00:50:00.098292 [debug] [Thread-5 (]: Using snowflake connection "model.UPI_Fraud_Monitoring.v_transaction"
[0m00:50:00.098812 [debug] [Thread-5 (]: On model.UPI_Fraud_Monitoring.v_transaction: /* {"app": "dbt", "dbt_version": "1.9.4", "profile_name": "default", "target_name": "dev", "node_id": "model.UPI_Fraud_Monitoring.v_transaction"} */
describe table UPI_FRAUD_MONITORING.TRANSFORM.v_raw_transaction
[0m00:50:00.099687 [debug] [Thread-4 (]: SQL status: SUCCESS 1 in 0.182 seconds
[0m00:50:00.100250 [debug] [Thread-5 (]: Opening a new connection, currently in state init
[0m00:50:00.102823 [info ] [Thread-4 (]: 17 of 27 OK created sql view model TRANSFORM.v_password_change ................. [[32mSUCCESS 1[0m in 0.55s]
[0m00:50:00.103682 [debug] [Thread-4 (]: Finished running node model.UPI_Fraud_Monitoring.v_password_change
[0m00:50:00.104314 [debug] [Thread-4 (]: Began running node model.UPI_Fraud_Monitoring.v_watchlist
[0m00:50:00.105071 [info ] [Thread-4 (]: 21 of 27 START sql view model TRANSFORM.v_watchlist ............................ [RUN]
[0m00:50:00.105693 [debug] [Thread-4 (]: Re-using an available connection from the pool (formerly model.UPI_Fraud_Monitoring.v_password_change, now model.UPI_Fraud_Monitoring.v_watchlist)
[0m00:50:00.106194 [debug] [Thread-4 (]: Began compiling node model.UPI_Fraud_Monitoring.v_watchlist
[0m00:50:00.114251 [debug] [Thread-4 (]: Using snowflake connection "model.UPI_Fraud_Monitoring.v_watchlist"
[0m00:50:00.114819 [debug] [Thread-4 (]: On model.UPI_Fraud_Monitoring.v_watchlist: /* {"app": "dbt", "dbt_version": "1.9.4", "profile_name": "default", "target_name": "dev", "node_id": "model.UPI_Fraud_Monitoring.v_watchlist"} */
describe table UPI_FRAUD_MONITORING.TRANSFORM.v_raw_watchlist
[0m00:50:00.115323 [debug] [Thread-4 (]: Opening a new connection, currently in state init
[0m00:50:00.133610 [debug] [Thread-2 (]: SQL status: SUCCESS 1 in 0.212 seconds
[0m00:50:00.135998 [info ] [Thread-2 (]: 18 of 27 OK created sql view model TRANSFORM.v_device_registry ................. [[32mSUCCESS 1[0m in 0.56s]
[0m00:50:00.137138 [debug] [Thread-2 (]: Finished running node model.UPI_Fraud_Monitoring.v_device_registry
[0m00:50:00.137957 [debug] [Thread-2 (]: Began running node model.UPI_Fraud_Monitoring.sl_merchant
[0m00:50:00.138883 [info ] [Thread-2 (]: 22 of 27 START sql incremental model TRANSFORM.sl_merchant ..................... [RUN]
[0m00:50:00.139495 [debug] [Thread-2 (]: Re-using an available connection from the pool (formerly model.UPI_Fraud_Monitoring.v_device_registry, now model.UPI_Fraud_Monitoring.sl_merchant)
[0m00:50:00.139944 [debug] [Thread-2 (]: Began compiling node model.UPI_Fraud_Monitoring.sl_merchant
[0m00:50:00.145297 [debug] [Thread-2 (]: Writing injected SQL for node "model.UPI_Fraud_Monitoring.sl_merchant"
[0m00:50:00.145996 [debug] [Thread-2 (]: Began executing node model.UPI_Fraud_Monitoring.sl_merchant
[0m00:50:00.150357 [debug] [Thread-2 (]: Writing runtime sql for node "model.UPI_Fraud_Monitoring.sl_merchant"
[0m00:50:00.152565 [debug] [Thread-2 (]: Using snowflake connection "model.UPI_Fraud_Monitoring.sl_merchant"
[0m00:50:00.153163 [debug] [Thread-2 (]: On model.UPI_Fraud_Monitoring.sl_merchant: /* {"app": "dbt", "dbt_version": "1.9.4", "profile_name": "default", "target_name": "dev", "node_id": "model.UPI_Fraud_Monitoring.sl_merchant"} */
create or replace transient table UPI_FRAUD_MONITORING.TRANSFORM.sl_merchant
         as
        (

with source as (
    select
        cast(MERCHANT_ID as VARCHAR(100)) as MERCHANT_ID,
        cast(MERCHANT_NAME as VARCHAR(255)) as MERCHANT_NAME,
        cast(MERCHANT_CATEGORY as VARCHAR(100)) as MERCHANT_CATEGORY,
        cast(MERCHANT_STATUS as VARCHAR(50)) as MERCHANT_STATUS,
        CASE
            WHEN MERCHANT_CATEGORY = 'Grocery' THEN '5411'
            WHEN MERCHANT_CATEGORY = 'Fuel' THEN '5541'
            WHEN MERCHANT_CATEGORY = 'Retail' THEN '6000'
            ELSE '9999'
        END as MCC_CODE,
        CREATED_LOAD_ID,
        CREATED_DATE_TIME
    from UPI_FRAUD_MONITORING.TRANSFORM.v_merchant
),

enriched as (
    select
        MERCHANT_ID,
        MERCHANT_NAME,
        MERCHANT_CATEGORY,
        cast(MCC_CODE as VARCHAR(20)) as MCC_CODE,
        MERCHANT_STATUS,
        CASE
            WHEN MCC_CODE IN ('5411', '5541', '5812') THEN 'LOW'
            WHEN MCC_CODE IN ('6000') THEN 'MEDIUM'
            ELSE 'HIGH_RISK'
        END as RISK_RATING,
        CREATED_LOAD_ID,
        CREATED_DATE_TIME
    from source
),

hashed as (
    select
        *,
        md5(
            coalesce(MERCHANT_ID, '^') || '|' ||
            coalesce(MERCHANT_NAME, '^') || '|' ||
            coalesce(MERCHANT_CATEGORY, '^') || '|' ||
            coalesce(MCC_CODE, '^') || '|' ||
            coalesce(MERCHANT_STATUS, '^') || '|' ||
            coalesce(RISK_RATING, '^')
        ) as HASH_DIFF,
        'Y' as IS_CURRENT
    from enriched
)



    select * from hashed


        );
[0m00:50:00.153686 [debug] [Thread-2 (]: Opening a new connection, currently in state init
[0m00:50:00.174908 [debug] [Thread-3 (]: SQL status: SUCCESS 1 in 0.199 seconds
[0m00:50:00.177357 [info ] [Thread-3 (]: 19 of 27 OK created sql view model TRANSFORM.v_login_activity .................. [[32mSUCCESS 1[0m in 0.58s]
[0m00:50:00.178089 [debug] [Thread-3 (]: Finished running node model.UPI_Fraud_Monitoring.v_login_activity
[0m00:50:00.178653 [debug] [Thread-3 (]: Began running node model.UPI_Fraud_Monitoring.sl_account
[0m00:50:00.179337 [info ] [Thread-3 (]: 23 of 27 START sql incremental model TRANSFORM.sl_account ...................... [RUN]
[0m00:50:00.179962 [debug] [Thread-3 (]: Re-using an available connection from the pool (formerly model.UPI_Fraud_Monitoring.v_login_activity, now model.UPI_Fraud_Monitoring.sl_account)
[0m00:50:00.180571 [debug] [Thread-3 (]: Began compiling node model.UPI_Fraud_Monitoring.sl_account
[0m00:50:00.187035 [debug] [Thread-3 (]: Writing injected SQL for node "model.UPI_Fraud_Monitoring.sl_account"
[0m00:50:00.187753 [debug] [Thread-3 (]: Began executing node model.UPI_Fraud_Monitoring.sl_account
[0m00:50:00.192059 [debug] [Thread-3 (]: Writing runtime sql for node "model.UPI_Fraud_Monitoring.sl_account"
[0m00:50:00.194514 [debug] [Thread-3 (]: Using snowflake connection "model.UPI_Fraud_Monitoring.sl_account"
[0m00:50:00.195146 [debug] [Thread-3 (]: On model.UPI_Fraud_Monitoring.sl_account: /* {"app": "dbt", "dbt_version": "1.9.4", "profile_name": "default", "target_name": "dev", "node_id": "model.UPI_Fraud_Monitoring.sl_account"} */
create or replace transient table UPI_FRAUD_MONITORING.TRANSFORM.sl_account
         as
        (

with source as (
    select
        cast(ACCOUNT_ID as VARCHAR(50)) as ACCOUNT_ID,
        cast(CUSTOMER_ID as VARCHAR(50)) as CUSTOMER_ID,
        cast(ACCOUNT_TYPE as VARCHAR(30)) as ACCOUNT_TYPE,
        cast(ACCOUNT_STATUS as VARCHAR(30)) as ACCOUNT_STATUS,
        cast(CURRENT_BALANCE as NUMBER(18,2)) as CURRENT_BALANCE,
        cast(AVAILABLE_BALANCE as NUMBER(18,2)) as AVAILABLE_BALANCE,
        cast(OPEN_DATE as DATE) as OPEN_DATE,
        DATEDIFF(DAY, cast(OPEN_DATE as DATE), CURRENT_DATE) as ACCOUNT_AGE_DAYS,
        CREATED_LOAD_ID,
        CREATED_DATE_TIME
    from UPI_FRAUD_MONITORING.TRANSFORM.v_account
),

enriched as (
    select
        ACCOUNT_ID,
        CUSTOMER_ID,
        ACCOUNT_TYPE,
        ACCOUNT_STATUS,
        CURRENT_BALANCE,
        AVAILABLE_BALANCE,
        OPEN_DATE,
        ACCOUNT_AGE_DAYS,
        CASE
            WHEN ACCOUNT_AGE_DAYS < 30 THEN 'HIGH'
            WHEN CURRENT_BALANCE > 1000000 THEN 'MEDIUM'
            ELSE 'LOW'
        END as ACCOUNT_RISK_RATING,
        CREATED_LOAD_ID,
        CREATED_DATE_TIME
    from source
),

hashed as (
    select
        *,
        md5(
            coalesce(ACCOUNT_ID, '^') || '|' ||
            coalesce(CUSTOMER_ID, '^') || '|' ||
            coalesce(ACCOUNT_TYPE, '^') || '|' ||
            coalesce(ACCOUNT_STATUS, '^') || '|' ||
            coalesce(cast(CURRENT_BALANCE as VARCHAR), '^') || '|' ||
            coalesce(cast(AVAILABLE_BALANCE as VARCHAR), '^') || '|' ||
            coalesce(cast(OPEN_DATE as VARCHAR), '^') || '|' ||
            coalesce(ACCOUNT_RISK_RATING, '^')
        ) as HASH_DIFF,
        'Y' as IS_CURRENT
    from enriched
)



    select * from hashed


        );
[0m00:50:00.195712 [debug] [Thread-3 (]: Opening a new connection, currently in state init
[0m00:50:00.441758 [debug] [Thread-5 (]: SQL status: SUCCESS 19 in 0.341 seconds
[0m00:50:00.444716 [debug] [Thread-5 (]: Writing injected SQL for node "model.UPI_Fraud_Monitoring.v_transaction"
[0m00:50:00.445500 [debug] [Thread-5 (]: Began executing node model.UPI_Fraud_Monitoring.v_transaction
[0m00:50:00.446299 [debug] [Thread-4 (]: SQL status: SUCCESS 7 in 0.331 seconds
[0m00:50:00.450557 [debug] [Thread-5 (]: Writing runtime sql for node "model.UPI_Fraud_Monitoring.v_transaction"
[0m00:50:00.452533 [debug] [Thread-4 (]: Writing injected SQL for node "model.UPI_Fraud_Monitoring.v_watchlist"
[0m00:50:00.456407 [debug] [Thread-5 (]: Using snowflake connection "model.UPI_Fraud_Monitoring.v_transaction"
[0m00:50:00.457545 [debug] [Thread-4 (]: Began executing node model.UPI_Fraud_Monitoring.v_watchlist
[0m00:50:00.458235 [debug] [Thread-5 (]: On model.UPI_Fraud_Monitoring.v_transaction: /* {"app": "dbt", "dbt_version": "1.9.4", "profile_name": "default", "target_name": "dev", "node_id": "model.UPI_Fraud_Monitoring.v_transaction"} */
create or replace   view UPI_FRAUD_MONITORING.TRANSFORM.v_transaction
  
   as (
    

    
    

    
    

    
        

        
            
            
        
    
        

        
            
            
        
    
        

        
            
            
        
    
        

        
            
            
        
    
        

        
            
            
        
    
        

        
            
            
        
    
        

        
            
            
        
    
        

        
            
            
        
    
        

        
            
            
        
    
        

        
            
            
        
    
        

        
            
            
        
    
        

        
            
            
        
    
        

        
            
            
        
    
        

        
            
            
        
    
        

        
            
            
        
    
        

        
            
            
        
    
        

        
            
            
        
    
        

        
            
            
        
    
        

        
            
            
        
    

    with cleansed as (
        select distinct
            trim(TRANSACTION_ID) as TRANSACTION_ID,
            trim(UPI_REF_NO) as UPI_REF_NO,
            trim(CUSTOMER_ID) as CUSTOMER_ID,
            trim(ACCOUNT_ID) as ACCOUNT_ID,
            trim(PAYER_VPA) as PAYER_VPA,
            trim(PAYEE_VPA) as PAYEE_VPA,
            trim(BENEFICIARY_ID) as BENEFICIARY_ID,
            trim(MERCHANT_ID) as MERCHANT_ID,
            trim(TXN_DATETIME) as TXN_DATETIME,
            trim(TXN_AMOUNT) as TXN_AMOUNT,
            trim(TXN_TYPE) as TXN_TYPE,
            trim(TXN_STATUS) as TXN_STATUS,
            trim(CHANNEL) as CHANNEL,
            trim(DEVICE_ID) as DEVICE_ID,
            trim(IP_ADDRESS) as IP_ADDRESS,
            trim(LATITUDE) as LATITUDE,
            trim(LONGITUDE) as LONGITUDE,
            trim(CREATED_LOAD_ID) as CREATED_LOAD_ID,
            CREATED_DATE_TIME,
            md5(coalesce(trim(TRANSACTION_ID), '^') || '|' || coalesce(trim(UPI_REF_NO), '^') || '|' || coalesce(trim(CUSTOMER_ID), '^') || '|' || coalesce(trim(ACCOUNT_ID), '^') || '|' || coalesce(trim(PAYER_VPA), '^') || '|' || coalesce(trim(PAYEE_VPA), '^') || '|' || coalesce(trim(BENEFICIARY_ID), '^') || '|' || coalesce(trim(MERCHANT_ID), '^') || '|' || coalesce(trim(TXN_DATETIME), '^') || '|' || coalesce(trim(TXN_AMOUNT), '^') || '|' || coalesce(trim(TXN_TYPE), '^') || '|' || coalesce(trim(TXN_STATUS), '^') || '|' || coalesce(trim(CHANNEL), '^') || '|' || coalesce(trim(DEVICE_ID), '^') || '|' || coalesce(trim(IP_ADDRESS), '^') || '|' || coalesce(trim(LATITUDE), '^') || '|' || coalesce(trim(LONGITUDE), '^') || '|' || coalesce(trim(CREATED_LOAD_ID), '^') || '|' || coalesce(CREATED_DATE_TIME::string, '^')) as hash_diff
        from UPI_FRAUD_MONITORING.TRANSFORM.v_raw_transaction
        where CREATED_LOAD_ID is not null
    )

    select *
    from cleansed
    where CREATED_LOAD_ID = (
        select max(CREATED_LOAD_ID)
        from cleansed
    )


  );
[0m00:50:00.462320 [debug] [Thread-4 (]: Writing runtime sql for node "model.UPI_Fraud_Monitoring.v_watchlist"
[0m00:50:00.464632 [debug] [Thread-4 (]: Using snowflake connection "model.UPI_Fraud_Monitoring.v_watchlist"
[0m00:50:00.465206 [debug] [Thread-4 (]: On model.UPI_Fraud_Monitoring.v_watchlist: /* {"app": "dbt", "dbt_version": "1.9.4", "profile_name": "default", "target_name": "dev", "node_id": "model.UPI_Fraud_Monitoring.v_watchlist"} */
create or replace   view UPI_FRAUD_MONITORING.TRANSFORM.v_watchlist
  
   as (
    

    
    

    
    

    
        

        
            
            
        
    
        

        
            
            
        
    
        

        
            
            
        
    
        

        
            
            
        
    
        

        
            
            
        
    
        

        
            
            
        
    
        

        
            
            
        
    

    with cleansed as (
        select distinct
            trim(WATCHLIST_ID) as WATCHLIST_ID,
            trim(ENTITY_TYPE) as ENTITY_TYPE,
            trim(ENTITY_ID) as ENTITY_ID,
            trim(ENTITY_NAME) as ENTITY_NAME,
            trim(RISK_LEVEL) as RISK_LEVEL,
            trim(CREATED_LOAD_ID) as CREATED_LOAD_ID,
            CREATED_DATE_TIME,
            md5(coalesce(trim(WATCHLIST_ID), '^') || '|' || coalesce(trim(ENTITY_TYPE), '^') || '|' || coalesce(trim(ENTITY_ID), '^') || '|' || coalesce(trim(ENTITY_NAME), '^') || '|' || coalesce(trim(RISK_LEVEL), '^') || '|' || coalesce(trim(CREATED_LOAD_ID), '^') || '|' || coalesce(CREATED_DATE_TIME::string, '^')) as hash_diff
        from UPI_FRAUD_MONITORING.TRANSFORM.v_raw_watchlist
        where CREATED_LOAD_ID is not null
    )

    select *
    from cleansed
    where CREATED_LOAD_ID = (
        select max(CREATED_LOAD_ID)
        from cleansed
    )


  );
[0m00:50:00.659819 [debug] [Thread-4 (]: SQL status: SUCCESS 1 in 0.194 seconds
[0m00:50:00.662520 [info ] [Thread-4 (]: 21 of 27 OK created sql view model TRANSFORM.v_watchlist ....................... [[32mSUCCESS 1[0m in 0.56s]
[0m00:50:00.663252 [debug] [Thread-4 (]: Finished running node model.UPI_Fraud_Monitoring.v_watchlist
[0m00:50:00.663825 [debug] [Thread-4 (]: Began running node model.UPI_Fraud_Monitoring.sl_device
[0m00:50:00.664865 [info ] [Thread-4 (]: 24 of 27 START sql incremental model TRANSFORM.sl_device ....................... [RUN]
[0m00:50:00.665534 [debug] [Thread-4 (]: Re-using an available connection from the pool (formerly model.UPI_Fraud_Monitoring.v_watchlist, now model.UPI_Fraud_Monitoring.sl_device)
[0m00:50:00.666031 [debug] [Thread-4 (]: Began compiling node model.UPI_Fraud_Monitoring.sl_device
[0m00:50:00.672721 [debug] [Thread-4 (]: Writing injected SQL for node "model.UPI_Fraud_Monitoring.sl_device"
[0m00:50:00.673426 [debug] [Thread-4 (]: Began executing node model.UPI_Fraud_Monitoring.sl_device
[0m00:50:00.677924 [debug] [Thread-4 (]: Writing runtime sql for node "model.UPI_Fraud_Monitoring.sl_device"
[0m00:50:00.678684 [debug] [Thread-5 (]: SQL status: SUCCESS 1 in 0.216 seconds
[0m00:50:00.681251 [info ] [Thread-5 (]: 20 of 27 OK created sql view model TRANSFORM.v_transaction ..................... [[32mSUCCESS 1[0m in 0.59s]
[0m00:50:00.682190 [debug] [Thread-5 (]: Finished running node model.UPI_Fraud_Monitoring.v_transaction
[0m00:50:00.684478 [debug] [Thread-4 (]: Using snowflake connection "model.UPI_Fraud_Monitoring.sl_device"
[0m00:50:00.685079 [debug] [Thread-5 (]: Began running node model.UPI_Fraud_Monitoring.sl_watchlist
[0m00:50:00.685912 [debug] [Thread-4 (]: On model.UPI_Fraud_Monitoring.sl_device: /* {"app": "dbt", "dbt_version": "1.9.4", "profile_name": "default", "target_name": "dev", "node_id": "model.UPI_Fraud_Monitoring.sl_device"} */
create or replace transient table UPI_FRAUD_MONITORING.TRANSFORM.sl_device
         as
        (

with source as (
    select
        cast(DEVICE_ID as VARCHAR(100)) as DEVICE_ID,
        cast(CUSTOMER_ID as VARCHAR(50)) as CUSTOMER_ID,
        cast(DEVICE_FINGERPRINT as VARCHAR(500)) as DEVICE_FINGERPRINT,
        cast(DEVICE_OS as VARCHAR(50)) as DEVICE_OS,
        cast(TRUSTED_FLAG as VARCHAR(1)) as TRUSTED_FLAG,
        DATEDIFF(DAY, cast(DEVICE_REGISTRATION_DATE as DATE), CURRENT_DATE) as DEVICE_AGE_DAYS,
        OS_VERSION,
        CREATED_LOAD_ID,
        CREATED_DATE_TIME
    from UPI_FRAUD_MONITORING.TRANSFORM.v_device_registry
),

enriched as (
    select
        DEVICE_ID,
        CUSTOMER_ID,
        DEVICE_FINGERPRINT,
        DEVICE_OS,
        TRUSTED_FLAG,
        DEVICE_AGE_DAYS,
        (CASE WHEN TRUSTED_FLAG = 'N' THEN 40 ELSE 0 END)
        + (CASE WHEN DEVICE_AGE_DAYS < 30 THEN 30 ELSE 0 END)
        + (CASE WHEN OS_VERSION < 'Android 10' THEN 20 ELSE 0 END) as DEVICE_RISK_SCORE,
        CREATED_LOAD_ID,
        CREATED_DATE_TIME
    from source
),

hashed as (
    select
        DEVICE_ID,
        CUSTOMER_ID,
        DEVICE_FINGERPRINT,
        DEVICE_OS,
        TRUSTED_FLAG,
        DEVICE_AGE_DAYS,
        DEVICE_RISK_SCORE,
        md5(
            coalesce(DEVICE_ID, '^') || '|' ||
            coalesce(CUSTOMER_ID, '^') || '|' ||
            coalesce(DEVICE_FINGERPRINT, '^') || '|' ||
            coalesce(DEVICE_OS, '^') || '|' ||
            coalesce(TRUSTED_FLAG, '^') || '|' ||
            coalesce(cast(DEVICE_RISK_SCORE as VARCHAR), '^')
        ) as HASH_DIFF,
        'Y' as IS_CURRENT,
        CREATED_LOAD_ID,
        CREATED_DATE_TIME
    from enriched
)



    select * from hashed


        );
[0m00:50:00.686629 [info ] [Thread-5 (]: 25 of 27 START sql incremental model TRANSFORM.sl_watchlist .................... [RUN]
[0m00:50:00.687195 [debug] [Thread-4 (]: Opening a new connection, currently in state init
[0m00:50:00.687779 [debug] [Thread-5 (]: Re-using an available connection from the pool (formerly model.UPI_Fraud_Monitoring.v_transaction, now model.UPI_Fraud_Monitoring.sl_watchlist)
[0m00:50:00.688527 [debug] [Thread-5 (]: Began compiling node model.UPI_Fraud_Monitoring.sl_watchlist
[0m00:50:00.694012 [debug] [Thread-5 (]: Writing injected SQL for node "model.UPI_Fraud_Monitoring.sl_watchlist"
[0m00:50:00.694682 [debug] [Thread-5 (]: Began executing node model.UPI_Fraud_Monitoring.sl_watchlist
[0m00:50:00.698845 [debug] [Thread-5 (]: Writing runtime sql for node "model.UPI_Fraud_Monitoring.sl_watchlist"
[0m00:50:00.700511 [debug] [Thread-5 (]: Using snowflake connection "model.UPI_Fraud_Monitoring.sl_watchlist"
[0m00:50:00.701063 [debug] [Thread-5 (]: On model.UPI_Fraud_Monitoring.sl_watchlist: /* {"app": "dbt", "dbt_version": "1.9.4", "profile_name": "default", "target_name": "dev", "node_id": "model.UPI_Fraud_Monitoring.sl_watchlist"} */
create or replace transient table UPI_FRAUD_MONITORING.TRANSFORM.sl_watchlist
         as
        (

with source as (
    select
        cast(WATCHLIST_ID as VARCHAR(100)) as WATCHLIST_ID,
        cast(ENTITY_TYPE as VARCHAR(50)) as ENTITY_TYPE,
        cast(ENTITY_ID as VARCHAR(100)) as ENTITY_ID,
        cast(ENTITY_NAME as VARCHAR(255)) as ENTITY_NAME,
        cast(RISK_LEVEL as VARCHAR(20)) as RISK_LEVEL,
        CREATED_LOAD_ID,
        CREATED_DATE_TIME
    from UPI_FRAUD_MONITORING.TRANSFORM.v_watchlist
),

hashed as (
    select
        *,
        md5(
            coalesce(WATCHLIST_ID, '^') || '|' ||
            coalesce(ENTITY_TYPE, '^') || '|' ||
            coalesce(ENTITY_ID, '^') || '|' ||
            coalesce(ENTITY_NAME, '^') || '|' ||
            coalesce(RISK_LEVEL, '^')
        ) as HASH_DIFF,
        'Y' as IS_CURRENT
    from source
)



    select * from hashed


        );
[0m00:50:00.701536 [debug] [Thread-5 (]: Opening a new connection, currently in state init
[0m00:50:01.044082 [debug] [Thread-3 (]: SQL status: SUCCESS 1 in 0.848 seconds
[0m00:50:01.049120 [debug] [Thread-3 (]: Applying DROP to: UPI_FRAUD_MONITORING.TRANSFORM.sl_account__dbt_tmp
[0m00:50:01.051633 [debug] [Thread-3 (]: Using snowflake connection "model.UPI_Fraud_Monitoring.sl_account"
[0m00:50:01.052138 [debug] [Thread-3 (]: On model.UPI_Fraud_Monitoring.sl_account: /* {"app": "dbt", "dbt_version": "1.9.4", "profile_name": "default", "target_name": "dev", "node_id": "model.UPI_Fraud_Monitoring.sl_account"} */
drop view if exists UPI_FRAUD_MONITORING.TRANSFORM.sl_account__dbt_tmp cascade
[0m00:50:01.088972 [debug] [Thread-2 (]: SQL status: SUCCESS 1 in 0.935 seconds
[0m00:50:01.093575 [debug] [Thread-2 (]: Applying DROP to: UPI_FRAUD_MONITORING.TRANSFORM.sl_merchant__dbt_tmp
[0m00:50:01.094789 [debug] [Thread-2 (]: Using snowflake connection "model.UPI_Fraud_Monitoring.sl_merchant"
[0m00:50:01.095280 [debug] [Thread-2 (]: On model.UPI_Fraud_Monitoring.sl_merchant: /* {"app": "dbt", "dbt_version": "1.9.4", "profile_name": "default", "target_name": "dev", "node_id": "model.UPI_Fraud_Monitoring.sl_merchant"} */
drop view if exists UPI_FRAUD_MONITORING.TRANSFORM.sl_merchant__dbt_tmp cascade
[0m00:50:01.122297 [debug] [Thread-3 (]: SQL status: SUCCESS 1 in 0.069 seconds
[0m00:50:01.125255 [debug] [Thread-3 (]: Using snowflake connection "model.UPI_Fraud_Monitoring.sl_account"
[0m00:50:01.125827 [debug] [Thread-3 (]: On model.UPI_Fraud_Monitoring.sl_account: /* {"app": "dbt", "dbt_version": "1.9.4", "profile_name": "default", "target_name": "dev", "node_id": "model.UPI_Fraud_Monitoring.sl_account"} */
UPDATE UPI_FRAUD_MONITORING.TRANSFORM.sl_account t
             SET t.IS_CURRENT = 'N'
             WHERE t.IS_CURRENT = 'Y'
               AND t.ACCOUNT_ID IN (
                   SELECT s.ACCOUNT_ID FROM UPI_FRAUD_MONITORING.TRANSFORM.sl_account s
                   WHERE s.IS_CURRENT = 'Y'
                   GROUP BY s.ACCOUNT_ID HAVING COUNT(*) > 1
               )
               AND t.CREATED_DATE_TIME < (
                   SELECT MAX(s2.CREATED_DATE_TIME) FROM UPI_FRAUD_MONITORING.TRANSFORM.sl_account s2
                   WHERE s2.ACCOUNT_ID = t.ACCOUNT_ID AND s2.IS_CURRENT = 'Y'
               )
[0m00:50:01.157430 [debug] [Thread-2 (]: SQL status: SUCCESS 1 in 0.062 seconds
[0m00:50:01.160343 [debug] [Thread-2 (]: Using snowflake connection "model.UPI_Fraud_Monitoring.sl_merchant"
[0m00:50:01.161017 [debug] [Thread-2 (]: On model.UPI_Fraud_Monitoring.sl_merchant: /* {"app": "dbt", "dbt_version": "1.9.4", "profile_name": "default", "target_name": "dev", "node_id": "model.UPI_Fraud_Monitoring.sl_merchant"} */
UPDATE UPI_FRAUD_MONITORING.TRANSFORM.sl_merchant t
             SET t.IS_CURRENT = 'N'
             WHERE t.IS_CURRENT = 'Y'
               AND t.MERCHANT_ID IN (
                   SELECT s.MERCHANT_ID FROM UPI_FRAUD_MONITORING.TRANSFORM.sl_merchant s
                   WHERE s.IS_CURRENT = 'Y'
                   GROUP BY s.MERCHANT_ID HAVING COUNT(*) > 1
               )
               AND t.CREATED_DATE_TIME < (
                   SELECT MAX(s2.CREATED_DATE_TIME) FROM UPI_FRAUD_MONITORING.TRANSFORM.sl_merchant s2
                   WHERE s2.MERCHANT_ID = t.MERCHANT_ID AND s2.IS_CURRENT = 'Y'
               )
[0m00:50:01.323756 [debug] [Thread-3 (]: SQL status: SUCCESS 0 in 0.197 seconds
[0m00:50:01.326798 [info ] [Thread-3 (]: 23 of 27 OK created sql incremental model TRANSFORM.sl_account ................. [[32mSUCCESS 1[0m in 1.15s]
[0m00:50:01.327571 [debug] [Thread-3 (]: Finished running node model.UPI_Fraud_Monitoring.sl_account
[0m00:50:01.328170 [debug] [Thread-3 (]: Began running node model.UPI_Fraud_Monitoring.sl_transaction
[0m00:50:01.328925 [info ] [Thread-3 (]: 26 of 27 START sql incremental model TRANSFORM.sl_transaction .................. [RUN]
[0m00:50:01.329557 [debug] [Thread-3 (]: Re-using an available connection from the pool (formerly model.UPI_Fraud_Monitoring.sl_account, now model.UPI_Fraud_Monitoring.sl_transaction)
[0m00:50:01.330052 [debug] [Thread-3 (]: Began compiling node model.UPI_Fraud_Monitoring.sl_transaction
[0m00:50:01.336281 [debug] [Thread-3 (]: Writing injected SQL for node "model.UPI_Fraud_Monitoring.sl_transaction"
[0m00:50:01.337089 [debug] [Thread-3 (]: Began executing node model.UPI_Fraud_Monitoring.sl_transaction
[0m00:50:01.341603 [debug] [Thread-3 (]: Writing runtime sql for node "model.UPI_Fraud_Monitoring.sl_transaction"
[0m00:50:01.344794 [debug] [Thread-3 (]: Using snowflake connection "model.UPI_Fraud_Monitoring.sl_transaction"
[0m00:50:01.345492 [debug] [Thread-3 (]: On model.UPI_Fraud_Monitoring.sl_transaction: /* {"app": "dbt", "dbt_version": "1.9.4", "profile_name": "default", "target_name": "dev", "node_id": "model.UPI_Fraud_Monitoring.sl_transaction"} */
create or replace transient table UPI_FRAUD_MONITORING.TRANSFORM.sl_transaction
         as
        (

with source as (
    select
        cast(TRANSACTION_ID as VARCHAR(100)) as TRANSACTION_ID,
        cast(CUSTOMER_ID as VARCHAR(50)) as CUSTOMER_ID,
        cast(ACCOUNT_ID as VARCHAR(50)) as ACCOUNT_ID,
        cast(BENEFICIARY_ID as VARCHAR(100)) as BENEFICIARY_ID,
        cast(MERCHANT_ID as VARCHAR(100)) as MERCHANT_ID,
        cast(DEVICE_ID as VARCHAR(100)) as DEVICE_ID,
        cast(TXN_DATETIME as TIMESTAMP) as TXN_DATETIME,
        cast(TXN_AMOUNT as NUMBER(18,2)) as TXN_AMOUNT,
        cast(TXN_TYPE as VARCHAR(50)) as TXN_TYPE,
        cast(TXN_STATUS as VARCHAR(30)) as TXN_STATUS,
        cast(CHANNEL as VARCHAR(50)) as CHANNEL,
        cast(NULL as VARCHAR(100)) as COUNTRY,
        cast(NULL as VARCHAR(100)) as STATE,
        CASE
            WHEN cast(TXN_AMOUNT as NUMBER(18,2)) >= 100000 THEN 'HIGH_VALUE_TXN'
            WHEN DEVICE_ID IN (SELECT DEVICE_ID FROM UPI_FRAUD_MONITORING.TRANSFORM.v_device_registry WHERE TRUSTED_FLAG = 'N') THEN 'UNTRUSTED_DEVICE'
            WHEN BENEFICIARY_ID IN (SELECT BENEFICIARY_ID FROM UPI_FRAUD_MONITORING.TRANSFORM.v_beneficiary WHERE RISK_RATING = 'HIGH') THEN 'HIGH_RISK_BENEFICIARY'
            WHEN MERCHANT_ID IN (SELECT MERCHANT_ID FROM UPI_FRAUD_MONITORING.TRANSFORM.v_merchant WHERE RISK_RATING = 'HIGH') THEN 'HIGH_RISK_MERCHANT'
            WHEN CUSTOMER_ID IN (SELECT CUSTOMER_ID FROM UPI_FRAUD_MONITORING.TRANSFORM.v_raw_customer WHERE RISK_RATING = 'HIGH') THEN 'HIGH_RISK_CUSTOMER'
            WHEN TXN_STATUS = 'FAILED' THEN 'FAILED_TRANSACTION'
            ELSE 'NORMAL'
        END as TXN_RISK_REASON,
        cast(NULL as VARCHAR(50)) as TXN_FRAUD_ID,
        CREATED_LOAD_ID,
        CREATED_DATE_TIME
    from UPI_FRAUD_MONITORING.TRANSFORM.v_transaction
),

hashed as (
    select
        *,
        md5(
            coalesce(TRANSACTION_ID, '^') || '|' ||
            coalesce(CUSTOMER_ID, '^') || '|' ||
            coalesce(ACCOUNT_ID, '^') || '|' ||
            coalesce(BENEFICIARY_ID, '^') || '|' ||
            coalesce(MERCHANT_ID, '^') || '|' ||
            coalesce(DEVICE_ID, '^') || '|' ||
            coalesce(cast(TXN_DATETIME as VARCHAR), '^') || '|' ||
            coalesce(cast(TXN_AMOUNT as VARCHAR), '^') || '|' ||
            coalesce(TXN_TYPE, '^') || '|' ||
            coalesce(TXN_STATUS, '^') || '|' ||
            coalesce(CHANNEL, '^') || '|' ||
            coalesce(TXN_RISK_REASON, '^')
        ) as HASH_DIFF,
        'Y' as IS_CURRENT
    from source
)



    select * from hashed


        );
[0m00:50:01.346099 [debug] [Thread-3 (]: Opening a new connection, currently in state init
[0m00:50:01.369948 [debug] [Thread-2 (]: SQL status: SUCCESS 0 in 0.208 seconds
[0m00:50:01.373012 [info ] [Thread-2 (]: 22 of 27 OK created sql incremental model TRANSFORM.sl_merchant ................ [[32mSUCCESS 1[0m in 1.23s]
[0m00:50:01.374221 [debug] [Thread-2 (]: Finished running node model.UPI_Fraud_Monitoring.sl_merchant
[0m00:50:01.611320 [debug] [Thread-4 (]: SQL status: SUCCESS 1 in 0.924 seconds
[0m00:50:01.616786 [debug] [Thread-4 (]: Applying DROP to: UPI_FRAUD_MONITORING.TRANSFORM.sl_device__dbt_tmp
[0m00:50:01.618150 [debug] [Thread-4 (]: Using snowflake connection "model.UPI_Fraud_Monitoring.sl_device"
[0m00:50:01.618666 [debug] [Thread-4 (]: On model.UPI_Fraud_Monitoring.sl_device: /* {"app": "dbt", "dbt_version": "1.9.4", "profile_name": "default", "target_name": "dev", "node_id": "model.UPI_Fraud_Monitoring.sl_device"} */
drop view if exists UPI_FRAUD_MONITORING.TRANSFORM.sl_device__dbt_tmp cascade
[0m00:50:01.673199 [debug] [Thread-5 (]: SQL status: SUCCESS 1 in 0.971 seconds
[0m00:50:01.766036 [debug] [Thread-4 (]: SQL status: SUCCESS 1 in 0.147 seconds
[0m00:50:01.780880 [debug] [Thread-5 (]: Applying DROP to: UPI_FRAUD_MONITORING.TRANSFORM.sl_watchlist__dbt_tmp
[0m00:50:01.783966 [debug] [Thread-4 (]: Using snowflake connection "model.UPI_Fraud_Monitoring.sl_device"
[0m00:50:01.785409 [debug] [Thread-5 (]: Using snowflake connection "model.UPI_Fraud_Monitoring.sl_watchlist"
[0m00:50:01.786018 [debug] [Thread-4 (]: On model.UPI_Fraud_Monitoring.sl_device: /* {"app": "dbt", "dbt_version": "1.9.4", "profile_name": "default", "target_name": "dev", "node_id": "model.UPI_Fraud_Monitoring.sl_device"} */
UPDATE UPI_FRAUD_MONITORING.TRANSFORM.sl_device t
             SET t.IS_CURRENT = 'N'
             WHERE t.IS_CURRENT = 'Y'
               AND t.DEVICE_ID IN (
                   SELECT s.DEVICE_ID FROM UPI_FRAUD_MONITORING.TRANSFORM.sl_device s
                   WHERE s.IS_CURRENT = 'Y'
                   GROUP BY s.DEVICE_ID HAVING COUNT(*) > 1
               )
               AND t.CREATED_DATE_TIME < (
                   SELECT MAX(s2.CREATED_DATE_TIME) FROM UPI_FRAUD_MONITORING.TRANSFORM.sl_device s2
                   WHERE s2.DEVICE_ID = t.DEVICE_ID AND s2.IS_CURRENT = 'Y'
               )
[0m00:50:01.786549 [debug] [Thread-5 (]: On model.UPI_Fraud_Monitoring.sl_watchlist: /* {"app": "dbt", "dbt_version": "1.9.4", "profile_name": "default", "target_name": "dev", "node_id": "model.UPI_Fraud_Monitoring.sl_watchlist"} */
drop view if exists UPI_FRAUD_MONITORING.TRANSFORM.sl_watchlist__dbt_tmp cascade
[0m00:50:01.837722 [debug] [Thread-5 (]: SQL status: SUCCESS 1 in 0.050 seconds
[0m00:50:01.840792 [debug] [Thread-5 (]: Using snowflake connection "model.UPI_Fraud_Monitoring.sl_watchlist"
[0m00:50:01.841374 [debug] [Thread-5 (]: On model.UPI_Fraud_Monitoring.sl_watchlist: /* {"app": "dbt", "dbt_version": "1.9.4", "profile_name": "default", "target_name": "dev", "node_id": "model.UPI_Fraud_Monitoring.sl_watchlist"} */
UPDATE UPI_FRAUD_MONITORING.TRANSFORM.sl_watchlist t
             SET t.IS_CURRENT = 'N'
             WHERE t.IS_CURRENT = 'Y'
               AND t.WATCHLIST_ID IN (
                   SELECT s.WATCHLIST_ID FROM UPI_FRAUD_MONITORING.TRANSFORM.sl_watchlist s
                   WHERE s.IS_CURRENT = 'Y'
                   GROUP BY s.WATCHLIST_ID HAVING COUNT(*) > 1
               )
               AND t.CREATED_DATE_TIME < (
                   SELECT MAX(s2.CREATED_DATE_TIME) FROM UPI_FRAUD_MONITORING.TRANSFORM.sl_watchlist s2
                   WHERE s2.WATCHLIST_ID = t.WATCHLIST_ID AND s2.IS_CURRENT = 'Y'
               )
[0m00:50:02.005227 [debug] [Thread-4 (]: SQL status: SUCCESS 0 in 0.218 seconds
[0m00:50:02.007862 [info ] [Thread-4 (]: 24 of 27 OK created sql incremental model TRANSFORM.sl_device .................. [[32mSUCCESS 1[0m in 1.34s]
[0m00:50:02.008684 [debug] [Thread-4 (]: Finished running node model.UPI_Fraud_Monitoring.sl_device
[0m00:50:02.058509 [debug] [Thread-5 (]: SQL status: SUCCESS 0 in 0.216 seconds
[0m00:50:02.061149 [info ] [Thread-5 (]: 25 of 27 OK created sql incremental model TRANSFORM.sl_watchlist ............... [[32mSUCCESS 1[0m in 1.37s]
[0m00:50:02.061873 [debug] [Thread-5 (]: Finished running node model.UPI_Fraud_Monitoring.sl_watchlist
[0m00:50:02.933888 [debug] [Thread-3 (]: SQL status: SUCCESS 1 in 1.588 seconds
[0m00:50:02.938865 [debug] [Thread-3 (]: Applying DROP to: UPI_FRAUD_MONITORING.TRANSFORM.sl_transaction__dbt_tmp
[0m00:50:02.940125 [debug] [Thread-3 (]: Using snowflake connection "model.UPI_Fraud_Monitoring.sl_transaction"
[0m00:50:02.940719 [debug] [Thread-3 (]: On model.UPI_Fraud_Monitoring.sl_transaction: /* {"app": "dbt", "dbt_version": "1.9.4", "profile_name": "default", "target_name": "dev", "node_id": "model.UPI_Fraud_Monitoring.sl_transaction"} */
drop view if exists UPI_FRAUD_MONITORING.TRANSFORM.sl_transaction__dbt_tmp cascade
[0m00:50:02.990945 [debug] [Thread-3 (]: SQL status: SUCCESS 1 in 0.050 seconds
[0m00:50:02.993976 [debug] [Thread-3 (]: Using snowflake connection "model.UPI_Fraud_Monitoring.sl_transaction"
[0m00:50:02.994553 [debug] [Thread-3 (]: On model.UPI_Fraud_Monitoring.sl_transaction: /* {"app": "dbt", "dbt_version": "1.9.4", "profile_name": "default", "target_name": "dev", "node_id": "model.UPI_Fraud_Monitoring.sl_transaction"} */
UPDATE UPI_FRAUD_MONITORING.TRANSFORM.sl_transaction t
             SET t.IS_CURRENT = 'N'
             WHERE t.IS_CURRENT = 'Y'
               AND t.TRANSACTION_ID IN (
                   SELECT s.TRANSACTION_ID
                   FROM UPI_FRAUD_MONITORING.TRANSFORM.sl_transaction s
                   WHERE s.IS_CURRENT = 'Y'
                   GROUP BY s.TRANSACTION_ID
                   HAVING COUNT(*) > 1
               )
               AND t.CREATED_DATE_TIME < (
                   SELECT MAX(s2.CREATED_DATE_TIME)
                   FROM UPI_FRAUD_MONITORING.TRANSFORM.sl_transaction s2
                   WHERE s2.TRANSACTION_ID = t.TRANSACTION_ID
                     AND s2.IS_CURRENT = 'Y'
               )
[0m00:50:03.192156 [debug] [Thread-3 (]: SQL status: SUCCESS 0 in 0.197 seconds
[0m00:50:03.194805 [info ] [Thread-3 (]: 26 of 27 OK created sql incremental model TRANSFORM.sl_transaction ............. [[32mSUCCESS 1[0m in 1.87s]
[0m00:50:03.195555 [debug] [Thread-3 (]: Finished running node model.UPI_Fraud_Monitoring.sl_transaction
[0m00:50:03.196788 [debug] [Thread-2 (]: Began running node model.UPI_Fraud_Monitoring.sl_beneficiary
[0m00:50:03.197623 [info ] [Thread-2 (]: 27 of 27 START sql incremental model TRANSFORM.sl_beneficiary .................. [RUN]
[0m00:50:03.198254 [debug] [Thread-2 (]: Re-using an available connection from the pool (formerly model.UPI_Fraud_Monitoring.sl_merchant, now model.UPI_Fraud_Monitoring.sl_beneficiary)
[0m00:50:03.198770 [debug] [Thread-2 (]: Began compiling node model.UPI_Fraud_Monitoring.sl_beneficiary
[0m00:50:03.204768 [debug] [Thread-2 (]: Writing injected SQL for node "model.UPI_Fraud_Monitoring.sl_beneficiary"
[0m00:50:03.205459 [debug] [Thread-2 (]: Began executing node model.UPI_Fraud_Monitoring.sl_beneficiary
[0m00:50:03.209989 [debug] [Thread-2 (]: Writing runtime sql for node "model.UPI_Fraud_Monitoring.sl_beneficiary"
[0m00:50:03.212878 [debug] [Thread-2 (]: Using snowflake connection "model.UPI_Fraud_Monitoring.sl_beneficiary"
[0m00:50:03.213515 [debug] [Thread-2 (]: On model.UPI_Fraud_Monitoring.sl_beneficiary: /* {"app": "dbt", "dbt_version": "1.9.4", "profile_name": "default", "target_name": "dev", "node_id": "model.UPI_Fraud_Monitoring.sl_beneficiary"} */
create or replace transient table UPI_FRAUD_MONITORING.TRANSFORM.sl_beneficiary
         as
        (

with txn_agg as (
    select
        BENEFICIARY_ID,
        sum(cast(TXN_AMOUNT as NUMBER(18,2))) as TXN_AMOUNT,
        count(distinct CUSTOMER_ID) as CNT
    from UPI_FRAUD_MONITORING.TRANSFORM.sl_transaction
    where IS_CURRENT = 'Y'
    group by BENEFICIARY_ID
),

source as (
    select
        cast(b.BENEFICIARY_ID as VARCHAR(100)) as BENEFICIARY_ID,
        cast(b.CUSTOMER_ID as VARCHAR(50)) as CUSTOMER_ID,
        cast(b.BENEFICIARY_NAME as VARCHAR(255)) as BENEFICIARY_NAME,
        cast(b.BENEFICIARY_VPA as VARCHAR(255)) as BENEFICIARY_VPA,
        cast(b.BANK_NAME as VARCHAR(255)) as BANK_NAME,
        b.BENEFICIARY_CREATED_DATE,
        t.TXN_AMOUNT,
        t.CNT,
        CASE
            WHEN EXISTS (
                SELECT 1 FROM UPI_FRAUD_MONITORING.TRANSFORM.sl_watchlist w
                WHERE w.ENTITY_TYPE = 'BENEFICIARY'
                  AND w.ENTITY_ID = b.BENEFICIARY_ID
                  AND w.IS_CURRENT = 'Y'
            ) THEN 'HIGH'
            WHEN t.TXN_AMOUNT > 1000000 THEN 'HIGH'
            WHEN t.CNT > 10 THEN 'HIGH'
            WHEN DATEDIFF(DAY, cast(b.BENEFICIARY_CREATED_DATE as DATE), CURRENT_DATE) < 30 THEN 'MEDIUM'
            ELSE 'LOW'
        END as RISK_RATING,
        b.CREATED_LOAD_ID,
        b.CREATED_DATE_TIME
    from UPI_FRAUD_MONITORING.TRANSFORM.v_beneficiary b
    left join txn_agg t on b.BENEFICIARY_ID = t.BENEFICIARY_ID
),

hashed as (
    select
        BENEFICIARY_ID,
        CUSTOMER_ID,
        BENEFICIARY_NAME,
        BENEFICIARY_VPA,
        BANK_NAME,
        RISK_RATING,
        md5(
            coalesce(BENEFICIARY_ID, '^') || '|' ||
            coalesce(CUSTOMER_ID, '^') || '|' ||
            coalesce(BENEFICIARY_NAME, '^') || '|' ||
            coalesce(BENEFICIARY_VPA, '^') || '|' ||
            coalesce(BANK_NAME, '^') || '|' ||
            coalesce(RISK_RATING, '^')
        ) as HASH_DIFF,
        'Y' as IS_CURRENT,
        CREATED_LOAD_ID,
        CREATED_DATE_TIME
    from source
)



    select * from hashed


        );
[0m00:50:03.214048 [debug] [Thread-2 (]: Opening a new connection, currently in state init
[0m00:50:04.327883 [debug] [Thread-2 (]: SQL status: SUCCESS 1 in 1.114 seconds
[0m00:50:04.334252 [debug] [Thread-2 (]: Applying DROP to: UPI_FRAUD_MONITORING.TRANSFORM.sl_beneficiary__dbt_tmp
[0m00:50:04.335627 [debug] [Thread-2 (]: Using snowflake connection "model.UPI_Fraud_Monitoring.sl_beneficiary"
[0m00:50:04.336117 [debug] [Thread-2 (]: On model.UPI_Fraud_Monitoring.sl_beneficiary: /* {"app": "dbt", "dbt_version": "1.9.4", "profile_name": "default", "target_name": "dev", "node_id": "model.UPI_Fraud_Monitoring.sl_beneficiary"} */
drop view if exists UPI_FRAUD_MONITORING.TRANSFORM.sl_beneficiary__dbt_tmp cascade
[0m00:50:04.406729 [debug] [Thread-2 (]: SQL status: SUCCESS 1 in 0.070 seconds
[0m00:50:04.409706 [debug] [Thread-2 (]: Using snowflake connection "model.UPI_Fraud_Monitoring.sl_beneficiary"
[0m00:50:04.410293 [debug] [Thread-2 (]: On model.UPI_Fraud_Monitoring.sl_beneficiary: /* {"app": "dbt", "dbt_version": "1.9.4", "profile_name": "default", "target_name": "dev", "node_id": "model.UPI_Fraud_Monitoring.sl_beneficiary"} */
UPDATE UPI_FRAUD_MONITORING.TRANSFORM.sl_beneficiary t
             SET t.IS_CURRENT = 'N'
             WHERE t.IS_CURRENT = 'Y'
               AND t.BENEFICIARY_ID IN (
                   SELECT s.BENEFICIARY_ID FROM UPI_FRAUD_MONITORING.TRANSFORM.sl_beneficiary s
                   WHERE s.IS_CURRENT = 'Y'
                   GROUP BY s.BENEFICIARY_ID HAVING COUNT(*) > 1
               )
               AND t.CREATED_DATE_TIME < (
                   SELECT MAX(s2.CREATED_DATE_TIME) FROM UPI_FRAUD_MONITORING.TRANSFORM.sl_beneficiary s2
                   WHERE s2.BENEFICIARY_ID = t.BENEFICIARY_ID AND s2.IS_CURRENT = 'Y'
               )
[0m00:50:04.651605 [debug] [Thread-2 (]: SQL status: SUCCESS 0 in 0.241 seconds
[0m00:50:04.654230 [info ] [Thread-2 (]: 27 of 27 OK created sql incremental model TRANSFORM.sl_beneficiary ............. [[32mSUCCESS 1[0m in 1.46s]
[0m00:50:04.654934 [debug] [Thread-2 (]: Finished running node model.UPI_Fraud_Monitoring.sl_beneficiary
[0m00:50:04.658345 [debug] [Dummy-1   ]: Connection 'master' was properly closed.
[0m00:50:04.659198 [debug] [Dummy-1   ]: Connection 'model.UPI_Fraud_Monitoring.sl_beneficiary' was properly closed.
[0m00:50:04.659768 [debug] [Dummy-1   ]: Connection 'model.UPI_Fraud_Monitoring.sl_transaction' was properly closed.
[0m00:50:04.660317 [debug] [Dummy-1   ]: Connection 'model.UPI_Fraud_Monitoring.sl_device' was properly closed.
[0m00:50:04.660832 [debug] [Dummy-1   ]: Connection 'model.UPI_Fraud_Monitoring.sl_watchlist' was properly closed.
[0m00:50:04.661445 [info ] [Dummy-1   ]: 
[0m00:50:04.661925 [info ] [Dummy-1   ]: Finished running 7 incremental models, 20 view models in 0 hours 0 minutes and 8.58 seconds (8.58s).
[0m00:50:04.665515 [debug] [Dummy-1   ]: Command end result
[0m00:50:04.697003 [debug] [Dummy-1   ]: Wrote artifact WritableManifest to /tmp/dbt/target/manifest.json
[0m00:50:04.699022 [debug] [Dummy-1   ]: Wrote artifact SemanticManifest to /tmp/dbt/target/semantic_manifest.json
[0m00:50:04.705960 [debug] [Dummy-1   ]: Wrote artifact RunExecutionResult to /tmp/dbt/target/run_results.json
[0m00:50:04.706443 [info ] [Dummy-1   ]: 
[0m00:50:04.706989 [info ] [Dummy-1   ]: [32mCompleted successfully[0m
[0m00:50:04.707454 [info ] [Dummy-1   ]: 
[0m00:50:04.707914 [info ] [Dummy-1   ]: Done. PASS=27 WARN=0 ERROR=0 SKIP=0 TOTAL=27
[0m00:50:04.709678 [debug] [Dummy-1   ]: Resource report: {"command_name": "run", "command_success": true, "command_wall_clock_time": 11.536894, "process_in_blocks": "0", "process_kernel_time": 1.05, "process_mem_max_rss": "518392", "process_out_blocks": "0", "process_user_time": 6.73}
[0m00:50:04.710338 [debug] [Dummy-1   ]: Command `cli run` succeeded at 00:50:04.710038 after 11.54 seconds
[0m00:50:04.710828 [debug] [Dummy-1   ]: Flushing usage events


============================== 00:58:12.708130 | 48f5009e-1918-4f09-bcfd-a956f0d08597 ==============================
[0m00:58:12.708130 [info ] [Dummy-1   ]: Running with dbt=1.9.4
[0m00:58:12.709047 [debug] [Dummy-1   ]: running dbt with arguments {'printer_width': '80', 'indirect_selection': 'eager', 'log_cache_events': 'False', 'write_json': 'True', 'partial_parse': 'True', 'cache_selected_only': 'False', 'profiles_dir': '/tmp/dbt_effective_profiles_ed0g3vyg', 'debug': 'False', 'fail_fast': 'False', 'log_path': '/tmp/dbt/logs', 'warn_error': 'None', 'version_check': 'True', 'use_colors': 'True', 'use_experimental_parser': 'False', 'no_print': 'None', 'quiet': 'False', 'empty': 'False', 'warn_error_options': 'WarnErrorOptions(include=[], exclude=[])', 'static_parser': 'True', 'log_format': 'default', 'introspect': 'True', 'target_path': 'None', 'invocation_command': 'dbt ', 'send_anonymous_usage_stats': 'False'}
[0m00:58:12.977754 [info ] [Dummy-1   ]: Registered adapter: snowflake=1.9.2
[0m00:58:13.509556 [debug] [Dummy-1   ]: checksum: 53ed91fada2233efb98368d1716b44ab532c83a9c293cf1890b7905d5b45fb25, vars: {}, profile: , target: dev, version: 1.9.4
[0m00:58:13.778742 [debug] [Dummy-1   ]: Partial parsing enabled: 0 files deleted, 1 files added, 0 files changed.
[0m00:58:13.779618 [debug] [Dummy-1   ]: Partial parsing: added file: UPI_Fraud_Monitoring://models/silver/sl_password_change.sql
[0m00:58:14.228393 [debug] [Dummy-1   ]: Wrote artifact WritableManifest to /tmp/dbt/target/manifest.json
[0m00:58:14.230327 [debug] [Dummy-1   ]: Wrote artifact SemanticManifest to /tmp/dbt/target/semantic_manifest.json
[0m00:58:14.274420 [info ] [Dummy-1   ]: Found 28 models, 17 data tests, 10 sources, 478 macros
[0m00:58:14.276778 [info ] [Dummy-1   ]: 
[0m00:58:14.277292 [info ] [Dummy-1   ]: Concurrency: 4 threads (target='dev')
[0m00:58:14.277722 [info ] [Dummy-1   ]: 
[0m00:58:14.278400 [debug] [Dummy-1   ]: Acquiring new snowflake connection 'master'
[0m00:58:14.280465 [debug] [ThreadPool]: Acquiring new snowflake connection 'list_UPI_FRAUD_MONITORING'
[0m00:58:14.372444 [debug] [ThreadPool]: Using snowflake connection "list_UPI_FRAUD_MONITORING"
[0m00:58:14.372974 [debug] [ThreadPool]: On list_UPI_FRAUD_MONITORING: /* {"app": "dbt", "dbt_version": "1.9.4", "profile_name": "default", "target_name": "dev", "connection_name": "list_UPI_FRAUD_MONITORING"} */
show terse schemas in database UPI_FRAUD_MONITORING
    limit 10000
[0m00:58:14.373410 [debug] [ThreadPool]: Opening a new connection, currently in state init
[0m00:58:14.842407 [debug] [ThreadPool]: SQL status: SUCCESS 4 in 0.469 seconds
[0m00:58:14.851370 [debug] [ThreadPool]: Re-using an available connection from the pool (formerly list_UPI_FRAUD_MONITORING, now list_UPI_FRAUD_MONITORING_TRANSFORM)
[0m00:58:14.863370 [debug] [ThreadPool]: Using snowflake connection "list_UPI_FRAUD_MONITORING_TRANSFORM"
[0m00:58:14.863870 [debug] [ThreadPool]: On list_UPI_FRAUD_MONITORING_TRANSFORM: /* {"app": "dbt", "dbt_version": "1.9.4", "profile_name": "default", "target_name": "dev", "connection_name": "list_UPI_FRAUD_MONITORING_TRANSFORM"} */
alter session set quoted_identifiers_ignore_case = false;
[0m00:58:14.864319 [debug] [ThreadPool]: Opening a new connection, currently in state init
[0m00:58:15.281573 [debug] [ThreadPool]: SQL status: SUCCESS 1 in 0.417 seconds
[0m00:58:15.285982 [debug] [ThreadPool]: Using snowflake connection "list_UPI_FRAUD_MONITORING_TRANSFORM"
[0m00:58:15.286477 [debug] [ThreadPool]: On list_UPI_FRAUD_MONITORING_TRANSFORM: /* {"app": "dbt", "dbt_version": "1.9.4", "profile_name": "default", "target_name": "dev", "connection_name": "list_UPI_FRAUD_MONITORING_TRANSFORM"} */
show objects in UPI_FRAUD_MONITORING.TRANSFORM
    limit 10000
    
;
[0m00:58:15.435018 [debug] [ThreadPool]: SQL status: SUCCESS 27 in 0.148 seconds
[0m00:58:15.438508 [debug] [ThreadPool]: Using snowflake connection "list_UPI_FRAUD_MONITORING_TRANSFORM"
[0m00:58:15.438970 [debug] [ThreadPool]: On list_UPI_FRAUD_MONITORING_TRANSFORM: /* {"app": "dbt", "dbt_version": "1.9.4", "profile_name": "default", "target_name": "dev", "connection_name": "list_UPI_FRAUD_MONITORING_TRANSFORM"} */
alter session unset quoted_identifiers_ignore_case;
[0m00:58:15.493984 [debug] [ThreadPool]: SQL status: SUCCESS 1 in 0.055 seconds
[0m00:58:15.513966 [debug] [Thread-2 (]: Began running node model.UPI_Fraud_Monitoring.sl_password_change
[0m00:58:15.514703 [info ] [Thread-2 (]: 1 of 1 START sql incremental model TRANSFORM.sl_password_change ................ [RUN]
[0m00:58:15.515361 [debug] [Thread-2 (]: Re-using an available connection from the pool (formerly list_UPI_FRAUD_MONITORING_TRANSFORM, now model.UPI_Fraud_Monitoring.sl_password_change)
[0m00:58:15.515899 [debug] [Thread-2 (]: Began compiling node model.UPI_Fraud_Monitoring.sl_password_change
[0m00:58:15.525933 [debug] [Thread-2 (]: Writing injected SQL for node "model.UPI_Fraud_Monitoring.sl_password_change"
[0m00:58:15.526659 [debug] [Thread-2 (]: Began executing node model.UPI_Fraud_Monitoring.sl_password_change
[0m00:58:15.586165 [debug] [Thread-2 (]: Writing runtime sql for node "model.UPI_Fraud_Monitoring.sl_password_change"
[0m00:58:15.588598 [debug] [Thread-2 (]: Using snowflake connection "model.UPI_Fraud_Monitoring.sl_password_change"
[0m00:58:15.589206 [debug] [Thread-2 (]: On model.UPI_Fraud_Monitoring.sl_password_change: /* {"app": "dbt", "dbt_version": "1.9.4", "profile_name": "default", "target_name": "dev", "node_id": "model.UPI_Fraud_Monitoring.sl_password_change"} */
create or replace transient table UPI_FRAUD_MONITORING.TRANSFORM.sl_password_change
         as
        (

with source as (
    select
        cast(v.PASSWORD_CHANGE_ID as VARCHAR(100)) as PASSWORD_CHANGE_ID,
        cast(v.CUSTOMER_ID as VARCHAR(50)) as CUSTOMER_ID,
        cast(v.CHANGE_TIME as TIMESTAMP) as CHANGE_TIME,
        cast(v.CHANGE_CHANNEL as VARCHAR(50)) as CHANGE_CHANNEL,
        cast(v.DEVICE_ID as VARCHAR(100)) as DEVICE_ID,
        extract(hour from cast(v.CHANGE_TIME as TIMESTAMP)) as CHANGE_HOUR,
        dayname(cast(v.CHANGE_TIME as TIMESTAMP)) as CHANGE_DAY_OF_WEEK,
        d.DEVICE_RISK_SCORE as DEVICE_RISK_SCORE,
        CASE
            WHEN d.DEVICE_RISK_SCORE >= 80 THEN 'HIGH'
            WHEN extract(hour from cast(v.CHANGE_TIME as TIMESTAMP)) between 0 and 4 THEN 'MEDIUM'
            ELSE 'LOW'
        END as PASSWORD_CHANGE_RISK,
        v.CREATED_LOAD_ID,
        v.CREATED_DATE_TIME
    from UPI_FRAUD_MONITORING.TRANSFORM.v_password_change v
    left join UPI_FRAUD_MONITORING.TRANSFORM.sl_device d
        on v.DEVICE_ID = d.DEVICE_ID and d.IS_CURRENT = 'Y'
),

hashed as (
    select
        *,
        md5(
            coalesce(PASSWORD_CHANGE_ID, '^') || '|' ||
            coalesce(CUSTOMER_ID, '^') || '|' ||
            coalesce(cast(CHANGE_TIME as VARCHAR), '^') || '|' ||
            coalesce(CHANGE_CHANNEL, '^') || '|' ||
            coalesce(DEVICE_ID, '^') || '|' ||
            coalesce(cast(DEVICE_RISK_SCORE as VARCHAR), '^') || '|' ||
            coalesce(PASSWORD_CHANGE_RISK, '^')
        ) as HASH_DIFF,
        'Y' as IS_CURRENT
    from source
)



    select * from hashed


        );
[0m00:58:15.589762 [debug] [Thread-2 (]: Opening a new connection, currently in state init
[0m00:58:17.037385 [debug] [Thread-2 (]: SQL status: SUCCESS 1 in 1.447 seconds
[0m00:58:17.048454 [debug] [Thread-2 (]: Applying DROP to: UPI_FRAUD_MONITORING.TRANSFORM.sl_password_change__dbt_tmp
[0m00:58:17.064330 [debug] [Thread-2 (]: Using snowflake connection "model.UPI_Fraud_Monitoring.sl_password_change"
[0m00:58:17.064952 [debug] [Thread-2 (]: On model.UPI_Fraud_Monitoring.sl_password_change: /* {"app": "dbt", "dbt_version": "1.9.4", "profile_name": "default", "target_name": "dev", "node_id": "model.UPI_Fraud_Monitoring.sl_password_change"} */
drop view if exists UPI_FRAUD_MONITORING.TRANSFORM.sl_password_change__dbt_tmp cascade
[0m00:58:17.121181 [debug] [Thread-2 (]: SQL status: SUCCESS 1 in 0.056 seconds
[0m00:58:17.123789 [debug] [Thread-2 (]: Using snowflake connection "model.UPI_Fraud_Monitoring.sl_password_change"
[0m00:58:17.124347 [debug] [Thread-2 (]: On model.UPI_Fraud_Monitoring.sl_password_change: /* {"app": "dbt", "dbt_version": "1.9.4", "profile_name": "default", "target_name": "dev", "node_id": "model.UPI_Fraud_Monitoring.sl_password_change"} */
UPDATE UPI_FRAUD_MONITORING.TRANSFORM.sl_password_change t
             SET t.IS_CURRENT = 'N'
             WHERE t.IS_CURRENT = 'Y'
               AND t.PASSWORD_CHANGE_ID IN (
                   SELECT s.PASSWORD_CHANGE_ID FROM UPI_FRAUD_MONITORING.TRANSFORM.sl_password_change s
                   WHERE s.IS_CURRENT = 'Y'
                   GROUP BY s.PASSWORD_CHANGE_ID HAVING COUNT(*) > 1
               )
               AND t.CREATED_DATE_TIME < (
                   SELECT MAX(s2.CREATED_DATE_TIME) FROM UPI_FRAUD_MONITORING.TRANSFORM.sl_password_change s2
                   WHERE s2.PASSWORD_CHANGE_ID = t.PASSWORD_CHANGE_ID AND s2.IS_CURRENT = 'Y'
               )
[0m00:58:17.335241 [debug] [Thread-2 (]: SQL status: SUCCESS 0 in 0.210 seconds
[0m00:58:17.356593 [info ] [Thread-2 (]: 1 of 1 OK created sql incremental model TRANSFORM.sl_password_change ........... [[32mSUCCESS 1[0m in 1.84s]
[0m00:58:17.357328 [debug] [Thread-2 (]: Finished running node model.UPI_Fraud_Monitoring.sl_password_change
[0m00:58:17.360329 [debug] [Dummy-1   ]: Connection 'master' was properly closed.
[0m00:58:17.360901 [debug] [Dummy-1   ]: Connection 'model.UPI_Fraud_Monitoring.sl_password_change' was properly closed.
[0m00:58:17.361357 [info ] [Dummy-1   ]: 
[0m00:58:17.361811 [info ] [Dummy-1   ]: Finished running 1 incremental model in 0 hours 0 minutes and 3.08 seconds (3.08s).
[0m00:58:17.362578 [debug] [Dummy-1   ]: Command end result
[0m00:58:17.392514 [debug] [Dummy-1   ]: Wrote artifact WritableManifest to /tmp/dbt/target/manifest.json
[0m00:58:17.394240 [debug] [Dummy-1   ]: Wrote artifact SemanticManifest to /tmp/dbt/target/semantic_manifest.json
[0m00:58:17.399864 [debug] [Dummy-1   ]: Wrote artifact RunExecutionResult to /tmp/dbt/target/run_results.json
[0m00:58:17.400319 [info ] [Dummy-1   ]: 
[0m00:58:17.400991 [info ] [Dummy-1   ]: [32mCompleted successfully[0m
[0m00:58:17.401426 [info ] [Dummy-1   ]: 
[0m00:58:17.401879 [info ] [Dummy-1   ]: Done. PASS=1 WARN=0 ERROR=0 SKIP=0 TOTAL=1
[0m00:58:17.403474 [debug] [Dummy-1   ]: Resource report: {"command_name": "run", "command_success": true, "command_wall_clock_time": 4.7680283, "process_in_blocks": "0", "process_kernel_time": 0.75, "process_mem_max_rss": "457528", "process_out_blocks": "0", "process_user_time": 4.35}
[0m00:58:17.404073 [debug] [Dummy-1   ]: Command `cli run` succeeded at 00:58:17.403835 after 4.77 seconds
[0m00:58:17.404635 [debug] [Dummy-1   ]: Flushing usage events


============================== 01:00:27.537402 | 47a503b2-d2cc-4fc9-93f8-0e7b9f4780ed ==============================
[0m01:00:27.537402 [info ] [Dummy-1   ]: Running with dbt=1.9.4
[0m01:00:27.538260 [debug] [Dummy-1   ]: running dbt with arguments {'printer_width': '80', 'indirect_selection': 'eager', 'write_json': 'True', 'log_cache_events': 'False', 'partial_parse': 'True', 'cache_selected_only': 'False', 'warn_error': 'None', 'fail_fast': 'False', 'version_check': 'True', 'log_path': '/tmp/dbt/logs', 'debug': 'False', 'profiles_dir': '/tmp/dbt_effective_profiles__i7bnup5', 'use_colors': 'True', 'use_experimental_parser': 'False', 'no_print': 'None', 'quiet': 'False', 'empty': 'False', 'warn_error_options': 'WarnErrorOptions(include=[], exclude=[])', 'invocation_command': 'dbt ', 'log_format': 'default', 'static_parser': 'True', 'target_path': 'None', 'introspect': 'True', 'send_anonymous_usage_stats': 'False'}
[0m01:00:27.810376 [info ] [Dummy-1   ]: Registered adapter: snowflake=1.9.2
[0m01:00:28.338547 [debug] [Dummy-1   ]: checksum: 53ed91fada2233efb98368d1716b44ab532c83a9c293cf1890b7905d5b45fb25, vars: {}, profile: , target: dev, version: 1.9.4
[0m01:00:28.612102 [debug] [Dummy-1   ]: Partial parsing enabled: 0 files deleted, 1 files added, 0 files changed.
[0m01:00:28.613049 [debug] [Dummy-1   ]: Partial parsing: added file: UPI_Fraud_Monitoring://models/silver/sl_collect_request.sql
[0m01:00:29.079358 [debug] [Dummy-1   ]: Wrote artifact WritableManifest to /tmp/dbt/target/manifest.json
[0m01:00:29.081439 [debug] [Dummy-1   ]: Wrote artifact SemanticManifest to /tmp/dbt/target/semantic_manifest.json
[0m01:00:29.127695 [info ] [Dummy-1   ]: Found 29 models, 17 data tests, 10 sources, 478 macros
[0m01:00:29.130048 [info ] [Dummy-1   ]: 
[0m01:00:29.130563 [info ] [Dummy-1   ]: Concurrency: 4 threads (target='dev')
[0m01:00:29.131042 [info ] [Dummy-1   ]: 
[0m01:00:29.131754 [debug] [Dummy-1   ]: Acquiring new snowflake connection 'master'
[0m01:00:29.134059 [debug] [ThreadPool]: Acquiring new snowflake connection 'list_UPI_FRAUD_MONITORING'
[0m01:00:29.229616 [debug] [ThreadPool]: Using snowflake connection "list_UPI_FRAUD_MONITORING"
[0m01:00:29.230190 [debug] [ThreadPool]: On list_UPI_FRAUD_MONITORING: /* {"app": "dbt", "dbt_version": "1.9.4", "profile_name": "default", "target_name": "dev", "connection_name": "list_UPI_FRAUD_MONITORING"} */
show terse schemas in database UPI_FRAUD_MONITORING
    limit 10000
[0m01:00:29.230683 [debug] [ThreadPool]: Opening a new connection, currently in state init
[0m01:00:29.760590 [debug] [ThreadPool]: SQL status: SUCCESS 4 in 0.530 seconds
[0m01:00:29.770048 [debug] [ThreadPool]: Re-using an available connection from the pool (formerly list_UPI_FRAUD_MONITORING, now list_UPI_FRAUD_MONITORING_TRANSFORM)
[0m01:00:29.782844 [debug] [ThreadPool]: Using snowflake connection "list_UPI_FRAUD_MONITORING_TRANSFORM"
[0m01:00:29.783408 [debug] [ThreadPool]: On list_UPI_FRAUD_MONITORING_TRANSFORM: /* {"app": "dbt", "dbt_version": "1.9.4", "profile_name": "default", "target_name": "dev", "connection_name": "list_UPI_FRAUD_MONITORING_TRANSFORM"} */
alter session set quoted_identifiers_ignore_case = false;
[0m01:00:29.783879 [debug] [ThreadPool]: Opening a new connection, currently in state init
[0m01:00:30.196187 [debug] [ThreadPool]: SQL status: SUCCESS 1 in 0.412 seconds
[0m01:00:30.200831 [debug] [ThreadPool]: Using snowflake connection "list_UPI_FRAUD_MONITORING_TRANSFORM"
[0m01:00:30.201374 [debug] [ThreadPool]: On list_UPI_FRAUD_MONITORING_TRANSFORM: /* {"app": "dbt", "dbt_version": "1.9.4", "profile_name": "default", "target_name": "dev", "connection_name": "list_UPI_FRAUD_MONITORING_TRANSFORM"} */
show objects in UPI_FRAUD_MONITORING.TRANSFORM
    limit 10000
    
;
[0m01:00:30.319097 [debug] [ThreadPool]: SQL status: SUCCESS 28 in 0.117 seconds
[0m01:00:30.323123 [debug] [ThreadPool]: Using snowflake connection "list_UPI_FRAUD_MONITORING_TRANSFORM"
[0m01:00:30.323678 [debug] [ThreadPool]: On list_UPI_FRAUD_MONITORING_TRANSFORM: /* {"app": "dbt", "dbt_version": "1.9.4", "profile_name": "default", "target_name": "dev", "connection_name": "list_UPI_FRAUD_MONITORING_TRANSFORM"} */
alter session unset quoted_identifiers_ignore_case;
[0m01:00:30.386919 [debug] [ThreadPool]: SQL status: SUCCESS 1 in 0.063 seconds
[0m01:00:30.407206 [debug] [Thread-2 (]: Began running node model.UPI_Fraud_Monitoring.sl_collect_request
[0m01:00:30.408016 [info ] [Thread-2 (]: 1 of 1 START sql incremental model TRANSFORM.sl_collect_request ................ [RUN]
[0m01:00:30.408861 [debug] [Thread-2 (]: Re-using an available connection from the pool (formerly list_UPI_FRAUD_MONITORING_TRANSFORM, now model.UPI_Fraud_Monitoring.sl_collect_request)
[0m01:00:30.409413 [debug] [Thread-2 (]: Began compiling node model.UPI_Fraud_Monitoring.sl_collect_request
[0m01:00:30.419806 [debug] [Thread-2 (]: Writing injected SQL for node "model.UPI_Fraud_Monitoring.sl_collect_request"
[0m01:00:30.420688 [debug] [Thread-2 (]: Began executing node model.UPI_Fraud_Monitoring.sl_collect_request
[0m01:00:30.482200 [debug] [Thread-2 (]: Writing runtime sql for node "model.UPI_Fraud_Monitoring.sl_collect_request"
[0m01:00:30.484545 [debug] [Thread-2 (]: Using snowflake connection "model.UPI_Fraud_Monitoring.sl_collect_request"
[0m01:00:30.485209 [debug] [Thread-2 (]: On model.UPI_Fraud_Monitoring.sl_collect_request: /* {"app": "dbt", "dbt_version": "1.9.4", "profile_name": "default", "target_name": "dev", "node_id": "model.UPI_Fraud_Monitoring.sl_collect_request"} */
create or replace transient table UPI_FRAUD_MONITORING.TRANSFORM.sl_collect_request
         as
        (

with source as (
    select
        cast(COLLECT_REQUEST_ID as VARCHAR(100)) as COLLECT_REQUEST_ID,
        cast(CUSTOMER_ID as VARCHAR(50)) as CUSTOMER_ID,
        cast(REQUEST_AMOUNT as NUMBER(18,2)) as REQUEST_AMOUNT,
        cast(REQUEST_TIME as TIMESTAMP) as REQUEST_TIME,
        cast(REQUEST_STATUS as VARCHAR(30)) as REQUEST_STATUS,
        extract(hour from cast(REQUEST_TIME as TIMESTAMP)) as REQUEST_HOUR,
        dayname(cast(REQUEST_TIME as TIMESTAMP)) as REQUEST_DAY_OF_WEEK,
        CASE
            WHEN cast(REQUEST_AMOUNT as NUMBER(18,2)) >= 100000 THEN 'HIGH'
            WHEN REQUEST_STATUS = 'FAILED' THEN 'MEDIUM'
            ELSE 'LOW'
        END as REQUEST_RISK_RATING,
        CREATED_LOAD_ID,
        CREATED_DATE_TIME
    from UPI_FRAUD_MONITORING.TRANSFORM.v_collect_request
),

hashed as (
    select
        *,
        md5(
            coalesce(COLLECT_REQUEST_ID, '^') || '|' ||
            coalesce(CUSTOMER_ID, '^') || '|' ||
            coalesce(cast(REQUEST_AMOUNT as VARCHAR), '^') || '|' ||
            coalesce(cast(REQUEST_TIME as VARCHAR), '^') || '|' ||
            coalesce(REQUEST_STATUS, '^') || '|' ||
            coalesce(REQUEST_RISK_RATING, '^')
        ) as HASH_DIFF,
        'Y' as IS_CURRENT
    from source
)



    select * from hashed


        );
[0m01:00:30.485751 [debug] [Thread-2 (]: Opening a new connection, currently in state init
[0m01:00:31.663815 [debug] [Thread-2 (]: SQL status: SUCCESS 1 in 1.178 seconds
[0m01:00:31.675501 [debug] [Thread-2 (]: Applying DROP to: UPI_FRAUD_MONITORING.TRANSFORM.sl_collect_request__dbt_tmp
[0m01:00:31.691368 [debug] [Thread-2 (]: Using snowflake connection "model.UPI_Fraud_Monitoring.sl_collect_request"
[0m01:00:31.692029 [debug] [Thread-2 (]: On model.UPI_Fraud_Monitoring.sl_collect_request: /* {"app": "dbt", "dbt_version": "1.9.4", "profile_name": "default", "target_name": "dev", "node_id": "model.UPI_Fraud_Monitoring.sl_collect_request"} */
drop view if exists UPI_FRAUD_MONITORING.TRANSFORM.sl_collect_request__dbt_tmp cascade
[0m01:00:31.753174 [debug] [Thread-2 (]: SQL status: SUCCESS 1 in 0.060 seconds
[0m01:00:31.757918 [debug] [Thread-2 (]: Using snowflake connection "model.UPI_Fraud_Monitoring.sl_collect_request"
[0m01:00:31.758585 [debug] [Thread-2 (]: On model.UPI_Fraud_Monitoring.sl_collect_request: /* {"app": "dbt", "dbt_version": "1.9.4", "profile_name": "default", "target_name": "dev", "node_id": "model.UPI_Fraud_Monitoring.sl_collect_request"} */
UPDATE UPI_FRAUD_MONITORING.TRANSFORM.sl_collect_request t
             SET t.IS_CURRENT = 'N'
             WHERE t.IS_CURRENT = 'Y'
               AND t.COLLECT_REQUEST_ID IN (
                   SELECT s.COLLECT_REQUEST_ID FROM UPI_FRAUD_MONITORING.TRANSFORM.sl_collect_request s
                   WHERE s.IS_CURRENT = 'Y'
                   GROUP BY s.COLLECT_REQUEST_ID HAVING COUNT(*) > 1
               )
               AND t.CREATED_DATE_TIME < (
                   SELECT MAX(s2.CREATED_DATE_TIME) FROM UPI_FRAUD_MONITORING.TRANSFORM.sl_collect_request s2
                   WHERE s2.COLLECT_REQUEST_ID = t.COLLECT_REQUEST_ID AND s2.IS_CURRENT = 'Y'
               )
[0m01:00:31.967594 [debug] [Thread-2 (]: SQL status: SUCCESS 0 in 0.208 seconds
[0m01:00:31.989480 [info ] [Thread-2 (]: 1 of 1 OK created sql incremental model TRANSFORM.sl_collect_request ........... [[32mSUCCESS 1[0m in 1.58s]
[0m01:00:31.990276 [debug] [Thread-2 (]: Finished running node model.UPI_Fraud_Monitoring.sl_collect_request
[0m01:00:31.993154 [debug] [Dummy-1   ]: Connection 'master' was properly closed.
[0m01:00:31.993642 [debug] [Dummy-1   ]: Connection 'model.UPI_Fraud_Monitoring.sl_collect_request' was properly closed.
[0m01:00:31.994124 [info ] [Dummy-1   ]: 
[0m01:00:31.994630 [info ] [Dummy-1   ]: Finished running 1 incremental model in 0 hours 0 minutes and 2.86 seconds (2.86s).
[0m01:00:31.995412 [debug] [Dummy-1   ]: Command end result
[0m01:00:32.025794 [debug] [Dummy-1   ]: Wrote artifact WritableManifest to /tmp/dbt/target/manifest.json
[0m01:00:32.027621 [debug] [Dummy-1   ]: Wrote artifact SemanticManifest to /tmp/dbt/target/semantic_manifest.json
[0m01:00:32.033462 [debug] [Dummy-1   ]: Wrote artifact RunExecutionResult to /tmp/dbt/target/run_results.json
[0m01:00:32.033924 [info ] [Dummy-1   ]: 
[0m01:00:32.034539 [info ] [Dummy-1   ]: [32mCompleted successfully[0m
[0m01:00:32.034999 [info ] [Dummy-1   ]: 
[0m01:00:32.035470 [info ] [Dummy-1   ]: Done. PASS=1 WARN=0 ERROR=0 SKIP=0 TOTAL=1
[0m01:00:32.037233 [debug] [Dummy-1   ]: Resource report: {"command_name": "run", "command_success": true, "command_wall_clock_time": 4.572575, "process_in_blocks": "0", "process_kernel_time": 0.92, "process_mem_max_rss": "459736", "process_out_blocks": "0", "process_user_time": 4.36}
[0m01:00:32.037880 [debug] [Dummy-1   ]: Command `cli run` succeeded at 01:00:32.037612 after 4.57 seconds
[0m01:00:32.038466 [debug] [Dummy-1   ]: Flushing usage events


============================== 01:02:08.549279 | 4eda068c-4ad8-4a1c-8b24-991c23470830 ==============================
[0m01:02:08.549279 [info ] [Dummy-1   ]: Running with dbt=1.9.4
[0m01:02:08.550204 [debug] [Dummy-1   ]: running dbt with arguments {'printer_width': '80', 'indirect_selection': 'eager', 'log_cache_events': 'False', 'write_json': 'True', 'partial_parse': 'True', 'cache_selected_only': 'False', 'profiles_dir': '/tmp/dbt_effective_profiles__9n3p2b5', 'debug': 'False', 'version_check': 'True', 'log_path': '/tmp/dbt/logs', 'warn_error': 'None', 'fail_fast': 'False', 'use_colors': 'True', 'use_experimental_parser': 'False', 'no_print': 'None', 'quiet': 'False', 'empty': 'False', 'warn_error_options': 'WarnErrorOptions(include=[], exclude=[])', 'invocation_command': 'dbt ', 'introspect': 'True', 'log_format': 'default', 'target_path': 'None', 'static_parser': 'True', 'send_anonymous_usage_stats': 'False'}
[0m01:02:08.836959 [info ] [Dummy-1   ]: Registered adapter: snowflake=1.9.2
[0m01:02:09.369744 [debug] [Dummy-1   ]: checksum: 53ed91fada2233efb98368d1716b44ab532c83a9c293cf1890b7905d5b45fb25, vars: {}, profile: , target: dev, version: 1.9.4
[0m01:02:09.695374 [debug] [Dummy-1   ]: Partial parsing enabled: 0 files deleted, 1 files added, 0 files changed.
[0m01:02:09.696250 [debug] [Dummy-1   ]: Partial parsing: added file: UPI_Fraud_Monitoring://models/silver/sl_login_activity.sql
[0m01:02:10.168086 [debug] [Dummy-1   ]: Wrote artifact WritableManifest to /tmp/dbt/target/manifest.json
[0m01:02:10.170273 [debug] [Dummy-1   ]: Wrote artifact SemanticManifest to /tmp/dbt/target/semantic_manifest.json
[0m01:02:10.219301 [info ] [Dummy-1   ]: Found 30 models, 17 data tests, 10 sources, 478 macros
[0m01:02:10.221819 [info ] [Dummy-1   ]: 
[0m01:02:10.222401 [info ] [Dummy-1   ]: Concurrency: 4 threads (target='dev')
[0m01:02:10.222847 [info ] [Dummy-1   ]: 
[0m01:02:10.223577 [debug] [Dummy-1   ]: Acquiring new snowflake connection 'master'
[0m01:02:10.225880 [debug] [ThreadPool]: Acquiring new snowflake connection 'list_UPI_FRAUD_MONITORING'
[0m01:02:10.320461 [debug] [ThreadPool]: Using snowflake connection "list_UPI_FRAUD_MONITORING"
[0m01:02:10.321053 [debug] [ThreadPool]: On list_UPI_FRAUD_MONITORING: /* {"app": "dbt", "dbt_version": "1.9.4", "profile_name": "default", "target_name": "dev", "connection_name": "list_UPI_FRAUD_MONITORING"} */
show terse schemas in database UPI_FRAUD_MONITORING
    limit 10000
[0m01:02:10.321554 [debug] [ThreadPool]: Opening a new connection, currently in state init
[0m01:02:10.691851 [debug] [ThreadPool]: SQL status: SUCCESS 4 in 0.370 seconds
[0m01:02:10.702374 [debug] [ThreadPool]: Re-using an available connection from the pool (formerly list_UPI_FRAUD_MONITORING, now list_UPI_FRAUD_MONITORING_TRANSFORM)
[0m01:02:10.715532 [debug] [ThreadPool]: Using snowflake connection "list_UPI_FRAUD_MONITORING_TRANSFORM"
[0m01:02:10.716117 [debug] [ThreadPool]: On list_UPI_FRAUD_MONITORING_TRANSFORM: /* {"app": "dbt", "dbt_version": "1.9.4", "profile_name": "default", "target_name": "dev", "connection_name": "list_UPI_FRAUD_MONITORING_TRANSFORM"} */
alter session set quoted_identifiers_ignore_case = false;
[0m01:02:10.716672 [debug] [ThreadPool]: Opening a new connection, currently in state init
[0m01:02:11.056416 [debug] [ThreadPool]: SQL status: SUCCESS 1 in 0.339 seconds
[0m01:02:11.061031 [debug] [ThreadPool]: Using snowflake connection "list_UPI_FRAUD_MONITORING_TRANSFORM"
[0m01:02:11.061597 [debug] [ThreadPool]: On list_UPI_FRAUD_MONITORING_TRANSFORM: /* {"app": "dbt", "dbt_version": "1.9.4", "profile_name": "default", "target_name": "dev", "connection_name": "list_UPI_FRAUD_MONITORING_TRANSFORM"} */
show objects in UPI_FRAUD_MONITORING.TRANSFORM
    limit 10000
    
;
[0m01:02:11.174968 [debug] [ThreadPool]: SQL status: SUCCESS 29 in 0.113 seconds
[0m01:02:11.178944 [debug] [ThreadPool]: Using snowflake connection "list_UPI_FRAUD_MONITORING_TRANSFORM"
[0m01:02:11.179489 [debug] [ThreadPool]: On list_UPI_FRAUD_MONITORING_TRANSFORM: /* {"app": "dbt", "dbt_version": "1.9.4", "profile_name": "default", "target_name": "dev", "connection_name": "list_UPI_FRAUD_MONITORING_TRANSFORM"} */
alter session unset quoted_identifiers_ignore_case;
[0m01:02:11.243467 [debug] [ThreadPool]: SQL status: SUCCESS 1 in 0.063 seconds
[0m01:02:11.263096 [debug] [Thread-2 (]: Began running node model.UPI_Fraud_Monitoring.sl_login_activity
[0m01:02:11.263985 [info ] [Thread-2 (]: 1 of 1 START sql incremental model TRANSFORM.sl_login_activity ................. [RUN]
[0m01:02:11.264788 [debug] [Thread-2 (]: Re-using an available connection from the pool (formerly list_UPI_FRAUD_MONITORING_TRANSFORM, now model.UPI_Fraud_Monitoring.sl_login_activity)
[0m01:02:11.265333 [debug] [Thread-2 (]: Began compiling node model.UPI_Fraud_Monitoring.sl_login_activity
[0m01:02:11.275584 [debug] [Thread-2 (]: Writing injected SQL for node "model.UPI_Fraud_Monitoring.sl_login_activity"
[0m01:02:11.276344 [debug] [Thread-2 (]: Began executing node model.UPI_Fraud_Monitoring.sl_login_activity
[0m01:02:11.339078 [debug] [Thread-2 (]: Writing runtime sql for node "model.UPI_Fraud_Monitoring.sl_login_activity"
[0m01:02:11.341517 [debug] [Thread-2 (]: Using snowflake connection "model.UPI_Fraud_Monitoring.sl_login_activity"
[0m01:02:11.342167 [debug] [Thread-2 (]: On model.UPI_Fraud_Monitoring.sl_login_activity: /* {"app": "dbt", "dbt_version": "1.9.4", "profile_name": "default", "target_name": "dev", "node_id": "model.UPI_Fraud_Monitoring.sl_login_activity"} */
create or replace transient table UPI_FRAUD_MONITORING.TRANSFORM.sl_login_activity
         as
        (

with source as (
    select
        cast(LOGIN_ID as VARCHAR(100)) as LOGIN_ID,
        cast(CUSTOMER_ID as VARCHAR(50)) as CUSTOMER_ID,
        cast(DEVICE_ID as VARCHAR(100)) as DEVICE_ID,
        cast(LOGIN_TIME as TIMESTAMP) as LOGIN_TIME,
        cast(LOGIN_STATUS as VARCHAR(30)) as LOGIN_STATUS,
        cast(COUNTRY as VARCHAR(100)) as COUNTRY,
        cast(STATE as VARCHAR(100)) as STATE,
        cast(CITY as VARCHAR(100)) as CITY,
        cast(IP_ADDRESS as VARCHAR(100)) as IP_ADDRESS,
        CREATED_LOAD_ID,
        CREATED_DATE_TIME
    from UPI_FRAUD_MONITORING.TRANSFORM.v_login_activity
),

hashed as (
    select
        *,
        md5(
            coalesce(LOGIN_ID, '^') || '|' ||
            coalesce(CUSTOMER_ID, '^') || '|' ||
            coalesce(DEVICE_ID, '^') || '|' ||
            coalesce(cast(LOGIN_TIME as VARCHAR), '^') || '|' ||
            coalesce(LOGIN_STATUS, '^') || '|' ||
            coalesce(COUNTRY, '^') || '|' ||
            coalesce(STATE, '^') || '|' ||
            coalesce(CITY, '^') || '|' ||
            coalesce(IP_ADDRESS, '^')
        ) as HASH_DIFF,
        'Y' as IS_CURRENT
    from source
)



    select * from hashed


        );
[0m01:02:11.342744 [debug] [Thread-2 (]: Opening a new connection, currently in state init
[0m01:02:12.474581 [debug] [Thread-2 (]: SQL status: SUCCESS 1 in 1.132 seconds
[0m01:02:12.486310 [debug] [Thread-2 (]: Applying DROP to: UPI_FRAUD_MONITORING.TRANSFORM.sl_login_activity__dbt_tmp
[0m01:02:12.503804 [debug] [Thread-2 (]: Using snowflake connection "model.UPI_Fraud_Monitoring.sl_login_activity"
[0m01:02:12.504494 [debug] [Thread-2 (]: On model.UPI_Fraud_Monitoring.sl_login_activity: /* {"app": "dbt", "dbt_version": "1.9.4", "profile_name": "default", "target_name": "dev", "node_id": "model.UPI_Fraud_Monitoring.sl_login_activity"} */
drop view if exists UPI_FRAUD_MONITORING.TRANSFORM.sl_login_activity__dbt_tmp cascade
[0m01:02:12.554144 [debug] [Thread-2 (]: SQL status: SUCCESS 1 in 0.049 seconds
[0m01:02:12.557360 [debug] [Thread-2 (]: Using snowflake connection "model.UPI_Fraud_Monitoring.sl_login_activity"
[0m01:02:12.557979 [debug] [Thread-2 (]: On model.UPI_Fraud_Monitoring.sl_login_activity: /* {"app": "dbt", "dbt_version": "1.9.4", "profile_name": "default", "target_name": "dev", "node_id": "model.UPI_Fraud_Monitoring.sl_login_activity"} */
UPDATE UPI_FRAUD_MONITORING.TRANSFORM.sl_login_activity t
             SET t.IS_CURRENT = 'N'
             WHERE t.IS_CURRENT = 'Y'
               AND t.LOGIN_ID IN (
                   SELECT s.LOGIN_ID FROM UPI_FRAUD_MONITORING.TRANSFORM.sl_login_activity s
                   WHERE s.IS_CURRENT = 'Y'
                   GROUP BY s.LOGIN_ID HAVING COUNT(*) > 1
               )
               AND t.CREATED_DATE_TIME < (
                   SELECT MAX(s2.CREATED_DATE_TIME) FROM UPI_FRAUD_MONITORING.TRANSFORM.sl_login_activity s2
                   WHERE s2.LOGIN_ID = t.LOGIN_ID AND s2.IS_CURRENT = 'Y'
               )
[0m01:02:12.759481 [debug] [Thread-2 (]: SQL status: SUCCESS 0 in 0.201 seconds
[0m01:02:12.782353 [info ] [Thread-2 (]: 1 of 1 OK created sql incremental model TRANSFORM.sl_login_activity ............ [[32mSUCCESS 1[0m in 1.52s]
[0m01:02:12.783201 [debug] [Thread-2 (]: Finished running node model.UPI_Fraud_Monitoring.sl_login_activity
[0m01:02:12.786516 [debug] [Dummy-1   ]: Connection 'master' was properly closed.
[0m01:02:12.787044 [debug] [Dummy-1   ]: Connection 'model.UPI_Fraud_Monitoring.sl_login_activity' was properly closed.
[0m01:02:12.787539 [info ] [Dummy-1   ]: 
[0m01:02:12.788026 [info ] [Dummy-1   ]: Finished running 1 incremental model in 0 hours 0 minutes and 2.56 seconds (2.56s).
[0m01:02:12.788897 [debug] [Dummy-1   ]: Command end result
[0m01:02:12.820521 [debug] [Dummy-1   ]: Wrote artifact WritableManifest to /tmp/dbt/target/manifest.json
[0m01:02:12.822605 [debug] [Dummy-1   ]: Wrote artifact SemanticManifest to /tmp/dbt/target/semantic_manifest.json
[0m01:02:12.828795 [debug] [Dummy-1   ]: Wrote artifact RunExecutionResult to /tmp/dbt/target/run_results.json
[0m01:02:12.829287 [info ] [Dummy-1   ]: 
[0m01:02:12.829902 [info ] [Dummy-1   ]: [32mCompleted successfully[0m
[0m01:02:12.830373 [info ] [Dummy-1   ]: 
[0m01:02:12.830829 [info ] [Dummy-1   ]: Done. PASS=1 WARN=0 ERROR=0 SKIP=0 TOTAL=1
[0m01:02:12.832563 [debug] [Dummy-1   ]: Resource report: {"command_name": "run", "command_success": true, "command_wall_clock_time": 4.3601966, "process_in_blocks": "0", "process_kernel_time": 0.76, "process_mem_max_rss": "468632", "process_out_blocks": "0", "process_user_time": 4.84}
[0m01:02:12.833210 [debug] [Dummy-1   ]: Command `cli run` succeeded at 01:02:12.832954 after 4.36 seconds
[0m01:02:12.833730 [debug] [Dummy-1   ]: Flushing usage events


============================== 01:04:00.867478 | be1aad3a-8049-40b3-9bef-9ce0ea8f3d10 ==============================
[0m01:04:00.867478 [info ] [Dummy-1   ]: Running with dbt=1.9.4
[0m01:04:00.868523 [debug] [Dummy-1   ]: running dbt with arguments {'printer_width': '80', 'indirect_selection': 'eager', 'log_cache_events': 'False', 'write_json': 'True', 'partial_parse': 'True', 'cache_selected_only': 'False', 'profiles_dir': '/tmp/dbt_effective_profiles_k1leivb2', 'fail_fast': 'False', 'version_check': 'True', 'log_path': '/tmp/dbt/logs', 'warn_error': 'None', 'debug': 'False', 'use_colors': 'True', 'use_experimental_parser': 'False', 'no_print': 'None', 'quiet': 'False', 'empty': 'None', 'log_format': 'default', 'introspect': 'True', 'warn_error_options': 'WarnErrorOptions(include=[], exclude=[])', 'static_parser': 'True', 'target_path': 'None', 'invocation_command': 'dbt ', 'send_anonymous_usage_stats': 'False'}
[0m01:04:01.150742 [info ] [Dummy-1   ]: Registered adapter: snowflake=1.9.2
[0m01:04:01.712687 [debug] [Dummy-1   ]: checksum: 53ed91fada2233efb98368d1716b44ab532c83a9c293cf1890b7905d5b45fb25, vars: {}, profile: , target: dev, version: 1.9.4
[0m01:04:02.043452 [debug] [Dummy-1   ]: Partial parsing enabled: 0 files deleted, 0 files added, 1 files changed.
[0m01:04:02.045811 [debug] [Dummy-1   ]: Partial parsing: updated file: UPI_Fraud_Monitoring://models/schema.yml
[0m01:04:02.491038 [error] [Dummy-1   ]: Encountered an error:
Invalid value for on_schema_change: ignore. Models materialized as incremental with contracts enabled must set on_schema_change to 'append_new_columns' or 'fail'
[0m01:04:02.495528 [error] [Dummy-1   ]: Traceback (most recent call last):
  File "/usr/lib/python_udf/7572a8db11e712fed6beb756e6c14cdfd320d48237f422b7a5b1ae764f1db134/lib/python3.11/site-packages/dbt/cli/requires.py", line 153, in wrapper
    result, success = func(*args, **kwargs)
                      ^^^^^^^^^^^^^^^^^^^^^
  File "/usr/lib/python_udf/7572a8db11e712fed6beb756e6c14cdfd320d48237f422b7a5b1ae764f1db134/lib/python3.11/site-packages/dbt/cli/requires.py", line 103, in wrapper
    return func(*args, **kwargs)
           ^^^^^^^^^^^^^^^^^^^^^
  File "/usr/lib/python_udf/7572a8db11e712fed6beb756e6c14cdfd320d48237f422b7a5b1ae764f1db134/lib/python3.11/site-packages/dbt/cli/requires.py", line 235, in wrapper
    return func(*args, **kwargs)
           ^^^^^^^^^^^^^^^^^^^^^
  File "/usr/lib/python_udf/7572a8db11e712fed6beb756e6c14cdfd320d48237f422b7a5b1ae764f1db134/lib/python3.11/site-packages/dbt/cli/requires.py", line 264, in wrapper
    return func(*args, **kwargs)
           ^^^^^^^^^^^^^^^^^^^^^
  File "/usr/lib/python_udf/7572a8db11e712fed6beb756e6c14cdfd320d48237f422b7a5b1ae764f1db134/lib/python3.11/site-packages/dbt/cli/requires.py", line 311, in wrapper
    return func(*args, **kwargs)
           ^^^^^^^^^^^^^^^^^^^^^
  File "/usr/lib/python_udf/7572a8db11e712fed6beb756e6c14cdfd320d48237f422b7a5b1ae764f1db134/lib/python3.11/site-packages/dbt/cli/requires.py", line 327, in wrapper
    setup_manifest(ctx, write=write, write_perf_info=write_perf_info)
  File "/usr/lib/python_udf/7572a8db11e712fed6beb756e6c14cdfd320d48237f422b7a5b1ae764f1db134/lib/python3.11/site-packages/dbt/cli/requires.py", line 351, in setup_manifest
    ctx.obj["manifest"] = parse_manifest(
                          ^^^^^^^^^^^^^^^
  File "/usr/lib/python_udf/7572a8db11e712fed6beb756e6c14cdfd320d48237f422b7a5b1ae764f1db134/lib/python3.11/site-packages/dbt/parser/manifest.py", line 2069, in parse_manifest
    manifest = ManifestLoader.get_full_manifest(
               ^^^^^^^^^^^^^^^^^^^^^^^^^^^^^^^^^
  File "/usr/lib/python_udf/7572a8db11e712fed6beb756e6c14cdfd320d48237f422b7a5b1ae764f1db134/lib/python3.11/site-packages/dbt/parser/manifest.py", line 312, in get_full_manifest
    manifest = loader.load()
               ^^^^^^^^^^^^^
  File "/usr/lib/python_udf/7572a8db11e712fed6beb756e6c14cdfd320d48237f422b7a5b1ae764f1db134/lib/python3.11/site-packages/dbt/parser/manifest.py", line 434, in load
    self.parse_project(
  File "/usr/lib/python_udf/7572a8db11e712fed6beb756e6c14cdfd320d48237f422b7a5b1ae764f1db134/lib/python3.11/site-packages/dbt/parser/manifest.py", line 736, in parse_project
    parser.parse_file(block, dct=dct)
  File "/usr/lib/python_udf/7572a8db11e712fed6beb756e6c14cdfd320d48237f422b7a5b1ae764f1db134/lib/python3.11/site-packages/dbt/parser/schemas.py", line 186, in parse_file
    model_parse_result = ModelPatchParser(self, yaml_block, "models").parse()
                         ^^^^^^^^^^^^^^^^^^^^^^^^^^^^^^^^^^^^^^^^^^^^^^^^^^^^
  File "/usr/lib/python_udf/7572a8db11e712fed6beb756e6c14cdfd320d48237f422b7a5b1ae764f1db134/lib/python3.11/site-packages/dbt/parser/schemas.py", line 585, in parse
    self.parse_patch(node_block, refs)
  File "/usr/lib/python_udf/7572a8db11e712fed6beb756e6c14cdfd320d48237f422b7a5b1ae764f1db134/lib/python3.11/site-packages/dbt/parser/schemas.py", line 897, in parse_patch
    super().parse_patch(block, refs)
  File "/usr/lib/python_udf/7572a8db11e712fed6beb756e6c14cdfd320d48237f422b7a5b1ae764f1db134/lib/python3.11/site-packages/dbt/parser/schemas.py", line 838, in parse_patch
    self.patch_node_config(node, patch)
  File "/usr/lib/python_udf/7572a8db11e712fed6beb756e6c14cdfd320d48237f422b7a5b1ae764f1db134/lib/python3.11/site-packages/dbt/parser/schemas.py", line 708, in patch_node_config
    self.schema_parser.update_parsed_node_config(
  File "/usr/lib/python_udf/7572a8db11e712fed6beb756e6c14cdfd320d48237f422b7a5b1ae764f1db134/lib/python3.11/site-packages/dbt/parser/base.py", line 333, in update_parsed_node_config
    config_dict = config.build_config_dict(patch_config_dict=patch_config_dict)
                  ^^^^^^^^^^^^^^^^^^^^^^^^^^^^^^^^^^^^^^^^^^^^^^^^^^^^^^^^^^^^^
  File "/usr/lib/python_udf/7572a8db11e712fed6beb756e6c14cdfd320d48237f422b7a5b1ae764f1db134/lib/python3.11/site-packages/dbt/context/context_config.py", line 336, in build_config_dict
    return src.calculate_node_config_dict(
           ^^^^^^^^^^^^^^^^^^^^^^^^^^^^^^^
  File "/usr/lib/python_udf/7572a8db11e712fed6beb756e6c14cdfd320d48237f422b7a5b1ae764f1db134/lib/python3.11/site-packages/dbt/context/context_config.py", line 234, in calculate_node_config_dict
    config = self.calculate_node_config(
             ^^^^^^^^^^^^^^^^^^^^^^^^^^^
  File "/usr/lib/python_udf/7572a8db11e712fed6beb756e6c14cdfd320d48237f422b7a5b1ae764f1db134/lib/python3.11/site-packages/dbt/context/context_config.py", line 163, in calculate_node_config
    result = self._update_from_config(result, patch_config_dict)
             ^^^^^^^^^^^^^^^^^^^^^^^^^^^^^^^^^^^^^^^^^^^^^^^^^^^
  File "/usr/lib/python_udf/7572a8db11e712fed6beb756e6c14cdfd320d48237f422b7a5b1ae764f1db134/lib/python3.11/site-packages/dbt/context/context_config.py", line 212, in _update_from_config
    updated = result.update_from(translated, adapter_config_cls, validate=validate)
              ^^^^^^^^^^^^^^^^^^^^^^^^^^^^^^^^^^^^^^^^^^^^^^^^^^^^^^^^^^^^^^^^^^^^^
  File "/usr/lib/python_udf/7572a8db11e712fed6beb756e6c14cdfd320d48237f422b7a5b1ae764f1db134/lib/python3.11/site-packages/dbt_common/contracts/config/base.py", line 175, in update_from
    return self.from_dict(dct)
           ^^^^^^^^^^^^^^^^^^^
  File "<string>", line 202, in __mashumaro_from_dict__
  File "<string>", line 32, in __init__
  File "/usr/lib/python_udf/7572a8db11e712fed6beb756e6c14cdfd320d48237f422b7a5b1ae764f1db134/lib/python3.11/site-packages/dbt/artifacts/resources/v1/config.py", line 146, in __post_init__
    raise ValidationError(
dbt_common.dataclass_schema.ValidationError: Invalid value for on_schema_change: ignore. Models materialized as incremental with contracts enabled must set on_schema_change to 'append_new_columns' or 'fail'

[0m01:04:02.497944 [debug] [Dummy-1   ]: Resource report: {"command_name": "parse", "command_success": false, "command_wall_clock_time": 1.7052623, "process_in_blocks": "0", "process_kernel_time": 0.79, "process_mem_max_rss": "421348", "process_out_blocks": "0", "process_user_time": 4.2}
[0m01:04:02.498639 [debug] [Dummy-1   ]: Command `cli parse` failed at 01:04:02.498389 after 1.71 seconds
[0m01:04:02.499270 [debug] [Dummy-1   ]: Flushing usage events


============================== 01:04:27.285237 | 456296e9-d8fa-46a0-9bfb-89875fd02f4f ==============================
[0m01:04:27.285237 [info ] [Dummy-1   ]: Running with dbt=1.9.4
[0m01:04:27.286219 [debug] [Dummy-1   ]: running dbt with arguments {'printer_width': '80', 'indirect_selection': 'eager', 'write_json': 'True', 'log_cache_events': 'False', 'partial_parse': 'True', 'cache_selected_only': 'False', 'profiles_dir': '/tmp/dbt_effective_profiles_kotlmhof', 'debug': 'False', 'fail_fast': 'False', 'log_path': '/tmp/dbt/logs', 'version_check': 'True', 'warn_error': 'None', 'use_colors': 'True', 'use_experimental_parser': 'False', 'no_print': 'None', 'quiet': 'False', 'empty': 'None', 'warn_error_options': 'WarnErrorOptions(include=[], exclude=[])', 'static_parser': 'True', 'log_format': 'default', 'invocation_command': 'dbt ', 'target_path': 'None', 'introspect': 'True', 'send_anonymous_usage_stats': 'False'}
[0m01:04:27.577752 [info ] [Dummy-1   ]: Registered adapter: snowflake=1.9.2
[0m01:04:28.137846 [debug] [Dummy-1   ]: checksum: 53ed91fada2233efb98368d1716b44ab532c83a9c293cf1890b7905d5b45fb25, vars: {}, profile: , target: dev, version: 1.9.4
[0m01:04:28.364686 [info ] [Dummy-1   ]: Unable to do partial parsing because a project config has changed
[0m01:04:30.297915 [info ] [Dummy-1   ]: Performance info: /tmp/dbt/target/perf_info.json
[0m01:04:30.400735 [debug] [Dummy-1   ]: Wrote artifact WritableManifest to /tmp/dbt/target/manifest.json
[0m01:04:30.403176 [debug] [Dummy-1   ]: Wrote artifact SemanticManifest to /tmp/dbt/target/semantic_manifest.json
[0m01:04:30.405042 [debug] [Dummy-1   ]: Resource report: {"command_name": "parse", "command_success": true, "command_wall_clock_time": 3.1977904, "process_in_blocks": "0", "process_kernel_time": 0.84, "process_mem_max_rss": "467908", "process_out_blocks": "0", "process_user_time": 5.63}
[0m01:04:30.405754 [debug] [Dummy-1   ]: Command `cli parse` succeeded at 01:04:30.405486 after 3.20 seconds
[0m01:04:30.406359 [debug] [Dummy-1   ]: Flushing usage events


============================== 01:04:53.684080 | 6315d073-ec44-4238-8ee1-697f5c441a57 ==============================
[0m01:04:53.684080 [info ] [Dummy-1   ]: Running with dbt=1.9.4
[0m01:04:53.685131 [debug] [Dummy-1   ]: running dbt with arguments {'printer_width': '80', 'indirect_selection': 'eager', 'log_cache_events': 'False', 'write_json': 'True', 'partial_parse': 'True', 'cache_selected_only': 'False', 'profiles_dir': '/tmp/dbt_effective_profiles_g6j2fda0', 'version_check': 'True', 'debug': 'False', 'log_path': '/tmp/dbt/logs', 'fail_fast': 'False', 'warn_error': 'None', 'use_colors': 'True', 'use_experimental_parser': 'False', 'empty': 'False', 'quiet': 'False', 'no_print': 'None', 'log_format': 'default', 'static_parser': 'True', 'invocation_command': 'dbt ', 'introspect': 'True', 'target_path': 'None', 'warn_error_options': 'WarnErrorOptions(include=[], exclude=[])', 'send_anonymous_usage_stats': 'False'}
[0m01:04:53.967533 [info ] [Dummy-1   ]: Registered adapter: snowflake=1.9.2
[0m01:04:54.502152 [debug] [Dummy-1   ]: checksum: 53ed91fada2233efb98368d1716b44ab532c83a9c293cf1890b7905d5b45fb25, vars: {}, profile: , target: dev, version: 1.9.4
[0m01:04:54.813662 [debug] [Dummy-1   ]: Partial parsing enabled: 0 files deleted, 0 files added, 0 files changed.
[0m01:04:54.814310 [debug] [Dummy-1   ]: Partial parsing enabled, no changes found, skipping parsing
[0m01:04:54.973653 [debug] [Dummy-1   ]: Wrote artifact WritableManifest to /tmp/dbt/target/manifest.json
[0m01:04:54.975840 [debug] [Dummy-1   ]: Wrote artifact SemanticManifest to /tmp/dbt/target/semantic_manifest.json
[0m01:04:55.023620 [info ] [Dummy-1   ]: Found 30 models, 20 data tests, 10 sources, 478 macros
[0m01:04:55.026621 [info ] [Dummy-1   ]: 
[0m01:04:55.027205 [info ] [Dummy-1   ]: Concurrency: 4 threads (target='dev')
[0m01:04:55.027682 [info ] [Dummy-1   ]: 
[0m01:04:55.028547 [debug] [Dummy-1   ]: Acquiring new snowflake connection 'master'
[0m01:04:55.035692 [debug] [ThreadPool]: Acquiring new snowflake connection 'list_UPI_FRAUD_MONITORING'
[0m01:04:55.136492 [debug] [ThreadPool]: Using snowflake connection "list_UPI_FRAUD_MONITORING"
[0m01:04:55.137166 [debug] [ThreadPool]: On list_UPI_FRAUD_MONITORING: /* {"app": "dbt", "dbt_version": "1.9.4", "profile_name": "default", "target_name": "dev", "connection_name": "list_UPI_FRAUD_MONITORING"} */
show terse schemas in database UPI_FRAUD_MONITORING
    limit 10000
[0m01:04:55.137718 [debug] [ThreadPool]: Opening a new connection, currently in state init
[0m01:04:55.519645 [debug] [ThreadPool]: SQL status: SUCCESS 4 in 0.382 seconds
[0m01:04:55.525618 [debug] [ThreadPool]: Re-using an available connection from the pool (formerly list_UPI_FRAUD_MONITORING, now list_UPI_FRAUD_MONITORING_TRANSFORM)
[0m01:04:55.539022 [debug] [ThreadPool]: Using snowflake connection "list_UPI_FRAUD_MONITORING_TRANSFORM"
[0m01:04:55.539609 [debug] [ThreadPool]: On list_UPI_FRAUD_MONITORING_TRANSFORM: /* {"app": "dbt", "dbt_version": "1.9.4", "profile_name": "default", "target_name": "dev", "connection_name": "list_UPI_FRAUD_MONITORING_TRANSFORM"} */
alter session set quoted_identifiers_ignore_case = false;
[0m01:04:55.540061 [debug] [ThreadPool]: Opening a new connection, currently in state init
[0m01:04:55.888416 [debug] [ThreadPool]: SQL status: SUCCESS 1 in 0.348 seconds
[0m01:04:55.892908 [debug] [ThreadPool]: Using snowflake connection "list_UPI_FRAUD_MONITORING_TRANSFORM"
[0m01:04:55.893446 [debug] [ThreadPool]: On list_UPI_FRAUD_MONITORING_TRANSFORM: /* {"app": "dbt", "dbt_version": "1.9.4", "profile_name": "default", "target_name": "dev", "connection_name": "list_UPI_FRAUD_MONITORING_TRANSFORM"} */
show objects in UPI_FRAUD_MONITORING.TRANSFORM
    limit 10000
    
;
[0m01:04:55.993722 [debug] [ThreadPool]: SQL status: SUCCESS 30 in 0.100 seconds
[0m01:04:55.996593 [debug] [ThreadPool]: Using snowflake connection "list_UPI_FRAUD_MONITORING_TRANSFORM"
[0m01:04:55.997165 [debug] [ThreadPool]: On list_UPI_FRAUD_MONITORING_TRANSFORM: /* {"app": "dbt", "dbt_version": "1.9.4", "profile_name": "default", "target_name": "dev", "connection_name": "list_UPI_FRAUD_MONITORING_TRANSFORM"} */
alter session unset quoted_identifiers_ignore_case;
[0m01:04:56.063264 [debug] [ThreadPool]: SQL status: SUCCESS 1 in 0.065 seconds
[0m01:04:56.084004 [debug] [Thread-2 (]: Began running node model.UPI_Fraud_Monitoring.sl_account
[0m01:04:56.084757 [debug] [Thread-3 (]: Began running node model.UPI_Fraud_Monitoring.sl_collect_request
[0m01:04:56.085351 [debug] [Thread-4 (]: Began running node model.UPI_Fraud_Monitoring.sl_customer
[0m01:04:56.085932 [debug] [Thread-5 (]: Began running node model.UPI_Fraud_Monitoring.sl_device
[0m01:04:56.086613 [info ] [Thread-2 (]: 1 of 10 START sql incremental model TRANSFORM.sl_account ....................... [RUN]
[0m01:04:56.087341 [info ] [Thread-3 (]: 2 of 10 START sql incremental model TRANSFORM.sl_collect_request ............... [RUN]
[0m01:04:56.088041 [info ] [Thread-4 (]: 3 of 10 START sql incremental model TRANSFORM.sl_customer ...................... [RUN]
[0m01:04:56.088803 [info ] [Thread-5 (]: 4 of 10 START sql incremental model TRANSFORM.sl_device ........................ [RUN]
[0m01:04:56.089480 [debug] [Thread-2 (]: Re-using an available connection from the pool (formerly list_UPI_FRAUD_MONITORING_TRANSFORM, now model.UPI_Fraud_Monitoring.sl_account)
[0m01:04:56.090109 [debug] [Thread-3 (]: Acquiring new snowflake connection 'model.UPI_Fraud_Monitoring.sl_collect_request'
[0m01:04:56.090753 [debug] [Thread-4 (]: Acquiring new snowflake connection 'model.UPI_Fraud_Monitoring.sl_customer'
[0m01:04:56.091478 [debug] [Thread-5 (]: Acquiring new snowflake connection 'model.UPI_Fraud_Monitoring.sl_device'
[0m01:04:56.092007 [debug] [Thread-2 (]: Began compiling node model.UPI_Fraud_Monitoring.sl_account
[0m01:04:56.092625 [debug] [Thread-3 (]: Began compiling node model.UPI_Fraud_Monitoring.sl_collect_request
[0m01:04:56.093160 [debug] [Thread-4 (]: Began compiling node model.UPI_Fraud_Monitoring.sl_customer
[0m01:04:56.093686 [debug] [Thread-5 (]: Began compiling node model.UPI_Fraud_Monitoring.sl_device
[0m01:04:56.110196 [debug] [Thread-2 (]: Writing injected SQL for node "model.UPI_Fraud_Monitoring.sl_account"
[0m01:04:56.116574 [debug] [Thread-3 (]: Writing injected SQL for node "model.UPI_Fraud_Monitoring.sl_collect_request"
[0m01:04:56.122705 [debug] [Thread-4 (]: Writing injected SQL for node "model.UPI_Fraud_Monitoring.sl_customer"
[0m01:04:56.130799 [debug] [Thread-5 (]: Writing injected SQL for node "model.UPI_Fraud_Monitoring.sl_device"
[0m01:04:56.132062 [debug] [Thread-2 (]: Began executing node model.UPI_Fraud_Monitoring.sl_account
[0m01:04:56.132993 [debug] [Thread-3 (]: Began executing node model.UPI_Fraud_Monitoring.sl_collect_request
[0m01:04:56.133896 [debug] [Thread-4 (]: Began executing node model.UPI_Fraud_Monitoring.sl_customer
[0m01:04:56.145979 [debug] [Thread-5 (]: Began executing node model.UPI_Fraud_Monitoring.sl_device
[0m01:04:56.350878 [debug] [Thread-3 (]: Using snowflake connection "model.UPI_Fraud_Monitoring.sl_collect_request"
[0m01:04:56.362960 [debug] [Thread-4 (]: Using snowflake connection "model.UPI_Fraud_Monitoring.sl_customer"
[0m01:04:56.356328 [debug] [Thread-5 (]: Using snowflake connection "model.UPI_Fraud_Monitoring.sl_device"
[0m01:04:56.364780 [debug] [Thread-2 (]: Using snowflake connection "model.UPI_Fraud_Monitoring.sl_account"
[0m01:04:56.366147 [debug] [Thread-3 (]: On model.UPI_Fraud_Monitoring.sl_collect_request: /* {"app": "dbt", "dbt_version": "1.9.4", "profile_name": "default", "target_name": "dev", "node_id": "model.UPI_Fraud_Monitoring.sl_collect_request"} */
/* {"app": "dbt", "dbt_version": "1.9.4", "profile_name": "default", "target_name": "dev", "node_id": "model.UPI_Fraud_Monitoring.sl_collect_request"} */
select * from (
        

with source as (
    select
        cast(COLLECT_REQUEST_ID as VARCHAR(100)) as COLLECT_REQUEST_ID,
        cast(CUSTOMER_ID as VARCHAR(50)) as CUSTOMER_ID,
        cast(REQUEST_AMOUNT as NUMBER(18,2)) as REQUEST_AMOUNT,
        cast(REQUEST_TIME as TIMESTAMP) as REQUEST_TIME,
        cast(REQUEST_STATUS as VARCHAR(30)) as REQUEST_STATUS,
        extract(hour from cast(REQUEST_TIME as TIMESTAMP)) as REQUEST_HOUR,
        dayname(cast(REQUEST_TIME as TIMESTAMP)) as REQUEST_DAY_OF_WEEK,
        CASE
            WHEN cast(REQUEST_AMOUNT as NUMBER(18,2)) >= 100000 THEN 'HIGH'
            WHEN REQUEST_STATUS = 'FAILED' THEN 'MEDIUM'
            ELSE 'LOW'
        END as REQUEST_RISK_RATING,
        CREATED_LOAD_ID,
        CREATED_DATE_TIME
    from UPI_FRAUD_MONITORING.TRANSFORM.v_collect_request
),

hashed as (
    select
        *,
        md5(
            coalesce(COLLECT_REQUEST_ID, '^') || '|' ||
            coalesce(CUSTOMER_ID, '^') || '|' ||
            coalesce(cast(REQUEST_AMOUNT as VARCHAR), '^') || '|' ||
            coalesce(cast(REQUEST_TIME as VARCHAR), '^') || '|' ||
            coalesce(REQUEST_STATUS, '^') || '|' ||
            coalesce(REQUEST_RISK_RATING, '^')
        ) as HASH_DIFF,
        'Y' as IS_CURRENT
    from source
)



    select * from hashed


    ) as __dbt_sbq
    where false
    limit 0
[0m01:04:56.367497 [debug] [Thread-4 (]: On model.UPI_Fraud_Monitoring.sl_customer: /* {"app": "dbt", "dbt_version": "1.9.4", "profile_name": "default", "target_name": "dev", "node_id": "model.UPI_Fraud_Monitoring.sl_customer"} */
/* {"app": "dbt", "dbt_version": "1.9.4", "profile_name": "default", "target_name": "dev", "node_id": "model.UPI_Fraud_Monitoring.sl_customer"} */
select * from (
        

with source as (
    select
        cast(CUSTOMER_ID as VARCHAR(50)) as CUSTOMER_ID,
        cast(CUSTOMER_NAME as VARCHAR(255)) as CUSTOMER_NAME,
        cast(CUSTOMER_SEGMENT as VARCHAR(50)) as CUSTOMER_SEGMENT,
        cast(KYC_STATUS as VARCHAR(30)) as KYC_STATUS,
        cast(RISK_RATING as VARCHAR(20)) as RISK_RATING,
        cast(CUSTOMER_STATUS as VARCHAR(30)) as CUSTOMER_STATUS,
        cast(CUSTOMER_SINCE as DATE) as CUSTOMER_SINCE,
        cast(CUSTOMER_TYPE as VARCHAR(50)) as CUSTOMER_TYPE,
        CREATED_LOAD_ID,
        CREATED_DATE_TIME
    from UPI_FRAUD_MONITORING.TRANSFORM.v_raw_customer
),

hashed as (
    select
        *,
        md5(
            coalesce(CUSTOMER_ID, '^') || '|' ||
            coalesce(CUSTOMER_NAME, '^') || '|' ||
            coalesce(CUSTOMER_SEGMENT, '^') || '|' ||
            coalesce(KYC_STATUS, '^') || '|' ||
            coalesce(RISK_RATING, '^') || '|' ||
            coalesce(CUSTOMER_STATUS, '^') || '|' ||
            coalesce(cast(CUSTOMER_SINCE as VARCHAR), '^') || '|' ||
            coalesce(CUSTOMER_TYPE, '^')
        ) as HASH_DIFF,
        'Y' as IS_CURRENT
    from source
)



    select * from hashed


    ) as __dbt_sbq
    where false
    limit 0
[0m01:04:56.369165 [debug] [Thread-5 (]: On model.UPI_Fraud_Monitoring.sl_device: /* {"app": "dbt", "dbt_version": "1.9.4", "profile_name": "default", "target_name": "dev", "node_id": "model.UPI_Fraud_Monitoring.sl_device"} */
/* {"app": "dbt", "dbt_version": "1.9.4", "profile_name": "default", "target_name": "dev", "node_id": "model.UPI_Fraud_Monitoring.sl_device"} */
select * from (
        

with source as (
    select
        cast(DEVICE_ID as VARCHAR(100)) as DEVICE_ID,
        cast(CUSTOMER_ID as VARCHAR(50)) as CUSTOMER_ID,
        cast(DEVICE_FINGERPRINT as VARCHAR(500)) as DEVICE_FINGERPRINT,
        cast(DEVICE_OS as VARCHAR(50)) as DEVICE_OS,
        cast(TRUSTED_FLAG as VARCHAR(1)) as TRUSTED_FLAG,
        DATEDIFF(DAY, cast(DEVICE_REGISTRATION_DATE as DATE), CURRENT_DATE) as DEVICE_AGE_DAYS,
        OS_VERSION,
        CREATED_LOAD_ID,
        CREATED_DATE_TIME
    from UPI_FRAUD_MONITORING.TRANSFORM.v_device_registry
),

enriched as (
    select
        DEVICE_ID,
        CUSTOMER_ID,
        DEVICE_FINGERPRINT,
        DEVICE_OS,
        TRUSTED_FLAG,
        DEVICE_AGE_DAYS,
        (CASE WHEN TRUSTED_FLAG = 'N' THEN 40 ELSE 0 END)
        + (CASE WHEN DEVICE_AGE_DAYS < 30 THEN 30 ELSE 0 END)
        + (CASE WHEN OS_VERSION < 'Android 10' THEN 20 ELSE 0 END) as DEVICE_RISK_SCORE,
        CREATED_LOAD_ID,
        CREATED_DATE_TIME
    from source
),

hashed as (
    select
        DEVICE_ID,
        CUSTOMER_ID,
        DEVICE_FINGERPRINT,
        DEVICE_OS,
        TRUSTED_FLAG,
        DEVICE_AGE_DAYS,
        DEVICE_RISK_SCORE,
        md5(
            coalesce(DEVICE_ID, '^') || '|' ||
            coalesce(CUSTOMER_ID, '^') || '|' ||
            coalesce(DEVICE_FINGERPRINT, '^') || '|' ||
            coalesce(DEVICE_OS, '^') || '|' ||
            coalesce(TRUSTED_FLAG, '^') || '|' ||
            coalesce(cast(DEVICE_RISK_SCORE as VARCHAR), '^')
        ) as HASH_DIFF,
        'Y' as IS_CURRENT,
        CREATED_LOAD_ID,
        CREATED_DATE_TIME
    from enriched
)



    select * from hashed


    ) as __dbt_sbq
    where false
    limit 0
[0m01:04:56.370596 [debug] [Thread-2 (]: On model.UPI_Fraud_Monitoring.sl_account: /* {"app": "dbt", "dbt_version": "1.9.4", "profile_name": "default", "target_name": "dev", "node_id": "model.UPI_Fraud_Monitoring.sl_account"} */
/* {"app": "dbt", "dbt_version": "1.9.4", "profile_name": "default", "target_name": "dev", "node_id": "model.UPI_Fraud_Monitoring.sl_account"} */
select * from (
        

with source as (
    select
        cast(ACCOUNT_ID as VARCHAR(50)) as ACCOUNT_ID,
        cast(CUSTOMER_ID as VARCHAR(50)) as CUSTOMER_ID,
        cast(ACCOUNT_TYPE as VARCHAR(30)) as ACCOUNT_TYPE,
        cast(ACCOUNT_STATUS as VARCHAR(30)) as ACCOUNT_STATUS,
        cast(CURRENT_BALANCE as NUMBER(18,2)) as CURRENT_BALANCE,
        cast(AVAILABLE_BALANCE as NUMBER(18,2)) as AVAILABLE_BALANCE,
        cast(OPEN_DATE as DATE) as OPEN_DATE,
        DATEDIFF(DAY, cast(OPEN_DATE as DATE), CURRENT_DATE) as ACCOUNT_AGE_DAYS,
        CREATED_LOAD_ID,
        CREATED_DATE_TIME
    from UPI_FRAUD_MONITORING.TRANSFORM.v_account
),

enriched as (
    select
        ACCOUNT_ID,
        CUSTOMER_ID,
        ACCOUNT_TYPE,
        ACCOUNT_STATUS,
        CURRENT_BALANCE,
        AVAILABLE_BALANCE,
        OPEN_DATE,
        ACCOUNT_AGE_DAYS,
        CASE
            WHEN ACCOUNT_AGE_DAYS < 30 THEN 'HIGH'
            WHEN CURRENT_BALANCE > 1000000 THEN 'MEDIUM'
            ELSE 'LOW'
        END as ACCOUNT_RISK_RATING,
        CREATED_LOAD_ID,
        CREATED_DATE_TIME
    from source
),

hashed as (
    select
        *,
        md5(
            coalesce(ACCOUNT_ID, '^') || '|' ||
            coalesce(CUSTOMER_ID, '^') || '|' ||
            coalesce(ACCOUNT_TYPE, '^') || '|' ||
            coalesce(ACCOUNT_STATUS, '^') || '|' ||
            coalesce(cast(CURRENT_BALANCE as VARCHAR), '^') || '|' ||
            coalesce(cast(AVAILABLE_BALANCE as VARCHAR), '^') || '|' ||
            coalesce(cast(OPEN_DATE as VARCHAR), '^') || '|' ||
            coalesce(ACCOUNT_RISK_RATING, '^')
        ) as HASH_DIFF,
        'Y' as IS_CURRENT
    from enriched
)



    select * from hashed


    ) as __dbt_sbq
    where false
    limit 0
[0m01:04:56.372228 [debug] [Thread-3 (]: Opening a new connection, currently in state init
[0m01:04:56.374050 [debug] [Thread-4 (]: Opening a new connection, currently in state init
[0m01:04:56.375580 [debug] [Thread-5 (]: Opening a new connection, currently in state init
[0m01:04:56.377482 [debug] [Thread-2 (]: Opening a new connection, currently in state init
[0m01:04:56.858132 [debug] [Thread-4 (]: SQL status: SUCCESS 0 in 0.484 seconds
[0m01:04:56.885700 [debug] [Thread-4 (]: Using snowflake connection "model.UPI_Fraud_Monitoring.sl_customer"
[0m01:04:56.888675 [debug] [Thread-3 (]: SQL status: SUCCESS 0 in 0.516 seconds
[0m01:04:56.890310 [debug] [Thread-4 (]: On model.UPI_Fraud_Monitoring.sl_customer: /* {"app": "dbt", "dbt_version": "1.9.4", "profile_name": "default", "target_name": "dev", "node_id": "model.UPI_Fraud_Monitoring.sl_customer"} */
/* {"app": "dbt", "dbt_version": "1.9.4", "profile_name": "default", "target_name": "dev", "node_id": "model.UPI_Fraud_Monitoring.sl_customer"} */
select * from (
        select
    
      
    cast(null as VARCHAR(50))
     as CUSTOMER_ID, 
      
    cast(null as VARCHAR(255))
     as CUSTOMER_NAME, 
      
    cast(null as VARCHAR(50))
     as CUSTOMER_SEGMENT, 
      
    cast(null as VARCHAR(30))
     as KYC_STATUS, 
      
    cast(null as VARCHAR(20))
     as RISK_RATING, 
      
    cast(null as VARCHAR(30))
     as CUSTOMER_STATUS, 
      
    cast(null as DATE)
     as CUSTOMER_SINCE, 
      
    cast(null as VARCHAR(50))
     as CUSTOMER_TYPE, 
      
    cast(null as VARCHAR(16777216))
     as CREATED_LOAD_ID, 
      
    cast(null as TIMESTAMP_NTZ)
     as CREATED_DATE_TIME, 
      
    cast(null as VARCHAR(2000))
     as HASH_DIFF, 
      
    cast(null as VARCHAR(10))
     as IS_CURRENT
    ) as __dbt_sbq
    where false
    limit 0
[0m01:04:56.892333 [debug] [Thread-5 (]: SQL status: SUCCESS 0 in 0.517 seconds
[0m01:04:56.904760 [debug] [Thread-2 (]: SQL status: SUCCESS 0 in 0.528 seconds
[0m01:04:56.905709 [debug] [Thread-3 (]: Using snowflake connection "model.UPI_Fraud_Monitoring.sl_collect_request"
[0m01:04:56.913590 [debug] [Thread-5 (]: Using snowflake connection "model.UPI_Fraud_Monitoring.sl_device"
[0m01:04:56.922039 [debug] [Thread-2 (]: Using snowflake connection "model.UPI_Fraud_Monitoring.sl_account"
[0m01:04:56.923382 [debug] [Thread-3 (]: On model.UPI_Fraud_Monitoring.sl_collect_request: /* {"app": "dbt", "dbt_version": "1.9.4", "profile_name": "default", "target_name": "dev", "node_id": "model.UPI_Fraud_Monitoring.sl_collect_request"} */
/* {"app": "dbt", "dbt_version": "1.9.4", "profile_name": "default", "target_name": "dev", "node_id": "model.UPI_Fraud_Monitoring.sl_collect_request"} */
select * from (
        select
    
      
    cast(null as VARCHAR(100))
     as COLLECT_REQUEST_ID, 
      
    cast(null as VARCHAR(50))
     as CUSTOMER_ID, 
      
    cast(null as NUMBER(18,2))
     as REQUEST_AMOUNT, 
      
    cast(null as TIMESTAMP_NTZ)
     as REQUEST_TIME, 
      
    cast(null as VARCHAR(30))
     as REQUEST_STATUS, 
      
    cast(null as NUMBER(38,0))
     as REQUEST_HOUR, 
      
    cast(null as VARCHAR(20))
     as REQUEST_DAY_OF_WEEK, 
      
    cast(null as VARCHAR(20))
     as REQUEST_RISK_RATING, 
      
    cast(null as VARCHAR(16777216))
     as CREATED_LOAD_ID, 
      
    cast(null as TIMESTAMP_NTZ)
     as CREATED_DATE_TIME, 
      
    cast(null as VARCHAR(2000))
     as HASH_DIFF, 
      
    cast(null as VARCHAR(10))
     as IS_CURRENT
    ) as __dbt_sbq
    where false
    limit 0
[0m01:04:56.924767 [debug] [Thread-5 (]: On model.UPI_Fraud_Monitoring.sl_device: /* {"app": "dbt", "dbt_version": "1.9.4", "profile_name": "default", "target_name": "dev", "node_id": "model.UPI_Fraud_Monitoring.sl_device"} */
/* {"app": "dbt", "dbt_version": "1.9.4", "profile_name": "default", "target_name": "dev", "node_id": "model.UPI_Fraud_Monitoring.sl_device"} */
select * from (
        select
    
      
    cast(null as VARCHAR(100))
     as DEVICE_ID, 
      
    cast(null as VARCHAR(50))
     as CUSTOMER_ID, 
      
    cast(null as VARCHAR(500))
     as DEVICE_FINGERPRINT, 
      
    cast(null as VARCHAR(50))
     as DEVICE_OS, 
      
    cast(null as VARCHAR(1))
     as TRUSTED_FLAG, 
      
    cast(null as NUMBER(38,0))
     as DEVICE_AGE_DAYS, 
      
    cast(null as NUMBER(38,0))
     as DEVICE_RISK_SCORE, 
      
    cast(null as VARCHAR(2000))
     as HASH_DIFF, 
      
    cast(null as VARCHAR(10))
     as IS_CURRENT, 
      
    cast(null as VARCHAR(16777216))
     as CREATED_LOAD_ID, 
      
    cast(null as TIMESTAMP_NTZ)
     as CREATED_DATE_TIME
    ) as __dbt_sbq
    where false
    limit 0
[0m01:04:56.926037 [debug] [Thread-2 (]: On model.UPI_Fraud_Monitoring.sl_account: /* {"app": "dbt", "dbt_version": "1.9.4", "profile_name": "default", "target_name": "dev", "node_id": "model.UPI_Fraud_Monitoring.sl_account"} */
/* {"app": "dbt", "dbt_version": "1.9.4", "profile_name": "default", "target_name": "dev", "node_id": "model.UPI_Fraud_Monitoring.sl_account"} */
select * from (
        select
    
      
    cast(null as VARCHAR(50))
     as ACCOUNT_ID, 
      
    cast(null as VARCHAR(50))
     as CUSTOMER_ID, 
      
    cast(null as VARCHAR(30))
     as ACCOUNT_TYPE, 
      
    cast(null as VARCHAR(30))
     as ACCOUNT_STATUS, 
      
    cast(null as NUMBER(18,2))
     as CURRENT_BALANCE, 
      
    cast(null as NUMBER(18,2))
     as AVAILABLE_BALANCE, 
      
    cast(null as DATE)
     as OPEN_DATE, 
      
    cast(null as NUMBER(38,0))
     as ACCOUNT_AGE_DAYS, 
      
    cast(null as VARCHAR(20))
     as ACCOUNT_RISK_RATING, 
      
    cast(null as VARCHAR(16777216))
     as CREATED_LOAD_ID, 
      
    cast(null as TIMESTAMP_NTZ)
     as CREATED_DATE_TIME, 
      
    cast(null as VARCHAR(2000))
     as HASH_DIFF, 
      
    cast(null as VARCHAR(10))
     as IS_CURRENT
    ) as __dbt_sbq
    where false
    limit 0
[0m01:04:56.975659 [debug] [Thread-4 (]: SQL status: SUCCESS 0 in 0.069 seconds
[0m01:04:56.984884 [debug] [Thread-5 (]: SQL status: SUCCESS 0 in 0.057 seconds
[0m01:04:56.998287 [debug] [Thread-2 (]: SQL status: SUCCESS 0 in 0.070 seconds
[0m01:04:56.999875 [debug] [Thread-3 (]: SQL status: SUCCESS 0 in 0.073 seconds
[0m01:04:57.047991 [debug] [Thread-4 (]: Writing runtime sql for node "model.UPI_Fraud_Monitoring.sl_customer"
[0m01:04:57.054815 [debug] [Thread-5 (]: Writing runtime sql for node "model.UPI_Fraud_Monitoring.sl_device"
[0m01:04:57.057735 [debug] [Thread-2 (]: Writing runtime sql for node "model.UPI_Fraud_Monitoring.sl_account"
[0m01:04:57.060634 [debug] [Thread-3 (]: Writing runtime sql for node "model.UPI_Fraud_Monitoring.sl_collect_request"
[0m01:04:57.063975 [debug] [Thread-4 (]: Using snowflake connection "model.UPI_Fraud_Monitoring.sl_customer"
[0m01:04:57.067185 [debug] [Thread-5 (]: Using snowflake connection "model.UPI_Fraud_Monitoring.sl_device"
[0m01:04:57.070916 [debug] [Thread-2 (]: Using snowflake connection "model.UPI_Fraud_Monitoring.sl_account"
[0m01:04:57.071726 [debug] [Thread-4 (]: On model.UPI_Fraud_Monitoring.sl_customer: /* {"app": "dbt", "dbt_version": "1.9.4", "profile_name": "default", "target_name": "dev", "node_id": "model.UPI_Fraud_Monitoring.sl_customer"} */
create or replace transient table UPI_FRAUD_MONITORING.TRANSFORM.sl_customer
          
  (
    CUSTOMER_ID VARCHAR(50) not null,
    CUSTOMER_NAME VARCHAR(255),
    CUSTOMER_SEGMENT VARCHAR(50),
    KYC_STATUS VARCHAR(30),
    RISK_RATING VARCHAR(20),
    CUSTOMER_STATUS VARCHAR(30),
    CUSTOMER_SINCE DATE,
    CUSTOMER_TYPE VARCHAR(50),
    CREATED_LOAD_ID VARCHAR(16777216),
    CREATED_DATE_TIME TIMESTAMP_NTZ,
    HASH_DIFF VARCHAR(2000),
    IS_CURRENT VARCHAR(10)
    
    )

          
        
         as
        (
    select CUSTOMER_ID, CUSTOMER_NAME, CUSTOMER_SEGMENT, KYC_STATUS, RISK_RATING, CUSTOMER_STATUS, CUSTOMER_SINCE, CUSTOMER_TYPE, CREATED_LOAD_ID, CREATED_DATE_TIME, HASH_DIFF, IS_CURRENT
    from (
        

with source as (
    select
        cast(CUSTOMER_ID as VARCHAR(50)) as CUSTOMER_ID,
        cast(CUSTOMER_NAME as VARCHAR(255)) as CUSTOMER_NAME,
        cast(CUSTOMER_SEGMENT as VARCHAR(50)) as CUSTOMER_SEGMENT,
        cast(KYC_STATUS as VARCHAR(30)) as KYC_STATUS,
        cast(RISK_RATING as VARCHAR(20)) as RISK_RATING,
        cast(CUSTOMER_STATUS as VARCHAR(30)) as CUSTOMER_STATUS,
        cast(CUSTOMER_SINCE as DATE) as CUSTOMER_SINCE,
        cast(CUSTOMER_TYPE as VARCHAR(50)) as CUSTOMER_TYPE,
        CREATED_LOAD_ID,
        CREATED_DATE_TIME
    from UPI_FRAUD_MONITORING.TRANSFORM.v_raw_customer
),

hashed as (
    select
        *,
        md5(
            coalesce(CUSTOMER_ID, '^') || '|' ||
            coalesce(CUSTOMER_NAME, '^') || '|' ||
            coalesce(CUSTOMER_SEGMENT, '^') || '|' ||
            coalesce(KYC_STATUS, '^') || '|' ||
            coalesce(RISK_RATING, '^') || '|' ||
            coalesce(CUSTOMER_STATUS, '^') || '|' ||
            coalesce(cast(CUSTOMER_SINCE as VARCHAR), '^') || '|' ||
            coalesce(CUSTOMER_TYPE, '^')
        ) as HASH_DIFF,
        'Y' as IS_CURRENT
    from source
)



    select * from hashed


    ) as model_subq
        );
[0m01:04:57.074535 [debug] [Thread-3 (]: Using snowflake connection "model.UPI_Fraud_Monitoring.sl_collect_request"
[0m01:04:57.075291 [debug] [Thread-5 (]: On model.UPI_Fraud_Monitoring.sl_device: /* {"app": "dbt", "dbt_version": "1.9.4", "profile_name": "default", "target_name": "dev", "node_id": "model.UPI_Fraud_Monitoring.sl_device"} */
create or replace transient table UPI_FRAUD_MONITORING.TRANSFORM.sl_device
          
  (
    DEVICE_ID VARCHAR(100) not null,
    CUSTOMER_ID VARCHAR(50),
    DEVICE_FINGERPRINT VARCHAR(500),
    DEVICE_OS VARCHAR(50),
    TRUSTED_FLAG VARCHAR(1),
    DEVICE_AGE_DAYS NUMBER(38,0),
    DEVICE_RISK_SCORE NUMBER(38,0),
    HASH_DIFF VARCHAR(2000),
    IS_CURRENT VARCHAR(10),
    CREATED_LOAD_ID VARCHAR(16777216),
    CREATED_DATE_TIME TIMESTAMP_NTZ
    
    )

          
        
         as
        (
    select DEVICE_ID, CUSTOMER_ID, DEVICE_FINGERPRINT, DEVICE_OS, TRUSTED_FLAG, DEVICE_AGE_DAYS, DEVICE_RISK_SCORE, HASH_DIFF, IS_CURRENT, CREATED_LOAD_ID, CREATED_DATE_TIME
    from (
        

with source as (
    select
        cast(DEVICE_ID as VARCHAR(100)) as DEVICE_ID,
        cast(CUSTOMER_ID as VARCHAR(50)) as CUSTOMER_ID,
        cast(DEVICE_FINGERPRINT as VARCHAR(500)) as DEVICE_FINGERPRINT,
        cast(DEVICE_OS as VARCHAR(50)) as DEVICE_OS,
        cast(TRUSTED_FLAG as VARCHAR(1)) as TRUSTED_FLAG,
        DATEDIFF(DAY, cast(DEVICE_REGISTRATION_DATE as DATE), CURRENT_DATE) as DEVICE_AGE_DAYS,
        OS_VERSION,
        CREATED_LOAD_ID,
        CREATED_DATE_TIME
    from UPI_FRAUD_MONITORING.TRANSFORM.v_device_registry
),

enriched as (
    select
        DEVICE_ID,
        CUSTOMER_ID,
        DEVICE_FINGERPRINT,
        DEVICE_OS,
        TRUSTED_FLAG,
        DEVICE_AGE_DAYS,
        (CASE WHEN TRUSTED_FLAG = 'N' THEN 40 ELSE 0 END)
        + (CASE WHEN DEVICE_AGE_DAYS < 30 THEN 30 ELSE 0 END)
        + (CASE WHEN OS_VERSION < 'Android 10' THEN 20 ELSE 0 END) as DEVICE_RISK_SCORE,
        CREATED_LOAD_ID,
        CREATED_DATE_TIME
    from source
),

hashed as (
    select
        DEVICE_ID,
        CUSTOMER_ID,
        DEVICE_FINGERPRINT,
        DEVICE_OS,
        TRUSTED_FLAG,
        DEVICE_AGE_DAYS,
        DEVICE_RISK_SCORE,
        md5(
            coalesce(DEVICE_ID, '^') || '|' ||
            coalesce(CUSTOMER_ID, '^') || '|' ||
            coalesce(DEVICE_FINGERPRINT, '^') || '|' ||
            coalesce(DEVICE_OS, '^') || '|' ||
            coalesce(TRUSTED_FLAG, '^') || '|' ||
            coalesce(cast(DEVICE_RISK_SCORE as VARCHAR), '^')
        ) as HASH_DIFF,
        'Y' as IS_CURRENT,
        CREATED_LOAD_ID,
        CREATED_DATE_TIME
    from enriched
)



    select * from hashed


    ) as model_subq
        );
[0m01:04:57.076099 [debug] [Thread-2 (]: On model.UPI_Fraud_Monitoring.sl_account: /* {"app": "dbt", "dbt_version": "1.9.4", "profile_name": "default", "target_name": "dev", "node_id": "model.UPI_Fraud_Monitoring.sl_account"} */
create or replace transient table UPI_FRAUD_MONITORING.TRANSFORM.sl_account
          
  (
    ACCOUNT_ID VARCHAR(50) not null,
    CUSTOMER_ID VARCHAR(50),
    ACCOUNT_TYPE VARCHAR(30),
    ACCOUNT_STATUS VARCHAR(30),
    CURRENT_BALANCE NUMBER(18,2),
    AVAILABLE_BALANCE NUMBER(18,2),
    OPEN_DATE DATE,
    ACCOUNT_AGE_DAYS NUMBER(38,0),
    ACCOUNT_RISK_RATING VARCHAR(20),
    CREATED_LOAD_ID VARCHAR(16777216),
    CREATED_DATE_TIME TIMESTAMP_NTZ,
    HASH_DIFF VARCHAR(2000),
    IS_CURRENT VARCHAR(10)
    
    )

          
        
         as
        (
    select ACCOUNT_ID, CUSTOMER_ID, ACCOUNT_TYPE, ACCOUNT_STATUS, CURRENT_BALANCE, AVAILABLE_BALANCE, OPEN_DATE, ACCOUNT_AGE_DAYS, ACCOUNT_RISK_RATING, CREATED_LOAD_ID, CREATED_DATE_TIME, HASH_DIFF, IS_CURRENT
    from (
        

with source as (
    select
        cast(ACCOUNT_ID as VARCHAR(50)) as ACCOUNT_ID,
        cast(CUSTOMER_ID as VARCHAR(50)) as CUSTOMER_ID,
        cast(ACCOUNT_TYPE as VARCHAR(30)) as ACCOUNT_TYPE,
        cast(ACCOUNT_STATUS as VARCHAR(30)) as ACCOUNT_STATUS,
        cast(CURRENT_BALANCE as NUMBER(18,2)) as CURRENT_BALANCE,
        cast(AVAILABLE_BALANCE as NUMBER(18,2)) as AVAILABLE_BALANCE,
        cast(OPEN_DATE as DATE) as OPEN_DATE,
        DATEDIFF(DAY, cast(OPEN_DATE as DATE), CURRENT_DATE) as ACCOUNT_AGE_DAYS,
        CREATED_LOAD_ID,
        CREATED_DATE_TIME
    from UPI_FRAUD_MONITORING.TRANSFORM.v_account
),

enriched as (
    select
        ACCOUNT_ID,
        CUSTOMER_ID,
        ACCOUNT_TYPE,
        ACCOUNT_STATUS,
        CURRENT_BALANCE,
        AVAILABLE_BALANCE,
        OPEN_DATE,
        ACCOUNT_AGE_DAYS,
        CASE
            WHEN ACCOUNT_AGE_DAYS < 30 THEN 'HIGH'
            WHEN CURRENT_BALANCE > 1000000 THEN 'MEDIUM'
            ELSE 'LOW'
        END as ACCOUNT_RISK_RATING,
        CREATED_LOAD_ID,
        CREATED_DATE_TIME
    from source
),

hashed as (
    select
        *,
        md5(
            coalesce(ACCOUNT_ID, '^') || '|' ||
            coalesce(CUSTOMER_ID, '^') || '|' ||
            coalesce(ACCOUNT_TYPE, '^') || '|' ||
            coalesce(ACCOUNT_STATUS, '^') || '|' ||
            coalesce(cast(CURRENT_BALANCE as VARCHAR), '^') || '|' ||
            coalesce(cast(AVAILABLE_BALANCE as VARCHAR), '^') || '|' ||
            coalesce(cast(OPEN_DATE as VARCHAR), '^') || '|' ||
            coalesce(ACCOUNT_RISK_RATING, '^')
        ) as HASH_DIFF,
        'Y' as IS_CURRENT
    from enriched
)



    select * from hashed


    ) as model_subq
        );
[0m01:04:57.077304 [debug] [Thread-3 (]: On model.UPI_Fraud_Monitoring.sl_collect_request: /* {"app": "dbt", "dbt_version": "1.9.4", "profile_name": "default", "target_name": "dev", "node_id": "model.UPI_Fraud_Monitoring.sl_collect_request"} */
create or replace transient table UPI_FRAUD_MONITORING.TRANSFORM.sl_collect_request
          
  (
    COLLECT_REQUEST_ID VARCHAR(100) not null,
    CUSTOMER_ID VARCHAR(50),
    REQUEST_AMOUNT NUMBER(18,2),
    REQUEST_TIME TIMESTAMP_NTZ,
    REQUEST_STATUS VARCHAR(30),
    REQUEST_HOUR NUMBER(38,0),
    REQUEST_DAY_OF_WEEK VARCHAR(20),
    REQUEST_RISK_RATING VARCHAR(20),
    CREATED_LOAD_ID VARCHAR(16777216),
    CREATED_DATE_TIME TIMESTAMP_NTZ,
    HASH_DIFF VARCHAR(2000),
    IS_CURRENT VARCHAR(10)
    
    )

          
        
         as
        (
    select COLLECT_REQUEST_ID, CUSTOMER_ID, REQUEST_AMOUNT, REQUEST_TIME, REQUEST_STATUS, REQUEST_HOUR, REQUEST_DAY_OF_WEEK, REQUEST_RISK_RATING, CREATED_LOAD_ID, CREATED_DATE_TIME, HASH_DIFF, IS_CURRENT
    from (
        

with source as (
    select
        cast(COLLECT_REQUEST_ID as VARCHAR(100)) as COLLECT_REQUEST_ID,
        cast(CUSTOMER_ID as VARCHAR(50)) as CUSTOMER_ID,
        cast(REQUEST_AMOUNT as NUMBER(18,2)) as REQUEST_AMOUNT,
        cast(REQUEST_TIME as TIMESTAMP) as REQUEST_TIME,
        cast(REQUEST_STATUS as VARCHAR(30)) as REQUEST_STATUS,
        extract(hour from cast(REQUEST_TIME as TIMESTAMP)) as REQUEST_HOUR,
        dayname(cast(REQUEST_TIME as TIMESTAMP)) as REQUEST_DAY_OF_WEEK,
        CASE
            WHEN cast(REQUEST_AMOUNT as NUMBER(18,2)) >= 100000 THEN 'HIGH'
            WHEN REQUEST_STATUS = 'FAILED' THEN 'MEDIUM'
            ELSE 'LOW'
        END as REQUEST_RISK_RATING,
        CREATED_LOAD_ID,
        CREATED_DATE_TIME
    from UPI_FRAUD_MONITORING.TRANSFORM.v_collect_request
),

hashed as (
    select
        *,
        md5(
            coalesce(COLLECT_REQUEST_ID, '^') || '|' ||
            coalesce(CUSTOMER_ID, '^') || '|' ||
            coalesce(cast(REQUEST_AMOUNT as VARCHAR), '^') || '|' ||
            coalesce(cast(REQUEST_TIME as VARCHAR), '^') || '|' ||
            coalesce(REQUEST_STATUS, '^') || '|' ||
            coalesce(REQUEST_RISK_RATING, '^')
        ) as HASH_DIFF,
        'Y' as IS_CURRENT
    from source
)



    select * from hashed


    ) as model_subq
        );
[0m01:04:57.711985 [debug] [Thread-4 (]: SQL status: SUCCESS 1 in 0.635 seconds
[0m01:04:57.724027 [debug] [Thread-4 (]: Applying DROP to: UPI_FRAUD_MONITORING.TRANSFORM.sl_customer__dbt_tmp
[0m01:04:57.741207 [debug] [Thread-4 (]: Using snowflake connection "model.UPI_Fraud_Monitoring.sl_customer"
[0m01:04:57.741851 [debug] [Thread-4 (]: On model.UPI_Fraud_Monitoring.sl_customer: /* {"app": "dbt", "dbt_version": "1.9.4", "profile_name": "default", "target_name": "dev", "node_id": "model.UPI_Fraud_Monitoring.sl_customer"} */
drop view if exists UPI_FRAUD_MONITORING.TRANSFORM.sl_customer__dbt_tmp cascade
[0m01:04:57.759243 [debug] [Thread-2 (]: SQL status: SUCCESS 1 in 0.681 seconds
[0m01:04:57.764314 [debug] [Thread-2 (]: Applying DROP to: UPI_FRAUD_MONITORING.TRANSFORM.sl_account__dbt_tmp
[0m01:04:57.765198 [debug] [Thread-5 (]: SQL status: SUCCESS 1 in 0.687 seconds
[0m01:04:57.765902 [debug] [Thread-3 (]: SQL status: SUCCESS 1 in 0.687 seconds
[0m01:04:57.767364 [debug] [Thread-2 (]: Using snowflake connection "model.UPI_Fraud_Monitoring.sl_account"
[0m01:04:57.773647 [debug] [Thread-5 (]: Applying DROP to: UPI_FRAUD_MONITORING.TRANSFORM.sl_device__dbt_tmp
[0m01:04:57.778492 [debug] [Thread-3 (]: Applying DROP to: UPI_FRAUD_MONITORING.TRANSFORM.sl_collect_request__dbt_tmp
[0m01:04:57.779100 [debug] [Thread-2 (]: On model.UPI_Fraud_Monitoring.sl_account: /* {"app": "dbt", "dbt_version": "1.9.4", "profile_name": "default", "target_name": "dev", "node_id": "model.UPI_Fraud_Monitoring.sl_account"} */
drop view if exists UPI_FRAUD_MONITORING.TRANSFORM.sl_account__dbt_tmp cascade
[0m01:04:57.780584 [debug] [Thread-5 (]: Using snowflake connection "model.UPI_Fraud_Monitoring.sl_device"
[0m01:04:57.781720 [debug] [Thread-3 (]: Using snowflake connection "model.UPI_Fraud_Monitoring.sl_collect_request"
[0m01:04:57.782613 [debug] [Thread-5 (]: On model.UPI_Fraud_Monitoring.sl_device: /* {"app": "dbt", "dbt_version": "1.9.4", "profile_name": "default", "target_name": "dev", "node_id": "model.UPI_Fraud_Monitoring.sl_device"} */
drop view if exists UPI_FRAUD_MONITORING.TRANSFORM.sl_device__dbt_tmp cascade
[0m01:04:57.783179 [debug] [Thread-3 (]: On model.UPI_Fraud_Monitoring.sl_collect_request: /* {"app": "dbt", "dbt_version": "1.9.4", "profile_name": "default", "target_name": "dev", "node_id": "model.UPI_Fraud_Monitoring.sl_collect_request"} */
drop view if exists UPI_FRAUD_MONITORING.TRANSFORM.sl_collect_request__dbt_tmp cascade
[0m01:04:57.789457 [debug] [Thread-4 (]: SQL status: SUCCESS 1 in 0.047 seconds
[0m01:04:57.792601 [debug] [Thread-4 (]: Using snowflake connection "model.UPI_Fraud_Monitoring.sl_customer"
[0m01:04:57.793244 [debug] [Thread-4 (]: On model.UPI_Fraud_Monitoring.sl_customer: /* {"app": "dbt", "dbt_version": "1.9.4", "profile_name": "default", "target_name": "dev", "node_id": "model.UPI_Fraud_Monitoring.sl_customer"} */
UPDATE UPI_FRAUD_MONITORING.TRANSFORM.sl_customer t
             SET t.IS_CURRENT = 'N'
             WHERE t.IS_CURRENT = 'Y'
               AND t.CUSTOMER_ID IN (
                   SELECT s.CUSTOMER_ID FROM UPI_FRAUD_MONITORING.TRANSFORM.sl_customer s
                   WHERE s.IS_CURRENT = 'Y'
                   GROUP BY s.CUSTOMER_ID HAVING COUNT(*) > 1
               )
               AND t.CREATED_DATE_TIME < (
                   SELECT MAX(s2.CREATED_DATE_TIME) FROM UPI_FRAUD_MONITORING.TRANSFORM.sl_customer s2
                   WHERE s2.CUSTOMER_ID = t.CUSTOMER_ID AND s2.IS_CURRENT = 'Y'
               )
[0m01:04:57.832588 [debug] [Thread-5 (]: SQL status: SUCCESS 1 in 0.049 seconds
[0m01:04:57.833421 [debug] [Thread-2 (]: SQL status: SUCCESS 1 in 0.051 seconds
[0m01:04:57.834122 [debug] [Thread-3 (]: SQL status: SUCCESS 1 in 0.050 seconds
[0m01:04:57.837290 [debug] [Thread-5 (]: Using snowflake connection "model.UPI_Fraud_Monitoring.sl_device"
[0m01:04:57.840269 [debug] [Thread-2 (]: Using snowflake connection "model.UPI_Fraud_Monitoring.sl_account"
[0m01:04:57.843339 [debug] [Thread-3 (]: Using snowflake connection "model.UPI_Fraud_Monitoring.sl_collect_request"
[0m01:04:57.844042 [debug] [Thread-5 (]: On model.UPI_Fraud_Monitoring.sl_device: /* {"app": "dbt", "dbt_version": "1.9.4", "profile_name": "default", "target_name": "dev", "node_id": "model.UPI_Fraud_Monitoring.sl_device"} */
UPDATE UPI_FRAUD_MONITORING.TRANSFORM.sl_device t
             SET t.IS_CURRENT = 'N'
             WHERE t.IS_CURRENT = 'Y'
               AND t.DEVICE_ID IN (
                   SELECT s.DEVICE_ID FROM UPI_FRAUD_MONITORING.TRANSFORM.sl_device s
                   WHERE s.IS_CURRENT = 'Y'
                   GROUP BY s.DEVICE_ID HAVING COUNT(*) > 1
               )
               AND t.CREATED_DATE_TIME < (
                   SELECT MAX(s2.CREATED_DATE_TIME) FROM UPI_FRAUD_MONITORING.TRANSFORM.sl_device s2
                   WHERE s2.DEVICE_ID = t.DEVICE_ID AND s2.IS_CURRENT = 'Y'
               )
[0m01:04:57.844748 [debug] [Thread-2 (]: On model.UPI_Fraud_Monitoring.sl_account: /* {"app": "dbt", "dbt_version": "1.9.4", "profile_name": "default", "target_name": "dev", "node_id": "model.UPI_Fraud_Monitoring.sl_account"} */
UPDATE UPI_FRAUD_MONITORING.TRANSFORM.sl_account t
             SET t.IS_CURRENT = 'N'
             WHERE t.IS_CURRENT = 'Y'
               AND t.ACCOUNT_ID IN (
                   SELECT s.ACCOUNT_ID FROM UPI_FRAUD_MONITORING.TRANSFORM.sl_account s
                   WHERE s.IS_CURRENT = 'Y'
                   GROUP BY s.ACCOUNT_ID HAVING COUNT(*) > 1
               )
               AND t.CREATED_DATE_TIME < (
                   SELECT MAX(s2.CREATED_DATE_TIME) FROM UPI_FRAUD_MONITORING.TRANSFORM.sl_account s2
                   WHERE s2.ACCOUNT_ID = t.ACCOUNT_ID AND s2.IS_CURRENT = 'Y'
               )
[0m01:04:57.845353 [debug] [Thread-3 (]: On model.UPI_Fraud_Monitoring.sl_collect_request: /* {"app": "dbt", "dbt_version": "1.9.4", "profile_name": "default", "target_name": "dev", "node_id": "model.UPI_Fraud_Monitoring.sl_collect_request"} */
UPDATE UPI_FRAUD_MONITORING.TRANSFORM.sl_collect_request t
             SET t.IS_CURRENT = 'N'
             WHERE t.IS_CURRENT = 'Y'
               AND t.COLLECT_REQUEST_ID IN (
                   SELECT s.COLLECT_REQUEST_ID FROM UPI_FRAUD_MONITORING.TRANSFORM.sl_collect_request s
                   WHERE s.IS_CURRENT = 'Y'
                   GROUP BY s.COLLECT_REQUEST_ID HAVING COUNT(*) > 1
               )
               AND t.CREATED_DATE_TIME < (
                   SELECT MAX(s2.CREATED_DATE_TIME) FROM UPI_FRAUD_MONITORING.TRANSFORM.sl_collect_request s2
                   WHERE s2.COLLECT_REQUEST_ID = t.COLLECT_REQUEST_ID AND s2.IS_CURRENT = 'Y'
               )
[0m01:04:57.996246 [debug] [Thread-4 (]: SQL status: SUCCESS 0 in 0.202 seconds
[0m01:04:58.022085 [info ] [Thread-4 (]: 3 of 10 OK created sql incremental model TRANSFORM.sl_customer ................. [[32mSUCCESS 1[0m in 1.93s]
[0m01:04:58.022936 [debug] [Thread-4 (]: Finished running node model.UPI_Fraud_Monitoring.sl_customer
[0m01:04:58.023563 [debug] [Thread-4 (]: Began running node model.UPI_Fraud_Monitoring.sl_login_activity
[0m01:04:58.024442 [info ] [Thread-4 (]: 5 of 10 START sql incremental model TRANSFORM.sl_login_activity ................ [RUN]
[0m01:04:58.025131 [debug] [Thread-4 (]: Re-using an available connection from the pool (formerly model.UPI_Fraud_Monitoring.sl_customer, now model.UPI_Fraud_Monitoring.sl_login_activity)
[0m01:04:58.025633 [debug] [Thread-4 (]: Began compiling node model.UPI_Fraud_Monitoring.sl_login_activity
[0m01:04:58.031835 [debug] [Thread-4 (]: Writing injected SQL for node "model.UPI_Fraud_Monitoring.sl_login_activity"
[0m01:04:58.032792 [debug] [Thread-3 (]: SQL status: SUCCESS 0 in 0.186 seconds
[0m01:04:58.035907 [info ] [Thread-3 (]: 2 of 10 OK created sql incremental model TRANSFORM.sl_collect_request .......... [[32mSUCCESS 1[0m in 1.95s]
[0m01:04:58.036935 [debug] [Thread-3 (]: Finished running node model.UPI_Fraud_Monitoring.sl_collect_request
[0m01:04:58.037462 [debug] [Thread-4 (]: Began executing node model.UPI_Fraud_Monitoring.sl_login_activity
[0m01:04:58.038073 [debug] [Thread-3 (]: Began running node model.UPI_Fraud_Monitoring.sl_merchant
[0m01:04:58.045241 [debug] [Thread-4 (]: Using snowflake connection "model.UPI_Fraud_Monitoring.sl_login_activity"
[0m01:04:58.046546 [info ] [Thread-3 (]: 6 of 10 START sql incremental model TRANSFORM.sl_merchant ...................... [RUN]
[0m01:04:58.047577 [debug] [Thread-4 (]: On model.UPI_Fraud_Monitoring.sl_login_activity: /* {"app": "dbt", "dbt_version": "1.9.4", "profile_name": "default", "target_name": "dev", "node_id": "model.UPI_Fraud_Monitoring.sl_login_activity"} */
/* {"app": "dbt", "dbt_version": "1.9.4", "profile_name": "default", "target_name": "dev", "node_id": "model.UPI_Fraud_Monitoring.sl_login_activity"} */
select * from (
        

with source as (
    select
        cast(LOGIN_ID as VARCHAR(100)) as LOGIN_ID,
        cast(CUSTOMER_ID as VARCHAR(50)) as CUSTOMER_ID,
        cast(DEVICE_ID as VARCHAR(100)) as DEVICE_ID,
        cast(LOGIN_TIME as TIMESTAMP) as LOGIN_TIME,
        cast(LOGIN_STATUS as VARCHAR(30)) as LOGIN_STATUS,
        cast(COUNTRY as VARCHAR(100)) as COUNTRY,
        cast(STATE as VARCHAR(100)) as STATE,
        cast(CITY as VARCHAR(100)) as CITY,
        cast(IP_ADDRESS as VARCHAR(100)) as IP_ADDRESS,
        CREATED_LOAD_ID,
        CREATED_DATE_TIME
    from UPI_FRAUD_MONITORING.TRANSFORM.v_login_activity
),

hashed as (
    select
        *,
        md5(
            coalesce(LOGIN_ID, '^') || '|' ||
            coalesce(CUSTOMER_ID, '^') || '|' ||
            coalesce(DEVICE_ID, '^') || '|' ||
            coalesce(cast(LOGIN_TIME as VARCHAR), '^') || '|' ||
            coalesce(LOGIN_STATUS, '^') || '|' ||
            coalesce(COUNTRY, '^') || '|' ||
            coalesce(STATE, '^') || '|' ||
            coalesce(CITY, '^') || '|' ||
            coalesce(IP_ADDRESS, '^')
        ) as HASH_DIFF,
        'Y' as IS_CURRENT
    from source
)



    select * from hashed


    ) as __dbt_sbq
    where false
    limit 0
[0m01:04:58.048725 [debug] [Thread-3 (]: Re-using an available connection from the pool (formerly model.UPI_Fraud_Monitoring.sl_collect_request, now model.UPI_Fraud_Monitoring.sl_merchant)
[0m01:04:58.049912 [debug] [Thread-4 (]: Opening a new connection, currently in state init
[0m01:04:58.051087 [debug] [Thread-3 (]: Began compiling node model.UPI_Fraud_Monitoring.sl_merchant
[0m01:04:58.052028 [debug] [Thread-5 (]: SQL status: SUCCESS 0 in 0.206 seconds
[0m01:04:58.059564 [debug] [Thread-2 (]: SQL status: SUCCESS 0 in 0.213 seconds
[0m01:04:58.060949 [debug] [Thread-3 (]: Writing injected SQL for node "model.UPI_Fraud_Monitoring.sl_merchant"
[0m01:04:58.063688 [info ] [Thread-5 (]: 4 of 10 OK created sql incremental model TRANSFORM.sl_device ................... [[32mSUCCESS 1[0m in 1.97s]
[0m01:04:58.066433 [info ] [Thread-2 (]: 1 of 10 OK created sql incremental model TRANSFORM.sl_account .................. [[32mSUCCESS 1[0m in 1.98s]
[0m01:04:58.067539 [debug] [Thread-5 (]: Finished running node model.UPI_Fraud_Monitoring.sl_device
[0m01:04:58.068209 [debug] [Thread-3 (]: Began executing node model.UPI_Fraud_Monitoring.sl_merchant
[0m01:04:58.068981 [debug] [Thread-2 (]: Finished running node model.UPI_Fraud_Monitoring.sl_account
[0m01:04:58.069616 [debug] [Thread-5 (]: Began running node model.UPI_Fraud_Monitoring.sl_transaction
[0m01:04:58.077329 [debug] [Thread-3 (]: Using snowflake connection "model.UPI_Fraud_Monitoring.sl_merchant"
[0m01:04:58.079124 [debug] [Thread-2 (]: Began running node model.UPI_Fraud_Monitoring.sl_watchlist
[0m01:04:58.080564 [info ] [Thread-5 (]: 7 of 10 START sql incremental model TRANSFORM.sl_transaction ................... [RUN]
[0m01:04:58.081814 [debug] [Thread-3 (]: On model.UPI_Fraud_Monitoring.sl_merchant: /* {"app": "dbt", "dbt_version": "1.9.4", "profile_name": "default", "target_name": "dev", "node_id": "model.UPI_Fraud_Monitoring.sl_merchant"} */
/* {"app": "dbt", "dbt_version": "1.9.4", "profile_name": "default", "target_name": "dev", "node_id": "model.UPI_Fraud_Monitoring.sl_merchant"} */
select * from (
        

with source as (
    select
        cast(MERCHANT_ID as VARCHAR(100)) as MERCHANT_ID,
        cast(MERCHANT_NAME as VARCHAR(255)) as MERCHANT_NAME,
        cast(MERCHANT_CATEGORY as VARCHAR(100)) as MERCHANT_CATEGORY,
        cast(MERCHANT_STATUS as VARCHAR(50)) as MERCHANT_STATUS,
        CASE
            WHEN MERCHANT_CATEGORY = 'Grocery' THEN '5411'
            WHEN MERCHANT_CATEGORY = 'Fuel' THEN '5541'
            WHEN MERCHANT_CATEGORY = 'Retail' THEN '6000'
            ELSE '9999'
        END as MCC_CODE,
        CREATED_LOAD_ID,
        CREATED_DATE_TIME
    from UPI_FRAUD_MONITORING.TRANSFORM.v_merchant
),

enriched as (
    select
        MERCHANT_ID,
        MERCHANT_NAME,
        MERCHANT_CATEGORY,
        cast(MCC_CODE as VARCHAR(20)) as MCC_CODE,
        MERCHANT_STATUS,
        CASE
            WHEN MCC_CODE IN ('5411', '5541', '5812') THEN 'LOW'
            WHEN MCC_CODE IN ('6000') THEN 'MEDIUM'
            ELSE 'HIGH_RISK'
        END as RISK_RATING,
        CREATED_LOAD_ID,
        CREATED_DATE_TIME
    from source
),

hashed as (
    select
        *,
        md5(
            coalesce(MERCHANT_ID, '^') || '|' ||
            coalesce(MERCHANT_NAME, '^') || '|' ||
            coalesce(MERCHANT_CATEGORY, '^') || '|' ||
            coalesce(MCC_CODE, '^') || '|' ||
            coalesce(MERCHANT_STATUS, '^') || '|' ||
            coalesce(RISK_RATING, '^')
        ) as HASH_DIFF,
        'Y' as IS_CURRENT
    from enriched
)



    select * from hashed


    ) as __dbt_sbq
    where false
    limit 0
[0m01:04:58.083022 [info ] [Thread-2 (]: 8 of 10 START sql incremental model TRANSFORM.sl_watchlist ..................... [RUN]
[0m01:04:58.083724 [debug] [Thread-5 (]: Re-using an available connection from the pool (formerly model.UPI_Fraud_Monitoring.sl_device, now model.UPI_Fraud_Monitoring.sl_transaction)
[0m01:04:58.085118 [debug] [Thread-3 (]: Opening a new connection, currently in state init
[0m01:04:58.086347 [debug] [Thread-2 (]: Re-using an available connection from the pool (formerly model.UPI_Fraud_Monitoring.sl_account, now model.UPI_Fraud_Monitoring.sl_watchlist)
[0m01:04:58.086893 [debug] [Thread-5 (]: Began compiling node model.UPI_Fraud_Monitoring.sl_transaction
[0m01:04:58.087598 [debug] [Thread-2 (]: Began compiling node model.UPI_Fraud_Monitoring.sl_watchlist
[0m01:04:58.094717 [debug] [Thread-5 (]: Writing injected SQL for node "model.UPI_Fraud_Monitoring.sl_transaction"
[0m01:04:58.100722 [debug] [Thread-2 (]: Writing injected SQL for node "model.UPI_Fraud_Monitoring.sl_watchlist"
[0m01:04:58.101792 [debug] [Thread-5 (]: Began executing node model.UPI_Fraud_Monitoring.sl_transaction
[0m01:04:58.102521 [debug] [Thread-2 (]: Began executing node model.UPI_Fraud_Monitoring.sl_watchlist
[0m01:04:58.110840 [debug] [Thread-5 (]: Using snowflake connection "model.UPI_Fraud_Monitoring.sl_transaction"
[0m01:04:58.122493 [debug] [Thread-2 (]: Using snowflake connection "model.UPI_Fraud_Monitoring.sl_watchlist"
[0m01:04:58.135008 [debug] [Thread-5 (]: On model.UPI_Fraud_Monitoring.sl_transaction: /* {"app": "dbt", "dbt_version": "1.9.4", "profile_name": "default", "target_name": "dev", "node_id": "model.UPI_Fraud_Monitoring.sl_transaction"} */
/* {"app": "dbt", "dbt_version": "1.9.4", "profile_name": "default", "target_name": "dev", "node_id": "model.UPI_Fraud_Monitoring.sl_transaction"} */
select * from (
        

with source as (
    select
        cast(TRANSACTION_ID as VARCHAR(100)) as TRANSACTION_ID,
        cast(CUSTOMER_ID as VARCHAR(50)) as CUSTOMER_ID,
        cast(ACCOUNT_ID as VARCHAR(50)) as ACCOUNT_ID,
        cast(BENEFICIARY_ID as VARCHAR(100)) as BENEFICIARY_ID,
        cast(MERCHANT_ID as VARCHAR(100)) as MERCHANT_ID,
        cast(DEVICE_ID as VARCHAR(100)) as DEVICE_ID,
        cast(TXN_DATETIME as TIMESTAMP) as TXN_DATETIME,
        cast(TXN_AMOUNT as NUMBER(18,2)) as TXN_AMOUNT,
        cast(TXN_TYPE as VARCHAR(50)) as TXN_TYPE,
        cast(TXN_STATUS as VARCHAR(30)) as TXN_STATUS,
        cast(CHANNEL as VARCHAR(50)) as CHANNEL,
        cast(NULL as VARCHAR(100)) as COUNTRY,
        cast(NULL as VARCHAR(100)) as STATE,
        CASE
            WHEN cast(TXN_AMOUNT as NUMBER(18,2)) >= 100000 THEN 'HIGH_VALUE_TXN'
            WHEN DEVICE_ID IN (SELECT DEVICE_ID FROM UPI_FRAUD_MONITORING.TRANSFORM.v_device_registry WHERE TRUSTED_FLAG = 'N') THEN 'UNTRUSTED_DEVICE'
            WHEN BENEFICIARY_ID IN (SELECT BENEFICIARY_ID FROM UPI_FRAUD_MONITORING.TRANSFORM.v_beneficiary WHERE RISK_RATING = 'HIGH') THEN 'HIGH_RISK_BENEFICIARY'
            WHEN MERCHANT_ID IN (SELECT MERCHANT_ID FROM UPI_FRAUD_MONITORING.TRANSFORM.v_merchant WHERE RISK_RATING = 'HIGH') THEN 'HIGH_RISK_MERCHANT'
            WHEN CUSTOMER_ID IN (SELECT CUSTOMER_ID FROM UPI_FRAUD_MONITORING.TRANSFORM.v_raw_customer WHERE RISK_RATING = 'HIGH') THEN 'HIGH_RISK_CUSTOMER'
            WHEN TXN_STATUS = 'FAILED' THEN 'FAILED_TRANSACTION'
            ELSE 'NORMAL'
        END as TXN_RISK_REASON,
        cast(NULL as VARCHAR(50)) as TXN_FRAUD_ID,
        CREATED_LOAD_ID,
        CREATED_DATE_TIME
    from UPI_FRAUD_MONITORING.TRANSFORM.v_transaction
),

hashed as (
    select
        *,
        md5(
            coalesce(TRANSACTION_ID, '^') || '|' ||
            coalesce(CUSTOMER_ID, '^') || '|' ||
            coalesce(ACCOUNT_ID, '^') || '|' ||
            coalesce(BENEFICIARY_ID, '^') || '|' ||
            coalesce(MERCHANT_ID, '^') || '|' ||
            coalesce(DEVICE_ID, '^') || '|' ||
            coalesce(cast(TXN_DATETIME as VARCHAR), '^') || '|' ||
            coalesce(cast(TXN_AMOUNT as VARCHAR), '^') || '|' ||
            coalesce(TXN_TYPE, '^') || '|' ||
            coalesce(TXN_STATUS, '^') || '|' ||
            coalesce(CHANNEL, '^') || '|' ||
            coalesce(TXN_RISK_REASON, '^')
        ) as HASH_DIFF,
        'Y' as IS_CURRENT
    from source
)



    select * from hashed


    ) as __dbt_sbq
    where false
    limit 0
[0m01:04:58.136613 [debug] [Thread-2 (]: On model.UPI_Fraud_Monitoring.sl_watchlist: /* {"app": "dbt", "dbt_version": "1.9.4", "profile_name": "default", "target_name": "dev", "node_id": "model.UPI_Fraud_Monitoring.sl_watchlist"} */
/* {"app": "dbt", "dbt_version": "1.9.4", "profile_name": "default", "target_name": "dev", "node_id": "model.UPI_Fraud_Monitoring.sl_watchlist"} */
select * from (
        

with source as (
    select
        cast(WATCHLIST_ID as VARCHAR(100)) as WATCHLIST_ID,
        cast(ENTITY_TYPE as VARCHAR(50)) as ENTITY_TYPE,
        cast(ENTITY_ID as VARCHAR(100)) as ENTITY_ID,
        cast(ENTITY_NAME as VARCHAR(255)) as ENTITY_NAME,
        cast(RISK_LEVEL as VARCHAR(20)) as RISK_LEVEL,
        CREATED_LOAD_ID,
        CREATED_DATE_TIME
    from UPI_FRAUD_MONITORING.TRANSFORM.v_watchlist
),

hashed as (
    select
        *,
        md5(
            coalesce(WATCHLIST_ID, '^') || '|' ||
            coalesce(ENTITY_TYPE, '^') || '|' ||
            coalesce(ENTITY_ID, '^') || '|' ||
            coalesce(ENTITY_NAME, '^') || '|' ||
            coalesce(RISK_LEVEL, '^')
        ) as HASH_DIFF,
        'Y' as IS_CURRENT
    from source
)



    select * from hashed


    ) as __dbt_sbq
    where false
    limit 0
[0m01:04:58.138182 [debug] [Thread-5 (]: Opening a new connection, currently in state init
[0m01:04:58.139669 [debug] [Thread-2 (]: Opening a new connection, currently in state init
[0m01:04:58.535604 [debug] [Thread-4 (]: SQL status: SUCCESS 0 in 0.486 seconds
[0m01:04:58.544004 [debug] [Thread-4 (]: Using snowflake connection "model.UPI_Fraud_Monitoring.sl_login_activity"
[0m01:04:58.545451 [debug] [Thread-4 (]: On model.UPI_Fraud_Monitoring.sl_login_activity: /* {"app": "dbt", "dbt_version": "1.9.4", "profile_name": "default", "target_name": "dev", "node_id": "model.UPI_Fraud_Monitoring.sl_login_activity"} */
/* {"app": "dbt", "dbt_version": "1.9.4", "profile_name": "default", "target_name": "dev", "node_id": "model.UPI_Fraud_Monitoring.sl_login_activity"} */
select * from (
        select
    
      
    cast(null as VARCHAR(100))
     as LOGIN_ID, 
      
    cast(null as VARCHAR(50))
     as CUSTOMER_ID, 
      
    cast(null as VARCHAR(100))
     as DEVICE_ID, 
      
    cast(null as TIMESTAMP_NTZ)
     as LOGIN_TIME, 
      
    cast(null as VARCHAR(30))
     as LOGIN_STATUS, 
      
    cast(null as VARCHAR(100))
     as COUNTRY, 
      
    cast(null as VARCHAR(100))
     as STATE, 
      
    cast(null as VARCHAR(100))
     as CITY, 
      
    cast(null as VARCHAR(100))
     as IP_ADDRESS, 
      
    cast(null as VARCHAR(16777216))
     as CREATED_LOAD_ID, 
      
    cast(null as TIMESTAMP_NTZ)
     as CREATED_DATE_TIME, 
      
    cast(null as VARCHAR(2000))
     as HASH_DIFF, 
      
    cast(null as VARCHAR(10))
     as IS_CURRENT
    ) as __dbt_sbq
    where false
    limit 0
[0m01:04:58.598062 [debug] [Thread-2 (]: SQL status: SUCCESS 0 in 0.458 seconds
[0m01:04:58.604660 [debug] [Thread-2 (]: Using snowflake connection "model.UPI_Fraud_Monitoring.sl_watchlist"
[0m01:04:58.606508 [debug] [Thread-3 (]: SQL status: SUCCESS 0 in 0.522 seconds
[0m01:04:58.608191 [debug] [Thread-4 (]: SQL status: SUCCESS 0 in 0.062 seconds
[0m01:04:58.609572 [debug] [Thread-2 (]: On model.UPI_Fraud_Monitoring.sl_watchlist: /* {"app": "dbt", "dbt_version": "1.9.4", "profile_name": "default", "target_name": "dev", "node_id": "model.UPI_Fraud_Monitoring.sl_watchlist"} */
/* {"app": "dbt", "dbt_version": "1.9.4", "profile_name": "default", "target_name": "dev", "node_id": "model.UPI_Fraud_Monitoring.sl_watchlist"} */
select * from (
        select
    
      
    cast(null as VARCHAR(100))
     as WATCHLIST_ID, 
      
    cast(null as VARCHAR(50))
     as ENTITY_TYPE, 
      
    cast(null as VARCHAR(100))
     as ENTITY_ID, 
      
    cast(null as VARCHAR(255))
     as ENTITY_NAME, 
      
    cast(null as VARCHAR(20))
     as RISK_LEVEL, 
      
    cast(null as VARCHAR(16777216))
     as CREATED_LOAD_ID, 
      
    cast(null as TIMESTAMP_NTZ)
     as CREATED_DATE_TIME, 
      
    cast(null as VARCHAR(2000))
     as HASH_DIFF, 
      
    cast(null as VARCHAR(10))
     as IS_CURRENT
    ) as __dbt_sbq
    where false
    limit 0
[0m01:04:58.617229 [debug] [Thread-3 (]: Using snowflake connection "model.UPI_Fraud_Monitoring.sl_merchant"
[0m01:04:58.620769 [debug] [Thread-4 (]: Writing runtime sql for node "model.UPI_Fraud_Monitoring.sl_login_activity"
[0m01:04:58.622295 [debug] [Thread-3 (]: On model.UPI_Fraud_Monitoring.sl_merchant: /* {"app": "dbt", "dbt_version": "1.9.4", "profile_name": "default", "target_name": "dev", "node_id": "model.UPI_Fraud_Monitoring.sl_merchant"} */
/* {"app": "dbt", "dbt_version": "1.9.4", "profile_name": "default", "target_name": "dev", "node_id": "model.UPI_Fraud_Monitoring.sl_merchant"} */
select * from (
        select
    
      
    cast(null as VARCHAR(100))
     as MERCHANT_ID, 
      
    cast(null as VARCHAR(255))
     as MERCHANT_NAME, 
      
    cast(null as VARCHAR(100))
     as MERCHANT_CATEGORY, 
      
    cast(null as VARCHAR(20))
     as MCC_CODE, 
      
    cast(null as VARCHAR(50))
     as MERCHANT_STATUS, 
      
    cast(null as VARCHAR(20))
     as RISK_RATING, 
      
    cast(null as VARCHAR(16777216))
     as CREATED_LOAD_ID, 
      
    cast(null as TIMESTAMP_NTZ)
     as CREATED_DATE_TIME, 
      
    cast(null as VARCHAR(2000))
     as HASH_DIFF, 
      
    cast(null as VARCHAR(10))
     as IS_CURRENT
    ) as __dbt_sbq
    where false
    limit 0
[0m01:04:58.626340 [debug] [Thread-4 (]: Using snowflake connection "model.UPI_Fraud_Monitoring.sl_login_activity"
[0m01:04:58.627068 [debug] [Thread-4 (]: On model.UPI_Fraud_Monitoring.sl_login_activity: /* {"app": "dbt", "dbt_version": "1.9.4", "profile_name": "default", "target_name": "dev", "node_id": "model.UPI_Fraud_Monitoring.sl_login_activity"} */
create or replace transient table UPI_FRAUD_MONITORING.TRANSFORM.sl_login_activity
          
  (
    LOGIN_ID VARCHAR(100) not null,
    CUSTOMER_ID VARCHAR(50),
    DEVICE_ID VARCHAR(100),
    LOGIN_TIME TIMESTAMP_NTZ,
    LOGIN_STATUS VARCHAR(30),
    COUNTRY VARCHAR(100),
    STATE VARCHAR(100),
    CITY VARCHAR(100),
    IP_ADDRESS VARCHAR(100),
    CREATED_LOAD_ID VARCHAR(16777216),
    CREATED_DATE_TIME TIMESTAMP_NTZ,
    HASH_DIFF VARCHAR(2000),
    IS_CURRENT VARCHAR(10)
    
    )

          
        
         as
        (
    select LOGIN_ID, CUSTOMER_ID, DEVICE_ID, LOGIN_TIME, LOGIN_STATUS, COUNTRY, STATE, CITY, IP_ADDRESS, CREATED_LOAD_ID, CREATED_DATE_TIME, HASH_DIFF, IS_CURRENT
    from (
        

with source as (
    select
        cast(LOGIN_ID as VARCHAR(100)) as LOGIN_ID,
        cast(CUSTOMER_ID as VARCHAR(50)) as CUSTOMER_ID,
        cast(DEVICE_ID as VARCHAR(100)) as DEVICE_ID,
        cast(LOGIN_TIME as TIMESTAMP) as LOGIN_TIME,
        cast(LOGIN_STATUS as VARCHAR(30)) as LOGIN_STATUS,
        cast(COUNTRY as VARCHAR(100)) as COUNTRY,
        cast(STATE as VARCHAR(100)) as STATE,
        cast(CITY as VARCHAR(100)) as CITY,
        cast(IP_ADDRESS as VARCHAR(100)) as IP_ADDRESS,
        CREATED_LOAD_ID,
        CREATED_DATE_TIME
    from UPI_FRAUD_MONITORING.TRANSFORM.v_login_activity
),

hashed as (
    select
        *,
        md5(
            coalesce(LOGIN_ID, '^') || '|' ||
            coalesce(CUSTOMER_ID, '^') || '|' ||
            coalesce(DEVICE_ID, '^') || '|' ||
            coalesce(cast(LOGIN_TIME as VARCHAR), '^') || '|' ||
            coalesce(LOGIN_STATUS, '^') || '|' ||
            coalesce(COUNTRY, '^') || '|' ||
            coalesce(STATE, '^') || '|' ||
            coalesce(CITY, '^') || '|' ||
            coalesce(IP_ADDRESS, '^')
        ) as HASH_DIFF,
        'Y' as IS_CURRENT
    from source
)



    select * from hashed


    ) as model_subq
        );
[0m01:04:58.683427 [debug] [Thread-2 (]: SQL status: SUCCESS 0 in 0.062 seconds
[0m01:04:58.685535 [debug] [Thread-3 (]: SQL status: SUCCESS 0 in 0.061 seconds
[0m01:04:58.688693 [debug] [Thread-2 (]: Writing runtime sql for node "model.UPI_Fraud_Monitoring.sl_watchlist"
[0m01:04:58.691122 [debug] [Thread-3 (]: Writing runtime sql for node "model.UPI_Fraud_Monitoring.sl_merchant"
[0m01:04:58.693829 [debug] [Thread-2 (]: Using snowflake connection "model.UPI_Fraud_Monitoring.sl_watchlist"
[0m01:04:58.696769 [debug] [Thread-3 (]: Using snowflake connection "model.UPI_Fraud_Monitoring.sl_merchant"
[0m01:04:58.697411 [debug] [Thread-2 (]: On model.UPI_Fraud_Monitoring.sl_watchlist: /* {"app": "dbt", "dbt_version": "1.9.4", "profile_name": "default", "target_name": "dev", "node_id": "model.UPI_Fraud_Monitoring.sl_watchlist"} */
create or replace transient table UPI_FRAUD_MONITORING.TRANSFORM.sl_watchlist
          
  (
    WATCHLIST_ID VARCHAR(100) not null,
    ENTITY_TYPE VARCHAR(50),
    ENTITY_ID VARCHAR(100),
    ENTITY_NAME VARCHAR(255),
    RISK_LEVEL VARCHAR(20),
    CREATED_LOAD_ID VARCHAR(16777216),
    CREATED_DATE_TIME TIMESTAMP_NTZ,
    HASH_DIFF VARCHAR(2000),
    IS_CURRENT VARCHAR(10)
    
    )

          
        
         as
        (
    select WATCHLIST_ID, ENTITY_TYPE, ENTITY_ID, ENTITY_NAME, RISK_LEVEL, CREATED_LOAD_ID, CREATED_DATE_TIME, HASH_DIFF, IS_CURRENT
    from (
        

with source as (
    select
        cast(WATCHLIST_ID as VARCHAR(100)) as WATCHLIST_ID,
        cast(ENTITY_TYPE as VARCHAR(50)) as ENTITY_TYPE,
        cast(ENTITY_ID as VARCHAR(100)) as ENTITY_ID,
        cast(ENTITY_NAME as VARCHAR(255)) as ENTITY_NAME,
        cast(RISK_LEVEL as VARCHAR(20)) as RISK_LEVEL,
        CREATED_LOAD_ID,
        CREATED_DATE_TIME
    from UPI_FRAUD_MONITORING.TRANSFORM.v_watchlist
),

hashed as (
    select
        *,
        md5(
            coalesce(WATCHLIST_ID, '^') || '|' ||
            coalesce(ENTITY_TYPE, '^') || '|' ||
            coalesce(ENTITY_ID, '^') || '|' ||
            coalesce(ENTITY_NAME, '^') || '|' ||
            coalesce(RISK_LEVEL, '^')
        ) as HASH_DIFF,
        'Y' as IS_CURRENT
    from source
)



    select * from hashed


    ) as model_subq
        );
[0m01:04:58.698155 [debug] [Thread-3 (]: On model.UPI_Fraud_Monitoring.sl_merchant: /* {"app": "dbt", "dbt_version": "1.9.4", "profile_name": "default", "target_name": "dev", "node_id": "model.UPI_Fraud_Monitoring.sl_merchant"} */
create or replace transient table UPI_FRAUD_MONITORING.TRANSFORM.sl_merchant
          
  (
    MERCHANT_ID VARCHAR(100) not null,
    MERCHANT_NAME VARCHAR(255),
    MERCHANT_CATEGORY VARCHAR(100),
    MCC_CODE VARCHAR(20),
    MERCHANT_STATUS VARCHAR(50),
    RISK_RATING VARCHAR(20),
    CREATED_LOAD_ID VARCHAR(16777216),
    CREATED_DATE_TIME TIMESTAMP_NTZ,
    HASH_DIFF VARCHAR(2000),
    IS_CURRENT VARCHAR(10)
    
    )

          
        
         as
        (
    select MERCHANT_ID, MERCHANT_NAME, MERCHANT_CATEGORY, MCC_CODE, MERCHANT_STATUS, RISK_RATING, CREATED_LOAD_ID, CREATED_DATE_TIME, HASH_DIFF, IS_CURRENT
    from (
        

with source as (
    select
        cast(MERCHANT_ID as VARCHAR(100)) as MERCHANT_ID,
        cast(MERCHANT_NAME as VARCHAR(255)) as MERCHANT_NAME,
        cast(MERCHANT_CATEGORY as VARCHAR(100)) as MERCHANT_CATEGORY,
        cast(MERCHANT_STATUS as VARCHAR(50)) as MERCHANT_STATUS,
        CASE
            WHEN MERCHANT_CATEGORY = 'Grocery' THEN '5411'
            WHEN MERCHANT_CATEGORY = 'Fuel' THEN '5541'
            WHEN MERCHANT_CATEGORY = 'Retail' THEN '6000'
            ELSE '9999'
        END as MCC_CODE,
        CREATED_LOAD_ID,
        CREATED_DATE_TIME
    from UPI_FRAUD_MONITORING.TRANSFORM.v_merchant
),

enriched as (
    select
        MERCHANT_ID,
        MERCHANT_NAME,
        MERCHANT_CATEGORY,
        cast(MCC_CODE as VARCHAR(20)) as MCC_CODE,
        MERCHANT_STATUS,
        CASE
            WHEN MCC_CODE IN ('5411', '5541', '5812') THEN 'LOW'
            WHEN MCC_CODE IN ('6000') THEN 'MEDIUM'
            ELSE 'HIGH_RISK'
        END as RISK_RATING,
        CREATED_LOAD_ID,
        CREATED_DATE_TIME
    from source
),

hashed as (
    select
        *,
        md5(
            coalesce(MERCHANT_ID, '^') || '|' ||
            coalesce(MERCHANT_NAME, '^') || '|' ||
            coalesce(MERCHANT_CATEGORY, '^') || '|' ||
            coalesce(MCC_CODE, '^') || '|' ||
            coalesce(MERCHANT_STATUS, '^') || '|' ||
            coalesce(RISK_RATING, '^')
        ) as HASH_DIFF,
        'Y' as IS_CURRENT
    from enriched
)



    select * from hashed


    ) as model_subq
        );
[0m01:04:58.929941 [debug] [Thread-5 (]: SQL status: SUCCESS 0 in 0.792 seconds
[0m01:04:58.941953 [debug] [Thread-5 (]: Using snowflake connection "model.UPI_Fraud_Monitoring.sl_transaction"
[0m01:04:58.943383 [debug] [Thread-5 (]: On model.UPI_Fraud_Monitoring.sl_transaction: /* {"app": "dbt", "dbt_version": "1.9.4", "profile_name": "default", "target_name": "dev", "node_id": "model.UPI_Fraud_Monitoring.sl_transaction"} */
/* {"app": "dbt", "dbt_version": "1.9.4", "profile_name": "default", "target_name": "dev", "node_id": "model.UPI_Fraud_Monitoring.sl_transaction"} */
select * from (
        select
    
      
    cast(null as VARCHAR(100))
     as TRANSACTION_ID, 
      
    cast(null as VARCHAR(50))
     as CUSTOMER_ID, 
      
    cast(null as VARCHAR(50))
     as ACCOUNT_ID, 
      
    cast(null as VARCHAR(100))
     as BENEFICIARY_ID, 
      
    cast(null as VARCHAR(100))
     as MERCHANT_ID, 
      
    cast(null as VARCHAR(100))
     as DEVICE_ID, 
      
    cast(null as TIMESTAMP_NTZ)
     as TXN_DATETIME, 
      
    cast(null as NUMBER(18,2))
     as TXN_AMOUNT, 
      
    cast(null as VARCHAR(50))
     as TXN_TYPE, 
      
    cast(null as VARCHAR(30))
     as TXN_STATUS, 
      
    cast(null as VARCHAR(50))
     as CHANNEL, 
      
    cast(null as VARCHAR(100))
     as COUNTRY, 
      
    cast(null as VARCHAR(100))
     as STATE, 
      
    cast(null as VARCHAR(50))
     as TXN_RISK_REASON, 
      
    cast(null as VARCHAR(50))
     as TXN_FRAUD_ID, 
      
    cast(null as VARCHAR(16777216))
     as CREATED_LOAD_ID, 
      
    cast(null as TIMESTAMP_NTZ)
     as CREATED_DATE_TIME, 
      
    cast(null as VARCHAR(2000))
     as HASH_DIFF, 
      
    cast(null as VARCHAR(10))
     as IS_CURRENT
    ) as __dbt_sbq
    where false
    limit 0
[0m01:04:59.014468 [debug] [Thread-5 (]: SQL status: SUCCESS 0 in 0.069 seconds
[0m01:04:59.018690 [debug] [Thread-5 (]: Writing runtime sql for node "model.UPI_Fraud_Monitoring.sl_transaction"
[0m01:04:59.023153 [debug] [Thread-5 (]: Using snowflake connection "model.UPI_Fraud_Monitoring.sl_transaction"
[0m01:04:59.024038 [debug] [Thread-5 (]: On model.UPI_Fraud_Monitoring.sl_transaction: /* {"app": "dbt", "dbt_version": "1.9.4", "profile_name": "default", "target_name": "dev", "node_id": "model.UPI_Fraud_Monitoring.sl_transaction"} */
create or replace transient table UPI_FRAUD_MONITORING.TRANSFORM.sl_transaction
          
  (
    TRANSACTION_ID VARCHAR(100) not null,
    CUSTOMER_ID VARCHAR(50),
    ACCOUNT_ID VARCHAR(50),
    BENEFICIARY_ID VARCHAR(100),
    MERCHANT_ID VARCHAR(100),
    DEVICE_ID VARCHAR(100),
    TXN_DATETIME TIMESTAMP_NTZ,
    TXN_AMOUNT NUMBER(18,2),
    TXN_TYPE VARCHAR(50),
    TXN_STATUS VARCHAR(30),
    CHANNEL VARCHAR(50),
    COUNTRY VARCHAR(100),
    STATE VARCHAR(100),
    TXN_RISK_REASON VARCHAR(50),
    TXN_FRAUD_ID VARCHAR(50),
    CREATED_LOAD_ID VARCHAR(16777216),
    CREATED_DATE_TIME TIMESTAMP_NTZ,
    HASH_DIFF VARCHAR(2000),
    IS_CURRENT VARCHAR(10)
    
    )

          
        
         as
        (
    select TRANSACTION_ID, CUSTOMER_ID, ACCOUNT_ID, BENEFICIARY_ID, MERCHANT_ID, DEVICE_ID, TXN_DATETIME, TXN_AMOUNT, TXN_TYPE, TXN_STATUS, CHANNEL, COUNTRY, STATE, TXN_RISK_REASON, TXN_FRAUD_ID, CREATED_LOAD_ID, CREATED_DATE_TIME, HASH_DIFF, IS_CURRENT
    from (
        

with source as (
    select
        cast(TRANSACTION_ID as VARCHAR(100)) as TRANSACTION_ID,
        cast(CUSTOMER_ID as VARCHAR(50)) as CUSTOMER_ID,
        cast(ACCOUNT_ID as VARCHAR(50)) as ACCOUNT_ID,
        cast(BENEFICIARY_ID as VARCHAR(100)) as BENEFICIARY_ID,
        cast(MERCHANT_ID as VARCHAR(100)) as MERCHANT_ID,
        cast(DEVICE_ID as VARCHAR(100)) as DEVICE_ID,
        cast(TXN_DATETIME as TIMESTAMP) as TXN_DATETIME,
        cast(TXN_AMOUNT as NUMBER(18,2)) as TXN_AMOUNT,
        cast(TXN_TYPE as VARCHAR(50)) as TXN_TYPE,
        cast(TXN_STATUS as VARCHAR(30)) as TXN_STATUS,
        cast(CHANNEL as VARCHAR(50)) as CHANNEL,
        cast(NULL as VARCHAR(100)) as COUNTRY,
        cast(NULL as VARCHAR(100)) as STATE,
        CASE
            WHEN cast(TXN_AMOUNT as NUMBER(18,2)) >= 100000 THEN 'HIGH_VALUE_TXN'
            WHEN DEVICE_ID IN (SELECT DEVICE_ID FROM UPI_FRAUD_MONITORING.TRANSFORM.v_device_registry WHERE TRUSTED_FLAG = 'N') THEN 'UNTRUSTED_DEVICE'
            WHEN BENEFICIARY_ID IN (SELECT BENEFICIARY_ID FROM UPI_FRAUD_MONITORING.TRANSFORM.v_beneficiary WHERE RISK_RATING = 'HIGH') THEN 'HIGH_RISK_BENEFICIARY'
            WHEN MERCHANT_ID IN (SELECT MERCHANT_ID FROM UPI_FRAUD_MONITORING.TRANSFORM.v_merchant WHERE RISK_RATING = 'HIGH') THEN 'HIGH_RISK_MERCHANT'
            WHEN CUSTOMER_ID IN (SELECT CUSTOMER_ID FROM UPI_FRAUD_MONITORING.TRANSFORM.v_raw_customer WHERE RISK_RATING = 'HIGH') THEN 'HIGH_RISK_CUSTOMER'
            WHEN TXN_STATUS = 'FAILED' THEN 'FAILED_TRANSACTION'
            ELSE 'NORMAL'
        END as TXN_RISK_REASON,
        cast(NULL as VARCHAR(50)) as TXN_FRAUD_ID,
        CREATED_LOAD_ID,
        CREATED_DATE_TIME
    from UPI_FRAUD_MONITORING.TRANSFORM.v_transaction
),

hashed as (
    select
        *,
        md5(
            coalesce(TRANSACTION_ID, '^') || '|' ||
            coalesce(CUSTOMER_ID, '^') || '|' ||
            coalesce(ACCOUNT_ID, '^') || '|' ||
            coalesce(BENEFICIARY_ID, '^') || '|' ||
            coalesce(MERCHANT_ID, '^') || '|' ||
            coalesce(DEVICE_ID, '^') || '|' ||
            coalesce(cast(TXN_DATETIME as VARCHAR), '^') || '|' ||
            coalesce(cast(TXN_AMOUNT as VARCHAR), '^') || '|' ||
            coalesce(TXN_TYPE, '^') || '|' ||
            coalesce(TXN_STATUS, '^') || '|' ||
            coalesce(CHANNEL, '^') || '|' ||
            coalesce(TXN_RISK_REASON, '^')
        ) as HASH_DIFF,
        'Y' as IS_CURRENT
    from source
)



    select * from hashed


    ) as model_subq
        );
[0m01:04:59.200846 [debug] [Thread-4 (]: SQL status: SUCCESS 1 in 0.573 seconds
[0m01:04:59.206036 [debug] [Thread-4 (]: Applying DROP to: UPI_FRAUD_MONITORING.TRANSFORM.sl_login_activity__dbt_tmp
[0m01:04:59.208459 [debug] [Thread-4 (]: Using snowflake connection "model.UPI_Fraud_Monitoring.sl_login_activity"
[0m01:04:59.209061 [debug] [Thread-4 (]: On model.UPI_Fraud_Monitoring.sl_login_activity: /* {"app": "dbt", "dbt_version": "1.9.4", "profile_name": "default", "target_name": "dev", "node_id": "model.UPI_Fraud_Monitoring.sl_login_activity"} */
drop view if exists UPI_FRAUD_MONITORING.TRANSFORM.sl_login_activity__dbt_tmp cascade
[0m01:04:59.262308 [debug] [Thread-4 (]: SQL status: SUCCESS 1 in 0.053 seconds
[0m01:04:59.263125 [debug] [Thread-2 (]: SQL status: SUCCESS 1 in 0.564 seconds
[0m01:04:59.266303 [debug] [Thread-4 (]: Using snowflake connection "model.UPI_Fraud_Monitoring.sl_login_activity"
[0m01:04:59.347483 [debug] [Thread-3 (]: SQL status: SUCCESS 1 in 0.648 seconds
[0m01:04:59.355651 [debug] [Thread-2 (]: Applying DROP to: UPI_FRAUD_MONITORING.TRANSFORM.sl_watchlist__dbt_tmp
[0m01:04:59.356313 [debug] [Thread-4 (]: On model.UPI_Fraud_Monitoring.sl_login_activity: /* {"app": "dbt", "dbt_version": "1.9.4", "profile_name": "default", "target_name": "dev", "node_id": "model.UPI_Fraud_Monitoring.sl_login_activity"} */
UPDATE UPI_FRAUD_MONITORING.TRANSFORM.sl_login_activity t
             SET t.IS_CURRENT = 'N'
             WHERE t.IS_CURRENT = 'Y'
               AND t.LOGIN_ID IN (
                   SELECT s.LOGIN_ID FROM UPI_FRAUD_MONITORING.TRANSFORM.sl_login_activity s
                   WHERE s.IS_CURRENT = 'Y'
                   GROUP BY s.LOGIN_ID HAVING COUNT(*) > 1
               )
               AND t.CREATED_DATE_TIME < (
                   SELECT MAX(s2.CREATED_DATE_TIME) FROM UPI_FRAUD_MONITORING.TRANSFORM.sl_login_activity s2
                   WHERE s2.LOGIN_ID = t.LOGIN_ID AND s2.IS_CURRENT = 'Y'
               )
[0m01:04:59.361202 [debug] [Thread-3 (]: Applying DROP to: UPI_FRAUD_MONITORING.TRANSFORM.sl_merchant__dbt_tmp
[0m01:04:59.362543 [debug] [Thread-2 (]: Using snowflake connection "model.UPI_Fraud_Monitoring.sl_watchlist"
[0m01:04:59.364131 [debug] [Thread-3 (]: Using snowflake connection "model.UPI_Fraud_Monitoring.sl_merchant"
[0m01:04:59.364777 [debug] [Thread-2 (]: On model.UPI_Fraud_Monitoring.sl_watchlist: /* {"app": "dbt", "dbt_version": "1.9.4", "profile_name": "default", "target_name": "dev", "node_id": "model.UPI_Fraud_Monitoring.sl_watchlist"} */
drop view if exists UPI_FRAUD_MONITORING.TRANSFORM.sl_watchlist__dbt_tmp cascade
[0m01:04:59.365309 [debug] [Thread-3 (]: On model.UPI_Fraud_Monitoring.sl_merchant: /* {"app": "dbt", "dbt_version": "1.9.4", "profile_name": "default", "target_name": "dev", "node_id": "model.UPI_Fraud_Monitoring.sl_merchant"} */
drop view if exists UPI_FRAUD_MONITORING.TRANSFORM.sl_merchant__dbt_tmp cascade
[0m01:04:59.413903 [debug] [Thread-3 (]: SQL status: SUCCESS 1 in 0.048 seconds
[0m01:04:59.414676 [debug] [Thread-2 (]: SQL status: SUCCESS 1 in 0.049 seconds
[0m01:04:59.417899 [debug] [Thread-3 (]: Using snowflake connection "model.UPI_Fraud_Monitoring.sl_merchant"
[0m01:04:59.420784 [debug] [Thread-2 (]: Using snowflake connection "model.UPI_Fraud_Monitoring.sl_watchlist"
[0m01:04:59.421407 [debug] [Thread-3 (]: On model.UPI_Fraud_Monitoring.sl_merchant: /* {"app": "dbt", "dbt_version": "1.9.4", "profile_name": "default", "target_name": "dev", "node_id": "model.UPI_Fraud_Monitoring.sl_merchant"} */
UPDATE UPI_FRAUD_MONITORING.TRANSFORM.sl_merchant t
             SET t.IS_CURRENT = 'N'
             WHERE t.IS_CURRENT = 'Y'
               AND t.MERCHANT_ID IN (
                   SELECT s.MERCHANT_ID FROM UPI_FRAUD_MONITORING.TRANSFORM.sl_merchant s
                   WHERE s.IS_CURRENT = 'Y'
                   GROUP BY s.MERCHANT_ID HAVING COUNT(*) > 1
               )
               AND t.CREATED_DATE_TIME < (
                   SELECT MAX(s2.CREATED_DATE_TIME) FROM UPI_FRAUD_MONITORING.TRANSFORM.sl_merchant s2
                   WHERE s2.MERCHANT_ID = t.MERCHANT_ID AND s2.IS_CURRENT = 'Y'
               )
[0m01:04:59.422026 [debug] [Thread-2 (]: On model.UPI_Fraud_Monitoring.sl_watchlist: /* {"app": "dbt", "dbt_version": "1.9.4", "profile_name": "default", "target_name": "dev", "node_id": "model.UPI_Fraud_Monitoring.sl_watchlist"} */
UPDATE UPI_FRAUD_MONITORING.TRANSFORM.sl_watchlist t
             SET t.IS_CURRENT = 'N'
             WHERE t.IS_CURRENT = 'Y'
               AND t.WATCHLIST_ID IN (
                   SELECT s.WATCHLIST_ID FROM UPI_FRAUD_MONITORING.TRANSFORM.sl_watchlist s
                   WHERE s.IS_CURRENT = 'Y'
                   GROUP BY s.WATCHLIST_ID HAVING COUNT(*) > 1
               )
               AND t.CREATED_DATE_TIME < (
                   SELECT MAX(s2.CREATED_DATE_TIME) FROM UPI_FRAUD_MONITORING.TRANSFORM.sl_watchlist s2
                   WHERE s2.WATCHLIST_ID = t.WATCHLIST_ID AND s2.IS_CURRENT = 'Y'
               )
[0m01:04:59.545391 [debug] [Thread-4 (]: SQL status: SUCCESS 0 in 0.182 seconds
[0m01:04:59.548248 [info ] [Thread-4 (]: 5 of 10 OK created sql incremental model TRANSFORM.sl_login_activity ........... [[32mSUCCESS 1[0m in 1.52s]
[0m01:04:59.549118 [debug] [Thread-4 (]: Finished running node model.UPI_Fraud_Monitoring.sl_login_activity
[0m01:04:59.549750 [debug] [Thread-4 (]: Began running node model.UPI_Fraud_Monitoring.sl_password_change
[0m01:04:59.550534 [info ] [Thread-4 (]: 9 of 10 START sql incremental model TRANSFORM.sl_password_change ............... [RUN]
[0m01:04:59.551155 [debug] [Thread-4 (]: Re-using an available connection from the pool (formerly model.UPI_Fraud_Monitoring.sl_login_activity, now model.UPI_Fraud_Monitoring.sl_password_change)
[0m01:04:59.551656 [debug] [Thread-4 (]: Began compiling node model.UPI_Fraud_Monitoring.sl_password_change
[0m01:04:59.557994 [debug] [Thread-4 (]: Writing injected SQL for node "model.UPI_Fraud_Monitoring.sl_password_change"
[0m01:04:59.558871 [debug] [Thread-4 (]: Began executing node model.UPI_Fraud_Monitoring.sl_password_change
[0m01:04:59.566381 [debug] [Thread-4 (]: Using snowflake connection "model.UPI_Fraud_Monitoring.sl_password_change"
[0m01:04:59.567745 [debug] [Thread-4 (]: On model.UPI_Fraud_Monitoring.sl_password_change: /* {"app": "dbt", "dbt_version": "1.9.4", "profile_name": "default", "target_name": "dev", "node_id": "model.UPI_Fraud_Monitoring.sl_password_change"} */
/* {"app": "dbt", "dbt_version": "1.9.4", "profile_name": "default", "target_name": "dev", "node_id": "model.UPI_Fraud_Monitoring.sl_password_change"} */
select * from (
        

with source as (
    select
        cast(v.PASSWORD_CHANGE_ID as VARCHAR(100)) as PASSWORD_CHANGE_ID,
        cast(v.CUSTOMER_ID as VARCHAR(50)) as CUSTOMER_ID,
        cast(v.CHANGE_TIME as TIMESTAMP) as CHANGE_TIME,
        cast(v.CHANGE_CHANNEL as VARCHAR(50)) as CHANGE_CHANNEL,
        cast(v.DEVICE_ID as VARCHAR(100)) as DEVICE_ID,
        extract(hour from cast(v.CHANGE_TIME as TIMESTAMP)) as CHANGE_HOUR,
        dayname(cast(v.CHANGE_TIME as TIMESTAMP)) as CHANGE_DAY_OF_WEEK,
        d.DEVICE_RISK_SCORE as DEVICE_RISK_SCORE,
        CASE
            WHEN d.DEVICE_RISK_SCORE >= 80 THEN 'HIGH'
            WHEN extract(hour from cast(v.CHANGE_TIME as TIMESTAMP)) between 0 and 4 THEN 'MEDIUM'
            ELSE 'LOW'
        END as PASSWORD_CHANGE_RISK,
        v.CREATED_LOAD_ID,
        v.CREATED_DATE_TIME
    from UPI_FRAUD_MONITORING.TRANSFORM.v_password_change v
    left join UPI_FRAUD_MONITORING.TRANSFORM.sl_device d
        on v.DEVICE_ID = d.DEVICE_ID and d.IS_CURRENT = 'Y'
),

hashed as (
    select
        *,
        md5(
            coalesce(PASSWORD_CHANGE_ID, '^') || '|' ||
            coalesce(CUSTOMER_ID, '^') || '|' ||
            coalesce(cast(CHANGE_TIME as VARCHAR), '^') || '|' ||
            coalesce(CHANGE_CHANNEL, '^') || '|' ||
            coalesce(DEVICE_ID, '^') || '|' ||
            coalesce(cast(DEVICE_RISK_SCORE as VARCHAR), '^') || '|' ||
            coalesce(PASSWORD_CHANGE_RISK, '^')
        ) as HASH_DIFF,
        'Y' as IS_CURRENT
    from source
)



    select * from hashed


    ) as __dbt_sbq
    where false
    limit 0
[0m01:04:59.569284 [debug] [Thread-4 (]: Opening a new connection, currently in state init
[0m01:04:59.597037 [debug] [Thread-2 (]: SQL status: SUCCESS 0 in 0.174 seconds
[0m01:04:59.599870 [info ] [Thread-2 (]: 8 of 10 OK created sql incremental model TRANSFORM.sl_watchlist ................ [[32mSUCCESS 1[0m in 1.51s]
[0m01:04:59.600772 [debug] [Thread-2 (]: Finished running node model.UPI_Fraud_Monitoring.sl_watchlist
[0m01:04:59.647819 [debug] [Thread-3 (]: SQL status: SUCCESS 0 in 0.225 seconds
[0m01:04:59.652921 [info ] [Thread-3 (]: 6 of 10 OK created sql incremental model TRANSFORM.sl_merchant ................. [[32mSUCCESS 1[0m in 1.60s]
[0m01:04:59.653698 [debug] [Thread-3 (]: Finished running node model.UPI_Fraud_Monitoring.sl_merchant
[0m01:04:59.977795 [debug] [Thread-5 (]: SQL status: SUCCESS 1 in 0.953 seconds
[0m01:04:59.982837 [debug] [Thread-5 (]: Applying DROP to: UPI_FRAUD_MONITORING.TRANSFORM.sl_transaction__dbt_tmp
[0m01:04:59.984238 [debug] [Thread-5 (]: Using snowflake connection "model.UPI_Fraud_Monitoring.sl_transaction"
[0m01:04:59.984879 [debug] [Thread-5 (]: On model.UPI_Fraud_Monitoring.sl_transaction: /* {"app": "dbt", "dbt_version": "1.9.4", "profile_name": "default", "target_name": "dev", "node_id": "model.UPI_Fraud_Monitoring.sl_transaction"} */
drop view if exists UPI_FRAUD_MONITORING.TRANSFORM.sl_transaction__dbt_tmp cascade
[0m01:05:00.024670 [debug] [Thread-4 (]: SQL status: SUCCESS 0 in 0.455 seconds
[0m01:05:00.033653 [debug] [Thread-4 (]: Using snowflake connection "model.UPI_Fraud_Monitoring.sl_password_change"
[0m01:05:00.034977 [debug] [Thread-5 (]: SQL status: SUCCESS 1 in 0.050 seconds
[0m01:05:00.035908 [debug] [Thread-4 (]: On model.UPI_Fraud_Monitoring.sl_password_change: /* {"app": "dbt", "dbt_version": "1.9.4", "profile_name": "default", "target_name": "dev", "node_id": "model.UPI_Fraud_Monitoring.sl_password_change"} */
/* {"app": "dbt", "dbt_version": "1.9.4", "profile_name": "default", "target_name": "dev", "node_id": "model.UPI_Fraud_Monitoring.sl_password_change"} */
select * from (
        select
    
      
    cast(null as VARCHAR(100))
     as PASSWORD_CHANGE_ID, 
      
    cast(null as VARCHAR(50))
     as CUSTOMER_ID, 
      
    cast(null as TIMESTAMP_NTZ)
     as CHANGE_TIME, 
      
    cast(null as VARCHAR(50))
     as CHANGE_CHANNEL, 
      
    cast(null as VARCHAR(100))
     as DEVICE_ID, 
      
    cast(null as NUMBER(38,0))
     as CHANGE_HOUR, 
      
    cast(null as VARCHAR(20))
     as CHANGE_DAY_OF_WEEK, 
      
    cast(null as NUMBER(38,0))
     as DEVICE_RISK_SCORE, 
      
    cast(null as VARCHAR(20))
     as PASSWORD_CHANGE_RISK, 
      
    cast(null as VARCHAR(16777216))
     as CREATED_LOAD_ID, 
      
    cast(null as TIMESTAMP_NTZ)
     as CREATED_DATE_TIME, 
      
    cast(null as VARCHAR(2000))
     as HASH_DIFF, 
      
    cast(null as VARCHAR(10))
     as IS_CURRENT
    ) as __dbt_sbq
    where false
    limit 0
[0m01:05:00.039401 [debug] [Thread-5 (]: Using snowflake connection "model.UPI_Fraud_Monitoring.sl_transaction"
[0m01:05:00.040575 [debug] [Thread-5 (]: On model.UPI_Fraud_Monitoring.sl_transaction: /* {"app": "dbt", "dbt_version": "1.9.4", "profile_name": "default", "target_name": "dev", "node_id": "model.UPI_Fraud_Monitoring.sl_transaction"} */
UPDATE UPI_FRAUD_MONITORING.TRANSFORM.sl_transaction t
             SET t.IS_CURRENT = 'N'
             WHERE t.IS_CURRENT = 'Y'
               AND t.TRANSACTION_ID IN (
                   SELECT s.TRANSACTION_ID
                   FROM UPI_FRAUD_MONITORING.TRANSFORM.sl_transaction s
                   WHERE s.IS_CURRENT = 'Y'
                   GROUP BY s.TRANSACTION_ID
                   HAVING COUNT(*) > 1
               )
               AND t.CREATED_DATE_TIME < (
                   SELECT MAX(s2.CREATED_DATE_TIME)
                   FROM UPI_FRAUD_MONITORING.TRANSFORM.sl_transaction s2
                   WHERE s2.TRANSACTION_ID = t.TRANSACTION_ID
                     AND s2.IS_CURRENT = 'Y'
               )
[0m01:05:00.089342 [debug] [Thread-4 (]: SQL status: SUCCESS 0 in 0.049 seconds
[0m01:05:00.093027 [debug] [Thread-4 (]: Writing runtime sql for node "model.UPI_Fraud_Monitoring.sl_password_change"
[0m01:05:00.096339 [debug] [Thread-4 (]: Using snowflake connection "model.UPI_Fraud_Monitoring.sl_password_change"
[0m01:05:00.097155 [debug] [Thread-4 (]: On model.UPI_Fraud_Monitoring.sl_password_change: /* {"app": "dbt", "dbt_version": "1.9.4", "profile_name": "default", "target_name": "dev", "node_id": "model.UPI_Fraud_Monitoring.sl_password_change"} */
create or replace transient table UPI_FRAUD_MONITORING.TRANSFORM.sl_password_change
          
  (
    PASSWORD_CHANGE_ID VARCHAR(100) not null,
    CUSTOMER_ID VARCHAR(50),
    CHANGE_TIME TIMESTAMP_NTZ,
    CHANGE_CHANNEL VARCHAR(50),
    DEVICE_ID VARCHAR(100),
    CHANGE_HOUR NUMBER(38,0),
    CHANGE_DAY_OF_WEEK VARCHAR(20),
    DEVICE_RISK_SCORE NUMBER(38,0),
    PASSWORD_CHANGE_RISK VARCHAR(20),
    CREATED_LOAD_ID VARCHAR(16777216),
    CREATED_DATE_TIME TIMESTAMP_NTZ,
    HASH_DIFF VARCHAR(2000),
    IS_CURRENT VARCHAR(10)
    
    )

          
        
         as
        (
    select PASSWORD_CHANGE_ID, CUSTOMER_ID, CHANGE_TIME, CHANGE_CHANNEL, DEVICE_ID, CHANGE_HOUR, CHANGE_DAY_OF_WEEK, DEVICE_RISK_SCORE, PASSWORD_CHANGE_RISK, CREATED_LOAD_ID, CREATED_DATE_TIME, HASH_DIFF, IS_CURRENT
    from (
        

with source as (
    select
        cast(v.PASSWORD_CHANGE_ID as VARCHAR(100)) as PASSWORD_CHANGE_ID,
        cast(v.CUSTOMER_ID as VARCHAR(50)) as CUSTOMER_ID,
        cast(v.CHANGE_TIME as TIMESTAMP) as CHANGE_TIME,
        cast(v.CHANGE_CHANNEL as VARCHAR(50)) as CHANGE_CHANNEL,
        cast(v.DEVICE_ID as VARCHAR(100)) as DEVICE_ID,
        extract(hour from cast(v.CHANGE_TIME as TIMESTAMP)) as CHANGE_HOUR,
        dayname(cast(v.CHANGE_TIME as TIMESTAMP)) as CHANGE_DAY_OF_WEEK,
        d.DEVICE_RISK_SCORE as DEVICE_RISK_SCORE,
        CASE
            WHEN d.DEVICE_RISK_SCORE >= 80 THEN 'HIGH'
            WHEN extract(hour from cast(v.CHANGE_TIME as TIMESTAMP)) between 0 and 4 THEN 'MEDIUM'
            ELSE 'LOW'
        END as PASSWORD_CHANGE_RISK,
        v.CREATED_LOAD_ID,
        v.CREATED_DATE_TIME
    from UPI_FRAUD_MONITORING.TRANSFORM.v_password_change v
    left join UPI_FRAUD_MONITORING.TRANSFORM.sl_device d
        on v.DEVICE_ID = d.DEVICE_ID and d.IS_CURRENT = 'Y'
),

hashed as (
    select
        *,
        md5(
            coalesce(PASSWORD_CHANGE_ID, '^') || '|' ||
            coalesce(CUSTOMER_ID, '^') || '|' ||
            coalesce(cast(CHANGE_TIME as VARCHAR), '^') || '|' ||
            coalesce(CHANGE_CHANNEL, '^') || '|' ||
            coalesce(DEVICE_ID, '^') || '|' ||
            coalesce(cast(DEVICE_RISK_SCORE as VARCHAR), '^') || '|' ||
            coalesce(PASSWORD_CHANGE_RISK, '^')
        ) as HASH_DIFF,
        'Y' as IS_CURRENT
    from source
)



    select * from hashed


    ) as model_subq
        );
[0m01:05:00.264521 [debug] [Thread-5 (]: SQL status: SUCCESS 0 in 0.223 seconds
[0m01:05:00.267444 [info ] [Thread-5 (]: 7 of 10 OK created sql incremental model TRANSFORM.sl_transaction .............. [[32mSUCCESS 1[0m in 2.18s]
[0m01:05:00.268201 [debug] [Thread-5 (]: Finished running node model.UPI_Fraud_Monitoring.sl_transaction
[0m01:05:00.269227 [debug] [Thread-2 (]: Began running node model.UPI_Fraud_Monitoring.sl_beneficiary
[0m01:05:00.269949 [info ] [Thread-2 (]: 10 of 10 START sql incremental model TRANSFORM.sl_beneficiary .................. [RUN]
[0m01:05:00.270635 [debug] [Thread-2 (]: Re-using an available connection from the pool (formerly model.UPI_Fraud_Monitoring.sl_watchlist, now model.UPI_Fraud_Monitoring.sl_beneficiary)
[0m01:05:00.271131 [debug] [Thread-2 (]: Began compiling node model.UPI_Fraud_Monitoring.sl_beneficiary
[0m01:05:00.277540 [debug] [Thread-2 (]: Writing injected SQL for node "model.UPI_Fraud_Monitoring.sl_beneficiary"
[0m01:05:00.278389 [debug] [Thread-2 (]: Began executing node model.UPI_Fraud_Monitoring.sl_beneficiary
[0m01:05:00.286104 [debug] [Thread-2 (]: Using snowflake connection "model.UPI_Fraud_Monitoring.sl_beneficiary"
[0m01:05:00.287626 [debug] [Thread-2 (]: On model.UPI_Fraud_Monitoring.sl_beneficiary: /* {"app": "dbt", "dbt_version": "1.9.4", "profile_name": "default", "target_name": "dev", "node_id": "model.UPI_Fraud_Monitoring.sl_beneficiary"} */
/* {"app": "dbt", "dbt_version": "1.9.4", "profile_name": "default", "target_name": "dev", "node_id": "model.UPI_Fraud_Monitoring.sl_beneficiary"} */
select * from (
        

with txn_agg as (
    select
        BENEFICIARY_ID,
        sum(cast(TXN_AMOUNT as NUMBER(18,2))) as TXN_AMOUNT,
        count(distinct CUSTOMER_ID) as CNT
    from UPI_FRAUD_MONITORING.TRANSFORM.sl_transaction
    where IS_CURRENT = 'Y'
    group by BENEFICIARY_ID
),

source as (
    select
        cast(b.BENEFICIARY_ID as VARCHAR(100)) as BENEFICIARY_ID,
        cast(b.CUSTOMER_ID as VARCHAR(50)) as CUSTOMER_ID,
        cast(b.BENEFICIARY_NAME as VARCHAR(255)) as BENEFICIARY_NAME,
        cast(b.BENEFICIARY_VPA as VARCHAR(255)) as BENEFICIARY_VPA,
        cast(b.BANK_NAME as VARCHAR(255)) as BANK_NAME,
        b.BENEFICIARY_CREATED_DATE,
        t.TXN_AMOUNT,
        t.CNT,
        CASE
            WHEN EXISTS (
                SELECT 1 FROM UPI_FRAUD_MONITORING.TRANSFORM.sl_watchlist w
                WHERE w.ENTITY_TYPE = 'BENEFICIARY'
                  AND w.ENTITY_ID = b.BENEFICIARY_ID
                  AND w.IS_CURRENT = 'Y'
            ) THEN 'HIGH'
            WHEN t.TXN_AMOUNT > 1000000 THEN 'HIGH'
            WHEN t.CNT > 10 THEN 'HIGH'
            WHEN DATEDIFF(DAY, cast(b.BENEFICIARY_CREATED_DATE as DATE), CURRENT_DATE) < 30 THEN 'MEDIUM'
            ELSE 'LOW'
        END as RISK_RATING,
        b.CREATED_LOAD_ID,
        b.CREATED_DATE_TIME
    from UPI_FRAUD_MONITORING.TRANSFORM.v_beneficiary b
    left join txn_agg t on b.BENEFICIARY_ID = t.BENEFICIARY_ID
),

hashed as (
    select
        BENEFICIARY_ID,
        CUSTOMER_ID,
        BENEFICIARY_NAME,
        BENEFICIARY_VPA,
        BANK_NAME,
        RISK_RATING,
        md5(
            coalesce(BENEFICIARY_ID, '^') || '|' ||
            coalesce(CUSTOMER_ID, '^') || '|' ||
            coalesce(BENEFICIARY_NAME, '^') || '|' ||
            coalesce(BENEFICIARY_VPA, '^') || '|' ||
            coalesce(BANK_NAME, '^') || '|' ||
            coalesce(RISK_RATING, '^')
        ) as HASH_DIFF,
        'Y' as IS_CURRENT,
        CREATED_LOAD_ID,
        CREATED_DATE_TIME
    from source
)



    select * from hashed


    ) as __dbt_sbq
    where false
    limit 0
[0m01:05:00.289382 [debug] [Thread-2 (]: Opening a new connection, currently in state init
[0m01:05:00.725399 [debug] [Thread-4 (]: SQL status: SUCCESS 1 in 0.627 seconds
[0m01:05:00.732728 [debug] [Thread-4 (]: Applying DROP to: UPI_FRAUD_MONITORING.TRANSFORM.sl_password_change__dbt_tmp
[0m01:05:00.734170 [debug] [Thread-4 (]: Using snowflake connection "model.UPI_Fraud_Monitoring.sl_password_change"
[0m01:05:00.734753 [debug] [Thread-4 (]: On model.UPI_Fraud_Monitoring.sl_password_change: /* {"app": "dbt", "dbt_version": "1.9.4", "profile_name": "default", "target_name": "dev", "node_id": "model.UPI_Fraud_Monitoring.sl_password_change"} */
drop view if exists UPI_FRAUD_MONITORING.TRANSFORM.sl_password_change__dbt_tmp cascade
[0m01:05:00.815076 [debug] [Thread-2 (]: SQL status: SUCCESS 0 in 0.526 seconds
[0m01:05:00.822502 [debug] [Thread-2 (]: Using snowflake connection "model.UPI_Fraud_Monitoring.sl_beneficiary"
[0m01:05:00.823755 [debug] [Thread-4 (]: SQL status: SUCCESS 1 in 0.088 seconds
[0m01:05:00.824769 [debug] [Thread-2 (]: On model.UPI_Fraud_Monitoring.sl_beneficiary: /* {"app": "dbt", "dbt_version": "1.9.4", "profile_name": "default", "target_name": "dev", "node_id": "model.UPI_Fraud_Monitoring.sl_beneficiary"} */
/* {"app": "dbt", "dbt_version": "1.9.4", "profile_name": "default", "target_name": "dev", "node_id": "model.UPI_Fraud_Monitoring.sl_beneficiary"} */
select * from (
        select
    
      
    cast(null as VARCHAR(100))
     as BENEFICIARY_ID, 
      
    cast(null as VARCHAR(50))
     as CUSTOMER_ID, 
      
    cast(null as VARCHAR(255))
     as BENEFICIARY_NAME, 
      
    cast(null as VARCHAR(255))
     as BENEFICIARY_VPA, 
      
    cast(null as VARCHAR(255))
     as BANK_NAME, 
      
    cast(null as VARCHAR(20))
     as RISK_RATING, 
      
    cast(null as VARCHAR(2000))
     as HASH_DIFF, 
      
    cast(null as VARCHAR(10))
     as IS_CURRENT, 
      
    cast(null as VARCHAR(16777216))
     as CREATED_LOAD_ID, 
      
    cast(null as TIMESTAMP_NTZ)
     as CREATED_DATE_TIME
    ) as __dbt_sbq
    where false
    limit 0
[0m01:05:00.828334 [debug] [Thread-4 (]: Using snowflake connection "model.UPI_Fraud_Monitoring.sl_password_change"
[0m01:05:00.829591 [debug] [Thread-4 (]: On model.UPI_Fraud_Monitoring.sl_password_change: /* {"app": "dbt", "dbt_version": "1.9.4", "profile_name": "default", "target_name": "dev", "node_id": "model.UPI_Fraud_Monitoring.sl_password_change"} */
UPDATE UPI_FRAUD_MONITORING.TRANSFORM.sl_password_change t
             SET t.IS_CURRENT = 'N'
             WHERE t.IS_CURRENT = 'Y'
               AND t.PASSWORD_CHANGE_ID IN (
                   SELECT s.PASSWORD_CHANGE_ID FROM UPI_FRAUD_MONITORING.TRANSFORM.sl_password_change s
                   WHERE s.IS_CURRENT = 'Y'
                   GROUP BY s.PASSWORD_CHANGE_ID HAVING COUNT(*) > 1
               )
               AND t.CREATED_DATE_TIME < (
                   SELECT MAX(s2.CREATED_DATE_TIME) FROM UPI_FRAUD_MONITORING.TRANSFORM.sl_password_change s2
                   WHERE s2.PASSWORD_CHANGE_ID = t.PASSWORD_CHANGE_ID AND s2.IS_CURRENT = 'Y'
               )
[0m01:05:00.881452 [debug] [Thread-2 (]: SQL status: SUCCESS 0 in 0.052 seconds
[0m01:05:00.884832 [debug] [Thread-2 (]: Writing runtime sql for node "model.UPI_Fraud_Monitoring.sl_beneficiary"
[0m01:05:00.888437 [debug] [Thread-2 (]: Using snowflake connection "model.UPI_Fraud_Monitoring.sl_beneficiary"
[0m01:05:00.889245 [debug] [Thread-2 (]: On model.UPI_Fraud_Monitoring.sl_beneficiary: /* {"app": "dbt", "dbt_version": "1.9.4", "profile_name": "default", "target_name": "dev", "node_id": "model.UPI_Fraud_Monitoring.sl_beneficiary"} */
create or replace transient table UPI_FRAUD_MONITORING.TRANSFORM.sl_beneficiary
          
  (
    BENEFICIARY_ID VARCHAR(100) not null,
    CUSTOMER_ID VARCHAR(50),
    BENEFICIARY_NAME VARCHAR(255),
    BENEFICIARY_VPA VARCHAR(255),
    BANK_NAME VARCHAR(255),
    RISK_RATING VARCHAR(20),
    HASH_DIFF VARCHAR(2000),
    IS_CURRENT VARCHAR(10),
    CREATED_LOAD_ID VARCHAR(16777216),
    CREATED_DATE_TIME TIMESTAMP_NTZ
    
    )

          
        
         as
        (
    select BENEFICIARY_ID, CUSTOMER_ID, BENEFICIARY_NAME, BENEFICIARY_VPA, BANK_NAME, RISK_RATING, HASH_DIFF, IS_CURRENT, CREATED_LOAD_ID, CREATED_DATE_TIME
    from (
        

with txn_agg as (
    select
        BENEFICIARY_ID,
        sum(cast(TXN_AMOUNT as NUMBER(18,2))) as TXN_AMOUNT,
        count(distinct CUSTOMER_ID) as CNT
    from UPI_FRAUD_MONITORING.TRANSFORM.sl_transaction
    where IS_CURRENT = 'Y'
    group by BENEFICIARY_ID
),

source as (
    select
        cast(b.BENEFICIARY_ID as VARCHAR(100)) as BENEFICIARY_ID,
        cast(b.CUSTOMER_ID as VARCHAR(50)) as CUSTOMER_ID,
        cast(b.BENEFICIARY_NAME as VARCHAR(255)) as BENEFICIARY_NAME,
        cast(b.BENEFICIARY_VPA as VARCHAR(255)) as BENEFICIARY_VPA,
        cast(b.BANK_NAME as VARCHAR(255)) as BANK_NAME,
        b.BENEFICIARY_CREATED_DATE,
        t.TXN_AMOUNT,
        t.CNT,
        CASE
            WHEN EXISTS (
                SELECT 1 FROM UPI_FRAUD_MONITORING.TRANSFORM.sl_watchlist w
                WHERE w.ENTITY_TYPE = 'BENEFICIARY'
                  AND w.ENTITY_ID = b.BENEFICIARY_ID
                  AND w.IS_CURRENT = 'Y'
            ) THEN 'HIGH'
            WHEN t.TXN_AMOUNT > 1000000 THEN 'HIGH'
            WHEN t.CNT > 10 THEN 'HIGH'
            WHEN DATEDIFF(DAY, cast(b.BENEFICIARY_CREATED_DATE as DATE), CURRENT_DATE) < 30 THEN 'MEDIUM'
            ELSE 'LOW'
        END as RISK_RATING,
        b.CREATED_LOAD_ID,
        b.CREATED_DATE_TIME
    from UPI_FRAUD_MONITORING.TRANSFORM.v_beneficiary b
    left join txn_agg t on b.BENEFICIARY_ID = t.BENEFICIARY_ID
),

hashed as (
    select
        BENEFICIARY_ID,
        CUSTOMER_ID,
        BENEFICIARY_NAME,
        BENEFICIARY_VPA,
        BANK_NAME,
        RISK_RATING,
        md5(
            coalesce(BENEFICIARY_ID, '^') || '|' ||
            coalesce(CUSTOMER_ID, '^') || '|' ||
            coalesce(BENEFICIARY_NAME, '^') || '|' ||
            coalesce(BENEFICIARY_VPA, '^') || '|' ||
            coalesce(BANK_NAME, '^') || '|' ||
            coalesce(RISK_RATING, '^')
        ) as HASH_DIFF,
        'Y' as IS_CURRENT,
        CREATED_LOAD_ID,
        CREATED_DATE_TIME
    from source
)



    select * from hashed


    ) as model_subq
        );
[0m01:05:01.037406 [debug] [Thread-4 (]: SQL status: SUCCESS 0 in 0.207 seconds
[0m01:05:01.040306 [info ] [Thread-4 (]: 9 of 10 OK created sql incremental model TRANSFORM.sl_password_change .......... [[32mSUCCESS 1[0m in 1.49s]
[0m01:05:01.041184 [debug] [Thread-4 (]: Finished running node model.UPI_Fraud_Monitoring.sl_password_change
[0m01:05:01.802236 [debug] [Thread-2 (]: SQL status: SUCCESS 1 in 0.912 seconds
[0m01:05:01.807418 [debug] [Thread-2 (]: Applying DROP to: UPI_FRAUD_MONITORING.TRANSFORM.sl_beneficiary__dbt_tmp
[0m01:05:01.808985 [debug] [Thread-2 (]: Using snowflake connection "model.UPI_Fraud_Monitoring.sl_beneficiary"
[0m01:05:01.809551 [debug] [Thread-2 (]: On model.UPI_Fraud_Monitoring.sl_beneficiary: /* {"app": "dbt", "dbt_version": "1.9.4", "profile_name": "default", "target_name": "dev", "node_id": "model.UPI_Fraud_Monitoring.sl_beneficiary"} */
drop view if exists UPI_FRAUD_MONITORING.TRANSFORM.sl_beneficiary__dbt_tmp cascade
[0m01:05:02.065599 [debug] [Thread-2 (]: SQL status: SUCCESS 1 in 0.255 seconds
[0m01:05:02.068904 [debug] [Thread-2 (]: Using snowflake connection "model.UPI_Fraud_Monitoring.sl_beneficiary"
[0m01:05:02.069941 [debug] [Thread-2 (]: On model.UPI_Fraud_Monitoring.sl_beneficiary: /* {"app": "dbt", "dbt_version": "1.9.4", "profile_name": "default", "target_name": "dev", "node_id": "model.UPI_Fraud_Monitoring.sl_beneficiary"} */
UPDATE UPI_FRAUD_MONITORING.TRANSFORM.sl_beneficiary t
             SET t.IS_CURRENT = 'N'
             WHERE t.IS_CURRENT = 'Y'
               AND t.BENEFICIARY_ID IN (
                   SELECT s.BENEFICIARY_ID FROM UPI_FRAUD_MONITORING.TRANSFORM.sl_beneficiary s
                   WHERE s.IS_CURRENT = 'Y'
                   GROUP BY s.BENEFICIARY_ID HAVING COUNT(*) > 1
               )
               AND t.CREATED_DATE_TIME < (
                   SELECT MAX(s2.CREATED_DATE_TIME) FROM UPI_FRAUD_MONITORING.TRANSFORM.sl_beneficiary s2
                   WHERE s2.BENEFICIARY_ID = t.BENEFICIARY_ID AND s2.IS_CURRENT = 'Y'
               )
[0m01:05:02.390734 [debug] [Thread-2 (]: SQL status: SUCCESS 0 in 0.320 seconds
[0m01:05:02.393685 [info ] [Thread-2 (]: 10 of 10 OK created sql incremental model TRANSFORM.sl_beneficiary ............. [[32mSUCCESS 1[0m in 2.12s]
[0m01:05:02.394482 [debug] [Thread-2 (]: Finished running node model.UPI_Fraud_Monitoring.sl_beneficiary
[0m01:05:02.398235 [debug] [Dummy-1   ]: Connection 'master' was properly closed.
[0m01:05:02.399188 [debug] [Dummy-1   ]: Connection 'model.UPI_Fraud_Monitoring.sl_beneficiary' was properly closed.
[0m01:05:02.399902 [debug] [Dummy-1   ]: Connection 'model.UPI_Fraud_Monitoring.sl_merchant' was properly closed.
[0m01:05:02.400431 [debug] [Dummy-1   ]: Connection 'model.UPI_Fraud_Monitoring.sl_password_change' was properly closed.
[0m01:05:02.400871 [debug] [Dummy-1   ]: Connection 'model.UPI_Fraud_Monitoring.sl_transaction' was properly closed.
[0m01:05:02.401452 [info ] [Dummy-1   ]: 
[0m01:05:02.401935 [info ] [Dummy-1   ]: Finished running 10 incremental models in 0 hours 0 minutes and 7.37 seconds (7.37s).
[0m01:05:02.403761 [debug] [Dummy-1   ]: Command end result
[0m01:05:02.440745 [debug] [Dummy-1   ]: Wrote artifact WritableManifest to /tmp/dbt/target/manifest.json
[0m01:05:02.443071 [debug] [Dummy-1   ]: Wrote artifact SemanticManifest to /tmp/dbt/target/semantic_manifest.json
[0m01:05:02.450001 [debug] [Dummy-1   ]: Wrote artifact RunExecutionResult to /tmp/dbt/target/run_results.json
[0m01:05:02.450510 [info ] [Dummy-1   ]: 
[0m01:05:02.451111 [info ] [Dummy-1   ]: [32mCompleted successfully[0m
[0m01:05:02.451617 [info ] [Dummy-1   ]: 
[0m01:05:02.452120 [info ] [Dummy-1   ]: Done. PASS=10 WARN=0 ERROR=0 SKIP=0 TOTAL=10
[0m01:05:02.453992 [debug] [Dummy-1   ]: Resource report: {"command_name": "run", "command_success": true, "command_wall_clock_time": 8.846636, "process_in_blocks": "0", "process_kernel_time": 1.09, "process_mem_max_rss": "468872", "process_out_blocks": "0", "process_user_time": 5.5}
[0m01:05:02.454644 [debug] [Dummy-1   ]: Command `cli run` succeeded at 01:05:02.454379 after 8.85 seconds
[0m01:05:02.455200 [debug] [Dummy-1   ]: Flushing usage events


============================== 03:19:24.077777 | c5e5e386-9d7a-45af-bf39-752cd989ac7b ==============================
[0m03:19:24.077777 [info ] [Dummy-1   ]: Running with dbt=1.9.4
[0m03:19:24.078619 [debug] [Dummy-1   ]: running dbt with arguments {'printer_width': '80', 'indirect_selection': 'eager', 'log_cache_events': 'False', 'write_json': 'True', 'partial_parse': 'True', 'cache_selected_only': 'False', 'profiles_dir': '/tmp/dbt_effective_profiles_fu3y7y9b', 'version_check': 'True', 'fail_fast': 'False', 'log_path': '/tmp/dbt/logs', 'warn_error': 'None', 'debug': 'False', 'use_colors': 'True', 'use_experimental_parser': 'False', 'empty': 'False', 'quiet': 'False', 'no_print': 'None', 'warn_error_options': 'WarnErrorOptions(include=[], exclude=[])', 'invocation_command': 'dbt ', 'static_parser': 'True', 'log_format': 'default', 'target_path': 'None', 'introspect': 'True', 'send_anonymous_usage_stats': 'False'}
[0m03:19:24.346091 [info ] [Dummy-1   ]: Registered adapter: snowflake=1.9.2
[0m03:19:24.866187 [debug] [Dummy-1   ]: checksum: 53ed91fada2233efb98368d1716b44ab532c83a9c293cf1890b7905d5b45fb25, vars: {}, profile: , target: dev, version: 1.9.4
[0m03:19:25.165987 [debug] [Dummy-1   ]: Partial parsing enabled: 0 files deleted, 0 files added, 0 files changed.
[0m03:19:25.166522 [debug] [Dummy-1   ]: Partial parsing enabled, no changes found, skipping parsing
[0m03:19:25.317127 [debug] [Dummy-1   ]: Wrote artifact WritableManifest to /tmp/dbt/target/manifest.json
[0m03:19:25.319193 [debug] [Dummy-1   ]: Wrote artifact SemanticManifest to /tmp/dbt/target/semantic_manifest.json
[0m03:19:25.364118 [info ] [Dummy-1   ]: Found 30 models, 20 data tests, 10 sources, 478 macros
[0m03:19:25.366792 [info ] [Dummy-1   ]: 
[0m03:19:25.367312 [info ] [Dummy-1   ]: Concurrency: 4 threads (target='dev')
[0m03:19:25.367763 [info ] [Dummy-1   ]: 
[0m03:19:25.368572 [debug] [Dummy-1   ]: Acquiring new snowflake connection 'master'
[0m03:19:25.370829 [debug] [ThreadPool]: Acquiring new snowflake connection 'list_UPI_FRAUD_MONITORING'
[0m03:19:25.469212 [debug] [ThreadPool]: Using snowflake connection "list_UPI_FRAUD_MONITORING"
[0m03:19:25.469761 [debug] [ThreadPool]: On list_UPI_FRAUD_MONITORING: /* {"app": "dbt", "dbt_version": "1.9.4", "profile_name": "default", "target_name": "dev", "connection_name": "list_UPI_FRAUD_MONITORING"} */
show terse schemas in database UPI_FRAUD_MONITORING
    limit 10000
[0m03:19:25.470209 [debug] [ThreadPool]: Opening a new connection, currently in state init
[0m03:19:25.832337 [debug] [ThreadPool]: SQL status: SUCCESS 4 in 0.362 seconds
[0m03:19:25.841729 [debug] [ThreadPool]: Re-using an available connection from the pool (formerly list_UPI_FRAUD_MONITORING, now list_UPI_FRAUD_MONITORING_TRANSFORM)
[0m03:19:25.855047 [debug] [ThreadPool]: Using snowflake connection "list_UPI_FRAUD_MONITORING_TRANSFORM"
[0m03:19:25.855568 [debug] [ThreadPool]: On list_UPI_FRAUD_MONITORING_TRANSFORM: /* {"app": "dbt", "dbt_version": "1.9.4", "profile_name": "default", "target_name": "dev", "connection_name": "list_UPI_FRAUD_MONITORING_TRANSFORM"} */
alter session set quoted_identifiers_ignore_case = false;
[0m03:19:25.855994 [debug] [ThreadPool]: Opening a new connection, currently in state init
[0m03:19:26.206021 [debug] [ThreadPool]: SQL status: SUCCESS 1 in 0.350 seconds
[0m03:19:26.210481 [debug] [ThreadPool]: Using snowflake connection "list_UPI_FRAUD_MONITORING_TRANSFORM"
[0m03:19:26.210968 [debug] [ThreadPool]: On list_UPI_FRAUD_MONITORING_TRANSFORM: /* {"app": "dbt", "dbt_version": "1.9.4", "profile_name": "default", "target_name": "dev", "connection_name": "list_UPI_FRAUD_MONITORING_TRANSFORM"} */
show objects in UPI_FRAUD_MONITORING.TRANSFORM
    limit 10000
    
;
[0m03:19:26.348194 [debug] [ThreadPool]: SQL status: SUCCESS 30 in 0.137 seconds
[0m03:19:26.351215 [debug] [ThreadPool]: Using snowflake connection "list_UPI_FRAUD_MONITORING_TRANSFORM"
[0m03:19:26.351672 [debug] [ThreadPool]: On list_UPI_FRAUD_MONITORING_TRANSFORM: /* {"app": "dbt", "dbt_version": "1.9.4", "profile_name": "default", "target_name": "dev", "connection_name": "list_UPI_FRAUD_MONITORING_TRANSFORM"} */
alter session unset quoted_identifiers_ignore_case;
[0m03:19:26.410980 [debug] [ThreadPool]: SQL status: SUCCESS 1 in 0.059 seconds
[0m03:19:26.430551 [debug] [Thread-2 (]: Began running node model.UPI_Fraud_Monitoring.sl_account
[0m03:19:26.431242 [info ] [Thread-2 (]: 1 of 1 START sql incremental model TRANSFORM.sl_account ........................ [RUN]
[0m03:19:26.431847 [debug] [Thread-2 (]: Re-using an available connection from the pool (formerly list_UPI_FRAUD_MONITORING_TRANSFORM, now model.UPI_Fraud_Monitoring.sl_account)
[0m03:19:26.432316 [debug] [Thread-2 (]: Began compiling node model.UPI_Fraud_Monitoring.sl_account
[0m03:19:26.447229 [debug] [Thread-2 (]: Writing injected SQL for node "model.UPI_Fraud_Monitoring.sl_account"
[0m03:19:26.447920 [debug] [Thread-2 (]: Began executing node model.UPI_Fraud_Monitoring.sl_account
[0m03:19:26.517616 [debug] [Thread-2 (]: Using snowflake connection "model.UPI_Fraud_Monitoring.sl_account"
[0m03:19:26.518517 [debug] [Thread-2 (]: On model.UPI_Fraud_Monitoring.sl_account: /* {"app": "dbt", "dbt_version": "1.9.4", "profile_name": "default", "target_name": "dev", "node_id": "model.UPI_Fraud_Monitoring.sl_account"} */
/* {"app": "dbt", "dbt_version": "1.9.4", "profile_name": "default", "target_name": "dev", "node_id": "model.UPI_Fraud_Monitoring.sl_account"} */
select * from (
        

with source as (
    select
        cast(ACCOUNT_ID as VARCHAR(50)) as ACCOUNT_ID,
        cast(CUSTOMER_ID as VARCHAR(50)) as CUSTOMER_ID,
        cast(ACCOUNT_TYPE as VARCHAR(30)) as ACCOUNT_TYPE,
        cast(ACCOUNT_STATUS as VARCHAR(30)) as ACCOUNT_STATUS,
        cast(CURRENT_BALANCE as NUMBER(18,2)) as CURRENT_BALANCE,
        cast(AVAILABLE_BALANCE as NUMBER(18,2)) as AVAILABLE_BALANCE,
        cast(OPEN_DATE as DATE) as OPEN_DATE,
        DATEDIFF(DAY, cast(OPEN_DATE as DATE), CURRENT_DATE) as ACCOUNT_AGE_DAYS,
        CREATED_LOAD_ID,
        CREATED_DATE_TIME
    from UPI_FRAUD_MONITORING.TRANSFORM.v_account
),

enriched as (
    select
        ACCOUNT_ID,
        CUSTOMER_ID,
        ACCOUNT_TYPE,
        ACCOUNT_STATUS,
        CURRENT_BALANCE,
        AVAILABLE_BALANCE,
        OPEN_DATE,
        ACCOUNT_AGE_DAYS,
        CASE
            WHEN ACCOUNT_AGE_DAYS < 30 THEN 'HIGH'
            WHEN CURRENT_BALANCE > 1000000 THEN 'MEDIUM'
            ELSE 'LOW'
        END as ACCOUNT_RISK_RATING,
        CREATED_LOAD_ID,
        CREATED_DATE_TIME
    from source
),

hashed as (
    select
        *,
        md5(
            coalesce(ACCOUNT_ID, '^') || '|' ||
            coalesce(CUSTOMER_ID, '^') || '|' ||
            coalesce(ACCOUNT_TYPE, '^') || '|' ||
            coalesce(ACCOUNT_STATUS, '^') || '|' ||
            coalesce(cast(CURRENT_BALANCE as VARCHAR), '^') || '|' ||
            coalesce(cast(AVAILABLE_BALANCE as VARCHAR), '^') || '|' ||
            coalesce(cast(OPEN_DATE as VARCHAR), '^') || '|' ||
            coalesce(ACCOUNT_RISK_RATING, '^')
        ) as HASH_DIFF,
        'Y' as IS_CURRENT
    from enriched
)



    select h.*
    from hashed h
    left join UPI_FRAUD_MONITORING.TRANSFORM.sl_account t
        on h.ACCOUNT_ID = t.ACCOUNT_ID and t.IS_CURRENT = 'Y'
    where t.ACCOUNT_ID is null or h.HASH_DIFF != t.HASH_DIFF


    ) as __dbt_sbq
    where false
    limit 0
[0m03:19:26.519305 [debug] [Thread-2 (]: Opening a new connection, currently in state init
[0m03:19:27.078344 [debug] [Thread-2 (]: SQL status: SUCCESS 0 in 0.559 seconds
[0m03:19:27.113280 [debug] [Thread-2 (]: Using snowflake connection "model.UPI_Fraud_Monitoring.sl_account"
[0m03:19:27.114145 [debug] [Thread-2 (]: On model.UPI_Fraud_Monitoring.sl_account: /* {"app": "dbt", "dbt_version": "1.9.4", "profile_name": "default", "target_name": "dev", "node_id": "model.UPI_Fraud_Monitoring.sl_account"} */
/* {"app": "dbt", "dbt_version": "1.9.4", "profile_name": "default", "target_name": "dev", "node_id": "model.UPI_Fraud_Monitoring.sl_account"} */
select * from (
        select
    
      
    cast(null as VARCHAR(50))
     as ACCOUNT_ID, 
      
    cast(null as VARCHAR(50))
     as CUSTOMER_ID, 
      
    cast(null as VARCHAR(30))
     as ACCOUNT_TYPE, 
      
    cast(null as VARCHAR(30))
     as ACCOUNT_STATUS, 
      
    cast(null as NUMBER(18,2))
     as CURRENT_BALANCE, 
      
    cast(null as NUMBER(18,2))
     as AVAILABLE_BALANCE, 
      
    cast(null as DATE)
     as OPEN_DATE, 
      
    cast(null as NUMBER(38,0))
     as ACCOUNT_AGE_DAYS, 
      
    cast(null as VARCHAR(20))
     as ACCOUNT_RISK_RATING, 
      
    cast(null as VARCHAR(16777216))
     as CREATED_LOAD_ID, 
      
    cast(null as TIMESTAMP_NTZ)
     as CREATED_DATE_TIME, 
      
    cast(null as VARCHAR(2000))
     as HASH_DIFF, 
      
    cast(null as VARCHAR(10))
     as IS_CURRENT
    ) as __dbt_sbq
    where false
    limit 0
[0m03:19:27.182075 [debug] [Thread-2 (]: SQL status: SUCCESS 0 in 0.067 seconds
[0m03:19:27.196481 [debug] [Thread-2 (]: Using snowflake connection "model.UPI_Fraud_Monitoring.sl_account"
[0m03:19:27.197172 [debug] [Thread-2 (]: On model.UPI_Fraud_Monitoring.sl_account: /* {"app": "dbt", "dbt_version": "1.9.4", "profile_name": "default", "target_name": "dev", "node_id": "model.UPI_Fraud_Monitoring.sl_account"} */
create or replace  temporary view UPI_FRAUD_MONITORING.TRANSFORM.sl_account__dbt_tmp
  
   as (
    

with source as (
    select
        cast(ACCOUNT_ID as VARCHAR(50)) as ACCOUNT_ID,
        cast(CUSTOMER_ID as VARCHAR(50)) as CUSTOMER_ID,
        cast(ACCOUNT_TYPE as VARCHAR(30)) as ACCOUNT_TYPE,
        cast(ACCOUNT_STATUS as VARCHAR(30)) as ACCOUNT_STATUS,
        cast(CURRENT_BALANCE as NUMBER(18,2)) as CURRENT_BALANCE,
        cast(AVAILABLE_BALANCE as NUMBER(18,2)) as AVAILABLE_BALANCE,
        cast(OPEN_DATE as DATE) as OPEN_DATE,
        DATEDIFF(DAY, cast(OPEN_DATE as DATE), CURRENT_DATE) as ACCOUNT_AGE_DAYS,
        CREATED_LOAD_ID,
        CREATED_DATE_TIME
    from UPI_FRAUD_MONITORING.TRANSFORM.v_account
),

enriched as (
    select
        ACCOUNT_ID,
        CUSTOMER_ID,
        ACCOUNT_TYPE,
        ACCOUNT_STATUS,
        CURRENT_BALANCE,
        AVAILABLE_BALANCE,
        OPEN_DATE,
        ACCOUNT_AGE_DAYS,
        CASE
            WHEN ACCOUNT_AGE_DAYS < 30 THEN 'HIGH'
            WHEN CURRENT_BALANCE > 1000000 THEN 'MEDIUM'
            ELSE 'LOW'
        END as ACCOUNT_RISK_RATING,
        CREATED_LOAD_ID,
        CREATED_DATE_TIME
    from source
),

hashed as (
    select
        *,
        md5(
            coalesce(ACCOUNT_ID, '^') || '|' ||
            coalesce(CUSTOMER_ID, '^') || '|' ||
            coalesce(ACCOUNT_TYPE, '^') || '|' ||
            coalesce(ACCOUNT_STATUS, '^') || '|' ||
            coalesce(cast(CURRENT_BALANCE as VARCHAR), '^') || '|' ||
            coalesce(cast(AVAILABLE_BALANCE as VARCHAR), '^') || '|' ||
            coalesce(cast(OPEN_DATE as VARCHAR), '^') || '|' ||
            coalesce(ACCOUNT_RISK_RATING, '^')
        ) as HASH_DIFF,
        'Y' as IS_CURRENT
    from enriched
)



    select h.*
    from hashed h
    left join UPI_FRAUD_MONITORING.TRANSFORM.sl_account t
        on h.ACCOUNT_ID = t.ACCOUNT_ID and t.IS_CURRENT = 'Y'
    where t.ACCOUNT_ID is null or h.HASH_DIFF != t.HASH_DIFF


  );
[0m03:19:27.445683 [debug] [Thread-2 (]: SQL status: SUCCESS 1 in 0.248 seconds
[0m03:19:27.456315 [debug] [Thread-2 (]: Using snowflake connection "model.UPI_Fraud_Monitoring.sl_account"
[0m03:19:27.456961 [debug] [Thread-2 (]: On model.UPI_Fraud_Monitoring.sl_account: /* {"app": "dbt", "dbt_version": "1.9.4", "profile_name": "default", "target_name": "dev", "node_id": "model.UPI_Fraud_Monitoring.sl_account"} */
describe table UPI_FRAUD_MONITORING.TRANSFORM.sl_account__dbt_tmp
[0m03:19:27.528317 [debug] [Thread-2 (]: SQL status: SUCCESS 13 in 0.071 seconds
[0m03:19:27.533678 [debug] [Thread-2 (]: Using snowflake connection "model.UPI_Fraud_Monitoring.sl_account"
[0m03:19:27.534199 [debug] [Thread-2 (]: On model.UPI_Fraud_Monitoring.sl_account: /* {"app": "dbt", "dbt_version": "1.9.4", "profile_name": "default", "target_name": "dev", "node_id": "model.UPI_Fraud_Monitoring.sl_account"} */
describe table UPI_FRAUD_MONITORING.TRANSFORM.sl_account
[0m03:19:27.577882 [debug] [Thread-2 (]: SQL status: SUCCESS 13 in 0.043 seconds
[0m03:19:27.592908 [debug] [Thread-2 (]: Using snowflake connection "model.UPI_Fraud_Monitoring.sl_account"
[0m03:19:27.593589 [debug] [Thread-2 (]: On model.UPI_Fraud_Monitoring.sl_account: /* {"app": "dbt", "dbt_version": "1.9.4", "profile_name": "default", "target_name": "dev", "node_id": "model.UPI_Fraud_Monitoring.sl_account"} */
describe table UPI_FRAUD_MONITORING.TRANSFORM.sl_account__dbt_tmp
[0m03:19:27.640326 [debug] [Thread-2 (]: SQL status: SUCCESS 13 in 0.046 seconds
[0m03:19:27.645812 [debug] [Thread-2 (]: Using snowflake connection "model.UPI_Fraud_Monitoring.sl_account"
[0m03:19:27.646519 [debug] [Thread-2 (]: On model.UPI_Fraud_Monitoring.sl_account: /* {"app": "dbt", "dbt_version": "1.9.4", "profile_name": "default", "target_name": "dev", "node_id": "model.UPI_Fraud_Monitoring.sl_account"} */
describe table "UPI_FRAUD_MONITORING"."TRANSFORM"."SL_ACCOUNT"
[0m03:19:27.697802 [debug] [Thread-2 (]: SQL status: SUCCESS 13 in 0.051 seconds
[0m03:19:27.708863 [debug] [Thread-2 (]: 
    In "UPI_FRAUD_MONITORING"."TRANSFORM"."SL_ACCOUNT":
        Schema changed: True
        Source columns not in target: []
        Target columns not in source: []
        New column types: [{'column_name': 'ACCOUNT_AGE_DAYS', 'new_type': 'NUMBER(9,0)'}]
  
[0m03:19:27.715132 [debug] [Thread-2 (]: 
    In "UPI_FRAUD_MONITORING"."TRANSFORM"."SL_ACCOUNT":
        Schema change approach: append_new_columns
        Columns added: []
        Columns removed: 
        Data types changed: 
  
[0m03:19:27.786148 [debug] [Thread-2 (]: Writing runtime sql for node "model.UPI_Fraud_Monitoring.sl_account"
[0m03:19:27.788062 [debug] [Thread-2 (]: Using snowflake connection "model.UPI_Fraud_Monitoring.sl_account"
[0m03:19:27.788693 [debug] [Thread-2 (]: On model.UPI_Fraud_Monitoring.sl_account: /* {"app": "dbt", "dbt_version": "1.9.4", "profile_name": "default", "target_name": "dev", "node_id": "model.UPI_Fraud_Monitoring.sl_account"} */
-- back compat for old kwarg name
  
  begin;
[0m03:19:27.868966 [debug] [Thread-2 (]: SQL status: SUCCESS 1 in 0.080 seconds
[0m03:19:27.869562 [debug] [Thread-2 (]: Using snowflake connection "model.UPI_Fraud_Monitoring.sl_account"
[0m03:19:27.870123 [debug] [Thread-2 (]: On model.UPI_Fraud_Monitoring.sl_account: /* {"app": "dbt", "dbt_version": "1.9.4", "profile_name": "default", "target_name": "dev", "node_id": "model.UPI_Fraud_Monitoring.sl_account"} */
merge into UPI_FRAUD_MONITORING.TRANSFORM.sl_account as DBT_INTERNAL_DEST
        using UPI_FRAUD_MONITORING.TRANSFORM.sl_account__dbt_tmp as DBT_INTERNAL_SOURCE
        on ((DBT_INTERNAL_SOURCE.ACCOUNT_ID = DBT_INTERNAL_DEST.ACCOUNT_ID))

    
    when matched then update set
        "ACCOUNT_ID" = DBT_INTERNAL_SOURCE."ACCOUNT_ID","CUSTOMER_ID" = DBT_INTERNAL_SOURCE."CUSTOMER_ID","ACCOUNT_TYPE" = DBT_INTERNAL_SOURCE."ACCOUNT_TYPE","ACCOUNT_STATUS" = DBT_INTERNAL_SOURCE."ACCOUNT_STATUS","CURRENT_BALANCE" = DBT_INTERNAL_SOURCE."CURRENT_BALANCE","AVAILABLE_BALANCE" = DBT_INTERNAL_SOURCE."AVAILABLE_BALANCE","OPEN_DATE" = DBT_INTERNAL_SOURCE."OPEN_DATE","ACCOUNT_AGE_DAYS" = DBT_INTERNAL_SOURCE."ACCOUNT_AGE_DAYS","ACCOUNT_RISK_RATING" = DBT_INTERNAL_SOURCE."ACCOUNT_RISK_RATING","CREATED_LOAD_ID" = DBT_INTERNAL_SOURCE."CREATED_LOAD_ID","CREATED_DATE_TIME" = DBT_INTERNAL_SOURCE."CREATED_DATE_TIME","HASH_DIFF" = DBT_INTERNAL_SOURCE."HASH_DIFF","IS_CURRENT" = DBT_INTERNAL_SOURCE."IS_CURRENT"
    

    when not matched then insert
        ("ACCOUNT_ID", "CUSTOMER_ID", "ACCOUNT_TYPE", "ACCOUNT_STATUS", "CURRENT_BALANCE", "AVAILABLE_BALANCE", "OPEN_DATE", "ACCOUNT_AGE_DAYS", "ACCOUNT_RISK_RATING", "CREATED_LOAD_ID", "CREATED_DATE_TIME", "HASH_DIFF", "IS_CURRENT")
    values
        ("ACCOUNT_ID", "CUSTOMER_ID", "ACCOUNT_TYPE", "ACCOUNT_STATUS", "CURRENT_BALANCE", "AVAILABLE_BALANCE", "OPEN_DATE", "ACCOUNT_AGE_DAYS", "ACCOUNT_RISK_RATING", "CREATED_LOAD_ID", "CREATED_DATE_TIME", "HASH_DIFF", "IS_CURRENT")

;
[0m03:19:28.498983 [debug] [Thread-2 (]: SQL status: SUCCESS 0 in 0.628 seconds
[0m03:19:28.499697 [debug] [Thread-2 (]: Using snowflake connection "model.UPI_Fraud_Monitoring.sl_account"
[0m03:19:28.500266 [debug] [Thread-2 (]: On model.UPI_Fraud_Monitoring.sl_account: /* {"app": "dbt", "dbt_version": "1.9.4", "profile_name": "default", "target_name": "dev", "node_id": "model.UPI_Fraud_Monitoring.sl_account"} */
COMMIT
[0m03:19:28.717706 [debug] [Thread-2 (]: SQL status: SUCCESS 1 in 0.217 seconds
[0m03:19:28.728430 [debug] [Thread-2 (]: Applying DROP to: UPI_FRAUD_MONITORING.TRANSFORM.sl_account__dbt_tmp
[0m03:19:28.743483 [debug] [Thread-2 (]: Using snowflake connection "model.UPI_Fraud_Monitoring.sl_account"
[0m03:19:28.744010 [debug] [Thread-2 (]: On model.UPI_Fraud_Monitoring.sl_account: /* {"app": "dbt", "dbt_version": "1.9.4", "profile_name": "default", "target_name": "dev", "node_id": "model.UPI_Fraud_Monitoring.sl_account"} */
drop view if exists UPI_FRAUD_MONITORING.TRANSFORM.sl_account__dbt_tmp cascade
[0m03:19:28.813152 [debug] [Thread-2 (]: SQL status: SUCCESS 1 in 0.069 seconds
[0m03:19:28.816003 [debug] [Thread-2 (]: Using snowflake connection "model.UPI_Fraud_Monitoring.sl_account"
[0m03:19:28.816632 [debug] [Thread-2 (]: On model.UPI_Fraud_Monitoring.sl_account: /* {"app": "dbt", "dbt_version": "1.9.4", "profile_name": "default", "target_name": "dev", "node_id": "model.UPI_Fraud_Monitoring.sl_account"} */
UPDATE UPI_FRAUD_MONITORING.TRANSFORM.sl_account t
             SET t.IS_CURRENT = 'N'
             WHERE t.IS_CURRENT = 'Y'
               AND t.ACCOUNT_ID IN (
                   SELECT s.ACCOUNT_ID FROM UPI_FRAUD_MONITORING.TRANSFORM.sl_account s
                   WHERE s.IS_CURRENT = 'Y'
                   GROUP BY s.ACCOUNT_ID HAVING COUNT(*) > 1
               )
               AND t.CREATED_DATE_TIME < (
                   SELECT MAX(s2.CREATED_DATE_TIME) FROM UPI_FRAUD_MONITORING.TRANSFORM.sl_account s2
                   WHERE s2.ACCOUNT_ID = t.ACCOUNT_ID AND s2.IS_CURRENT = 'Y'
               )
[0m03:19:28.975966 [debug] [Thread-2 (]: SQL status: SUCCESS 0 in 0.159 seconds
[0m03:19:28.997468 [info ] [Thread-2 (]: 1 of 1 OK created sql incremental model TRANSFORM.sl_account ................... [[32mSUCCESS 0[0m in 2.56s]
[0m03:19:28.998202 [debug] [Thread-2 (]: Finished running node model.UPI_Fraud_Monitoring.sl_account
[0m03:19:29.001233 [debug] [Dummy-1   ]: Connection 'master' was properly closed.
[0m03:19:29.001699 [debug] [Dummy-1   ]: Connection 'model.UPI_Fraud_Monitoring.sl_account' was properly closed.
[0m03:19:29.002164 [info ] [Dummy-1   ]: 
[0m03:19:29.002607 [info ] [Dummy-1   ]: Finished running 1 incremental model in 0 hours 0 minutes and 3.63 seconds (3.63s).
[0m03:19:29.003340 [debug] [Dummy-1   ]: Command end result
[0m03:19:29.038233 [debug] [Dummy-1   ]: Wrote artifact WritableManifest to /tmp/dbt/target/manifest.json
[0m03:19:29.040092 [debug] [Dummy-1   ]: Wrote artifact SemanticManifest to /tmp/dbt/target/semantic_manifest.json
[0m03:19:29.045874 [debug] [Dummy-1   ]: Wrote artifact RunExecutionResult to /tmp/dbt/target/run_results.json
[0m03:19:29.046309 [info ] [Dummy-1   ]: 
[0m03:19:29.046885 [info ] [Dummy-1   ]: [32mCompleted successfully[0m
[0m03:19:29.047342 [info ] [Dummy-1   ]: 
[0m03:19:29.047793 [info ] [Dummy-1   ]: Done. PASS=1 WARN=0 ERROR=0 SKIP=0 TOTAL=1
[0m03:19:29.049433 [debug] [Dummy-1   ]: Resource report: {"command_name": "run", "command_success": true, "command_wall_clock_time": 5.0433955, "process_in_blocks": "0", "process_kernel_time": 0.8, "process_mem_max_rss": "468740", "process_out_blocks": "0", "process_user_time": 4.34}
[0m03:19:29.049993 [debug] [Dummy-1   ]: Command `cli run` succeeded at 03:19:29.049762 after 5.04 seconds
[0m03:19:29.050455 [debug] [Dummy-1   ]: Flushing usage events


============================== 03:20:34.937488 | 261e83f2-01a0-4136-9f89-4b4d6ca2fc34 ==============================
[0m03:20:34.937488 [info ] [Dummy-1   ]: Running with dbt=1.9.4
[0m03:20:34.938329 [debug] [Dummy-1   ]: running dbt with arguments {'printer_width': '80', 'indirect_selection': 'eager', 'log_cache_events': 'False', 'write_json': 'True', 'partial_parse': 'True', 'cache_selected_only': 'False', 'warn_error': 'None', 'debug': 'False', 'profiles_dir': '/tmp/dbt_effective_profiles_27mlake9', 'log_path': '/tmp/dbt/logs', 'fail_fast': 'False', 'version_check': 'True', 'use_colors': 'True', 'use_experimental_parser': 'False', 'no_print': 'None', 'quiet': 'False', 'empty': 'False', 'warn_error_options': 'WarnErrorOptions(include=[], exclude=[])', 'static_parser': 'True', 'log_format': 'default', 'invocation_command': 'dbt ', 'target_path': 'None', 'introspect': 'True', 'send_anonymous_usage_stats': 'False'}
[0m03:20:35.208144 [info ] [Dummy-1   ]: Registered adapter: snowflake=1.9.2
[0m03:20:35.727132 [debug] [Dummy-1   ]: checksum: 53ed91fada2233efb98368d1716b44ab532c83a9c293cf1890b7905d5b45fb25, vars: {}, profile: , target: dev, version: 1.9.4
[0m03:20:36.005589 [debug] [Dummy-1   ]: Partial parsing enabled: 0 files deleted, 0 files added, 0 files changed.
[0m03:20:36.006149 [debug] [Dummy-1   ]: Partial parsing enabled, no changes found, skipping parsing
[0m03:20:36.157216 [debug] [Dummy-1   ]: Wrote artifact WritableManifest to /tmp/dbt/target/manifest.json
[0m03:20:36.159371 [debug] [Dummy-1   ]: Wrote artifact SemanticManifest to /tmp/dbt/target/semantic_manifest.json
[0m03:20:36.204822 [info ] [Dummy-1   ]: Found 30 models, 20 data tests, 10 sources, 478 macros
[0m03:20:36.207383 [info ] [Dummy-1   ]: 
[0m03:20:36.207947 [info ] [Dummy-1   ]: Concurrency: 4 threads (target='dev')
[0m03:20:36.208533 [info ] [Dummy-1   ]: 
[0m03:20:36.209614 [debug] [Dummy-1   ]: Acquiring new snowflake connection 'master'
[0m03:20:36.212004 [debug] [ThreadPool]: Acquiring new snowflake connection 'list_UPI_FRAUD_MONITORING'
[0m03:20:36.316959 [debug] [ThreadPool]: Using snowflake connection "list_UPI_FRAUD_MONITORING"
[0m03:20:36.317645 [debug] [ThreadPool]: On list_UPI_FRAUD_MONITORING: /* {"app": "dbt", "dbt_version": "1.9.4", "profile_name": "default", "target_name": "dev", "connection_name": "list_UPI_FRAUD_MONITORING"} */
show terse schemas in database UPI_FRAUD_MONITORING
    limit 10000
[0m03:20:36.318133 [debug] [ThreadPool]: Opening a new connection, currently in state init
[0m03:20:36.674613 [debug] [ThreadPool]: SQL status: SUCCESS 4 in 0.356 seconds
[0m03:20:36.684283 [debug] [ThreadPool]: Re-using an available connection from the pool (formerly list_UPI_FRAUD_MONITORING, now list_UPI_FRAUD_MONITORING_TRANSFORM)
[0m03:20:36.698223 [debug] [ThreadPool]: Using snowflake connection "list_UPI_FRAUD_MONITORING_TRANSFORM"
[0m03:20:36.698794 [debug] [ThreadPool]: On list_UPI_FRAUD_MONITORING_TRANSFORM: /* {"app": "dbt", "dbt_version": "1.9.4", "profile_name": "default", "target_name": "dev", "connection_name": "list_UPI_FRAUD_MONITORING_TRANSFORM"} */
alter session set quoted_identifiers_ignore_case = false;
[0m03:20:36.699255 [debug] [ThreadPool]: Opening a new connection, currently in state init
[0m03:20:37.047441 [debug] [ThreadPool]: SQL status: SUCCESS 1 in 0.348 seconds
[0m03:20:37.051943 [debug] [ThreadPool]: Using snowflake connection "list_UPI_FRAUD_MONITORING_TRANSFORM"
[0m03:20:37.052516 [debug] [ThreadPool]: On list_UPI_FRAUD_MONITORING_TRANSFORM: /* {"app": "dbt", "dbt_version": "1.9.4", "profile_name": "default", "target_name": "dev", "connection_name": "list_UPI_FRAUD_MONITORING_TRANSFORM"} */
show objects in UPI_FRAUD_MONITORING.TRANSFORM
    limit 10000
    
;
[0m03:20:37.153930 [debug] [ThreadPool]: SQL status: SUCCESS 30 in 0.101 seconds
[0m03:20:37.157058 [debug] [ThreadPool]: Using snowflake connection "list_UPI_FRAUD_MONITORING_TRANSFORM"
[0m03:20:37.157544 [debug] [ThreadPool]: On list_UPI_FRAUD_MONITORING_TRANSFORM: /* {"app": "dbt", "dbt_version": "1.9.4", "profile_name": "default", "target_name": "dev", "connection_name": "list_UPI_FRAUD_MONITORING_TRANSFORM"} */
alter session unset quoted_identifiers_ignore_case;
[0m03:20:37.210441 [debug] [ThreadPool]: SQL status: SUCCESS 1 in 0.052 seconds
[0m03:20:37.229627 [debug] [Thread-2 (]: Began running node model.UPI_Fraud_Monitoring.sl_account
[0m03:20:37.230375 [info ] [Thread-2 (]: 1 of 1 START sql incremental model TRANSFORM.sl_account ........................ [RUN]
[0m03:20:37.231049 [debug] [Thread-2 (]: Re-using an available connection from the pool (formerly list_UPI_FRAUD_MONITORING_TRANSFORM, now model.UPI_Fraud_Monitoring.sl_account)
[0m03:20:37.231554 [debug] [Thread-2 (]: Began compiling node model.UPI_Fraud_Monitoring.sl_account
[0m03:20:37.247081 [debug] [Thread-2 (]: Writing injected SQL for node "model.UPI_Fraud_Monitoring.sl_account"
[0m03:20:37.247878 [debug] [Thread-2 (]: Began executing node model.UPI_Fraud_Monitoring.sl_account
[0m03:20:37.318832 [debug] [Thread-2 (]: Using snowflake connection "model.UPI_Fraud_Monitoring.sl_account"
[0m03:20:37.319794 [debug] [Thread-2 (]: On model.UPI_Fraud_Monitoring.sl_account: /* {"app": "dbt", "dbt_version": "1.9.4", "profile_name": "default", "target_name": "dev", "node_id": "model.UPI_Fraud_Monitoring.sl_account"} */
/* {"app": "dbt", "dbt_version": "1.9.4", "profile_name": "default", "target_name": "dev", "node_id": "model.UPI_Fraud_Monitoring.sl_account"} */
select * from (
        

with source as (
    select
        cast(ACCOUNT_ID as VARCHAR(50)) as ACCOUNT_ID,
        cast(CUSTOMER_ID as VARCHAR(50)) as CUSTOMER_ID,
        cast(ACCOUNT_TYPE as VARCHAR(30)) as ACCOUNT_TYPE,
        cast(ACCOUNT_STATUS as VARCHAR(30)) as ACCOUNT_STATUS,
        cast(CURRENT_BALANCE as NUMBER(18,2)) as CURRENT_BALANCE,
        cast(AVAILABLE_BALANCE as NUMBER(18,2)) as AVAILABLE_BALANCE,
        cast(OPEN_DATE as DATE) as OPEN_DATE,
        DATEDIFF(DAY, cast(OPEN_DATE as DATE), CURRENT_DATE) as ACCOUNT_AGE_DAYS,
        CREATED_LOAD_ID,
        CREATED_DATE_TIME
    from UPI_FRAUD_MONITORING.TRANSFORM.v_account
),

enriched as (
    select
        ACCOUNT_ID,
        CUSTOMER_ID,
        ACCOUNT_TYPE,
        ACCOUNT_STATUS,
        CURRENT_BALANCE,
        AVAILABLE_BALANCE,
        OPEN_DATE,
        ACCOUNT_AGE_DAYS,
        CASE
            WHEN ACCOUNT_AGE_DAYS < 30 THEN 'HIGH'
            WHEN CURRENT_BALANCE > 1000000 THEN 'MEDIUM'
            ELSE 'LOW'
        END as ACCOUNT_RISK_RATING,
        CREATED_LOAD_ID,
        CREATED_DATE_TIME
    from source
),

hashed as (
    select
        *,
        md5(
            coalesce(ACCOUNT_ID, '^') || '|' ||
            coalesce(CUSTOMER_ID, '^') || '|' ||
            coalesce(ACCOUNT_TYPE, '^') || '|' ||
            coalesce(ACCOUNT_STATUS, '^') || '|' ||
            coalesce(cast(CURRENT_BALANCE as VARCHAR), '^') || '|' ||
            coalesce(cast(AVAILABLE_BALANCE as VARCHAR), '^') || '|' ||
            coalesce(cast(OPEN_DATE as VARCHAR), '^') || '|' ||
            coalesce(ACCOUNT_RISK_RATING, '^')
        ) as HASH_DIFF,
        'Y' as IS_CURRENT
    from enriched
)



    select h.*
    from hashed h
    left join UPI_FRAUD_MONITORING.TRANSFORM.sl_account t
        on h.ACCOUNT_ID = t.ACCOUNT_ID and t.IS_CURRENT = 'Y'
    where t.ACCOUNT_ID is null or h.HASH_DIFF != t.HASH_DIFF


    ) as __dbt_sbq
    where false
    limit 0
[0m03:20:37.320672 [debug] [Thread-2 (]: Opening a new connection, currently in state init
[0m03:20:37.842942 [debug] [Thread-2 (]: SQL status: SUCCESS 0 in 0.522 seconds
[0m03:20:37.878643 [debug] [Thread-2 (]: Using snowflake connection "model.UPI_Fraud_Monitoring.sl_account"
[0m03:20:37.879563 [debug] [Thread-2 (]: On model.UPI_Fraud_Monitoring.sl_account: /* {"app": "dbt", "dbt_version": "1.9.4", "profile_name": "default", "target_name": "dev", "node_id": "model.UPI_Fraud_Monitoring.sl_account"} */
/* {"app": "dbt", "dbt_version": "1.9.4", "profile_name": "default", "target_name": "dev", "node_id": "model.UPI_Fraud_Monitoring.sl_account"} */
select * from (
        select
    
      
    cast(null as VARCHAR(50))
     as ACCOUNT_ID, 
      
    cast(null as VARCHAR(50))
     as CUSTOMER_ID, 
      
    cast(null as VARCHAR(30))
     as ACCOUNT_TYPE, 
      
    cast(null as VARCHAR(30))
     as ACCOUNT_STATUS, 
      
    cast(null as NUMBER(18,2))
     as CURRENT_BALANCE, 
      
    cast(null as NUMBER(18,2))
     as AVAILABLE_BALANCE, 
      
    cast(null as DATE)
     as OPEN_DATE, 
      
    cast(null as NUMBER(38,0))
     as ACCOUNT_AGE_DAYS, 
      
    cast(null as VARCHAR(20))
     as ACCOUNT_RISK_RATING, 
      
    cast(null as VARCHAR(16777216))
     as CREATED_LOAD_ID, 
      
    cast(null as TIMESTAMP_NTZ)
     as CREATED_DATE_TIME, 
      
    cast(null as VARCHAR(2000))
     as HASH_DIFF, 
      
    cast(null as VARCHAR(10))
     as IS_CURRENT
    ) as __dbt_sbq
    where false
    limit 0
[0m03:20:37.942041 [debug] [Thread-2 (]: SQL status: SUCCESS 0 in 0.062 seconds
[0m03:20:37.956625 [debug] [Thread-2 (]: Using snowflake connection "model.UPI_Fraud_Monitoring.sl_account"
[0m03:20:37.957369 [debug] [Thread-2 (]: On model.UPI_Fraud_Monitoring.sl_account: /* {"app": "dbt", "dbt_version": "1.9.4", "profile_name": "default", "target_name": "dev", "node_id": "model.UPI_Fraud_Monitoring.sl_account"} */
create or replace  temporary view UPI_FRAUD_MONITORING.TRANSFORM.sl_account__dbt_tmp
  
   as (
    

with source as (
    select
        cast(ACCOUNT_ID as VARCHAR(50)) as ACCOUNT_ID,
        cast(CUSTOMER_ID as VARCHAR(50)) as CUSTOMER_ID,
        cast(ACCOUNT_TYPE as VARCHAR(30)) as ACCOUNT_TYPE,
        cast(ACCOUNT_STATUS as VARCHAR(30)) as ACCOUNT_STATUS,
        cast(CURRENT_BALANCE as NUMBER(18,2)) as CURRENT_BALANCE,
        cast(AVAILABLE_BALANCE as NUMBER(18,2)) as AVAILABLE_BALANCE,
        cast(OPEN_DATE as DATE) as OPEN_DATE,
        DATEDIFF(DAY, cast(OPEN_DATE as DATE), CURRENT_DATE) as ACCOUNT_AGE_DAYS,
        CREATED_LOAD_ID,
        CREATED_DATE_TIME
    from UPI_FRAUD_MONITORING.TRANSFORM.v_account
),

enriched as (
    select
        ACCOUNT_ID,
        CUSTOMER_ID,
        ACCOUNT_TYPE,
        ACCOUNT_STATUS,
        CURRENT_BALANCE,
        AVAILABLE_BALANCE,
        OPEN_DATE,
        ACCOUNT_AGE_DAYS,
        CASE
            WHEN ACCOUNT_AGE_DAYS < 30 THEN 'HIGH'
            WHEN CURRENT_BALANCE > 1000000 THEN 'MEDIUM'
            ELSE 'LOW'
        END as ACCOUNT_RISK_RATING,
        CREATED_LOAD_ID,
        CREATED_DATE_TIME
    from source
),

hashed as (
    select
        *,
        md5(
            coalesce(ACCOUNT_ID, '^') || '|' ||
            coalesce(CUSTOMER_ID, '^') || '|' ||
            coalesce(ACCOUNT_TYPE, '^') || '|' ||
            coalesce(ACCOUNT_STATUS, '^') || '|' ||
            coalesce(cast(CURRENT_BALANCE as VARCHAR), '^') || '|' ||
            coalesce(cast(AVAILABLE_BALANCE as VARCHAR), '^') || '|' ||
            coalesce(cast(OPEN_DATE as VARCHAR), '^') || '|' ||
            coalesce(ACCOUNT_RISK_RATING, '^')
        ) as HASH_DIFF,
        'Y' as IS_CURRENT
    from enriched
)



    select h.*
    from hashed h
    left join UPI_FRAUD_MONITORING.TRANSFORM.sl_account t
        on h.ACCOUNT_ID = t.ACCOUNT_ID and t.IS_CURRENT = 'Y'
    where t.ACCOUNT_ID is null or h.HASH_DIFF != t.HASH_DIFF


  );
[0m03:20:38.208871 [debug] [Thread-2 (]: SQL status: SUCCESS 1 in 0.251 seconds
[0m03:20:38.219490 [debug] [Thread-2 (]: Using snowflake connection "model.UPI_Fraud_Monitoring.sl_account"
[0m03:20:38.220075 [debug] [Thread-2 (]: On model.UPI_Fraud_Monitoring.sl_account: /* {"app": "dbt", "dbt_version": "1.9.4", "profile_name": "default", "target_name": "dev", "node_id": "model.UPI_Fraud_Monitoring.sl_account"} */
describe table UPI_FRAUD_MONITORING.TRANSFORM.sl_account__dbt_tmp
[0m03:20:38.302976 [debug] [Thread-2 (]: SQL status: SUCCESS 13 in 0.082 seconds
[0m03:20:38.308627 [debug] [Thread-2 (]: Using snowflake connection "model.UPI_Fraud_Monitoring.sl_account"
[0m03:20:38.309168 [debug] [Thread-2 (]: On model.UPI_Fraud_Monitoring.sl_account: /* {"app": "dbt", "dbt_version": "1.9.4", "profile_name": "default", "target_name": "dev", "node_id": "model.UPI_Fraud_Monitoring.sl_account"} */
describe table UPI_FRAUD_MONITORING.TRANSFORM.sl_account
[0m03:20:38.353662 [debug] [Thread-2 (]: SQL status: SUCCESS 13 in 0.044 seconds
[0m03:20:38.368802 [debug] [Thread-2 (]: Using snowflake connection "model.UPI_Fraud_Monitoring.sl_account"
[0m03:20:38.369525 [debug] [Thread-2 (]: On model.UPI_Fraud_Monitoring.sl_account: /* {"app": "dbt", "dbt_version": "1.9.4", "profile_name": "default", "target_name": "dev", "node_id": "model.UPI_Fraud_Monitoring.sl_account"} */
describe table UPI_FRAUD_MONITORING.TRANSFORM.sl_account__dbt_tmp
[0m03:20:38.421068 [debug] [Thread-2 (]: SQL status: SUCCESS 13 in 0.051 seconds
[0m03:20:38.426556 [debug] [Thread-2 (]: Using snowflake connection "model.UPI_Fraud_Monitoring.sl_account"
[0m03:20:38.427264 [debug] [Thread-2 (]: On model.UPI_Fraud_Monitoring.sl_account: /* {"app": "dbt", "dbt_version": "1.9.4", "profile_name": "default", "target_name": "dev", "node_id": "model.UPI_Fraud_Monitoring.sl_account"} */
describe table "UPI_FRAUD_MONITORING"."TRANSFORM"."SL_ACCOUNT"
[0m03:20:38.471587 [debug] [Thread-2 (]: SQL status: SUCCESS 13 in 0.044 seconds
[0m03:20:38.482371 [debug] [Thread-2 (]: 
    In "UPI_FRAUD_MONITORING"."TRANSFORM"."SL_ACCOUNT":
        Schema changed: True
        Source columns not in target: []
        Target columns not in source: []
        New column types: [{'column_name': 'ACCOUNT_AGE_DAYS', 'new_type': 'NUMBER(9,0)'}]
  
[0m03:20:38.488590 [debug] [Thread-2 (]: 
    In "UPI_FRAUD_MONITORING"."TRANSFORM"."SL_ACCOUNT":
        Schema change approach: append_new_columns
        Columns added: []
        Columns removed: 
        Data types changed: 
  
[0m03:20:38.558295 [debug] [Thread-2 (]: Writing runtime sql for node "model.UPI_Fraud_Monitoring.sl_account"
[0m03:20:38.560146 [debug] [Thread-2 (]: Using snowflake connection "model.UPI_Fraud_Monitoring.sl_account"
[0m03:20:38.560733 [debug] [Thread-2 (]: On model.UPI_Fraud_Monitoring.sl_account: /* {"app": "dbt", "dbt_version": "1.9.4", "profile_name": "default", "target_name": "dev", "node_id": "model.UPI_Fraud_Monitoring.sl_account"} */
-- back compat for old kwarg name
  
  begin;
[0m03:20:38.631756 [debug] [Thread-2 (]: SQL status: SUCCESS 1 in 0.070 seconds
[0m03:20:38.632483 [debug] [Thread-2 (]: Using snowflake connection "model.UPI_Fraud_Monitoring.sl_account"
[0m03:20:38.633119 [debug] [Thread-2 (]: On model.UPI_Fraud_Monitoring.sl_account: /* {"app": "dbt", "dbt_version": "1.9.4", "profile_name": "default", "target_name": "dev", "node_id": "model.UPI_Fraud_Monitoring.sl_account"} */
merge into UPI_FRAUD_MONITORING.TRANSFORM.sl_account as DBT_INTERNAL_DEST
        using UPI_FRAUD_MONITORING.TRANSFORM.sl_account__dbt_tmp as DBT_INTERNAL_SOURCE
        on ((DBT_INTERNAL_SOURCE.ACCOUNT_ID = DBT_INTERNAL_DEST.ACCOUNT_ID))

    
    when matched then update set
        "ACCOUNT_ID" = DBT_INTERNAL_SOURCE."ACCOUNT_ID","CUSTOMER_ID" = DBT_INTERNAL_SOURCE."CUSTOMER_ID","ACCOUNT_TYPE" = DBT_INTERNAL_SOURCE."ACCOUNT_TYPE","ACCOUNT_STATUS" = DBT_INTERNAL_SOURCE."ACCOUNT_STATUS","CURRENT_BALANCE" = DBT_INTERNAL_SOURCE."CURRENT_BALANCE","AVAILABLE_BALANCE" = DBT_INTERNAL_SOURCE."AVAILABLE_BALANCE","OPEN_DATE" = DBT_INTERNAL_SOURCE."OPEN_DATE","ACCOUNT_AGE_DAYS" = DBT_INTERNAL_SOURCE."ACCOUNT_AGE_DAYS","ACCOUNT_RISK_RATING" = DBT_INTERNAL_SOURCE."ACCOUNT_RISK_RATING","CREATED_LOAD_ID" = DBT_INTERNAL_SOURCE."CREATED_LOAD_ID","CREATED_DATE_TIME" = DBT_INTERNAL_SOURCE."CREATED_DATE_TIME","HASH_DIFF" = DBT_INTERNAL_SOURCE."HASH_DIFF","IS_CURRENT" = DBT_INTERNAL_SOURCE."IS_CURRENT"
    

    when not matched then insert
        ("ACCOUNT_ID", "CUSTOMER_ID", "ACCOUNT_TYPE", "ACCOUNT_STATUS", "CURRENT_BALANCE", "AVAILABLE_BALANCE", "OPEN_DATE", "ACCOUNT_AGE_DAYS", "ACCOUNT_RISK_RATING", "CREATED_LOAD_ID", "CREATED_DATE_TIME", "HASH_DIFF", "IS_CURRENT")
    values
        ("ACCOUNT_ID", "CUSTOMER_ID", "ACCOUNT_TYPE", "ACCOUNT_STATUS", "CURRENT_BALANCE", "AVAILABLE_BALANCE", "OPEN_DATE", "ACCOUNT_AGE_DAYS", "ACCOUNT_RISK_RATING", "CREATED_LOAD_ID", "CREATED_DATE_TIME", "HASH_DIFF", "IS_CURRENT")

;
[0m03:20:39.293735 [debug] [Thread-2 (]: SQL status: SUCCESS 1 in 0.660 seconds
[0m03:20:39.294464 [debug] [Thread-2 (]: Using snowflake connection "model.UPI_Fraud_Monitoring.sl_account"
[0m03:20:39.294978 [debug] [Thread-2 (]: On model.UPI_Fraud_Monitoring.sl_account: /* {"app": "dbt", "dbt_version": "1.9.4", "profile_name": "default", "target_name": "dev", "node_id": "model.UPI_Fraud_Monitoring.sl_account"} */
COMMIT
[0m03:20:39.509567 [debug] [Thread-2 (]: SQL status: SUCCESS 1 in 0.214 seconds
[0m03:20:39.520422 [debug] [Thread-2 (]: Applying DROP to: UPI_FRAUD_MONITORING.TRANSFORM.sl_account__dbt_tmp
[0m03:20:39.535386 [debug] [Thread-2 (]: Using snowflake connection "model.UPI_Fraud_Monitoring.sl_account"
[0m03:20:39.535914 [debug] [Thread-2 (]: On model.UPI_Fraud_Monitoring.sl_account: /* {"app": "dbt", "dbt_version": "1.9.4", "profile_name": "default", "target_name": "dev", "node_id": "model.UPI_Fraud_Monitoring.sl_account"} */
drop view if exists UPI_FRAUD_MONITORING.TRANSFORM.sl_account__dbt_tmp cascade
[0m03:20:39.619674 [debug] [Thread-2 (]: SQL status: SUCCESS 1 in 0.083 seconds
[0m03:20:39.622719 [debug] [Thread-2 (]: Using snowflake connection "model.UPI_Fraud_Monitoring.sl_account"
[0m03:20:39.623307 [debug] [Thread-2 (]: On model.UPI_Fraud_Monitoring.sl_account: /* {"app": "dbt", "dbt_version": "1.9.4", "profile_name": "default", "target_name": "dev", "node_id": "model.UPI_Fraud_Monitoring.sl_account"} */
UPDATE UPI_FRAUD_MONITORING.TRANSFORM.sl_account t
             SET t.IS_CURRENT = 'N'
             WHERE t.IS_CURRENT = 'Y'
               AND t.ACCOUNT_ID IN (
                   SELECT s.ACCOUNT_ID FROM UPI_FRAUD_MONITORING.TRANSFORM.sl_account s
                   WHERE s.IS_CURRENT = 'Y'
                   GROUP BY s.ACCOUNT_ID HAVING COUNT(*) > 1
               )
               AND t.CREATED_DATE_TIME < (
                   SELECT MAX(s2.CREATED_DATE_TIME) FROM UPI_FRAUD_MONITORING.TRANSFORM.sl_account s2
                   WHERE s2.ACCOUNT_ID = t.ACCOUNT_ID AND s2.IS_CURRENT = 'Y'
               )
[0m03:20:39.809810 [debug] [Thread-2 (]: SQL status: SUCCESS 0 in 0.186 seconds
[0m03:20:39.831844 [info ] [Thread-2 (]: 1 of 1 OK created sql incremental model TRANSFORM.sl_account ................... [[32mSUCCESS 1[0m in 2.60s]
[0m03:20:39.832682 [debug] [Thread-2 (]: Finished running node model.UPI_Fraud_Monitoring.sl_account
[0m03:20:39.835734 [debug] [Dummy-1   ]: Connection 'master' was properly closed.
[0m03:20:39.836250 [debug] [Dummy-1   ]: Connection 'model.UPI_Fraud_Monitoring.sl_account' was properly closed.
[0m03:20:39.836818 [info ] [Dummy-1   ]: 
[0m03:20:39.837310 [info ] [Dummy-1   ]: Finished running 1 incremental model in 0 hours 0 minutes and 3.63 seconds (3.63s).
[0m03:20:39.838100 [debug] [Dummy-1   ]: Command end result
[0m03:20:39.872885 [debug] [Dummy-1   ]: Wrote artifact WritableManifest to /tmp/dbt/target/manifest.json
[0m03:20:39.874749 [debug] [Dummy-1   ]: Wrote artifact SemanticManifest to /tmp/dbt/target/semantic_manifest.json
[0m03:20:39.880557 [debug] [Dummy-1   ]: Wrote artifact RunExecutionResult to /tmp/dbt/target/run_results.json
[0m03:20:39.881028 [info ] [Dummy-1   ]: 
[0m03:20:39.881661 [info ] [Dummy-1   ]: [32mCompleted successfully[0m
[0m03:20:39.882134 [info ] [Dummy-1   ]: 
[0m03:20:39.882622 [info ] [Dummy-1   ]: Done. PASS=1 WARN=0 ERROR=0 SKIP=0 TOTAL=1
[0m03:20:39.884186 [debug] [Dummy-1   ]: Resource report: {"command_name": "run", "command_success": true, "command_wall_clock_time": 5.018864, "process_in_blocks": "0", "process_kernel_time": 0.95, "process_mem_max_rss": "465100", "process_out_blocks": "0", "process_user_time": 4.09}
[0m03:20:39.884889 [debug] [Dummy-1   ]: Command `cli run` succeeded at 03:20:39.884634 after 5.02 seconds
[0m03:20:39.885374 [debug] [Dummy-1   ]: Flushing usage events


============================== 04:16:34.406976 | 2fbc1f25-6925-4e1b-a3b8-e55a5ba96eaf ==============================
[0m04:16:34.406976 [info ] [Dummy-1   ]: Running with dbt=1.9.4
[0m04:16:34.408017 [debug] [Dummy-1   ]: running dbt with arguments {'printer_width': '80', 'indirect_selection': 'eager', 'write_json': 'True', 'log_cache_events': 'False', 'partial_parse': 'True', 'cache_selected_only': 'False', 'profiles_dir': '/tmp/dbt_effective_profiles_lwitkj0_', 'version_check': 'True', 'fail_fast': 'False', 'log_path': '/tmp/dbt/logs', 'debug': 'False', 'warn_error': 'None', 'use_colors': 'True', 'use_experimental_parser': 'False', 'empty': 'False', 'quiet': 'False', 'no_print': 'None', 'warn_error_options': 'WarnErrorOptions(include=[], exclude=[])', 'introspect': 'True', 'static_parser': 'True', 'invocation_command': 'dbt ', 'target_path': 'None', 'log_format': 'default', 'send_anonymous_usage_stats': 'False'}
[0m04:16:34.701413 [info ] [Dummy-1   ]: Registered adapter: snowflake=1.9.2
[0m04:16:35.255126 [debug] [Dummy-1   ]: checksum: 53ed91fada2233efb98368d1716b44ab532c83a9c293cf1890b7905d5b45fb25, vars: {}, profile: , target: dev, version: 1.9.4
[0m04:16:35.580739 [debug] [Dummy-1   ]: Partial parsing enabled: 0 files deleted, 0 files added, 0 files changed.
[0m04:16:35.581391 [debug] [Dummy-1   ]: Partial parsing enabled, no changes found, skipping parsing
[0m04:16:35.743651 [debug] [Dummy-1   ]: Wrote artifact WritableManifest to /tmp/dbt/target/manifest.json
[0m04:16:35.746222 [debug] [Dummy-1   ]: Wrote artifact SemanticManifest to /tmp/dbt/target/semantic_manifest.json
[0m04:16:35.798101 [info ] [Dummy-1   ]: Found 30 models, 20 data tests, 10 sources, 478 macros
[0m04:16:35.800863 [info ] [Dummy-1   ]: 
[0m04:16:35.801507 [info ] [Dummy-1   ]: Concurrency: 4 threads (target='dev')
[0m04:16:35.802045 [info ] [Dummy-1   ]: 
[0m04:16:35.802922 [debug] [Dummy-1   ]: Acquiring new snowflake connection 'master'
[0m04:16:35.805481 [debug] [ThreadPool]: Acquiring new snowflake connection 'list_UPI_FRAUD_MONITORING'
[0m04:16:35.908421 [debug] [ThreadPool]: Using snowflake connection "list_UPI_FRAUD_MONITORING"
[0m04:16:35.909175 [debug] [ThreadPool]: On list_UPI_FRAUD_MONITORING: /* {"app": "dbt", "dbt_version": "1.9.4", "profile_name": "default", "target_name": "dev", "connection_name": "list_UPI_FRAUD_MONITORING"} */
show terse schemas in database UPI_FRAUD_MONITORING
    limit 10000
[0m04:16:35.909709 [debug] [ThreadPool]: Opening a new connection, currently in state init
[0m04:16:36.551599 [debug] [ThreadPool]: SQL status: SUCCESS 4 in 0.642 seconds
[0m04:16:36.561518 [debug] [ThreadPool]: Re-using an available connection from the pool (formerly list_UPI_FRAUD_MONITORING, now list_UPI_FRAUD_MONITORING_TRANSFORM)
[0m04:16:36.576108 [debug] [ThreadPool]: Using snowflake connection "list_UPI_FRAUD_MONITORING_TRANSFORM"
[0m04:16:36.576820 [debug] [ThreadPool]: On list_UPI_FRAUD_MONITORING_TRANSFORM: /* {"app": "dbt", "dbt_version": "1.9.4", "profile_name": "default", "target_name": "dev", "connection_name": "list_UPI_FRAUD_MONITORING_TRANSFORM"} */
alter session set quoted_identifiers_ignore_case = false;
[0m04:16:36.577313 [debug] [ThreadPool]: Opening a new connection, currently in state init
[0m04:16:37.058735 [debug] [ThreadPool]: SQL status: SUCCESS 1 in 0.481 seconds
[0m04:16:37.063641 [debug] [ThreadPool]: Using snowflake connection "list_UPI_FRAUD_MONITORING_TRANSFORM"
[0m04:16:37.064215 [debug] [ThreadPool]: On list_UPI_FRAUD_MONITORING_TRANSFORM: /* {"app": "dbt", "dbt_version": "1.9.4", "profile_name": "default", "target_name": "dev", "connection_name": "list_UPI_FRAUD_MONITORING_TRANSFORM"} */
show objects in UPI_FRAUD_MONITORING.TRANSFORM
    limit 10000
    
;
[0m04:16:37.326469 [debug] [ThreadPool]: SQL status: SUCCESS 30 in 0.261 seconds
[0m04:16:37.329805 [debug] [ThreadPool]: Using snowflake connection "list_UPI_FRAUD_MONITORING_TRANSFORM"
[0m04:16:37.330370 [debug] [ThreadPool]: On list_UPI_FRAUD_MONITORING_TRANSFORM: /* {"app": "dbt", "dbt_version": "1.9.4", "profile_name": "default", "target_name": "dev", "connection_name": "list_UPI_FRAUD_MONITORING_TRANSFORM"} */
alter session unset quoted_identifiers_ignore_case;
[0m04:16:37.422096 [debug] [ThreadPool]: SQL status: SUCCESS 1 in 0.091 seconds
[0m04:16:37.444284 [debug] [Thread-2 (]: Began running node model.UPI_Fraud_Monitoring.sl_account
[0m04:16:37.445294 [info ] [Thread-2 (]: 1 of 1 START sql incremental model TRANSFORM.sl_account ........................ [RUN]
[0m04:16:37.446117 [debug] [Thread-2 (]: Re-using an available connection from the pool (formerly list_UPI_FRAUD_MONITORING_TRANSFORM, now model.UPI_Fraud_Monitoring.sl_account)
[0m04:16:37.446713 [debug] [Thread-2 (]: Began compiling node model.UPI_Fraud_Monitoring.sl_account
[0m04:16:37.463614 [debug] [Thread-2 (]: Writing injected SQL for node "model.UPI_Fraud_Monitoring.sl_account"
[0m04:16:37.464714 [debug] [Thread-2 (]: Began executing node model.UPI_Fraud_Monitoring.sl_account
[0m04:16:37.542614 [debug] [Thread-2 (]: Using snowflake connection "model.UPI_Fraud_Monitoring.sl_account"
[0m04:16:37.543732 [debug] [Thread-2 (]: On model.UPI_Fraud_Monitoring.sl_account: /* {"app": "dbt", "dbt_version": "1.9.4", "profile_name": "default", "target_name": "dev", "node_id": "model.UPI_Fraud_Monitoring.sl_account"} */
/* {"app": "dbt", "dbt_version": "1.9.4", "profile_name": "default", "target_name": "dev", "node_id": "model.UPI_Fraud_Monitoring.sl_account"} */
select * from (
        

with source as (
    select
        cast(ACCOUNT_ID as VARCHAR(50)) as ACCOUNT_ID,
        cast(CUSTOMER_ID as VARCHAR(50)) as CUSTOMER_ID,
        cast(ACCOUNT_TYPE as VARCHAR(30)) as ACCOUNT_TYPE,
        cast(ACCOUNT_STATUS as VARCHAR(30)) as ACCOUNT_STATUS,
        cast(CURRENT_BALANCE as NUMBER(18,2)) as CURRENT_BALANCE,
        cast(AVAILABLE_BALANCE as NUMBER(18,2)) as AVAILABLE_BALANCE,
        cast(OPEN_DATE as DATE) as OPEN_DATE,
        DATEDIFF(DAY, cast(OPEN_DATE as DATE), CURRENT_DATE) as ACCOUNT_AGE_DAYS,
        CREATED_LOAD_ID,
        CREATED_DATE_TIME
    from UPI_FRAUD_MONITORING.TRANSFORM.v_account
),

enriched as (
    select
        ACCOUNT_ID,
        CUSTOMER_ID,
        ACCOUNT_TYPE,
        ACCOUNT_STATUS,
        CURRENT_BALANCE,
        AVAILABLE_BALANCE,
        OPEN_DATE,
        ACCOUNT_AGE_DAYS,
        CASE
            WHEN ACCOUNT_AGE_DAYS < 30 THEN 'HIGH'
            WHEN CURRENT_BALANCE > 1000000 THEN 'MEDIUM'
            ELSE 'LOW'
        END as ACCOUNT_RISK_RATING,
        CREATED_LOAD_ID,
        CREATED_DATE_TIME
    from source
),

hashed as (
    select
        *,
        md5(
            coalesce(ACCOUNT_ID, '^') || '|' ||
            coalesce(CUSTOMER_ID, '^') || '|' ||
            coalesce(ACCOUNT_TYPE, '^') || '|' ||
            coalesce(ACCOUNT_STATUS, '^') || '|' ||
            coalesce(cast(CURRENT_BALANCE as VARCHAR), '^') || '|' ||
            coalesce(cast(AVAILABLE_BALANCE as VARCHAR), '^') || '|' ||
            coalesce(cast(OPEN_DATE as VARCHAR), '^') || '|' ||
            coalesce(ACCOUNT_RISK_RATING, '^')
        ) as HASH_DIFF,
        'Y' as IS_CURRENT
    from enriched
)



    select h.*
    from hashed h
    left join UPI_FRAUD_MONITORING.TRANSFORM.sl_account t
        on h.ACCOUNT_ID = t.ACCOUNT_ID and t.IS_CURRENT = 'Y'
    where t.ACCOUNT_ID is null or h.HASH_DIFF != t.HASH_DIFF


    ) as __dbt_sbq
    where false
    limit 0
[0m04:16:37.544891 [debug] [Thread-2 (]: Opening a new connection, currently in state init
[0m04:16:38.464956 [debug] [Thread-2 (]: SQL status: SUCCESS 0 in 0.920 seconds
[0m04:16:38.503130 [debug] [Thread-2 (]: Using snowflake connection "model.UPI_Fraud_Monitoring.sl_account"
[0m04:16:38.504115 [debug] [Thread-2 (]: On model.UPI_Fraud_Monitoring.sl_account: /* {"app": "dbt", "dbt_version": "1.9.4", "profile_name": "default", "target_name": "dev", "node_id": "model.UPI_Fraud_Monitoring.sl_account"} */
/* {"app": "dbt", "dbt_version": "1.9.4", "profile_name": "default", "target_name": "dev", "node_id": "model.UPI_Fraud_Monitoring.sl_account"} */
select * from (
        select
    
      
    cast(null as VARCHAR(50))
     as ACCOUNT_ID, 
      
    cast(null as VARCHAR(50))
     as CUSTOMER_ID, 
      
    cast(null as VARCHAR(30))
     as ACCOUNT_TYPE, 
      
    cast(null as VARCHAR(30))
     as ACCOUNT_STATUS, 
      
    cast(null as NUMBER(18,2))
     as CURRENT_BALANCE, 
      
    cast(null as NUMBER(18,2))
     as AVAILABLE_BALANCE, 
      
    cast(null as DATE)
     as OPEN_DATE, 
      
    cast(null as NUMBER(38,0))
     as ACCOUNT_AGE_DAYS, 
      
    cast(null as VARCHAR(20))
     as ACCOUNT_RISK_RATING, 
      
    cast(null as VARCHAR(16777216))
     as CREATED_LOAD_ID, 
      
    cast(null as TIMESTAMP_NTZ)
     as CREATED_DATE_TIME, 
      
    cast(null as VARCHAR(2000))
     as HASH_DIFF, 
      
    cast(null as VARCHAR(10))
     as IS_CURRENT
    ) as __dbt_sbq
    where false
    limit 0
[0m04:16:38.587217 [debug] [Thread-2 (]: SQL status: SUCCESS 0 in 0.082 seconds
[0m04:16:38.602661 [debug] [Thread-2 (]: Using snowflake connection "model.UPI_Fraud_Monitoring.sl_account"
[0m04:16:38.603514 [debug] [Thread-2 (]: On model.UPI_Fraud_Monitoring.sl_account: /* {"app": "dbt", "dbt_version": "1.9.4", "profile_name": "default", "target_name": "dev", "node_id": "model.UPI_Fraud_Monitoring.sl_account"} */
create or replace  temporary view UPI_FRAUD_MONITORING.TRANSFORM.sl_account__dbt_tmp
  
   as (
    

with source as (
    select
        cast(ACCOUNT_ID as VARCHAR(50)) as ACCOUNT_ID,
        cast(CUSTOMER_ID as VARCHAR(50)) as CUSTOMER_ID,
        cast(ACCOUNT_TYPE as VARCHAR(30)) as ACCOUNT_TYPE,
        cast(ACCOUNT_STATUS as VARCHAR(30)) as ACCOUNT_STATUS,
        cast(CURRENT_BALANCE as NUMBER(18,2)) as CURRENT_BALANCE,
        cast(AVAILABLE_BALANCE as NUMBER(18,2)) as AVAILABLE_BALANCE,
        cast(OPEN_DATE as DATE) as OPEN_DATE,
        DATEDIFF(DAY, cast(OPEN_DATE as DATE), CURRENT_DATE) as ACCOUNT_AGE_DAYS,
        CREATED_LOAD_ID,
        CREATED_DATE_TIME
    from UPI_FRAUD_MONITORING.TRANSFORM.v_account
),

enriched as (
    select
        ACCOUNT_ID,
        CUSTOMER_ID,
        ACCOUNT_TYPE,
        ACCOUNT_STATUS,
        CURRENT_BALANCE,
        AVAILABLE_BALANCE,
        OPEN_DATE,
        ACCOUNT_AGE_DAYS,
        CASE
            WHEN ACCOUNT_AGE_DAYS < 30 THEN 'HIGH'
            WHEN CURRENT_BALANCE > 1000000 THEN 'MEDIUM'
            ELSE 'LOW'
        END as ACCOUNT_RISK_RATING,
        CREATED_LOAD_ID,
        CREATED_DATE_TIME
    from source
),

hashed as (
    select
        *,
        md5(
            coalesce(ACCOUNT_ID, '^') || '|' ||
            coalesce(CUSTOMER_ID, '^') || '|' ||
            coalesce(ACCOUNT_TYPE, '^') || '|' ||
            coalesce(ACCOUNT_STATUS, '^') || '|' ||
            coalesce(cast(CURRENT_BALANCE as VARCHAR), '^') || '|' ||
            coalesce(cast(AVAILABLE_BALANCE as VARCHAR), '^') || '|' ||
            coalesce(cast(OPEN_DATE as VARCHAR), '^') || '|' ||
            coalesce(ACCOUNT_RISK_RATING, '^')
        ) as HASH_DIFF,
        'Y' as IS_CURRENT
    from enriched
)



    select h.*
    from hashed h
    left join UPI_FRAUD_MONITORING.TRANSFORM.sl_account t
        on h.ACCOUNT_ID = t.ACCOUNT_ID and t.IS_CURRENT = 'Y'
    where t.ACCOUNT_ID is null or h.HASH_DIFF != t.HASH_DIFF


  );
[0m04:16:38.973326 [debug] [Thread-2 (]: SQL status: SUCCESS 1 in 0.369 seconds
[0m04:16:38.985182 [debug] [Thread-2 (]: Using snowflake connection "model.UPI_Fraud_Monitoring.sl_account"
[0m04:16:38.985859 [debug] [Thread-2 (]: On model.UPI_Fraud_Monitoring.sl_account: /* {"app": "dbt", "dbt_version": "1.9.4", "profile_name": "default", "target_name": "dev", "node_id": "model.UPI_Fraud_Monitoring.sl_account"} */
describe table UPI_FRAUD_MONITORING.TRANSFORM.sl_account__dbt_tmp
[0m04:16:39.070212 [debug] [Thread-2 (]: SQL status: SUCCESS 13 in 0.084 seconds
[0m04:16:39.076597 [debug] [Thread-2 (]: Using snowflake connection "model.UPI_Fraud_Monitoring.sl_account"
[0m04:16:39.077286 [debug] [Thread-2 (]: On model.UPI_Fraud_Monitoring.sl_account: /* {"app": "dbt", "dbt_version": "1.9.4", "profile_name": "default", "target_name": "dev", "node_id": "model.UPI_Fraud_Monitoring.sl_account"} */
describe table UPI_FRAUD_MONITORING.TRANSFORM.sl_account
[0m04:16:39.129064 [debug] [Thread-2 (]: SQL status: SUCCESS 13 in 0.051 seconds
[0m04:16:39.145652 [debug] [Thread-2 (]: Using snowflake connection "model.UPI_Fraud_Monitoring.sl_account"
[0m04:16:39.146459 [debug] [Thread-2 (]: On model.UPI_Fraud_Monitoring.sl_account: /* {"app": "dbt", "dbt_version": "1.9.4", "profile_name": "default", "target_name": "dev", "node_id": "model.UPI_Fraud_Monitoring.sl_account"} */
describe table UPI_FRAUD_MONITORING.TRANSFORM.sl_account__dbt_tmp
[0m04:16:39.204658 [debug] [Thread-2 (]: SQL status: SUCCESS 13 in 0.057 seconds
[0m04:16:39.210732 [debug] [Thread-2 (]: Using snowflake connection "model.UPI_Fraud_Monitoring.sl_account"
[0m04:16:39.211525 [debug] [Thread-2 (]: On model.UPI_Fraud_Monitoring.sl_account: /* {"app": "dbt", "dbt_version": "1.9.4", "profile_name": "default", "target_name": "dev", "node_id": "model.UPI_Fraud_Monitoring.sl_account"} */
describe table "UPI_FRAUD_MONITORING"."TRANSFORM"."SL_ACCOUNT"
[0m04:16:39.257070 [debug] [Thread-2 (]: SQL status: SUCCESS 13 in 0.045 seconds
[0m04:16:39.269373 [debug] [Thread-2 (]: 
    In "UPI_FRAUD_MONITORING"."TRANSFORM"."SL_ACCOUNT":
        Schema changed: True
        Source columns not in target: []
        Target columns not in source: []
        New column types: [{'column_name': 'ACCOUNT_AGE_DAYS', 'new_type': 'NUMBER(9,0)'}]
  
[0m04:16:39.276506 [debug] [Thread-2 (]: 
    In "UPI_FRAUD_MONITORING"."TRANSFORM"."SL_ACCOUNT":
        Schema change approach: append_new_columns
        Columns added: []
        Columns removed: 
        Data types changed: 
  
[0m04:16:39.355051 [debug] [Thread-2 (]: Writing runtime sql for node "model.UPI_Fraud_Monitoring.sl_account"
[0m04:16:39.357242 [debug] [Thread-2 (]: Using snowflake connection "model.UPI_Fraud_Monitoring.sl_account"
[0m04:16:39.357825 [debug] [Thread-2 (]: On model.UPI_Fraud_Monitoring.sl_account: /* {"app": "dbt", "dbt_version": "1.9.4", "profile_name": "default", "target_name": "dev", "node_id": "model.UPI_Fraud_Monitoring.sl_account"} */
-- back compat for old kwarg name
  
  begin;
[0m04:16:39.434838 [debug] [Thread-2 (]: SQL status: SUCCESS 1 in 0.076 seconds
[0m04:16:39.435571 [debug] [Thread-2 (]: Using snowflake connection "model.UPI_Fraud_Monitoring.sl_account"
[0m04:16:39.436262 [debug] [Thread-2 (]: On model.UPI_Fraud_Monitoring.sl_account: /* {"app": "dbt", "dbt_version": "1.9.4", "profile_name": "default", "target_name": "dev", "node_id": "model.UPI_Fraud_Monitoring.sl_account"} */
merge into UPI_FRAUD_MONITORING.TRANSFORM.sl_account as DBT_INTERNAL_DEST
        using UPI_FRAUD_MONITORING.TRANSFORM.sl_account__dbt_tmp as DBT_INTERNAL_SOURCE
        on ((DBT_INTERNAL_SOURCE.ACCOUNT_ID = DBT_INTERNAL_DEST.ACCOUNT_ID))

    
    when matched then update set
        "ACCOUNT_ID" = DBT_INTERNAL_SOURCE."ACCOUNT_ID","CUSTOMER_ID" = DBT_INTERNAL_SOURCE."CUSTOMER_ID","ACCOUNT_TYPE" = DBT_INTERNAL_SOURCE."ACCOUNT_TYPE","ACCOUNT_STATUS" = DBT_INTERNAL_SOURCE."ACCOUNT_STATUS","CURRENT_BALANCE" = DBT_INTERNAL_SOURCE."CURRENT_BALANCE","AVAILABLE_BALANCE" = DBT_INTERNAL_SOURCE."AVAILABLE_BALANCE","OPEN_DATE" = DBT_INTERNAL_SOURCE."OPEN_DATE","ACCOUNT_AGE_DAYS" = DBT_INTERNAL_SOURCE."ACCOUNT_AGE_DAYS","ACCOUNT_RISK_RATING" = DBT_INTERNAL_SOURCE."ACCOUNT_RISK_RATING","CREATED_LOAD_ID" = DBT_INTERNAL_SOURCE."CREATED_LOAD_ID","CREATED_DATE_TIME" = DBT_INTERNAL_SOURCE."CREATED_DATE_TIME","HASH_DIFF" = DBT_INTERNAL_SOURCE."HASH_DIFF","IS_CURRENT" = DBT_INTERNAL_SOURCE."IS_CURRENT"
    

    when not matched then insert
        ("ACCOUNT_ID", "CUSTOMER_ID", "ACCOUNT_TYPE", "ACCOUNT_STATUS", "CURRENT_BALANCE", "AVAILABLE_BALANCE", "OPEN_DATE", "ACCOUNT_AGE_DAYS", "ACCOUNT_RISK_RATING", "CREATED_LOAD_ID", "CREATED_DATE_TIME", "HASH_DIFF", "IS_CURRENT")
    values
        ("ACCOUNT_ID", "CUSTOMER_ID", "ACCOUNT_TYPE", "ACCOUNT_STATUS", "CURRENT_BALANCE", "AVAILABLE_BALANCE", "OPEN_DATE", "ACCOUNT_AGE_DAYS", "ACCOUNT_RISK_RATING", "CREATED_LOAD_ID", "CREATED_DATE_TIME", "HASH_DIFF", "IS_CURRENT")

;
[0m04:16:40.208653 [debug] [Thread-2 (]: SQL status: SUCCESS 1 in 0.771 seconds
[0m04:16:40.209481 [debug] [Thread-2 (]: Using snowflake connection "model.UPI_Fraud_Monitoring.sl_account"
[0m04:16:40.210052 [debug] [Thread-2 (]: On model.UPI_Fraud_Monitoring.sl_account: /* {"app": "dbt", "dbt_version": "1.9.4", "profile_name": "default", "target_name": "dev", "node_id": "model.UPI_Fraud_Monitoring.sl_account"} */
COMMIT
[0m04:16:40.455116 [debug] [Thread-2 (]: SQL status: SUCCESS 1 in 0.244 seconds
[0m04:16:40.467647 [debug] [Thread-2 (]: Applying DROP to: UPI_FRAUD_MONITORING.TRANSFORM.sl_account__dbt_tmp
[0m04:16:40.484985 [debug] [Thread-2 (]: Using snowflake connection "model.UPI_Fraud_Monitoring.sl_account"
[0m04:16:40.485657 [debug] [Thread-2 (]: On model.UPI_Fraud_Monitoring.sl_account: /* {"app": "dbt", "dbt_version": "1.9.4", "profile_name": "default", "target_name": "dev", "node_id": "model.UPI_Fraud_Monitoring.sl_account"} */
drop view if exists UPI_FRAUD_MONITORING.TRANSFORM.sl_account__dbt_tmp cascade
[0m04:16:40.578938 [debug] [Thread-2 (]: SQL status: SUCCESS 1 in 0.093 seconds
[0m04:16:40.582342 [debug] [Thread-2 (]: Using snowflake connection "model.UPI_Fraud_Monitoring.sl_account"
[0m04:16:40.582983 [debug] [Thread-2 (]: On model.UPI_Fraud_Monitoring.sl_account: /* {"app": "dbt", "dbt_version": "1.9.4", "profile_name": "default", "target_name": "dev", "node_id": "model.UPI_Fraud_Monitoring.sl_account"} */
UPDATE UPI_FRAUD_MONITORING.TRANSFORM.sl_account t
             SET t.IS_CURRENT = 'N'
             WHERE t.IS_CURRENT = 'Y'
               AND t.ACCOUNT_ID IN (
                   SELECT s.ACCOUNT_ID FROM UPI_FRAUD_MONITORING.TRANSFORM.sl_account s
                   WHERE s.IS_CURRENT = 'Y'
                   GROUP BY s.ACCOUNT_ID HAVING COUNT(*) > 1
               )
               AND t.CREATED_DATE_TIME < (
                   SELECT MAX(s2.CREATED_DATE_TIME) FROM UPI_FRAUD_MONITORING.TRANSFORM.sl_account s2
                   WHERE s2.ACCOUNT_ID = t.ACCOUNT_ID AND s2.IS_CURRENT = 'Y'
               )
[0m04:16:40.799354 [debug] [Thread-2 (]: SQL status: SUCCESS 0 in 0.216 seconds
[0m04:16:40.823503 [info ] [Thread-2 (]: 1 of 1 OK created sql incremental model TRANSFORM.sl_account ................... [[32mSUCCESS 1[0m in 3.38s]
[0m04:16:40.824475 [debug] [Thread-2 (]: Finished running node model.UPI_Fraud_Monitoring.sl_account
[0m04:16:40.827939 [debug] [Dummy-1   ]: Connection 'master' was properly closed.
[0m04:16:40.828604 [debug] [Dummy-1   ]: Connection 'model.UPI_Fraud_Monitoring.sl_account' was properly closed.
[0m04:16:40.829166 [info ] [Dummy-1   ]: 
[0m04:16:40.829679 [info ] [Dummy-1   ]: Finished running 1 incremental model in 0 hours 0 minutes and 5.03 seconds (5.03s).
[0m04:16:40.830498 [debug] [Dummy-1   ]: Command end result
[0m04:16:40.867042 [debug] [Dummy-1   ]: Wrote artifact WritableManifest to /tmp/dbt/target/manifest.json
[0m04:16:40.869394 [debug] [Dummy-1   ]: Wrote artifact SemanticManifest to /tmp/dbt/target/semantic_manifest.json
[0m04:16:40.875808 [debug] [Dummy-1   ]: Wrote artifact RunExecutionResult to /tmp/dbt/target/run_results.json
[0m04:16:40.876467 [info ] [Dummy-1   ]: 
[0m04:16:40.877164 [info ] [Dummy-1   ]: [32mCompleted successfully[0m
[0m04:16:40.877622 [info ] [Dummy-1   ]: 
[0m04:16:40.878101 [info ] [Dummy-1   ]: Done. PASS=1 WARN=0 ERROR=0 SKIP=0 TOTAL=1
[0m04:16:40.879947 [debug] [Dummy-1   ]: Resource report: {"command_name": "run", "command_success": true, "command_wall_clock_time": 6.551071, "process_in_blocks": "0", "process_kernel_time": 1.01, "process_mem_max_rss": "469020", "process_out_blocks": "0", "process_user_time": 4.62}
[0m04:16:40.880698 [debug] [Dummy-1   ]: Command `cli run` succeeded at 04:16:40.880419 after 6.55 seconds
[0m04:16:40.881229 [debug] [Dummy-1   ]: Flushing usage events


============================== 04:18:20.054704 | 78a5523d-94ea-4aa8-af02-e46ba847460e ==============================
[0m04:18:20.054704 [info ] [Dummy-1   ]: Running with dbt=1.9.4
[0m04:18:20.055684 [debug] [Dummy-1   ]: running dbt with arguments {'printer_width': '80', 'indirect_selection': 'eager', 'log_cache_events': 'False', 'write_json': 'True', 'partial_parse': 'True', 'cache_selected_only': 'False', 'warn_error': 'None', 'version_check': 'True', 'fail_fast': 'False', 'log_path': '/tmp/dbt/logs', 'profiles_dir': '/tmp/dbt_effective_profiles_rau6_y0z', 'debug': 'False', 'use_colors': 'True', 'use_experimental_parser': 'False', 'empty': 'False', 'quiet': 'False', 'no_print': 'None', 'log_format': 'default', 'invocation_command': 'dbt ', 'warn_error_options': 'WarnErrorOptions(include=[], exclude=[])', 'introspect': 'True', 'target_path': 'None', 'static_parser': 'True', 'send_anonymous_usage_stats': 'False'}
[0m04:18:20.340890 [info ] [Dummy-1   ]: Registered adapter: snowflake=1.9.2
[0m04:18:20.889103 [debug] [Dummy-1   ]: checksum: 53ed91fada2233efb98368d1716b44ab532c83a9c293cf1890b7905d5b45fb25, vars: {}, profile: , target: dev, version: 1.9.4
[0m04:18:21.213482 [debug] [Dummy-1   ]: Partial parsing enabled: 0 files deleted, 0 files added, 1 files changed.
[0m04:18:21.214602 [debug] [Dummy-1   ]: Partial parsing: updated file: UPI_Fraud_Monitoring://models/silver/sl_account.sql
[0m04:18:21.926621 [debug] [Dummy-1   ]: Wrote artifact WritableManifest to /tmp/dbt/target/manifest.json
[0m04:18:21.929022 [debug] [Dummy-1   ]: Wrote artifact SemanticManifest to /tmp/dbt/target/semantic_manifest.json
[0m04:18:21.975875 [info ] [Dummy-1   ]: Found 30 models, 20 data tests, 10 sources, 478 macros
[0m04:18:21.978527 [info ] [Dummy-1   ]: 
[0m04:18:21.979143 [info ] [Dummy-1   ]: Concurrency: 4 threads (target='dev')
[0m04:18:21.979610 [info ] [Dummy-1   ]: 
[0m04:18:21.980447 [debug] [Dummy-1   ]: Acquiring new snowflake connection 'master'
[0m04:18:21.982892 [debug] [ThreadPool]: Acquiring new snowflake connection 'list_UPI_FRAUD_MONITORING'
[0m04:18:22.069619 [debug] [ThreadPool]: Using snowflake connection "list_UPI_FRAUD_MONITORING"
[0m04:18:22.070206 [debug] [ThreadPool]: On list_UPI_FRAUD_MONITORING: /* {"app": "dbt", "dbt_version": "1.9.4", "profile_name": "default", "target_name": "dev", "connection_name": "list_UPI_FRAUD_MONITORING"} */
show terse schemas in database UPI_FRAUD_MONITORING
    limit 10000
[0m04:18:22.070667 [debug] [ThreadPool]: Opening a new connection, currently in state init
[0m04:18:22.425328 [debug] [ThreadPool]: SQL status: SUCCESS 4 in 0.355 seconds
[0m04:18:22.435196 [debug] [ThreadPool]: Re-using an available connection from the pool (formerly list_UPI_FRAUD_MONITORING, now list_UPI_FRAUD_MONITORING_TRANSFORM)
[0m04:18:22.448315 [debug] [ThreadPool]: Using snowflake connection "list_UPI_FRAUD_MONITORING_TRANSFORM"
[0m04:18:22.448983 [debug] [ThreadPool]: On list_UPI_FRAUD_MONITORING_TRANSFORM: /* {"app": "dbt", "dbt_version": "1.9.4", "profile_name": "default", "target_name": "dev", "connection_name": "list_UPI_FRAUD_MONITORING_TRANSFORM"} */
alter session set quoted_identifiers_ignore_case = false;
[0m04:18:22.449400 [debug] [ThreadPool]: Opening a new connection, currently in state init
[0m04:18:22.807376 [debug] [ThreadPool]: SQL status: SUCCESS 1 in 0.358 seconds
[0m04:18:22.812148 [debug] [ThreadPool]: Using snowflake connection "list_UPI_FRAUD_MONITORING_TRANSFORM"
[0m04:18:22.812796 [debug] [ThreadPool]: On list_UPI_FRAUD_MONITORING_TRANSFORM: /* {"app": "dbt", "dbt_version": "1.9.4", "profile_name": "default", "target_name": "dev", "connection_name": "list_UPI_FRAUD_MONITORING_TRANSFORM"} */
show objects in UPI_FRAUD_MONITORING.TRANSFORM
    limit 10000
    
;
[0m04:18:22.960604 [debug] [ThreadPool]: SQL status: SUCCESS 30 in 0.147 seconds
[0m04:18:22.963738 [debug] [ThreadPool]: Using snowflake connection "list_UPI_FRAUD_MONITORING_TRANSFORM"
[0m04:18:22.964303 [debug] [ThreadPool]: On list_UPI_FRAUD_MONITORING_TRANSFORM: /* {"app": "dbt", "dbt_version": "1.9.4", "profile_name": "default", "target_name": "dev", "connection_name": "list_UPI_FRAUD_MONITORING_TRANSFORM"} */
alter session unset quoted_identifiers_ignore_case;
[0m04:18:23.018341 [debug] [ThreadPool]: SQL status: SUCCESS 1 in 0.053 seconds
[0m04:18:23.039831 [debug] [Thread-2 (]: Began running node model.UPI_Fraud_Monitoring.sl_account
[0m04:18:23.040822 [info ] [Thread-2 (]: 1 of 1 START sql incremental model TRANSFORM.sl_account ........................ [RUN]
[0m04:18:23.041572 [debug] [Thread-2 (]: Re-using an available connection from the pool (formerly list_UPI_FRAUD_MONITORING_TRANSFORM, now model.UPI_Fraud_Monitoring.sl_account)
[0m04:18:23.042114 [debug] [Thread-2 (]: Began compiling node model.UPI_Fraud_Monitoring.sl_account
[0m04:18:23.055078 [debug] [Thread-2 (]: Writing injected SQL for node "model.UPI_Fraud_Monitoring.sl_account"
[0m04:18:23.056004 [debug] [Thread-2 (]: Began executing node model.UPI_Fraud_Monitoring.sl_account
[0m04:18:23.242267 [debug] [Thread-2 (]: Using snowflake connection "model.UPI_Fraud_Monitoring.sl_account"
[0m04:18:23.243709 [debug] [Thread-2 (]: On model.UPI_Fraud_Monitoring.sl_account: /* {"app": "dbt", "dbt_version": "1.9.4", "profile_name": "default", "target_name": "dev", "node_id": "model.UPI_Fraud_Monitoring.sl_account"} */
/* {"app": "dbt", "dbt_version": "1.9.4", "profile_name": "default", "target_name": "dev", "node_id": "model.UPI_Fraud_Monitoring.sl_account"} */
select * from (
        

with source as (
    select
        cast(ACCOUNT_ID as VARCHAR(50)) as ACCOUNT_ID,
        cast(CUSTOMER_ID as VARCHAR(50)) as CUSTOMER_ID,
        cast(ACCOUNT_TYPE as VARCHAR(30)) as ACCOUNT_TYPE,
        cast(ACCOUNT_STATUS as VARCHAR(30)) as ACCOUNT_STATUS,
        cast(CURRENT_BALANCE as NUMBER(18,2)) as CURRENT_BALANCE,
        cast(AVAILABLE_BALANCE as NUMBER(18,2)) as AVAILABLE_BALANCE,
        cast(OPEN_DATE as DATE) as OPEN_DATE,
        DATEDIFF(DAY, cast(OPEN_DATE as DATE), CURRENT_DATE) as ACCOUNT_AGE_DAYS,
        CREATED_LOAD_ID,
        CREATED_DATE_TIME
    from UPI_FRAUD_MONITORING.TRANSFORM.v_account
),

enriched as (
    select
        ACCOUNT_ID,
        CUSTOMER_ID,
        ACCOUNT_TYPE,
        ACCOUNT_STATUS,
        CURRENT_BALANCE,
        AVAILABLE_BALANCE,
        OPEN_DATE,
        ACCOUNT_AGE_DAYS,
        CASE
            WHEN ACCOUNT_AGE_DAYS < 30 THEN 'HIGH'
            WHEN CURRENT_BALANCE > 1000000 THEN 'MEDIUM'
            ELSE 'LOW'
        END as ACCOUNT_RISK_RATING,
        CREATED_LOAD_ID,
        CREATED_DATE_TIME
    from source
),

hashed as (
    select
        *,
        md5(
            coalesce(ACCOUNT_ID, '^') || '|' ||
            coalesce(CUSTOMER_ID, '^') || '|' ||
            coalesce(ACCOUNT_TYPE, '^') || '|' ||
            coalesce(ACCOUNT_STATUS, '^') || '|' ||
            coalesce(cast(CURRENT_BALANCE as VARCHAR), '^') || '|' ||
            coalesce(cast(AVAILABLE_BALANCE as VARCHAR), '^') || '|' ||
            coalesce(cast(OPEN_DATE as VARCHAR), '^') || '|' ||
            coalesce(ACCOUNT_RISK_RATING, '^')
        ) as HASH_DIFF,
        'Y' as IS_CURRENT
    from enriched
)



    select * from hashed


    ) as __dbt_sbq
    where false
    limit 0
[0m04:18:23.245302 [debug] [Thread-2 (]: Opening a new connection, currently in state init
[0m04:18:23.813539 [debug] [Thread-2 (]: SQL status: SUCCESS 0 in 0.568 seconds
[0m04:18:23.838599 [debug] [Thread-2 (]: Using snowflake connection "model.UPI_Fraud_Monitoring.sl_account"
[0m04:18:23.839942 [debug] [Thread-2 (]: On model.UPI_Fraud_Monitoring.sl_account: /* {"app": "dbt", "dbt_version": "1.9.4", "profile_name": "default", "target_name": "dev", "node_id": "model.UPI_Fraud_Monitoring.sl_account"} */
/* {"app": "dbt", "dbt_version": "1.9.4", "profile_name": "default", "target_name": "dev", "node_id": "model.UPI_Fraud_Monitoring.sl_account"} */
select * from (
        select
    
      
    cast(null as VARCHAR(50))
     as ACCOUNT_ID, 
      
    cast(null as VARCHAR(50))
     as CUSTOMER_ID, 
      
    cast(null as VARCHAR(30))
     as ACCOUNT_TYPE, 
      
    cast(null as VARCHAR(30))
     as ACCOUNT_STATUS, 
      
    cast(null as NUMBER(18,2))
     as CURRENT_BALANCE, 
      
    cast(null as NUMBER(18,2))
     as AVAILABLE_BALANCE, 
      
    cast(null as DATE)
     as OPEN_DATE, 
      
    cast(null as NUMBER(38,0))
     as ACCOUNT_AGE_DAYS, 
      
    cast(null as VARCHAR(20))
     as ACCOUNT_RISK_RATING, 
      
    cast(null as VARCHAR(16777216))
     as CREATED_LOAD_ID, 
      
    cast(null as TIMESTAMP_NTZ)
     as CREATED_DATE_TIME, 
      
    cast(null as VARCHAR(2000))
     as HASH_DIFF, 
      
    cast(null as VARCHAR(10))
     as IS_CURRENT
    ) as __dbt_sbq
    where false
    limit 0
[0m04:18:23.903593 [debug] [Thread-2 (]: SQL status: SUCCESS 0 in 0.062 seconds
[0m04:18:23.951882 [debug] [Thread-2 (]: Writing runtime sql for node "model.UPI_Fraud_Monitoring.sl_account"
[0m04:18:23.955593 [debug] [Thread-2 (]: Using snowflake connection "model.UPI_Fraud_Monitoring.sl_account"
[0m04:18:23.956452 [debug] [Thread-2 (]: On model.UPI_Fraud_Monitoring.sl_account: /* {"app": "dbt", "dbt_version": "1.9.4", "profile_name": "default", "target_name": "dev", "node_id": "model.UPI_Fraud_Monitoring.sl_account"} */
create or replace transient table UPI_FRAUD_MONITORING.TRANSFORM.sl_account
          
  (
    ACCOUNT_ID VARCHAR(50) not null,
    CUSTOMER_ID VARCHAR(50),
    ACCOUNT_TYPE VARCHAR(30),
    ACCOUNT_STATUS VARCHAR(30),
    CURRENT_BALANCE NUMBER(18,2),
    AVAILABLE_BALANCE NUMBER(18,2),
    OPEN_DATE DATE,
    ACCOUNT_AGE_DAYS NUMBER(38,0),
    ACCOUNT_RISK_RATING VARCHAR(20),
    CREATED_LOAD_ID VARCHAR(16777216),
    CREATED_DATE_TIME TIMESTAMP_NTZ,
    HASH_DIFF VARCHAR(2000),
    IS_CURRENT VARCHAR(10)
    
    )

          
        
         as
        (
    select ACCOUNT_ID, CUSTOMER_ID, ACCOUNT_TYPE, ACCOUNT_STATUS, CURRENT_BALANCE, AVAILABLE_BALANCE, OPEN_DATE, ACCOUNT_AGE_DAYS, ACCOUNT_RISK_RATING, CREATED_LOAD_ID, CREATED_DATE_TIME, HASH_DIFF, IS_CURRENT
    from (
        

with source as (
    select
        cast(ACCOUNT_ID as VARCHAR(50)) as ACCOUNT_ID,
        cast(CUSTOMER_ID as VARCHAR(50)) as CUSTOMER_ID,
        cast(ACCOUNT_TYPE as VARCHAR(30)) as ACCOUNT_TYPE,
        cast(ACCOUNT_STATUS as VARCHAR(30)) as ACCOUNT_STATUS,
        cast(CURRENT_BALANCE as NUMBER(18,2)) as CURRENT_BALANCE,
        cast(AVAILABLE_BALANCE as NUMBER(18,2)) as AVAILABLE_BALANCE,
        cast(OPEN_DATE as DATE) as OPEN_DATE,
        DATEDIFF(DAY, cast(OPEN_DATE as DATE), CURRENT_DATE) as ACCOUNT_AGE_DAYS,
        CREATED_LOAD_ID,
        CREATED_DATE_TIME
    from UPI_FRAUD_MONITORING.TRANSFORM.v_account
),

enriched as (
    select
        ACCOUNT_ID,
        CUSTOMER_ID,
        ACCOUNT_TYPE,
        ACCOUNT_STATUS,
        CURRENT_BALANCE,
        AVAILABLE_BALANCE,
        OPEN_DATE,
        ACCOUNT_AGE_DAYS,
        CASE
            WHEN ACCOUNT_AGE_DAYS < 30 THEN 'HIGH'
            WHEN CURRENT_BALANCE > 1000000 THEN 'MEDIUM'
            ELSE 'LOW'
        END as ACCOUNT_RISK_RATING,
        CREATED_LOAD_ID,
        CREATED_DATE_TIME
    from source
),

hashed as (
    select
        *,
        md5(
            coalesce(ACCOUNT_ID, '^') || '|' ||
            coalesce(CUSTOMER_ID, '^') || '|' ||
            coalesce(ACCOUNT_TYPE, '^') || '|' ||
            coalesce(ACCOUNT_STATUS, '^') || '|' ||
            coalesce(cast(CURRENT_BALANCE as VARCHAR), '^') || '|' ||
            coalesce(cast(AVAILABLE_BALANCE as VARCHAR), '^') || '|' ||
            coalesce(cast(OPEN_DATE as VARCHAR), '^') || '|' ||
            coalesce(ACCOUNT_RISK_RATING, '^')
        ) as HASH_DIFF,
        'Y' as IS_CURRENT
    from enriched
)



    select * from hashed


    ) as model_subq
        );
[0m04:18:24.607951 [debug] [Thread-2 (]: SQL status: SUCCESS 1 in 0.651 seconds
[0m04:18:24.619819 [debug] [Thread-2 (]: Applying DROP to: UPI_FRAUD_MONITORING.TRANSFORM.sl_account__dbt_tmp
[0m04:18:24.636019 [debug] [Thread-2 (]: Using snowflake connection "model.UPI_Fraud_Monitoring.sl_account"
[0m04:18:24.636761 [debug] [Thread-2 (]: On model.UPI_Fraud_Monitoring.sl_account: /* {"app": "dbt", "dbt_version": "1.9.4", "profile_name": "default", "target_name": "dev", "node_id": "model.UPI_Fraud_Monitoring.sl_account"} */
drop view if exists UPI_FRAUD_MONITORING.TRANSFORM.sl_account__dbt_tmp cascade
[0m04:18:24.684647 [debug] [Thread-2 (]: SQL status: SUCCESS 1 in 0.047 seconds
[0m04:18:24.687964 [debug] [Thread-2 (]: Using snowflake connection "model.UPI_Fraud_Monitoring.sl_account"
[0m04:18:24.688723 [debug] [Thread-2 (]: On model.UPI_Fraud_Monitoring.sl_account: /* {"app": "dbt", "dbt_version": "1.9.4", "profile_name": "default", "target_name": "dev", "node_id": "model.UPI_Fraud_Monitoring.sl_account"} */
UPDATE UPI_FRAUD_MONITORING.TRANSFORM.sl_account t
             SET t.IS_CURRENT = 'N'
             WHERE t.IS_CURRENT = 'Y'
               AND EXISTS (
                   SELECT 1 FROM UPI_FRAUD_MONITORING.TRANSFORM.sl_account s
                   WHERE s.ACCOUNT_ID = t.ACCOUNT_ID
                     AND s.IS_CURRENT = 'Y'
                     AND s.HASH_DIFF != t.HASH_DIFF
                     AND s.CREATED_DATE_TIME >= t.CREATED_DATE_TIME
               )
               AND t.HASH_DIFF != (
                   SELECT s2.HASH_DIFF FROM UPI_FRAUD_MONITORING.TRANSFORM.sl_account s2
                   WHERE s2.ACCOUNT_ID = t.ACCOUNT_ID
                     AND s2.IS_CURRENT = 'Y'
                   ORDER BY s2.CREATED_DATE_TIME DESC
                   LIMIT 1
               )
[0m04:18:26.132459 [debug] [Thread-2 (]: Snowflake adapter: Snowflake query id: 01c71606-0002-9da1-000e-aac200154e02
[0m04:18:26.133137 [debug] [Thread-2 (]: Snowflake adapter: Snowflake error: 002031 (42601): SQL compilation error:
Unsupported subquery type cannot be evaluated at line 12, position 19
[0m04:18:26.137952 [debug] [Thread-2 (]: Database Error in model sl_account (models/silver/sl_account.sql)
  002031 (42601): SQL compilation error:
  Unsupported subquery type cannot be evaluated at line 12, position 19
  compiled code at target/run/UPI_Fraud_Monitoring/models/silver/sl_account.sql
[0m04:18:26.140916 [error] [Thread-2 (]: 1 of 1 ERROR creating sql incremental model TRANSFORM.sl_account ............... [[31mERROR[0m in 3.10s]
[0m04:18:26.141683 [debug] [Thread-2 (]: Finished running node model.UPI_Fraud_Monitoring.sl_account
[0m04:18:26.142430 [debug] [Thread-8 (]: Marking all children of 'model.UPI_Fraud_Monitoring.sl_account' to be skipped because of status 'error'.  Reason: Database Error in model sl_account (models/silver/sl_account.sql)
  002031 (42601): SQL compilation error:
  Unsupported subquery type cannot be evaluated at line 12, position 19
  compiled code at target/run/UPI_Fraud_Monitoring/models/silver/sl_account.sql.
[0m04:18:26.146434 [debug] [Dummy-1   ]: Connection 'master' was properly closed.
[0m04:18:26.147002 [debug] [Dummy-1   ]: Connection 'model.UPI_Fraud_Monitoring.sl_account' was properly closed.
[0m04:18:26.147477 [info ] [Dummy-1   ]: 
[0m04:18:26.147946 [info ] [Dummy-1   ]: Finished running 1 incremental model in 0 hours 0 minutes and 4.17 seconds (4.17s).
[0m04:18:26.148838 [debug] [Dummy-1   ]: Command end result
[0m04:18:26.185525 [debug] [Dummy-1   ]: Wrote artifact WritableManifest to /tmp/dbt/target/manifest.json
[0m04:18:26.187715 [debug] [Dummy-1   ]: Wrote artifact SemanticManifest to /tmp/dbt/target/semantic_manifest.json
[0m04:18:26.193835 [debug] [Dummy-1   ]: Wrote artifact RunExecutionResult to /tmp/dbt/target/run_results.json
[0m04:18:26.194360 [info ] [Dummy-1   ]: 
[0m04:18:26.194957 [info ] [Dummy-1   ]: [31mCompleted with 1 error, 0 partial successes, and 0 warnings:[0m
[0m04:18:26.195462 [info ] [Dummy-1   ]: 
[0m04:18:26.196019 [error] [Dummy-1   ]:   Database Error in model sl_account (models/silver/sl_account.sql)
  002031 (42601): SQL compilation error:
  Unsupported subquery type cannot be evaluated at line 12, position 19
  compiled code at target/run/UPI_Fraud_Monitoring/models/silver/sl_account.sql
[0m04:18:26.196526 [info ] [Dummy-1   ]: 
[0m04:18:26.196997 [info ] [Dummy-1   ]: Done. PASS=0 WARN=0 ERROR=1 SKIP=0 TOTAL=1
[0m04:18:26.198751 [debug] [Dummy-1   ]: Resource report: {"command_name": "run", "command_success": false, "command_wall_clock_time": 6.220454, "process_in_blocks": "0", "process_kernel_time": 1.0, "process_mem_max_rss": "461068", "process_out_blocks": "0", "process_user_time": 4.9}
[0m04:18:26.199444 [debug] [Dummy-1   ]: Command `cli run` failed at 04:18:26.199128 after 6.22 seconds
[0m04:18:26.199991 [debug] [Dummy-1   ]: Flushing usage events


============================== 04:19:47.499331 | 288c6a71-30ab-422f-8ed5-2788e4f3a222 ==============================
[0m04:19:47.499331 [info ] [Dummy-1   ]: Running with dbt=1.9.4
[0m04:19:47.500260 [debug] [Dummy-1   ]: running dbt with arguments {'printer_width': '80', 'indirect_selection': 'eager', 'write_json': 'True', 'log_cache_events': 'False', 'partial_parse': 'True', 'cache_selected_only': 'False', 'profiles_dir': '/tmp/dbt_effective_profiles_xrqe5nbq', 'version_check': 'True', 'fail_fast': 'False', 'log_path': '/tmp/dbt/logs', 'debug': 'False', 'warn_error': 'None', 'use_colors': 'True', 'use_experimental_parser': 'False', 'no_print': 'None', 'quiet': 'False', 'empty': 'False', 'log_format': 'default', 'introspect': 'True', 'static_parser': 'True', 'warn_error_options': 'WarnErrorOptions(include=[], exclude=[])', 'target_path': 'None', 'invocation_command': 'dbt ', 'send_anonymous_usage_stats': 'False'}
[0m04:19:47.781657 [info ] [Dummy-1   ]: Registered adapter: snowflake=1.9.2
[0m04:19:48.306057 [debug] [Dummy-1   ]: checksum: 53ed91fada2233efb98368d1716b44ab532c83a9c293cf1890b7905d5b45fb25, vars: {}, profile: , target: dev, version: 1.9.4
[0m04:19:48.634857 [debug] [Dummy-1   ]: Partial parsing enabled: 0 files deleted, 0 files added, 2 files changed.
[0m04:19:48.636701 [debug] [Dummy-1   ]: Partial parsing: updated file: UPI_Fraud_Monitoring://models/schema.yml
[0m04:19:48.637302 [debug] [Dummy-1   ]: Partial parsing: updated file: UPI_Fraud_Monitoring://models/silver/sl_account.sql
[0m04:19:49.339022 [debug] [Dummy-1   ]: Wrote artifact WritableManifest to /tmp/dbt/target/manifest.json
[0m04:19:49.341327 [debug] [Dummy-1   ]: Wrote artifact SemanticManifest to /tmp/dbt/target/semantic_manifest.json
[0m04:19:49.387458 [info ] [Dummy-1   ]: Found 30 models, 20 data tests, 10 sources, 478 macros
[0m04:19:49.390114 [info ] [Dummy-1   ]: 
[0m04:19:49.390718 [info ] [Dummy-1   ]: Concurrency: 4 threads (target='dev')
[0m04:19:49.391207 [info ] [Dummy-1   ]: 
[0m04:19:49.391941 [debug] [Dummy-1   ]: Acquiring new snowflake connection 'master'
[0m04:19:49.394191 [debug] [ThreadPool]: Acquiring new snowflake connection 'list_UPI_FRAUD_MONITORING'
[0m04:19:49.477787 [debug] [ThreadPool]: Using snowflake connection "list_UPI_FRAUD_MONITORING"
[0m04:19:49.478367 [debug] [ThreadPool]: On list_UPI_FRAUD_MONITORING: /* {"app": "dbt", "dbt_version": "1.9.4", "profile_name": "default", "target_name": "dev", "connection_name": "list_UPI_FRAUD_MONITORING"} */
show terse schemas in database UPI_FRAUD_MONITORING
    limit 10000
[0m04:19:49.478856 [debug] [ThreadPool]: Opening a new connection, currently in state init
[0m04:19:49.833735 [debug] [ThreadPool]: SQL status: SUCCESS 4 in 0.355 seconds
[0m04:19:49.843438 [debug] [ThreadPool]: Re-using an available connection from the pool (formerly list_UPI_FRAUD_MONITORING, now list_UPI_FRAUD_MONITORING_TRANSFORM)
[0m04:19:49.856485 [debug] [ThreadPool]: Using snowflake connection "list_UPI_FRAUD_MONITORING_TRANSFORM"
[0m04:19:49.857102 [debug] [ThreadPool]: On list_UPI_FRAUD_MONITORING_TRANSFORM: /* {"app": "dbt", "dbt_version": "1.9.4", "profile_name": "default", "target_name": "dev", "connection_name": "list_UPI_FRAUD_MONITORING_TRANSFORM"} */
alter session set quoted_identifiers_ignore_case = false;
[0m04:19:49.857586 [debug] [ThreadPool]: Opening a new connection, currently in state init
[0m04:19:50.190681 [debug] [ThreadPool]: SQL status: SUCCESS 1 in 0.333 seconds
[0m04:19:50.195401 [debug] [ThreadPool]: Using snowflake connection "list_UPI_FRAUD_MONITORING_TRANSFORM"
[0m04:19:50.195971 [debug] [ThreadPool]: On list_UPI_FRAUD_MONITORING_TRANSFORM: /* {"app": "dbt", "dbt_version": "1.9.4", "profile_name": "default", "target_name": "dev", "connection_name": "list_UPI_FRAUD_MONITORING_TRANSFORM"} */
show objects in UPI_FRAUD_MONITORING.TRANSFORM
    limit 10000
    
;
[0m04:19:50.325744 [debug] [ThreadPool]: SQL status: SUCCESS 30 in 0.129 seconds
[0m04:19:50.329082 [debug] [ThreadPool]: Using snowflake connection "list_UPI_FRAUD_MONITORING_TRANSFORM"
[0m04:19:50.329633 [debug] [ThreadPool]: On list_UPI_FRAUD_MONITORING_TRANSFORM: /* {"app": "dbt", "dbt_version": "1.9.4", "profile_name": "default", "target_name": "dev", "connection_name": "list_UPI_FRAUD_MONITORING_TRANSFORM"} */
alter session unset quoted_identifiers_ignore_case;
[0m04:19:50.740168 [debug] [ThreadPool]: SQL status: SUCCESS 1 in 0.410 seconds
[0m04:19:50.761162 [debug] [Thread-2 (]: Began running node model.UPI_Fraud_Monitoring.sl_account
[0m04:19:50.761991 [info ] [Thread-2 (]: 1 of 1 START sql incremental model TRANSFORM.sl_account ........................ [RUN]
[0m04:19:50.762704 [debug] [Thread-2 (]: Re-using an available connection from the pool (formerly list_UPI_FRAUD_MONITORING_TRANSFORM, now model.UPI_Fraud_Monitoring.sl_account)
[0m04:19:50.763221 [debug] [Thread-2 (]: Began compiling node model.UPI_Fraud_Monitoring.sl_account
[0m04:19:50.775672 [debug] [Thread-2 (]: Writing injected SQL for node "model.UPI_Fraud_Monitoring.sl_account"
[0m04:19:50.776582 [debug] [Thread-2 (]: Began executing node model.UPI_Fraud_Monitoring.sl_account
[0m04:19:50.955396 [debug] [Thread-2 (]: Using snowflake connection "model.UPI_Fraud_Monitoring.sl_account"
[0m04:19:50.956904 [debug] [Thread-2 (]: On model.UPI_Fraud_Monitoring.sl_account: /* {"app": "dbt", "dbt_version": "1.9.4", "profile_name": "default", "target_name": "dev", "node_id": "model.UPI_Fraud_Monitoring.sl_account"} */
/* {"app": "dbt", "dbt_version": "1.9.4", "profile_name": "default", "target_name": "dev", "node_id": "model.UPI_Fraud_Monitoring.sl_account"} */
select * from (
        

with source as (
    select
        cast(ACCOUNT_ID as VARCHAR(50)) as ACCOUNT_ID,
        cast(CUSTOMER_ID as VARCHAR(50)) as CUSTOMER_ID,
        cast(ACCOUNT_TYPE as VARCHAR(30)) as ACCOUNT_TYPE,
        cast(ACCOUNT_STATUS as VARCHAR(30)) as ACCOUNT_STATUS,
        cast(CURRENT_BALANCE as NUMBER(18,2)) as CURRENT_BALANCE,
        cast(AVAILABLE_BALANCE as NUMBER(18,2)) as AVAILABLE_BALANCE,
        cast(OPEN_DATE as DATE) as OPEN_DATE,
        DATEDIFF(DAY, cast(OPEN_DATE as DATE), CURRENT_DATE) as ACCOUNT_AGE_DAYS,
        CREATED_LOAD_ID,
        CREATED_DATE_TIME
    from UPI_FRAUD_MONITORING.TRANSFORM.v_account
),

enriched as (
    select
        ACCOUNT_ID,
        CUSTOMER_ID,
        ACCOUNT_TYPE,
        ACCOUNT_STATUS,
        CURRENT_BALANCE,
        AVAILABLE_BALANCE,
        OPEN_DATE,
        ACCOUNT_AGE_DAYS,
        CASE
            WHEN ACCOUNT_AGE_DAYS < 30 THEN 'HIGH'
            WHEN CURRENT_BALANCE > 1000000 THEN 'MEDIUM'
            ELSE 'LOW'
        END as ACCOUNT_RISK_RATING,
        CREATED_LOAD_ID,
        CREATED_DATE_TIME
    from source
),

hashed as (
    select
        *,
        md5(
            coalesce(ACCOUNT_ID, '^') || '|' ||
            coalesce(CUSTOMER_ID, '^') || '|' ||
            coalesce(ACCOUNT_TYPE, '^') || '|' ||
            coalesce(ACCOUNT_STATUS, '^') || '|' ||
            coalesce(cast(CURRENT_BALANCE as VARCHAR), '^') || '|' ||
            coalesce(cast(AVAILABLE_BALANCE as VARCHAR), '^') || '|' ||
            coalesce(cast(OPEN_DATE as VARCHAR), '^') || '|' ||
            coalesce(ACCOUNT_RISK_RATING, '^')
        ) as HASH_DIFF,
        'Y' as IS_CURRENT,
        CURRENT_TIMESTAMP()::TIMESTAMP_NTZ as DBT_LOADED_AT
    from enriched
)



    select * from hashed


    ) as __dbt_sbq
    where false
    limit 0
[0m04:19:50.958340 [debug] [Thread-2 (]: Opening a new connection, currently in state init
[0m04:19:51.520271 [debug] [Thread-2 (]: SQL status: SUCCESS 0 in 0.562 seconds
[0m04:19:51.545733 [debug] [Thread-2 (]: Using snowflake connection "model.UPI_Fraud_Monitoring.sl_account"
[0m04:19:51.547075 [debug] [Thread-2 (]: On model.UPI_Fraud_Monitoring.sl_account: /* {"app": "dbt", "dbt_version": "1.9.4", "profile_name": "default", "target_name": "dev", "node_id": "model.UPI_Fraud_Monitoring.sl_account"} */
/* {"app": "dbt", "dbt_version": "1.9.4", "profile_name": "default", "target_name": "dev", "node_id": "model.UPI_Fraud_Monitoring.sl_account"} */
select * from (
        select
    
      
    cast(null as VARCHAR(50))
     as ACCOUNT_ID, 
      
    cast(null as VARCHAR(50))
     as CUSTOMER_ID, 
      
    cast(null as VARCHAR(30))
     as ACCOUNT_TYPE, 
      
    cast(null as VARCHAR(30))
     as ACCOUNT_STATUS, 
      
    cast(null as NUMBER(18,2))
     as CURRENT_BALANCE, 
      
    cast(null as NUMBER(18,2))
     as AVAILABLE_BALANCE, 
      
    cast(null as DATE)
     as OPEN_DATE, 
      
    cast(null as NUMBER(38,0))
     as ACCOUNT_AGE_DAYS, 
      
    cast(null as VARCHAR(20))
     as ACCOUNT_RISK_RATING, 
      
    cast(null as VARCHAR(16777216))
     as CREATED_LOAD_ID, 
      
    cast(null as TIMESTAMP_NTZ)
     as CREATED_DATE_TIME, 
      
    cast(null as VARCHAR(2000))
     as HASH_DIFF, 
      
    cast(null as VARCHAR(10))
     as IS_CURRENT, 
      
    cast(null as TIMESTAMP_NTZ)
     as DBT_LOADED_AT
    ) as __dbt_sbq
    where false
    limit 0
[0m04:19:51.634244 [debug] [Thread-2 (]: SQL status: SUCCESS 0 in 0.085 seconds
[0m04:19:51.679559 [debug] [Thread-2 (]: Writing runtime sql for node "model.UPI_Fraud_Monitoring.sl_account"
[0m04:19:51.683113 [debug] [Thread-2 (]: Using snowflake connection "model.UPI_Fraud_Monitoring.sl_account"
[0m04:19:51.683847 [debug] [Thread-2 (]: On model.UPI_Fraud_Monitoring.sl_account: /* {"app": "dbt", "dbt_version": "1.9.4", "profile_name": "default", "target_name": "dev", "node_id": "model.UPI_Fraud_Monitoring.sl_account"} */
create or replace transient table UPI_FRAUD_MONITORING.TRANSFORM.sl_account
          
  (
    ACCOUNT_ID VARCHAR(50) not null,
    CUSTOMER_ID VARCHAR(50),
    ACCOUNT_TYPE VARCHAR(30),
    ACCOUNT_STATUS VARCHAR(30),
    CURRENT_BALANCE NUMBER(18,2),
    AVAILABLE_BALANCE NUMBER(18,2),
    OPEN_DATE DATE,
    ACCOUNT_AGE_DAYS NUMBER(38,0),
    ACCOUNT_RISK_RATING VARCHAR(20),
    CREATED_LOAD_ID VARCHAR(16777216),
    CREATED_DATE_TIME TIMESTAMP_NTZ,
    HASH_DIFF VARCHAR(2000),
    IS_CURRENT VARCHAR(10),
    DBT_LOADED_AT TIMESTAMP_NTZ
    
    )

          
        
         as
        (
    select ACCOUNT_ID, CUSTOMER_ID, ACCOUNT_TYPE, ACCOUNT_STATUS, CURRENT_BALANCE, AVAILABLE_BALANCE, OPEN_DATE, ACCOUNT_AGE_DAYS, ACCOUNT_RISK_RATING, CREATED_LOAD_ID, CREATED_DATE_TIME, HASH_DIFF, IS_CURRENT, DBT_LOADED_AT
    from (
        

with source as (
    select
        cast(ACCOUNT_ID as VARCHAR(50)) as ACCOUNT_ID,
        cast(CUSTOMER_ID as VARCHAR(50)) as CUSTOMER_ID,
        cast(ACCOUNT_TYPE as VARCHAR(30)) as ACCOUNT_TYPE,
        cast(ACCOUNT_STATUS as VARCHAR(30)) as ACCOUNT_STATUS,
        cast(CURRENT_BALANCE as NUMBER(18,2)) as CURRENT_BALANCE,
        cast(AVAILABLE_BALANCE as NUMBER(18,2)) as AVAILABLE_BALANCE,
        cast(OPEN_DATE as DATE) as OPEN_DATE,
        DATEDIFF(DAY, cast(OPEN_DATE as DATE), CURRENT_DATE) as ACCOUNT_AGE_DAYS,
        CREATED_LOAD_ID,
        CREATED_DATE_TIME
    from UPI_FRAUD_MONITORING.TRANSFORM.v_account
),

enriched as (
    select
        ACCOUNT_ID,
        CUSTOMER_ID,
        ACCOUNT_TYPE,
        ACCOUNT_STATUS,
        CURRENT_BALANCE,
        AVAILABLE_BALANCE,
        OPEN_DATE,
        ACCOUNT_AGE_DAYS,
        CASE
            WHEN ACCOUNT_AGE_DAYS < 30 THEN 'HIGH'
            WHEN CURRENT_BALANCE > 1000000 THEN 'MEDIUM'
            ELSE 'LOW'
        END as ACCOUNT_RISK_RATING,
        CREATED_LOAD_ID,
        CREATED_DATE_TIME
    from source
),

hashed as (
    select
        *,
        md5(
            coalesce(ACCOUNT_ID, '^') || '|' ||
            coalesce(CUSTOMER_ID, '^') || '|' ||
            coalesce(ACCOUNT_TYPE, '^') || '|' ||
            coalesce(ACCOUNT_STATUS, '^') || '|' ||
            coalesce(cast(CURRENT_BALANCE as VARCHAR), '^') || '|' ||
            coalesce(cast(AVAILABLE_BALANCE as VARCHAR), '^') || '|' ||
            coalesce(cast(OPEN_DATE as VARCHAR), '^') || '|' ||
            coalesce(ACCOUNT_RISK_RATING, '^')
        ) as HASH_DIFF,
        'Y' as IS_CURRENT,
        CURRENT_TIMESTAMP()::TIMESTAMP_NTZ as DBT_LOADED_AT
    from enriched
)



    select * from hashed


    ) as model_subq
        );
[0m04:19:52.438881 [debug] [Thread-2 (]: SQL status: SUCCESS 1 in 0.754 seconds
[0m04:19:52.450737 [debug] [Thread-2 (]: Applying DROP to: UPI_FRAUD_MONITORING.TRANSFORM.sl_account__dbt_tmp
[0m04:19:52.467154 [debug] [Thread-2 (]: Using snowflake connection "model.UPI_Fraud_Monitoring.sl_account"
[0m04:19:52.467803 [debug] [Thread-2 (]: On model.UPI_Fraud_Monitoring.sl_account: /* {"app": "dbt", "dbt_version": "1.9.4", "profile_name": "default", "target_name": "dev", "node_id": "model.UPI_Fraud_Monitoring.sl_account"} */
drop view if exists UPI_FRAUD_MONITORING.TRANSFORM.sl_account__dbt_tmp cascade
[0m04:19:52.526290 [debug] [Thread-2 (]: SQL status: SUCCESS 1 in 0.058 seconds
[0m04:19:52.529316 [debug] [Thread-2 (]: Using snowflake connection "model.UPI_Fraud_Monitoring.sl_account"
[0m04:19:52.529937 [debug] [Thread-2 (]: On model.UPI_Fraud_Monitoring.sl_account: /* {"app": "dbt", "dbt_version": "1.9.4", "profile_name": "default", "target_name": "dev", "node_id": "model.UPI_Fraud_Monitoring.sl_account"} */
UPDATE UPI_FRAUD_MONITORING.TRANSFORM.sl_account t
             SET t.IS_CURRENT = 'N'
             FROM (
                 SELECT ACCOUNT_ID, MAX(DBT_LOADED_AT) as LATEST_LOAD
                 FROM UPI_FRAUD_MONITORING.TRANSFORM.sl_account
                 WHERE IS_CURRENT = 'Y'
                 GROUP BY ACCOUNT_ID
                 HAVING COUNT(*) > 1
             ) dup
             WHERE t.ACCOUNT_ID = dup.ACCOUNT_ID
               AND t.IS_CURRENT = 'Y'
               AND t.DBT_LOADED_AT < dup.LATEST_LOAD
[0m04:19:52.880744 [debug] [Thread-2 (]: SQL status: SUCCESS 0 in 0.350 seconds
[0m04:19:52.906499 [info ] [Thread-2 (]: 1 of 1 OK created sql incremental model TRANSFORM.sl_account ................... [[32mSUCCESS 1[0m in 2.14s]
[0m04:19:52.907320 [debug] [Thread-2 (]: Finished running node model.UPI_Fraud_Monitoring.sl_account
[0m04:19:52.910614 [debug] [Dummy-1   ]: Connection 'master' was properly closed.
[0m04:19:52.911160 [debug] [Dummy-1   ]: Connection 'model.UPI_Fraud_Monitoring.sl_account' was properly closed.
[0m04:19:52.911667 [info ] [Dummy-1   ]: 
[0m04:19:52.912256 [info ] [Dummy-1   ]: Finished running 1 incremental model in 0 hours 0 minutes and 3.52 seconds (3.52s).
[0m04:19:52.913198 [debug] [Dummy-1   ]: Command end result
[0m04:19:52.949569 [debug] [Dummy-1   ]: Wrote artifact WritableManifest to /tmp/dbt/target/manifest.json
[0m04:19:52.951808 [debug] [Dummy-1   ]: Wrote artifact SemanticManifest to /tmp/dbt/target/semantic_manifest.json
[0m04:19:52.957783 [debug] [Dummy-1   ]: Wrote artifact RunExecutionResult to /tmp/dbt/target/run_results.json
[0m04:19:52.958284 [info ] [Dummy-1   ]: 
[0m04:19:52.958920 [info ] [Dummy-1   ]: [32mCompleted successfully[0m
[0m04:19:52.959396 [info ] [Dummy-1   ]: 
[0m04:19:52.959881 [info ] [Dummy-1   ]: Done. PASS=1 WARN=0 ERROR=0 SKIP=0 TOTAL=1
[0m04:19:52.961703 [debug] [Dummy-1   ]: Resource report: {"command_name": "run", "command_success": true, "command_wall_clock_time": 5.538388, "process_in_blocks": "0", "process_kernel_time": 0.78, "process_mem_max_rss": "463516", "process_out_blocks": "0", "process_user_time": 5.01}
[0m04:19:52.962336 [debug] [Dummy-1   ]: Command `cli run` succeeded at 04:19:52.962082 after 5.54 seconds
[0m04:19:52.962873 [debug] [Dummy-1   ]: Flushing usage events


============================== 04:20:52.035740 | 2e0a4425-2f34-49fc-bd0f-ace3107d6192 ==============================
[0m04:20:52.035740 [info ] [Dummy-1   ]: Running with dbt=1.9.4
[0m04:20:52.036863 [debug] [Dummy-1   ]: running dbt with arguments {'printer_width': '80', 'indirect_selection': 'eager', 'log_cache_events': 'False', 'write_json': 'True', 'partial_parse': 'True', 'cache_selected_only': 'False', 'profiles_dir': '/tmp/dbt_effective_profiles_cop3pvn0', 'fail_fast': 'False', 'version_check': 'True', 'log_path': '/tmp/dbt/logs', 'warn_error': 'None', 'debug': 'False', 'use_colors': 'True', 'use_experimental_parser': 'False', 'empty': 'False', 'quiet': 'False', 'no_print': 'None', 'log_format': 'default', 'introspect': 'True', 'static_parser': 'True', 'invocation_command': 'dbt ', 'target_path': 'None', 'warn_error_options': 'WarnErrorOptions(include=[], exclude=[])', 'send_anonymous_usage_stats': 'False'}
[0m04:20:52.331807 [info ] [Dummy-1   ]: Registered adapter: snowflake=1.9.2
[0m04:20:52.886726 [debug] [Dummy-1   ]: checksum: 53ed91fada2233efb98368d1716b44ab532c83a9c293cf1890b7905d5b45fb25, vars: {}, profile: , target: dev, version: 1.9.4
[0m04:20:53.210300 [debug] [Dummy-1   ]: Partial parsing enabled: 0 files deleted, 0 files added, 0 files changed.
[0m04:20:53.211051 [debug] [Dummy-1   ]: Partial parsing enabled, no changes found, skipping parsing
[0m04:20:53.374229 [debug] [Dummy-1   ]: Wrote artifact WritableManifest to /tmp/dbt/target/manifest.json
[0m04:20:53.376767 [debug] [Dummy-1   ]: Wrote artifact SemanticManifest to /tmp/dbt/target/semantic_manifest.json
[0m04:20:53.427171 [info ] [Dummy-1   ]: Found 30 models, 20 data tests, 10 sources, 478 macros
[0m04:20:53.429970 [info ] [Dummy-1   ]: 
[0m04:20:53.430596 [info ] [Dummy-1   ]: Concurrency: 4 threads (target='dev')
[0m04:20:53.431114 [info ] [Dummy-1   ]: 
[0m04:20:53.431948 [debug] [Dummy-1   ]: Acquiring new snowflake connection 'master'
[0m04:20:53.434535 [debug] [ThreadPool]: Acquiring new snowflake connection 'list_UPI_FRAUD_MONITORING'
[0m04:20:53.540927 [debug] [ThreadPool]: Using snowflake connection "list_UPI_FRAUD_MONITORING"
[0m04:20:53.541554 [debug] [ThreadPool]: On list_UPI_FRAUD_MONITORING: /* {"app": "dbt", "dbt_version": "1.9.4", "profile_name": "default", "target_name": "dev", "connection_name": "list_UPI_FRAUD_MONITORING"} */
show terse schemas in database UPI_FRAUD_MONITORING
    limit 10000
[0m04:20:53.542048 [debug] [ThreadPool]: Opening a new connection, currently in state init
[0m04:20:53.916819 [debug] [ThreadPool]: SQL status: SUCCESS 4 in 0.375 seconds
[0m04:20:53.927131 [debug] [ThreadPool]: Re-using an available connection from the pool (formerly list_UPI_FRAUD_MONITORING, now list_UPI_FRAUD_MONITORING_TRANSFORM)
[0m04:20:53.941857 [debug] [ThreadPool]: Using snowflake connection "list_UPI_FRAUD_MONITORING_TRANSFORM"
[0m04:20:53.942497 [debug] [ThreadPool]: On list_UPI_FRAUD_MONITORING_TRANSFORM: /* {"app": "dbt", "dbt_version": "1.9.4", "profile_name": "default", "target_name": "dev", "connection_name": "list_UPI_FRAUD_MONITORING_TRANSFORM"} */
alter session set quoted_identifiers_ignore_case = false;
[0m04:20:53.943014 [debug] [ThreadPool]: Opening a new connection, currently in state init
[0m04:20:54.275291 [debug] [ThreadPool]: SQL status: SUCCESS 1 in 0.332 seconds
[0m04:20:54.280301 [debug] [ThreadPool]: Using snowflake connection "list_UPI_FRAUD_MONITORING_TRANSFORM"
[0m04:20:54.280988 [debug] [ThreadPool]: On list_UPI_FRAUD_MONITORING_TRANSFORM: /* {"app": "dbt", "dbt_version": "1.9.4", "profile_name": "default", "target_name": "dev", "connection_name": "list_UPI_FRAUD_MONITORING_TRANSFORM"} */
show objects in UPI_FRAUD_MONITORING.TRANSFORM
    limit 10000
    
;
[0m04:20:54.376292 [debug] [ThreadPool]: SQL status: SUCCESS 30 in 0.095 seconds
[0m04:20:54.379706 [debug] [ThreadPool]: Using snowflake connection "list_UPI_FRAUD_MONITORING_TRANSFORM"
[0m04:20:54.380301 [debug] [ThreadPool]: On list_UPI_FRAUD_MONITORING_TRANSFORM: /* {"app": "dbt", "dbt_version": "1.9.4", "profile_name": "default", "target_name": "dev", "connection_name": "list_UPI_FRAUD_MONITORING_TRANSFORM"} */
alter session unset quoted_identifiers_ignore_case;
[0m04:20:54.430045 [debug] [ThreadPool]: SQL status: SUCCESS 1 in 0.049 seconds
[0m04:20:54.451388 [debug] [Thread-2 (]: Began running node model.UPI_Fraud_Monitoring.sl_account
[0m04:20:54.452420 [info ] [Thread-2 (]: 1 of 1 START sql incremental model TRANSFORM.sl_account ........................ [RUN]
[0m04:20:54.453323 [debug] [Thread-2 (]: Re-using an available connection from the pool (formerly list_UPI_FRAUD_MONITORING_TRANSFORM, now model.UPI_Fraud_Monitoring.sl_account)
[0m04:20:54.453903 [debug] [Thread-2 (]: Began compiling node model.UPI_Fraud_Monitoring.sl_account
[0m04:20:54.470828 [debug] [Thread-2 (]: Writing injected SQL for node "model.UPI_Fraud_Monitoring.sl_account"
[0m04:20:54.471766 [debug] [Thread-2 (]: Began executing node model.UPI_Fraud_Monitoring.sl_account
[0m04:20:54.549914 [debug] [Thread-2 (]: Using snowflake connection "model.UPI_Fraud_Monitoring.sl_account"
[0m04:20:54.551033 [debug] [Thread-2 (]: On model.UPI_Fraud_Monitoring.sl_account: /* {"app": "dbt", "dbt_version": "1.9.4", "profile_name": "default", "target_name": "dev", "node_id": "model.UPI_Fraud_Monitoring.sl_account"} */
/* {"app": "dbt", "dbt_version": "1.9.4", "profile_name": "default", "target_name": "dev", "node_id": "model.UPI_Fraud_Monitoring.sl_account"} */
select * from (
        

with source as (
    select
        cast(ACCOUNT_ID as VARCHAR(50)) as ACCOUNT_ID,
        cast(CUSTOMER_ID as VARCHAR(50)) as CUSTOMER_ID,
        cast(ACCOUNT_TYPE as VARCHAR(30)) as ACCOUNT_TYPE,
        cast(ACCOUNT_STATUS as VARCHAR(30)) as ACCOUNT_STATUS,
        cast(CURRENT_BALANCE as NUMBER(18,2)) as CURRENT_BALANCE,
        cast(AVAILABLE_BALANCE as NUMBER(18,2)) as AVAILABLE_BALANCE,
        cast(OPEN_DATE as DATE) as OPEN_DATE,
        DATEDIFF(DAY, cast(OPEN_DATE as DATE), CURRENT_DATE) as ACCOUNT_AGE_DAYS,
        CREATED_LOAD_ID,
        CREATED_DATE_TIME
    from UPI_FRAUD_MONITORING.TRANSFORM.v_account
),

enriched as (
    select
        ACCOUNT_ID,
        CUSTOMER_ID,
        ACCOUNT_TYPE,
        ACCOUNT_STATUS,
        CURRENT_BALANCE,
        AVAILABLE_BALANCE,
        OPEN_DATE,
        ACCOUNT_AGE_DAYS,
        CASE
            WHEN ACCOUNT_AGE_DAYS < 30 THEN 'HIGH'
            WHEN CURRENT_BALANCE > 1000000 THEN 'MEDIUM'
            ELSE 'LOW'
        END as ACCOUNT_RISK_RATING,
        CREATED_LOAD_ID,
        CREATED_DATE_TIME
    from source
),

hashed as (
    select
        *,
        md5(
            coalesce(ACCOUNT_ID, '^') || '|' ||
            coalesce(CUSTOMER_ID, '^') || '|' ||
            coalesce(ACCOUNT_TYPE, '^') || '|' ||
            coalesce(ACCOUNT_STATUS, '^') || '|' ||
            coalesce(cast(CURRENT_BALANCE as VARCHAR), '^') || '|' ||
            coalesce(cast(AVAILABLE_BALANCE as VARCHAR), '^') || '|' ||
            coalesce(cast(OPEN_DATE as VARCHAR), '^') || '|' ||
            coalesce(ACCOUNT_RISK_RATING, '^')
        ) as HASH_DIFF,
        'Y' as IS_CURRENT,
        CURRENT_TIMESTAMP()::TIMESTAMP_NTZ as DBT_LOADED_AT
    from enriched
)



    select h.*
    from hashed h
    left join UPI_FRAUD_MONITORING.TRANSFORM.sl_account t
        on h.ACCOUNT_ID = t.ACCOUNT_ID and t.IS_CURRENT = 'Y'
    where t.ACCOUNT_ID is null or h.HASH_DIFF != t.HASH_DIFF


    ) as __dbt_sbq
    where false
    limit 0
[0m04:20:54.551948 [debug] [Thread-2 (]: Opening a new connection, currently in state init
[0m04:20:55.068696 [debug] [Thread-2 (]: SQL status: SUCCESS 0 in 0.516 seconds
[0m04:20:55.107655 [debug] [Thread-2 (]: Using snowflake connection "model.UPI_Fraud_Monitoring.sl_account"
[0m04:20:55.108740 [debug] [Thread-2 (]: On model.UPI_Fraud_Monitoring.sl_account: /* {"app": "dbt", "dbt_version": "1.9.4", "profile_name": "default", "target_name": "dev", "node_id": "model.UPI_Fraud_Monitoring.sl_account"} */
/* {"app": "dbt", "dbt_version": "1.9.4", "profile_name": "default", "target_name": "dev", "node_id": "model.UPI_Fraud_Monitoring.sl_account"} */
select * from (
        select
    
      
    cast(null as VARCHAR(50))
     as ACCOUNT_ID, 
      
    cast(null as VARCHAR(50))
     as CUSTOMER_ID, 
      
    cast(null as VARCHAR(30))
     as ACCOUNT_TYPE, 
      
    cast(null as VARCHAR(30))
     as ACCOUNT_STATUS, 
      
    cast(null as NUMBER(18,2))
     as CURRENT_BALANCE, 
      
    cast(null as NUMBER(18,2))
     as AVAILABLE_BALANCE, 
      
    cast(null as DATE)
     as OPEN_DATE, 
      
    cast(null as NUMBER(38,0))
     as ACCOUNT_AGE_DAYS, 
      
    cast(null as VARCHAR(20))
     as ACCOUNT_RISK_RATING, 
      
    cast(null as VARCHAR(16777216))
     as CREATED_LOAD_ID, 
      
    cast(null as TIMESTAMP_NTZ)
     as CREATED_DATE_TIME, 
      
    cast(null as VARCHAR(2000))
     as HASH_DIFF, 
      
    cast(null as VARCHAR(10))
     as IS_CURRENT, 
      
    cast(null as TIMESTAMP_NTZ)
     as DBT_LOADED_AT
    ) as __dbt_sbq
    where false
    limit 0
[0m04:20:55.170800 [debug] [Thread-2 (]: SQL status: SUCCESS 0 in 0.061 seconds
[0m04:20:55.186790 [debug] [Thread-2 (]: Using snowflake connection "model.UPI_Fraud_Monitoring.sl_account"
[0m04:20:55.187657 [debug] [Thread-2 (]: On model.UPI_Fraud_Monitoring.sl_account: /* {"app": "dbt", "dbt_version": "1.9.4", "profile_name": "default", "target_name": "dev", "node_id": "model.UPI_Fraud_Monitoring.sl_account"} */
create or replace  temporary view UPI_FRAUD_MONITORING.TRANSFORM.sl_account__dbt_tmp
  
   as (
    

with source as (
    select
        cast(ACCOUNT_ID as VARCHAR(50)) as ACCOUNT_ID,
        cast(CUSTOMER_ID as VARCHAR(50)) as CUSTOMER_ID,
        cast(ACCOUNT_TYPE as VARCHAR(30)) as ACCOUNT_TYPE,
        cast(ACCOUNT_STATUS as VARCHAR(30)) as ACCOUNT_STATUS,
        cast(CURRENT_BALANCE as NUMBER(18,2)) as CURRENT_BALANCE,
        cast(AVAILABLE_BALANCE as NUMBER(18,2)) as AVAILABLE_BALANCE,
        cast(OPEN_DATE as DATE) as OPEN_DATE,
        DATEDIFF(DAY, cast(OPEN_DATE as DATE), CURRENT_DATE) as ACCOUNT_AGE_DAYS,
        CREATED_LOAD_ID,
        CREATED_DATE_TIME
    from UPI_FRAUD_MONITORING.TRANSFORM.v_account
),

enriched as (
    select
        ACCOUNT_ID,
        CUSTOMER_ID,
        ACCOUNT_TYPE,
        ACCOUNT_STATUS,
        CURRENT_BALANCE,
        AVAILABLE_BALANCE,
        OPEN_DATE,
        ACCOUNT_AGE_DAYS,
        CASE
            WHEN ACCOUNT_AGE_DAYS < 30 THEN 'HIGH'
            WHEN CURRENT_BALANCE > 1000000 THEN 'MEDIUM'
            ELSE 'LOW'
        END as ACCOUNT_RISK_RATING,
        CREATED_LOAD_ID,
        CREATED_DATE_TIME
    from source
),

hashed as (
    select
        *,
        md5(
            coalesce(ACCOUNT_ID, '^') || '|' ||
            coalesce(CUSTOMER_ID, '^') || '|' ||
            coalesce(ACCOUNT_TYPE, '^') || '|' ||
            coalesce(ACCOUNT_STATUS, '^') || '|' ||
            coalesce(cast(CURRENT_BALANCE as VARCHAR), '^') || '|' ||
            coalesce(cast(AVAILABLE_BALANCE as VARCHAR), '^') || '|' ||
            coalesce(cast(OPEN_DATE as VARCHAR), '^') || '|' ||
            coalesce(ACCOUNT_RISK_RATING, '^')
        ) as HASH_DIFF,
        'Y' as IS_CURRENT,
        CURRENT_TIMESTAMP()::TIMESTAMP_NTZ as DBT_LOADED_AT
    from enriched
)



    select h.*
    from hashed h
    left join UPI_FRAUD_MONITORING.TRANSFORM.sl_account t
        on h.ACCOUNT_ID = t.ACCOUNT_ID and t.IS_CURRENT = 'Y'
    where t.ACCOUNT_ID is null or h.HASH_DIFF != t.HASH_DIFF


  );
[0m04:20:55.452962 [debug] [Thread-2 (]: SQL status: SUCCESS 1 in 0.264 seconds
[0m04:20:55.464305 [debug] [Thread-2 (]: Using snowflake connection "model.UPI_Fraud_Monitoring.sl_account"
[0m04:20:55.465072 [debug] [Thread-2 (]: On model.UPI_Fraud_Monitoring.sl_account: /* {"app": "dbt", "dbt_version": "1.9.4", "profile_name": "default", "target_name": "dev", "node_id": "model.UPI_Fraud_Monitoring.sl_account"} */
describe table UPI_FRAUD_MONITORING.TRANSFORM.sl_account__dbt_tmp
[0m04:20:55.523529 [debug] [Thread-2 (]: SQL status: SUCCESS 14 in 0.058 seconds
[0m04:20:55.530158 [debug] [Thread-2 (]: Using snowflake connection "model.UPI_Fraud_Monitoring.sl_account"
[0m04:20:55.530821 [debug] [Thread-2 (]: On model.UPI_Fraud_Monitoring.sl_account: /* {"app": "dbt", "dbt_version": "1.9.4", "profile_name": "default", "target_name": "dev", "node_id": "model.UPI_Fraud_Monitoring.sl_account"} */
describe table UPI_FRAUD_MONITORING.TRANSFORM.sl_account
[0m04:20:55.584818 [debug] [Thread-2 (]: SQL status: SUCCESS 14 in 0.053 seconds
[0m04:20:55.601342 [debug] [Thread-2 (]: Using snowflake connection "model.UPI_Fraud_Monitoring.sl_account"
[0m04:20:55.602153 [debug] [Thread-2 (]: On model.UPI_Fraud_Monitoring.sl_account: /* {"app": "dbt", "dbt_version": "1.9.4", "profile_name": "default", "target_name": "dev", "node_id": "model.UPI_Fraud_Monitoring.sl_account"} */
describe table UPI_FRAUD_MONITORING.TRANSFORM.sl_account__dbt_tmp
[0m04:20:55.885784 [debug] [Thread-2 (]: SQL status: SUCCESS 14 in 0.283 seconds
[0m04:20:55.891924 [debug] [Thread-2 (]: Using snowflake connection "model.UPI_Fraud_Monitoring.sl_account"
[0m04:20:55.892886 [debug] [Thread-2 (]: On model.UPI_Fraud_Monitoring.sl_account: /* {"app": "dbt", "dbt_version": "1.9.4", "profile_name": "default", "target_name": "dev", "node_id": "model.UPI_Fraud_Monitoring.sl_account"} */
describe table "UPI_FRAUD_MONITORING"."TRANSFORM"."SL_ACCOUNT"
[0m04:20:55.945944 [debug] [Thread-2 (]: SQL status: SUCCESS 14 in 0.052 seconds
[0m04:20:55.958434 [debug] [Thread-2 (]: 
    In "UPI_FRAUD_MONITORING"."TRANSFORM"."SL_ACCOUNT":
        Schema changed: True
        Source columns not in target: []
        Target columns not in source: []
        New column types: [{'column_name': 'ACCOUNT_AGE_DAYS', 'new_type': 'NUMBER(9,0)'}]
  
[0m04:20:55.967431 [debug] [Thread-2 (]: 
    In "UPI_FRAUD_MONITORING"."TRANSFORM"."SL_ACCOUNT":
        Schema change approach: append_new_columns
        Columns added: []
        Columns removed: 
        Data types changed: 
  
[0m04:20:55.980646 [debug] [Thread-2 (]: Writing runtime sql for node "model.UPI_Fraud_Monitoring.sl_account"
[0m04:20:55.981992 [debug] [Thread-2 (]: Using snowflake connection "model.UPI_Fraud_Monitoring.sl_account"
[0m04:20:55.982561 [debug] [Thread-2 (]: On model.UPI_Fraud_Monitoring.sl_account: /* {"app": "dbt", "dbt_version": "1.9.4", "profile_name": "default", "target_name": "dev", "node_id": "model.UPI_Fraud_Monitoring.sl_account"} */
BEGIN
[0m04:20:56.089717 [debug] [Thread-2 (]: SQL status: SUCCESS 1 in 0.106 seconds
[0m04:20:56.090484 [debug] [Thread-2 (]: Using snowflake connection "model.UPI_Fraud_Monitoring.sl_account"
[0m04:20:56.091142 [debug] [Thread-2 (]: On model.UPI_Fraud_Monitoring.sl_account: /* {"app": "dbt", "dbt_version": "1.9.4", "profile_name": "default", "target_name": "dev", "node_id": "model.UPI_Fraud_Monitoring.sl_account"} */
insert into UPI_FRAUD_MONITORING.TRANSFORM.sl_account ("ACCOUNT_ID", "CUSTOMER_ID", "ACCOUNT_TYPE", "ACCOUNT_STATUS", "CURRENT_BALANCE", "AVAILABLE_BALANCE", "OPEN_DATE", "ACCOUNT_AGE_DAYS", "ACCOUNT_RISK_RATING", "CREATED_LOAD_ID", "CREATED_DATE_TIME", "HASH_DIFF", "IS_CURRENT", "DBT_LOADED_AT")
    (
        select "ACCOUNT_ID", "CUSTOMER_ID", "ACCOUNT_TYPE", "ACCOUNT_STATUS", "CURRENT_BALANCE", "AVAILABLE_BALANCE", "OPEN_DATE", "ACCOUNT_AGE_DAYS", "ACCOUNT_RISK_RATING", "CREATED_LOAD_ID", "CREATED_DATE_TIME", "HASH_DIFF", "IS_CURRENT", "DBT_LOADED_AT"
        from UPI_FRAUD_MONITORING.TRANSFORM.sl_account__dbt_tmp
    )

;
[0m04:20:56.634966 [debug] [Thread-2 (]: SQL status: SUCCESS 1 in 0.543 seconds
[0m04:20:56.635816 [debug] [Thread-2 (]: Using snowflake connection "model.UPI_Fraud_Monitoring.sl_account"
[0m04:20:56.636500 [debug] [Thread-2 (]: On model.UPI_Fraud_Monitoring.sl_account: /* {"app": "dbt", "dbt_version": "1.9.4", "profile_name": "default", "target_name": "dev", "node_id": "model.UPI_Fraud_Monitoring.sl_account"} */
COMMIT
[0m04:20:56.907198 [debug] [Thread-2 (]: SQL status: SUCCESS 1 in 0.270 seconds
[0m04:20:56.919540 [debug] [Thread-2 (]: Applying DROP to: UPI_FRAUD_MONITORING.TRANSFORM.sl_account__dbt_tmp
[0m04:20:56.936554 [debug] [Thread-2 (]: Using snowflake connection "model.UPI_Fraud_Monitoring.sl_account"
[0m04:20:56.937228 [debug] [Thread-2 (]: On model.UPI_Fraud_Monitoring.sl_account: /* {"app": "dbt", "dbt_version": "1.9.4", "profile_name": "default", "target_name": "dev", "node_id": "model.UPI_Fraud_Monitoring.sl_account"} */
drop view if exists UPI_FRAUD_MONITORING.TRANSFORM.sl_account__dbt_tmp cascade
[0m04:20:57.024505 [debug] [Thread-2 (]: SQL status: SUCCESS 1 in 0.086 seconds
[0m04:20:57.027542 [debug] [Thread-2 (]: Using snowflake connection "model.UPI_Fraud_Monitoring.sl_account"
[0m04:20:57.028190 [debug] [Thread-2 (]: On model.UPI_Fraud_Monitoring.sl_account: /* {"app": "dbt", "dbt_version": "1.9.4", "profile_name": "default", "target_name": "dev", "node_id": "model.UPI_Fraud_Monitoring.sl_account"} */
UPDATE UPI_FRAUD_MONITORING.TRANSFORM.sl_account t
             SET t.IS_CURRENT = 'N'
             FROM (
                 SELECT ACCOUNT_ID, MAX(DBT_LOADED_AT) as LATEST_LOAD
                 FROM UPI_FRAUD_MONITORING.TRANSFORM.sl_account
                 WHERE IS_CURRENT = 'Y'
                 GROUP BY ACCOUNT_ID
                 HAVING COUNT(*) > 1
             ) dup
             WHERE t.ACCOUNT_ID = dup.ACCOUNT_ID
               AND t.IS_CURRENT = 'Y'
               AND t.DBT_LOADED_AT < dup.LATEST_LOAD
[0m04:20:57.399829 [debug] [Thread-2 (]: SQL status: SUCCESS 1 in 0.371 seconds
[0m04:20:57.424287 [info ] [Thread-2 (]: 1 of 1 OK created sql incremental model TRANSFORM.sl_account ................... [[32mSUCCESS 1[0m in 2.97s]
[0m04:20:57.425278 [debug] [Thread-2 (]: Finished running node model.UPI_Fraud_Monitoring.sl_account
[0m04:20:57.428780 [debug] [Dummy-1   ]: Connection 'master' was properly closed.
[0m04:20:57.429366 [debug] [Dummy-1   ]: Connection 'model.UPI_Fraud_Monitoring.sl_account' was properly closed.
[0m04:20:57.429837 [info ] [Dummy-1   ]: 
[0m04:20:57.430323 [info ] [Dummy-1   ]: Finished running 1 incremental model in 0 hours 0 minutes and 4.00 seconds (4.00s).
[0m04:20:57.431153 [debug] [Dummy-1   ]: Command end result
[0m04:20:57.467983 [debug] [Dummy-1   ]: Wrote artifact WritableManifest to /tmp/dbt/target/manifest.json
[0m04:20:57.470268 [debug] [Dummy-1   ]: Wrote artifact SemanticManifest to /tmp/dbt/target/semantic_manifest.json
[0m04:20:57.476884 [debug] [Dummy-1   ]: Wrote artifact RunExecutionResult to /tmp/dbt/target/run_results.json
[0m04:20:57.477385 [info ] [Dummy-1   ]: 
[0m04:20:57.477993 [info ] [Dummy-1   ]: [32mCompleted successfully[0m
[0m04:20:57.478442 [info ] [Dummy-1   ]: 
[0m04:20:57.478906 [info ] [Dummy-1   ]: Done. PASS=1 WARN=0 ERROR=0 SKIP=0 TOTAL=1
[0m04:20:57.480795 [debug] [Dummy-1   ]: Resource report: {"command_name": "run", "command_success": true, "command_wall_clock_time": 5.52489, "process_in_blocks": "0", "process_kernel_time": 0.97, "process_mem_max_rss": "468240", "process_out_blocks": "0", "process_user_time": 4.55}
[0m04:20:57.481471 [debug] [Dummy-1   ]: Command `cli run` succeeded at 04:20:57.481197 after 5.53 seconds
[0m04:20:57.482000 [debug] [Dummy-1   ]: Flushing usage events


============================== 04:23:46.798230 | 8a2e2210-ecff-4f82-adf9-66117193a080 ==============================
[0m04:23:46.798230 [info ] [Dummy-1   ]: Running with dbt=1.9.4
[0m04:23:46.799163 [debug] [Dummy-1   ]: running dbt with arguments {'printer_width': '80', 'indirect_selection': 'eager', 'log_cache_events': 'False', 'write_json': 'True', 'partial_parse': 'True', 'cache_selected_only': 'False', 'profiles_dir': '/tmp/dbt_effective_profiles_c8w2b65s', 'version_check': 'True', 'warn_error': 'None', 'log_path': '/tmp/dbt/logs', 'fail_fast': 'False', 'debug': 'False', 'use_colors': 'True', 'use_experimental_parser': 'False', 'empty': 'False', 'quiet': 'False', 'no_print': 'None', 'warn_error_options': 'WarnErrorOptions(include=[], exclude=[])', 'introspect': 'True', 'static_parser': 'True', 'log_format': 'default', 'target_path': 'None', 'invocation_command': 'dbt ', 'send_anonymous_usage_stats': 'False'}
[0m04:23:47.086016 [info ] [Dummy-1   ]: Registered adapter: snowflake=1.9.2
[0m04:23:47.616672 [debug] [Dummy-1   ]: checksum: 53ed91fada2233efb98368d1716b44ab532c83a9c293cf1890b7905d5b45fb25, vars: {}, profile: , target: dev, version: 1.9.4
[0m04:23:47.919606 [debug] [Dummy-1   ]: Partial parsing enabled: 0 files deleted, 0 files added, 0 files changed.
[0m04:23:47.920162 [debug] [Dummy-1   ]: Partial parsing enabled, no changes found, skipping parsing
[0m04:23:48.077455 [debug] [Dummy-1   ]: Wrote artifact WritableManifest to /tmp/dbt/target/manifest.json
[0m04:23:48.079789 [debug] [Dummy-1   ]: Wrote artifact SemanticManifest to /tmp/dbt/target/semantic_manifest.json
[0m04:23:48.128777 [info ] [Dummy-1   ]: Found 30 models, 20 data tests, 10 sources, 478 macros
[0m04:23:48.131298 [info ] [Dummy-1   ]: 
[0m04:23:48.131919 [info ] [Dummy-1   ]: Concurrency: 4 threads (target='dev')
[0m04:23:48.132474 [info ] [Dummy-1   ]: 
[0m04:23:48.133306 [debug] [Dummy-1   ]: Acquiring new snowflake connection 'master'
[0m04:23:48.135610 [debug] [ThreadPool]: Acquiring new snowflake connection 'list_UPI_FRAUD_MONITORING'
[0m04:23:48.241583 [debug] [ThreadPool]: Using snowflake connection "list_UPI_FRAUD_MONITORING"
[0m04:23:48.242162 [debug] [ThreadPool]: On list_UPI_FRAUD_MONITORING: /* {"app": "dbt", "dbt_version": "1.9.4", "profile_name": "default", "target_name": "dev", "connection_name": "list_UPI_FRAUD_MONITORING"} */
show terse schemas in database UPI_FRAUD_MONITORING
    limit 10000
[0m04:23:48.242605 [debug] [ThreadPool]: Opening a new connection, currently in state init
[0m04:23:48.667450 [debug] [ThreadPool]: SQL status: SUCCESS 4 in 0.425 seconds
[0m04:23:48.677270 [debug] [ThreadPool]: Re-using an available connection from the pool (formerly list_UPI_FRAUD_MONITORING, now list_UPI_FRAUD_MONITORING_TRANSFORM)
[0m04:23:48.691662 [debug] [ThreadPool]: Using snowflake connection "list_UPI_FRAUD_MONITORING_TRANSFORM"
[0m04:23:48.692288 [debug] [ThreadPool]: On list_UPI_FRAUD_MONITORING_TRANSFORM: /* {"app": "dbt", "dbt_version": "1.9.4", "profile_name": "default", "target_name": "dev", "connection_name": "list_UPI_FRAUD_MONITORING_TRANSFORM"} */
alter session set quoted_identifiers_ignore_case = false;
[0m04:23:48.692835 [debug] [ThreadPool]: Opening a new connection, currently in state init
[0m04:23:49.028935 [debug] [ThreadPool]: SQL status: SUCCESS 1 in 0.336 seconds
[0m04:23:49.033552 [debug] [ThreadPool]: Using snowflake connection "list_UPI_FRAUD_MONITORING_TRANSFORM"
[0m04:23:49.034117 [debug] [ThreadPool]: On list_UPI_FRAUD_MONITORING_TRANSFORM: /* {"app": "dbt", "dbt_version": "1.9.4", "profile_name": "default", "target_name": "dev", "connection_name": "list_UPI_FRAUD_MONITORING_TRANSFORM"} */
show objects in UPI_FRAUD_MONITORING.TRANSFORM
    limit 10000
    
;
[0m04:23:49.153106 [debug] [ThreadPool]: SQL status: SUCCESS 30 in 0.118 seconds
[0m04:23:49.156238 [debug] [ThreadPool]: Using snowflake connection "list_UPI_FRAUD_MONITORING_TRANSFORM"
[0m04:23:49.156874 [debug] [ThreadPool]: On list_UPI_FRAUD_MONITORING_TRANSFORM: /* {"app": "dbt", "dbt_version": "1.9.4", "profile_name": "default", "target_name": "dev", "connection_name": "list_UPI_FRAUD_MONITORING_TRANSFORM"} */
alter session unset quoted_identifiers_ignore_case;
[0m04:23:49.216431 [debug] [ThreadPool]: SQL status: SUCCESS 1 in 0.059 seconds
[0m04:23:49.236016 [debug] [Thread-2 (]: Began running node model.UPI_Fraud_Monitoring.sl_account
[0m04:23:49.236881 [info ] [Thread-2 (]: 1 of 1 START sql incremental model TRANSFORM.sl_account ........................ [RUN]
[0m04:23:49.237562 [debug] [Thread-2 (]: Re-using an available connection from the pool (formerly list_UPI_FRAUD_MONITORING_TRANSFORM, now model.UPI_Fraud_Monitoring.sl_account)
[0m04:23:49.238040 [debug] [Thread-2 (]: Began compiling node model.UPI_Fraud_Monitoring.sl_account
[0m04:23:49.253604 [debug] [Thread-2 (]: Writing injected SQL for node "model.UPI_Fraud_Monitoring.sl_account"
[0m04:23:49.254410 [debug] [Thread-2 (]: Began executing node model.UPI_Fraud_Monitoring.sl_account
[0m04:23:49.326901 [debug] [Thread-2 (]: Using snowflake connection "model.UPI_Fraud_Monitoring.sl_account"
[0m04:23:49.327932 [debug] [Thread-2 (]: On model.UPI_Fraud_Monitoring.sl_account: /* {"app": "dbt", "dbt_version": "1.9.4", "profile_name": "default", "target_name": "dev", "node_id": "model.UPI_Fraud_Monitoring.sl_account"} */
/* {"app": "dbt", "dbt_version": "1.9.4", "profile_name": "default", "target_name": "dev", "node_id": "model.UPI_Fraud_Monitoring.sl_account"} */
select * from (
        

with source as (
    select
        cast(ACCOUNT_ID as VARCHAR(50)) as ACCOUNT_ID,
        cast(CUSTOMER_ID as VARCHAR(50)) as CUSTOMER_ID,
        cast(ACCOUNT_TYPE as VARCHAR(30)) as ACCOUNT_TYPE,
        cast(ACCOUNT_STATUS as VARCHAR(30)) as ACCOUNT_STATUS,
        cast(CURRENT_BALANCE as NUMBER(18,2)) as CURRENT_BALANCE,
        cast(AVAILABLE_BALANCE as NUMBER(18,2)) as AVAILABLE_BALANCE,
        cast(OPEN_DATE as DATE) as OPEN_DATE,
        DATEDIFF(DAY, cast(OPEN_DATE as DATE), CURRENT_DATE) as ACCOUNT_AGE_DAYS,
        CREATED_LOAD_ID,
        CREATED_DATE_TIME
    from UPI_FRAUD_MONITORING.TRANSFORM.v_account
),

enriched as (
    select
        ACCOUNT_ID,
        CUSTOMER_ID,
        ACCOUNT_TYPE,
        ACCOUNT_STATUS,
        CURRENT_BALANCE,
        AVAILABLE_BALANCE,
        OPEN_DATE,
        ACCOUNT_AGE_DAYS,
        CASE
            WHEN ACCOUNT_AGE_DAYS < 30 THEN 'HIGH'
            WHEN CURRENT_BALANCE > 1000000 THEN 'MEDIUM'
            ELSE 'LOW'
        END as ACCOUNT_RISK_RATING,
        CREATED_LOAD_ID,
        CREATED_DATE_TIME
    from source
),

hashed as (
    select
        *,
        md5(
            coalesce(ACCOUNT_ID, '^') || '|' ||
            coalesce(CUSTOMER_ID, '^') || '|' ||
            coalesce(ACCOUNT_TYPE, '^') || '|' ||
            coalesce(ACCOUNT_STATUS, '^') || '|' ||
            coalesce(cast(CURRENT_BALANCE as VARCHAR), '^') || '|' ||
            coalesce(cast(AVAILABLE_BALANCE as VARCHAR), '^') || '|' ||
            coalesce(cast(OPEN_DATE as VARCHAR), '^') || '|' ||
            coalesce(ACCOUNT_RISK_RATING, '^')
        ) as HASH_DIFF,
        'Y' as IS_CURRENT,
        CURRENT_TIMESTAMP()::TIMESTAMP_NTZ as DBT_LOADED_AT
    from enriched
)



    select h.*
    from hashed h
    left join UPI_FRAUD_MONITORING.TRANSFORM.sl_account t
        on h.ACCOUNT_ID = t.ACCOUNT_ID and t.IS_CURRENT = 'Y'
    where t.ACCOUNT_ID is null or h.HASH_DIFF != t.HASH_DIFF


    ) as __dbt_sbq
    where false
    limit 0
[0m04:23:49.328989 [debug] [Thread-2 (]: Opening a new connection, currently in state init
[0m04:23:49.901185 [debug] [Thread-2 (]: SQL status: SUCCESS 0 in 0.572 seconds
[0m04:23:49.939334 [debug] [Thread-2 (]: Using snowflake connection "model.UPI_Fraud_Monitoring.sl_account"
[0m04:23:49.940253 [debug] [Thread-2 (]: On model.UPI_Fraud_Monitoring.sl_account: /* {"app": "dbt", "dbt_version": "1.9.4", "profile_name": "default", "target_name": "dev", "node_id": "model.UPI_Fraud_Monitoring.sl_account"} */
/* {"app": "dbt", "dbt_version": "1.9.4", "profile_name": "default", "target_name": "dev", "node_id": "model.UPI_Fraud_Monitoring.sl_account"} */
select * from (
        select
    
      
    cast(null as VARCHAR(50))
     as ACCOUNT_ID, 
      
    cast(null as VARCHAR(50))
     as CUSTOMER_ID, 
      
    cast(null as VARCHAR(30))
     as ACCOUNT_TYPE, 
      
    cast(null as VARCHAR(30))
     as ACCOUNT_STATUS, 
      
    cast(null as NUMBER(18,2))
     as CURRENT_BALANCE, 
      
    cast(null as NUMBER(18,2))
     as AVAILABLE_BALANCE, 
      
    cast(null as DATE)
     as OPEN_DATE, 
      
    cast(null as NUMBER(38,0))
     as ACCOUNT_AGE_DAYS, 
      
    cast(null as VARCHAR(20))
     as ACCOUNT_RISK_RATING, 
      
    cast(null as VARCHAR(16777216))
     as CREATED_LOAD_ID, 
      
    cast(null as TIMESTAMP_NTZ)
     as CREATED_DATE_TIME, 
      
    cast(null as VARCHAR(2000))
     as HASH_DIFF, 
      
    cast(null as VARCHAR(10))
     as IS_CURRENT, 
      
    cast(null as TIMESTAMP_NTZ)
     as DBT_LOADED_AT
    ) as __dbt_sbq
    where false
    limit 0
[0m04:23:50.005427 [debug] [Thread-2 (]: SQL status: SUCCESS 0 in 0.064 seconds
[0m04:23:50.021145 [debug] [Thread-2 (]: Using snowflake connection "model.UPI_Fraud_Monitoring.sl_account"
[0m04:23:50.021895 [debug] [Thread-2 (]: On model.UPI_Fraud_Monitoring.sl_account: /* {"app": "dbt", "dbt_version": "1.9.4", "profile_name": "default", "target_name": "dev", "node_id": "model.UPI_Fraud_Monitoring.sl_account"} */
create or replace  temporary view UPI_FRAUD_MONITORING.TRANSFORM.sl_account__dbt_tmp
  
   as (
    

with source as (
    select
        cast(ACCOUNT_ID as VARCHAR(50)) as ACCOUNT_ID,
        cast(CUSTOMER_ID as VARCHAR(50)) as CUSTOMER_ID,
        cast(ACCOUNT_TYPE as VARCHAR(30)) as ACCOUNT_TYPE,
        cast(ACCOUNT_STATUS as VARCHAR(30)) as ACCOUNT_STATUS,
        cast(CURRENT_BALANCE as NUMBER(18,2)) as CURRENT_BALANCE,
        cast(AVAILABLE_BALANCE as NUMBER(18,2)) as AVAILABLE_BALANCE,
        cast(OPEN_DATE as DATE) as OPEN_DATE,
        DATEDIFF(DAY, cast(OPEN_DATE as DATE), CURRENT_DATE) as ACCOUNT_AGE_DAYS,
        CREATED_LOAD_ID,
        CREATED_DATE_TIME
    from UPI_FRAUD_MONITORING.TRANSFORM.v_account
),

enriched as (
    select
        ACCOUNT_ID,
        CUSTOMER_ID,
        ACCOUNT_TYPE,
        ACCOUNT_STATUS,
        CURRENT_BALANCE,
        AVAILABLE_BALANCE,
        OPEN_DATE,
        ACCOUNT_AGE_DAYS,
        CASE
            WHEN ACCOUNT_AGE_DAYS < 30 THEN 'HIGH'
            WHEN CURRENT_BALANCE > 1000000 THEN 'MEDIUM'
            ELSE 'LOW'
        END as ACCOUNT_RISK_RATING,
        CREATED_LOAD_ID,
        CREATED_DATE_TIME
    from source
),

hashed as (
    select
        *,
        md5(
            coalesce(ACCOUNT_ID, '^') || '|' ||
            coalesce(CUSTOMER_ID, '^') || '|' ||
            coalesce(ACCOUNT_TYPE, '^') || '|' ||
            coalesce(ACCOUNT_STATUS, '^') || '|' ||
            coalesce(cast(CURRENT_BALANCE as VARCHAR), '^') || '|' ||
            coalesce(cast(AVAILABLE_BALANCE as VARCHAR), '^') || '|' ||
            coalesce(cast(OPEN_DATE as VARCHAR), '^') || '|' ||
            coalesce(ACCOUNT_RISK_RATING, '^')
        ) as HASH_DIFF,
        'Y' as IS_CURRENT,
        CURRENT_TIMESTAMP()::TIMESTAMP_NTZ as DBT_LOADED_AT
    from enriched
)



    select h.*
    from hashed h
    left join UPI_FRAUD_MONITORING.TRANSFORM.sl_account t
        on h.ACCOUNT_ID = t.ACCOUNT_ID and t.IS_CURRENT = 'Y'
    where t.ACCOUNT_ID is null or h.HASH_DIFF != t.HASH_DIFF


  );
[0m04:23:50.290167 [debug] [Thread-2 (]: SQL status: SUCCESS 1 in 0.268 seconds
[0m04:23:50.300655 [debug] [Thread-2 (]: Using snowflake connection "model.UPI_Fraud_Monitoring.sl_account"
[0m04:23:50.301233 [debug] [Thread-2 (]: On model.UPI_Fraud_Monitoring.sl_account: /* {"app": "dbt", "dbt_version": "1.9.4", "profile_name": "default", "target_name": "dev", "node_id": "model.UPI_Fraud_Monitoring.sl_account"} */
describe table UPI_FRAUD_MONITORING.TRANSFORM.sl_account__dbt_tmp
[0m04:23:50.368697 [debug] [Thread-2 (]: SQL status: SUCCESS 14 in 0.067 seconds
[0m04:23:50.374474 [debug] [Thread-2 (]: Using snowflake connection "model.UPI_Fraud_Monitoring.sl_account"
[0m04:23:50.375055 [debug] [Thread-2 (]: On model.UPI_Fraud_Monitoring.sl_account: /* {"app": "dbt", "dbt_version": "1.9.4", "profile_name": "default", "target_name": "dev", "node_id": "model.UPI_Fraud_Monitoring.sl_account"} */
describe table UPI_FRAUD_MONITORING.TRANSFORM.sl_account
[0m04:23:50.417258 [debug] [Thread-2 (]: SQL status: SUCCESS 14 in 0.042 seconds
[0m04:23:50.432603 [debug] [Thread-2 (]: Using snowflake connection "model.UPI_Fraud_Monitoring.sl_account"
[0m04:23:50.433405 [debug] [Thread-2 (]: On model.UPI_Fraud_Monitoring.sl_account: /* {"app": "dbt", "dbt_version": "1.9.4", "profile_name": "default", "target_name": "dev", "node_id": "model.UPI_Fraud_Monitoring.sl_account"} */
describe table UPI_FRAUD_MONITORING.TRANSFORM.sl_account__dbt_tmp
[0m04:23:50.490257 [debug] [Thread-2 (]: SQL status: SUCCESS 14 in 0.056 seconds
[0m04:23:50.495617 [debug] [Thread-2 (]: Using snowflake connection "model.UPI_Fraud_Monitoring.sl_account"
[0m04:23:50.496415 [debug] [Thread-2 (]: On model.UPI_Fraud_Monitoring.sl_account: /* {"app": "dbt", "dbt_version": "1.9.4", "profile_name": "default", "target_name": "dev", "node_id": "model.UPI_Fraud_Monitoring.sl_account"} */
describe table "UPI_FRAUD_MONITORING"."TRANSFORM"."SL_ACCOUNT"
[0m04:23:50.555022 [debug] [Thread-2 (]: SQL status: SUCCESS 14 in 0.058 seconds
[0m04:23:50.566571 [debug] [Thread-2 (]: 
    In "UPI_FRAUD_MONITORING"."TRANSFORM"."SL_ACCOUNT":
        Schema changed: True
        Source columns not in target: []
        Target columns not in source: []
        New column types: [{'column_name': 'ACCOUNT_AGE_DAYS', 'new_type': 'NUMBER(9,0)'}]
  
[0m04:23:50.574665 [debug] [Thread-2 (]: 
    In "UPI_FRAUD_MONITORING"."TRANSFORM"."SL_ACCOUNT":
        Schema change approach: append_new_columns
        Columns added: []
        Columns removed: 
        Data types changed: 
  
[0m04:23:50.586363 [debug] [Thread-2 (]: Writing runtime sql for node "model.UPI_Fraud_Monitoring.sl_account"
[0m04:23:50.587557 [debug] [Thread-2 (]: Using snowflake connection "model.UPI_Fraud_Monitoring.sl_account"
[0m04:23:50.588061 [debug] [Thread-2 (]: On model.UPI_Fraud_Monitoring.sl_account: /* {"app": "dbt", "dbt_version": "1.9.4", "profile_name": "default", "target_name": "dev", "node_id": "model.UPI_Fraud_Monitoring.sl_account"} */
BEGIN
[0m04:23:50.667841 [debug] [Thread-2 (]: SQL status: SUCCESS 1 in 0.079 seconds
[0m04:23:50.668517 [debug] [Thread-2 (]: Using snowflake connection "model.UPI_Fraud_Monitoring.sl_account"
[0m04:23:50.669057 [debug] [Thread-2 (]: On model.UPI_Fraud_Monitoring.sl_account: /* {"app": "dbt", "dbt_version": "1.9.4", "profile_name": "default", "target_name": "dev", "node_id": "model.UPI_Fraud_Monitoring.sl_account"} */
insert into UPI_FRAUD_MONITORING.TRANSFORM.sl_account ("ACCOUNT_ID", "CUSTOMER_ID", "ACCOUNT_TYPE", "ACCOUNT_STATUS", "CURRENT_BALANCE", "AVAILABLE_BALANCE", "OPEN_DATE", "ACCOUNT_AGE_DAYS", "ACCOUNT_RISK_RATING", "CREATED_LOAD_ID", "CREATED_DATE_TIME", "HASH_DIFF", "IS_CURRENT", "DBT_LOADED_AT")
    (
        select "ACCOUNT_ID", "CUSTOMER_ID", "ACCOUNT_TYPE", "ACCOUNT_STATUS", "CURRENT_BALANCE", "AVAILABLE_BALANCE", "OPEN_DATE", "ACCOUNT_AGE_DAYS", "ACCOUNT_RISK_RATING", "CREATED_LOAD_ID", "CREATED_DATE_TIME", "HASH_DIFF", "IS_CURRENT", "DBT_LOADED_AT"
        from UPI_FRAUD_MONITORING.TRANSFORM.sl_account__dbt_tmp
    )

;
[0m04:23:51.346462 [debug] [Thread-2 (]: SQL status: SUCCESS 0 in 0.677 seconds
[0m04:23:51.347172 [debug] [Thread-2 (]: Using snowflake connection "model.UPI_Fraud_Monitoring.sl_account"
[0m04:23:51.347688 [debug] [Thread-2 (]: On model.UPI_Fraud_Monitoring.sl_account: /* {"app": "dbt", "dbt_version": "1.9.4", "profile_name": "default", "target_name": "dev", "node_id": "model.UPI_Fraud_Monitoring.sl_account"} */
COMMIT
[0m04:23:51.601338 [debug] [Thread-2 (]: SQL status: SUCCESS 1 in 0.253 seconds
[0m04:23:51.612435 [debug] [Thread-2 (]: Applying DROP to: UPI_FRAUD_MONITORING.TRANSFORM.sl_account__dbt_tmp
[0m04:23:51.628261 [debug] [Thread-2 (]: Using snowflake connection "model.UPI_Fraud_Monitoring.sl_account"
[0m04:23:51.628902 [debug] [Thread-2 (]: On model.UPI_Fraud_Monitoring.sl_account: /* {"app": "dbt", "dbt_version": "1.9.4", "profile_name": "default", "target_name": "dev", "node_id": "model.UPI_Fraud_Monitoring.sl_account"} */
drop view if exists UPI_FRAUD_MONITORING.TRANSFORM.sl_account__dbt_tmp cascade
[0m04:23:51.737677 [debug] [Thread-2 (]: SQL status: SUCCESS 1 in 0.108 seconds
[0m04:23:51.740592 [debug] [Thread-2 (]: Using snowflake connection "model.UPI_Fraud_Monitoring.sl_account"
[0m04:23:51.741130 [debug] [Thread-2 (]: On model.UPI_Fraud_Monitoring.sl_account: /* {"app": "dbt", "dbt_version": "1.9.4", "profile_name": "default", "target_name": "dev", "node_id": "model.UPI_Fraud_Monitoring.sl_account"} */
UPDATE UPI_FRAUD_MONITORING.TRANSFORM.sl_account t
             SET t.IS_CURRENT = 'N'
             FROM (
                 SELECT ACCOUNT_ID, MAX(DBT_LOADED_AT) as LATEST_LOAD
                 FROM UPI_FRAUD_MONITORING.TRANSFORM.sl_account
                 WHERE IS_CURRENT = 'Y'
                 GROUP BY ACCOUNT_ID
                 HAVING COUNT(*) > 1
             ) dup
             WHERE t.ACCOUNT_ID = dup.ACCOUNT_ID
               AND t.IS_CURRENT = 'Y'
               AND t.DBT_LOADED_AT < dup.LATEST_LOAD
[0m04:23:52.055977 [debug] [Thread-2 (]: SQL status: SUCCESS 0 in 0.314 seconds
[0m04:23:52.077803 [info ] [Thread-2 (]: 1 of 1 OK created sql incremental model TRANSFORM.sl_account ................... [[32mSUCCESS 0[0m in 2.84s]
[0m04:23:52.078591 [debug] [Thread-2 (]: Finished running node model.UPI_Fraud_Monitoring.sl_account
[0m04:23:52.082044 [debug] [Dummy-1   ]: Connection 'master' was properly closed.
[0m04:23:52.082506 [debug] [Dummy-1   ]: Connection 'model.UPI_Fraud_Monitoring.sl_account' was properly closed.
[0m04:23:52.082927 [info ] [Dummy-1   ]: 
[0m04:23:52.083348 [info ] [Dummy-1   ]: Finished running 1 incremental model in 0 hours 0 minutes and 3.95 seconds (3.95s).
[0m04:23:52.084057 [debug] [Dummy-1   ]: Command end result
[0m04:23:52.118723 [debug] [Dummy-1   ]: Wrote artifact WritableManifest to /tmp/dbt/target/manifest.json
[0m04:23:52.120582 [debug] [Dummy-1   ]: Wrote artifact SemanticManifest to /tmp/dbt/target/semantic_manifest.json
[0m04:23:52.126284 [debug] [Dummy-1   ]: Wrote artifact RunExecutionResult to /tmp/dbt/target/run_results.json
[0m04:23:52.126728 [info ] [Dummy-1   ]: 
[0m04:23:52.127327 [info ] [Dummy-1   ]: [32mCompleted successfully[0m
[0m04:23:52.127752 [info ] [Dummy-1   ]: 
[0m04:23:52.128204 [info ] [Dummy-1   ]: Done. PASS=1 WARN=0 ERROR=0 SKIP=0 TOTAL=1
[0m04:23:52.129846 [debug] [Dummy-1   ]: Resource report: {"command_name": "run", "command_success": true, "command_wall_clock_time": 5.4077516, "process_in_blocks": "0", "process_kernel_time": 0.99, "process_mem_max_rss": "454736", "process_out_blocks": "0", "process_user_time": 4.23}
[0m04:23:52.130409 [debug] [Dummy-1   ]: Command `cli run` succeeded at 04:23:52.130183 after 5.41 seconds
[0m04:23:52.130891 [debug] [Dummy-1   ]: Flushing usage events


============================== 04:24:59.301370 | feeee308-67f1-4600-b97b-5c6d571070f0 ==============================
[0m04:24:59.301370 [info ] [Dummy-1   ]: Running with dbt=1.9.4
[0m04:24:59.302196 [debug] [Dummy-1   ]: running dbt with arguments {'printer_width': '80', 'indirect_selection': 'eager', 'write_json': 'True', 'log_cache_events': 'False', 'partial_parse': 'True', 'cache_selected_only': 'False', 'warn_error': 'None', 'fail_fast': 'False', 'version_check': 'True', 'log_path': '/tmp/dbt/logs', 'debug': 'False', 'profiles_dir': '/tmp/dbt_effective_profiles_v6li_jyb', 'use_colors': 'True', 'use_experimental_parser': 'False', 'no_print': 'None', 'quiet': 'False', 'empty': 'False', 'log_format': 'default', 'invocation_command': 'dbt ', 'introspect': 'True', 'warn_error_options': 'WarnErrorOptions(include=[], exclude=[])', 'target_path': 'None', 'static_parser': 'True', 'send_anonymous_usage_stats': 'False'}
[0m04:24:59.575270 [info ] [Dummy-1   ]: Registered adapter: snowflake=1.9.2
[0m04:25:00.122353 [debug] [Dummy-1   ]: checksum: 53ed91fada2233efb98368d1716b44ab532c83a9c293cf1890b7905d5b45fb25, vars: {}, profile: , target: dev, version: 1.9.4
[0m04:25:00.411638 [debug] [Dummy-1   ]: Partial parsing enabled: 0 files deleted, 0 files added, 2 files changed.
[0m04:25:00.413399 [debug] [Dummy-1   ]: Partial parsing: updated file: UPI_Fraud_Monitoring://models/schema.yml
[0m04:25:00.413981 [debug] [Dummy-1   ]: Partial parsing: updated file: UPI_Fraud_Monitoring://models/silver/sl_account.sql
[0m04:25:01.093429 [debug] [Dummy-1   ]: Wrote artifact WritableManifest to /tmp/dbt/target/manifest.json
[0m04:25:01.095704 [debug] [Dummy-1   ]: Wrote artifact SemanticManifest to /tmp/dbt/target/semantic_manifest.json
[0m04:25:01.139143 [info ] [Dummy-1   ]: Found 30 models, 20 data tests, 10 sources, 478 macros
[0m04:25:01.141461 [info ] [Dummy-1   ]: 
[0m04:25:01.141934 [info ] [Dummy-1   ]: Concurrency: 4 threads (target='dev')
[0m04:25:01.142377 [info ] [Dummy-1   ]: 
[0m04:25:01.143074 [debug] [Dummy-1   ]: Acquiring new snowflake connection 'master'
[0m04:25:01.145203 [debug] [ThreadPool]: Acquiring new snowflake connection 'list_UPI_FRAUD_MONITORING'
[0m04:25:01.227903 [debug] [ThreadPool]: Using snowflake connection "list_UPI_FRAUD_MONITORING"
[0m04:25:01.228547 [debug] [ThreadPool]: On list_UPI_FRAUD_MONITORING: /* {"app": "dbt", "dbt_version": "1.9.4", "profile_name": "default", "target_name": "dev", "connection_name": "list_UPI_FRAUD_MONITORING"} */
show terse schemas in database UPI_FRAUD_MONITORING
    limit 10000
[0m04:25:01.228997 [debug] [ThreadPool]: Opening a new connection, currently in state init
[0m04:25:01.614264 [debug] [ThreadPool]: SQL status: SUCCESS 4 in 0.385 seconds
[0m04:25:01.623598 [debug] [ThreadPool]: Re-using an available connection from the pool (formerly list_UPI_FRAUD_MONITORING, now list_UPI_FRAUD_MONITORING_TRANSFORM)
[0m04:25:01.636130 [debug] [ThreadPool]: Using snowflake connection "list_UPI_FRAUD_MONITORING_TRANSFORM"
[0m04:25:01.636740 [debug] [ThreadPool]: On list_UPI_FRAUD_MONITORING_TRANSFORM: /* {"app": "dbt", "dbt_version": "1.9.4", "profile_name": "default", "target_name": "dev", "connection_name": "list_UPI_FRAUD_MONITORING_TRANSFORM"} */
alter session set quoted_identifiers_ignore_case = false;
[0m04:25:01.637169 [debug] [ThreadPool]: Opening a new connection, currently in state init
[0m04:25:02.014363 [debug] [ThreadPool]: SQL status: SUCCESS 1 in 0.377 seconds
[0m04:25:02.018967 [debug] [ThreadPool]: Using snowflake connection "list_UPI_FRAUD_MONITORING_TRANSFORM"
[0m04:25:02.019519 [debug] [ThreadPool]: On list_UPI_FRAUD_MONITORING_TRANSFORM: /* {"app": "dbt", "dbt_version": "1.9.4", "profile_name": "default", "target_name": "dev", "connection_name": "list_UPI_FRAUD_MONITORING_TRANSFORM"} */
show objects in UPI_FRAUD_MONITORING.TRANSFORM
    limit 10000
    
;
[0m04:25:02.123780 [debug] [ThreadPool]: SQL status: SUCCESS 30 in 0.104 seconds
[0m04:25:02.126884 [debug] [ThreadPool]: Using snowflake connection "list_UPI_FRAUD_MONITORING_TRANSFORM"
[0m04:25:02.127394 [debug] [ThreadPool]: On list_UPI_FRAUD_MONITORING_TRANSFORM: /* {"app": "dbt", "dbt_version": "1.9.4", "profile_name": "default", "target_name": "dev", "connection_name": "list_UPI_FRAUD_MONITORING_TRANSFORM"} */
alter session unset quoted_identifiers_ignore_case;
[0m04:25:02.190062 [debug] [ThreadPool]: SQL status: SUCCESS 1 in 0.062 seconds
[0m04:25:02.210903 [debug] [Thread-2 (]: Began running node model.UPI_Fraud_Monitoring.sl_account
[0m04:25:02.211749 [info ] [Thread-2 (]: 1 of 1 START sql incremental model TRANSFORM.sl_account ........................ [RUN]
[0m04:25:02.212542 [debug] [Thread-2 (]: Re-using an available connection from the pool (formerly list_UPI_FRAUD_MONITORING_TRANSFORM, now model.UPI_Fraud_Monitoring.sl_account)
[0m04:25:02.213087 [debug] [Thread-2 (]: Began compiling node model.UPI_Fraud_Monitoring.sl_account
[0m04:25:02.225618 [debug] [Thread-2 (]: Writing injected SQL for node "model.UPI_Fraud_Monitoring.sl_account"
[0m04:25:02.226455 [debug] [Thread-2 (]: Began executing node model.UPI_Fraud_Monitoring.sl_account
[0m04:25:02.406188 [debug] [Thread-2 (]: Using snowflake connection "model.UPI_Fraud_Monitoring.sl_account"
[0m04:25:02.407499 [debug] [Thread-2 (]: On model.UPI_Fraud_Monitoring.sl_account: /* {"app": "dbt", "dbt_version": "1.9.4", "profile_name": "default", "target_name": "dev", "node_id": "model.UPI_Fraud_Monitoring.sl_account"} */
/* {"app": "dbt", "dbt_version": "1.9.4", "profile_name": "default", "target_name": "dev", "node_id": "model.UPI_Fraud_Monitoring.sl_account"} */
select * from (
        

with source as (
    select
        cast(ACCOUNT_ID as VARCHAR(50)) as ACCOUNT_ID,
        cast(CUSTOMER_ID as VARCHAR(50)) as CUSTOMER_ID,
        cast(ACCOUNT_TYPE as VARCHAR(30)) as ACCOUNT_TYPE,
        cast(ACCOUNT_STATUS as VARCHAR(30)) as ACCOUNT_STATUS,
        cast(CURRENT_BALANCE as NUMBER(18,2)) as CURRENT_BALANCE,
        cast(AVAILABLE_BALANCE as NUMBER(18,2)) as AVAILABLE_BALANCE,
        cast(OPEN_DATE as DATE) as OPEN_DATE,
        DATEDIFF(DAY, cast(OPEN_DATE as DATE), CURRENT_DATE) as ACCOUNT_AGE_DAYS,
        CREATED_LOAD_ID,
        CREATED_DATE_TIME
    from UPI_FRAUD_MONITORING.TRANSFORM.v_account
),

enriched as (
    select
        ACCOUNT_ID,
        CUSTOMER_ID,
        ACCOUNT_TYPE,
        ACCOUNT_STATUS,
        CURRENT_BALANCE,
        AVAILABLE_BALANCE,
        OPEN_DATE,
        ACCOUNT_AGE_DAYS,
        CASE
            WHEN ACCOUNT_AGE_DAYS < 30 THEN 'HIGH'
            WHEN CURRENT_BALANCE > 1000000 THEN 'MEDIUM'
            ELSE 'LOW'
        END as ACCOUNT_RISK_RATING,
        CREATED_LOAD_ID,
        CREATED_DATE_TIME
    from source
),

hashed as (
    select
        *,
        md5(
            coalesce(ACCOUNT_ID, '^') || '|' ||
            coalesce(CUSTOMER_ID, '^') || '|' ||
            coalesce(ACCOUNT_TYPE, '^') || '|' ||
            coalesce(ACCOUNT_STATUS, '^') || '|' ||
            coalesce(cast(CURRENT_BALANCE as VARCHAR), '^') || '|' ||
            coalesce(cast(AVAILABLE_BALANCE as VARCHAR), '^') || '|' ||
            coalesce(cast(OPEN_DATE as VARCHAR), '^') || '|' ||
            coalesce(ACCOUNT_RISK_RATING, '^')
        ) as HASH_DIFF,
        'Y' as IS_CURRENT,
        CURRENT_TIMESTAMP()::TIMESTAMP_NTZ as DBT_LOADED_AT,
        NULL::TIMESTAMP_NTZ as UPDATED_DATE_TIME
    from enriched
)



    select * from hashed


    ) as __dbt_sbq
    where false
    limit 0
[0m04:25:02.409025 [debug] [Thread-2 (]: Opening a new connection, currently in state init
[0m04:25:02.901560 [debug] [Thread-2 (]: SQL status: SUCCESS 0 in 0.493 seconds
[0m04:25:02.925725 [debug] [Thread-2 (]: Using snowflake connection "model.UPI_Fraud_Monitoring.sl_account"
[0m04:25:02.926957 [debug] [Thread-2 (]: On model.UPI_Fraud_Monitoring.sl_account: /* {"app": "dbt", "dbt_version": "1.9.4", "profile_name": "default", "target_name": "dev", "node_id": "model.UPI_Fraud_Monitoring.sl_account"} */
/* {"app": "dbt", "dbt_version": "1.9.4", "profile_name": "default", "target_name": "dev", "node_id": "model.UPI_Fraud_Monitoring.sl_account"} */
select * from (
        select
    
      
    cast(null as VARCHAR(50))
     as ACCOUNT_ID, 
      
    cast(null as VARCHAR(50))
     as CUSTOMER_ID, 
      
    cast(null as VARCHAR(30))
     as ACCOUNT_TYPE, 
      
    cast(null as VARCHAR(30))
     as ACCOUNT_STATUS, 
      
    cast(null as NUMBER(18,2))
     as CURRENT_BALANCE, 
      
    cast(null as NUMBER(18,2))
     as AVAILABLE_BALANCE, 
      
    cast(null as DATE)
     as OPEN_DATE, 
      
    cast(null as NUMBER(38,0))
     as ACCOUNT_AGE_DAYS, 
      
    cast(null as VARCHAR(20))
     as ACCOUNT_RISK_RATING, 
      
    cast(null as VARCHAR(16777216))
     as CREATED_LOAD_ID, 
      
    cast(null as TIMESTAMP_NTZ)
     as CREATED_DATE_TIME, 
      
    cast(null as VARCHAR(2000))
     as HASH_DIFF, 
      
    cast(null as VARCHAR(10))
     as IS_CURRENT, 
      
    cast(null as TIMESTAMP_NTZ)
     as DBT_LOADED_AT, 
      
    cast(null as TIMESTAMP_NTZ)
     as UPDATED_DATE_TIME
    ) as __dbt_sbq
    where false
    limit 0
[0m04:25:02.994546 [debug] [Thread-2 (]: SQL status: SUCCESS 0 in 0.066 seconds
[0m04:25:03.038111 [debug] [Thread-2 (]: Writing runtime sql for node "model.UPI_Fraud_Monitoring.sl_account"
[0m04:25:03.041703 [debug] [Thread-2 (]: Using snowflake connection "model.UPI_Fraud_Monitoring.sl_account"
[0m04:25:03.042402 [debug] [Thread-2 (]: On model.UPI_Fraud_Monitoring.sl_account: /* {"app": "dbt", "dbt_version": "1.9.4", "profile_name": "default", "target_name": "dev", "node_id": "model.UPI_Fraud_Monitoring.sl_account"} */
create or replace transient table UPI_FRAUD_MONITORING.TRANSFORM.sl_account
          
  (
    ACCOUNT_ID VARCHAR(50) not null,
    CUSTOMER_ID VARCHAR(50),
    ACCOUNT_TYPE VARCHAR(30),
    ACCOUNT_STATUS VARCHAR(30),
    CURRENT_BALANCE NUMBER(18,2),
    AVAILABLE_BALANCE NUMBER(18,2),
    OPEN_DATE DATE,
    ACCOUNT_AGE_DAYS NUMBER(38,0),
    ACCOUNT_RISK_RATING VARCHAR(20),
    CREATED_LOAD_ID VARCHAR(16777216),
    CREATED_DATE_TIME TIMESTAMP_NTZ,
    HASH_DIFF VARCHAR(2000),
    IS_CURRENT VARCHAR(10),
    DBT_LOADED_AT TIMESTAMP_NTZ,
    UPDATED_DATE_TIME TIMESTAMP_NTZ
    
    )

          
        
         as
        (
    select ACCOUNT_ID, CUSTOMER_ID, ACCOUNT_TYPE, ACCOUNT_STATUS, CURRENT_BALANCE, AVAILABLE_BALANCE, OPEN_DATE, ACCOUNT_AGE_DAYS, ACCOUNT_RISK_RATING, CREATED_LOAD_ID, CREATED_DATE_TIME, HASH_DIFF, IS_CURRENT, DBT_LOADED_AT, UPDATED_DATE_TIME
    from (
        

with source as (
    select
        cast(ACCOUNT_ID as VARCHAR(50)) as ACCOUNT_ID,
        cast(CUSTOMER_ID as VARCHAR(50)) as CUSTOMER_ID,
        cast(ACCOUNT_TYPE as VARCHAR(30)) as ACCOUNT_TYPE,
        cast(ACCOUNT_STATUS as VARCHAR(30)) as ACCOUNT_STATUS,
        cast(CURRENT_BALANCE as NUMBER(18,2)) as CURRENT_BALANCE,
        cast(AVAILABLE_BALANCE as NUMBER(18,2)) as AVAILABLE_BALANCE,
        cast(OPEN_DATE as DATE) as OPEN_DATE,
        DATEDIFF(DAY, cast(OPEN_DATE as DATE), CURRENT_DATE) as ACCOUNT_AGE_DAYS,
        CREATED_LOAD_ID,
        CREATED_DATE_TIME
    from UPI_FRAUD_MONITORING.TRANSFORM.v_account
),

enriched as (
    select
        ACCOUNT_ID,
        CUSTOMER_ID,
        ACCOUNT_TYPE,
        ACCOUNT_STATUS,
        CURRENT_BALANCE,
        AVAILABLE_BALANCE,
        OPEN_DATE,
        ACCOUNT_AGE_DAYS,
        CASE
            WHEN ACCOUNT_AGE_DAYS < 30 THEN 'HIGH'
            WHEN CURRENT_BALANCE > 1000000 THEN 'MEDIUM'
            ELSE 'LOW'
        END as ACCOUNT_RISK_RATING,
        CREATED_LOAD_ID,
        CREATED_DATE_TIME
    from source
),

hashed as (
    select
        *,
        md5(
            coalesce(ACCOUNT_ID, '^') || '|' ||
            coalesce(CUSTOMER_ID, '^') || '|' ||
            coalesce(ACCOUNT_TYPE, '^') || '|' ||
            coalesce(ACCOUNT_STATUS, '^') || '|' ||
            coalesce(cast(CURRENT_BALANCE as VARCHAR), '^') || '|' ||
            coalesce(cast(AVAILABLE_BALANCE as VARCHAR), '^') || '|' ||
            coalesce(cast(OPEN_DATE as VARCHAR), '^') || '|' ||
            coalesce(ACCOUNT_RISK_RATING, '^')
        ) as HASH_DIFF,
        'Y' as IS_CURRENT,
        CURRENT_TIMESTAMP()::TIMESTAMP_NTZ as DBT_LOADED_AT,
        NULL::TIMESTAMP_NTZ as UPDATED_DATE_TIME
    from enriched
)



    select * from hashed


    ) as model_subq
        );
[0m04:25:03.621208 [debug] [Thread-2 (]: SQL status: SUCCESS 1 in 0.578 seconds
[0m04:25:03.632016 [debug] [Thread-2 (]: Applying DROP to: UPI_FRAUD_MONITORING.TRANSFORM.sl_account__dbt_tmp
[0m04:25:03.647436 [debug] [Thread-2 (]: Using snowflake connection "model.UPI_Fraud_Monitoring.sl_account"
[0m04:25:03.647995 [debug] [Thread-2 (]: On model.UPI_Fraud_Monitoring.sl_account: /* {"app": "dbt", "dbt_version": "1.9.4", "profile_name": "default", "target_name": "dev", "node_id": "model.UPI_Fraud_Monitoring.sl_account"} */
drop view if exists UPI_FRAUD_MONITORING.TRANSFORM.sl_account__dbt_tmp cascade
[0m04:25:03.698550 [debug] [Thread-2 (]: SQL status: SUCCESS 1 in 0.050 seconds
[0m04:25:03.701504 [debug] [Thread-2 (]: Using snowflake connection "model.UPI_Fraud_Monitoring.sl_account"
[0m04:25:03.702083 [debug] [Thread-2 (]: On model.UPI_Fraud_Monitoring.sl_account: /* {"app": "dbt", "dbt_version": "1.9.4", "profile_name": "default", "target_name": "dev", "node_id": "model.UPI_Fraud_Monitoring.sl_account"} */
UPDATE UPI_FRAUD_MONITORING.TRANSFORM.sl_account t
             SET t.IS_CURRENT = 'N',
                 t.UPDATED_DATE_TIME = CURRENT_TIMESTAMP()
             FROM (
                 SELECT ACCOUNT_ID, MAX(DBT_LOADED_AT) as LATEST_LOAD
                 FROM UPI_FRAUD_MONITORING.TRANSFORM.sl_account
                 WHERE IS_CURRENT = 'Y'
                 GROUP BY ACCOUNT_ID
                 HAVING COUNT(*) > 1
             ) dup
             WHERE t.ACCOUNT_ID = dup.ACCOUNT_ID
               AND t.IS_CURRENT = 'Y'
               AND t.DBT_LOADED_AT < dup.LATEST_LOAD
[0m04:25:03.998558 [debug] [Thread-2 (]: SQL status: SUCCESS 0 in 0.296 seconds
[0m04:25:04.022877 [info ] [Thread-2 (]: 1 of 1 OK created sql incremental model TRANSFORM.sl_account ................... [[32mSUCCESS 1[0m in 1.81s]
[0m04:25:04.023685 [debug] [Thread-2 (]: Finished running node model.UPI_Fraud_Monitoring.sl_account
[0m04:25:04.026774 [debug] [Dummy-1   ]: Connection 'master' was properly closed.
[0m04:25:04.027316 [debug] [Dummy-1   ]: Connection 'model.UPI_Fraud_Monitoring.sl_account' was properly closed.
[0m04:25:04.027761 [info ] [Dummy-1   ]: 
[0m04:25:04.028215 [info ] [Dummy-1   ]: Finished running 1 incremental model in 0 hours 0 minutes and 2.88 seconds (2.88s).
[0m04:25:04.029038 [debug] [Dummy-1   ]: Command end result
[0m04:25:04.064582 [debug] [Dummy-1   ]: Wrote artifact WritableManifest to /tmp/dbt/target/manifest.json
[0m04:25:04.066611 [debug] [Dummy-1   ]: Wrote artifact SemanticManifest to /tmp/dbt/target/semantic_manifest.json
[0m04:25:04.072181 [debug] [Dummy-1   ]: Wrote artifact RunExecutionResult to /tmp/dbt/target/run_results.json
[0m04:25:04.072730 [info ] [Dummy-1   ]: 
[0m04:25:04.073307 [info ] [Dummy-1   ]: [32mCompleted successfully[0m
[0m04:25:04.073728 [info ] [Dummy-1   ]: 
[0m04:25:04.074164 [info ] [Dummy-1   ]: Done. PASS=1 WARN=0 ERROR=0 SKIP=0 TOTAL=1
[0m04:25:04.075733 [debug] [Dummy-1   ]: Resource report: {"command_name": "run", "command_success": true, "command_wall_clock_time": 4.847166, "process_in_blocks": "0", "process_kernel_time": 0.82, "process_mem_max_rss": "458620", "process_out_blocks": "0", "process_user_time": 4.95}
[0m04:25:04.076337 [debug] [Dummy-1   ]: Command `cli run` succeeded at 04:25:04.076089 after 4.85 seconds
[0m04:25:04.076927 [debug] [Dummy-1   ]: Flushing usage events


============================== 04:25:48.279551 | 7d062ed9-f7d9-4932-87f1-2b021a12c532 ==============================
[0m04:25:48.279551 [info ] [Dummy-1   ]: Running with dbt=1.9.4
[0m04:25:48.280590 [debug] [Dummy-1   ]: running dbt with arguments {'printer_width': '80', 'indirect_selection': 'eager', 'log_cache_events': 'False', 'write_json': 'True', 'partial_parse': 'True', 'cache_selected_only': 'False', 'warn_error': 'None', 'debug': 'False', 'profiles_dir': '/tmp/dbt_effective_profiles_8xw341h6', 'log_path': '/tmp/dbt/logs', 'version_check': 'True', 'fail_fast': 'False', 'use_colors': 'True', 'use_experimental_parser': 'False', 'empty': 'False', 'quiet': 'False', 'no_print': 'None', 'log_format': 'default', 'invocation_command': 'dbt ', 'static_parser': 'True', 'warn_error_options': 'WarnErrorOptions(include=[], exclude=[])', 'target_path': 'None', 'introspect': 'True', 'send_anonymous_usage_stats': 'False'}
[0m04:25:48.550924 [info ] [Dummy-1   ]: Registered adapter: snowflake=1.9.2
[0m04:25:49.091495 [debug] [Dummy-1   ]: checksum: 53ed91fada2233efb98368d1716b44ab532c83a9c293cf1890b7905d5b45fb25, vars: {}, profile: , target: dev, version: 1.9.4
[0m04:25:49.406355 [debug] [Dummy-1   ]: Partial parsing enabled: 0 files deleted, 0 files added, 0 files changed.
[0m04:25:49.406987 [debug] [Dummy-1   ]: Partial parsing enabled, no changes found, skipping parsing
[0m04:25:49.558935 [debug] [Dummy-1   ]: Wrote artifact WritableManifest to /tmp/dbt/target/manifest.json
[0m04:25:49.561011 [debug] [Dummy-1   ]: Wrote artifact SemanticManifest to /tmp/dbt/target/semantic_manifest.json
[0m04:25:49.607175 [info ] [Dummy-1   ]: Found 30 models, 20 data tests, 10 sources, 478 macros
[0m04:25:49.609592 [info ] [Dummy-1   ]: 
[0m04:25:49.610179 [info ] [Dummy-1   ]: Concurrency: 4 threads (target='dev')
[0m04:25:49.610656 [info ] [Dummy-1   ]: 
[0m04:25:49.611387 [debug] [Dummy-1   ]: Acquiring new snowflake connection 'master'
[0m04:25:49.613828 [debug] [ThreadPool]: Acquiring new snowflake connection 'list_UPI_FRAUD_MONITORING'
[0m04:25:49.717502 [debug] [ThreadPool]: Using snowflake connection "list_UPI_FRAUD_MONITORING"
[0m04:25:49.718097 [debug] [ThreadPool]: On list_UPI_FRAUD_MONITORING: /* {"app": "dbt", "dbt_version": "1.9.4", "profile_name": "default", "target_name": "dev", "connection_name": "list_UPI_FRAUD_MONITORING"} */
show terse schemas in database UPI_FRAUD_MONITORING
    limit 10000
[0m04:25:49.718555 [debug] [ThreadPool]: Opening a new connection, currently in state init
[0m04:25:50.074665 [debug] [ThreadPool]: SQL status: SUCCESS 4 in 0.356 seconds
[0m04:25:50.084182 [debug] [ThreadPool]: Re-using an available connection from the pool (formerly list_UPI_FRAUD_MONITORING, now list_UPI_FRAUD_MONITORING_TRANSFORM)
[0m04:25:50.098034 [debug] [ThreadPool]: Using snowflake connection "list_UPI_FRAUD_MONITORING_TRANSFORM"
[0m04:25:50.098581 [debug] [ThreadPool]: On list_UPI_FRAUD_MONITORING_TRANSFORM: /* {"app": "dbt", "dbt_version": "1.9.4", "profile_name": "default", "target_name": "dev", "connection_name": "list_UPI_FRAUD_MONITORING_TRANSFORM"} */
alter session set quoted_identifiers_ignore_case = false;
[0m04:25:50.099018 [debug] [ThreadPool]: Opening a new connection, currently in state init
[0m04:25:50.431219 [debug] [ThreadPool]: SQL status: SUCCESS 1 in 0.332 seconds
[0m04:25:50.435701 [debug] [ThreadPool]: Using snowflake connection "list_UPI_FRAUD_MONITORING_TRANSFORM"
[0m04:25:50.436249 [debug] [ThreadPool]: On list_UPI_FRAUD_MONITORING_TRANSFORM: /* {"app": "dbt", "dbt_version": "1.9.4", "profile_name": "default", "target_name": "dev", "connection_name": "list_UPI_FRAUD_MONITORING_TRANSFORM"} */
show objects in UPI_FRAUD_MONITORING.TRANSFORM
    limit 10000
    
;
[0m04:25:50.582565 [debug] [ThreadPool]: SQL status: SUCCESS 30 in 0.146 seconds
[0m04:25:50.585589 [debug] [ThreadPool]: Using snowflake connection "list_UPI_FRAUD_MONITORING_TRANSFORM"
[0m04:25:50.586113 [debug] [ThreadPool]: On list_UPI_FRAUD_MONITORING_TRANSFORM: /* {"app": "dbt", "dbt_version": "1.9.4", "profile_name": "default", "target_name": "dev", "connection_name": "list_UPI_FRAUD_MONITORING_TRANSFORM"} */
alter session unset quoted_identifiers_ignore_case;
[0m04:25:50.645148 [debug] [ThreadPool]: SQL status: SUCCESS 1 in 0.058 seconds
[0m04:25:50.665527 [debug] [Thread-2 (]: Began running node model.UPI_Fraud_Monitoring.sl_account
[0m04:25:50.666319 [info ] [Thread-2 (]: 1 of 1 START sql incremental model TRANSFORM.sl_account ........................ [RUN]
[0m04:25:50.667015 [debug] [Thread-2 (]: Re-using an available connection from the pool (formerly list_UPI_FRAUD_MONITORING_TRANSFORM, now model.UPI_Fraud_Monitoring.sl_account)
[0m04:25:50.667510 [debug] [Thread-2 (]: Began compiling node model.UPI_Fraud_Monitoring.sl_account
[0m04:25:50.682781 [debug] [Thread-2 (]: Writing injected SQL for node "model.UPI_Fraud_Monitoring.sl_account"
[0m04:25:50.683568 [debug] [Thread-2 (]: Began executing node model.UPI_Fraud_Monitoring.sl_account
[0m04:25:50.754471 [debug] [Thread-2 (]: Using snowflake connection "model.UPI_Fraud_Monitoring.sl_account"
[0m04:25:50.755497 [debug] [Thread-2 (]: On model.UPI_Fraud_Monitoring.sl_account: /* {"app": "dbt", "dbt_version": "1.9.4", "profile_name": "default", "target_name": "dev", "node_id": "model.UPI_Fraud_Monitoring.sl_account"} */
/* {"app": "dbt", "dbt_version": "1.9.4", "profile_name": "default", "target_name": "dev", "node_id": "model.UPI_Fraud_Monitoring.sl_account"} */
select * from (
        

with source as (
    select
        cast(ACCOUNT_ID as VARCHAR(50)) as ACCOUNT_ID,
        cast(CUSTOMER_ID as VARCHAR(50)) as CUSTOMER_ID,
        cast(ACCOUNT_TYPE as VARCHAR(30)) as ACCOUNT_TYPE,
        cast(ACCOUNT_STATUS as VARCHAR(30)) as ACCOUNT_STATUS,
        cast(CURRENT_BALANCE as NUMBER(18,2)) as CURRENT_BALANCE,
        cast(AVAILABLE_BALANCE as NUMBER(18,2)) as AVAILABLE_BALANCE,
        cast(OPEN_DATE as DATE) as OPEN_DATE,
        DATEDIFF(DAY, cast(OPEN_DATE as DATE), CURRENT_DATE) as ACCOUNT_AGE_DAYS,
        CREATED_LOAD_ID,
        CREATED_DATE_TIME
    from UPI_FRAUD_MONITORING.TRANSFORM.v_account
),

enriched as (
    select
        ACCOUNT_ID,
        CUSTOMER_ID,
        ACCOUNT_TYPE,
        ACCOUNT_STATUS,
        CURRENT_BALANCE,
        AVAILABLE_BALANCE,
        OPEN_DATE,
        ACCOUNT_AGE_DAYS,
        CASE
            WHEN ACCOUNT_AGE_DAYS < 30 THEN 'HIGH'
            WHEN CURRENT_BALANCE > 1000000 THEN 'MEDIUM'
            ELSE 'LOW'
        END as ACCOUNT_RISK_RATING,
        CREATED_LOAD_ID,
        CREATED_DATE_TIME
    from source
),

hashed as (
    select
        *,
        md5(
            coalesce(ACCOUNT_ID, '^') || '|' ||
            coalesce(CUSTOMER_ID, '^') || '|' ||
            coalesce(ACCOUNT_TYPE, '^') || '|' ||
            coalesce(ACCOUNT_STATUS, '^') || '|' ||
            coalesce(cast(CURRENT_BALANCE as VARCHAR), '^') || '|' ||
            coalesce(cast(AVAILABLE_BALANCE as VARCHAR), '^') || '|' ||
            coalesce(cast(OPEN_DATE as VARCHAR), '^') || '|' ||
            coalesce(ACCOUNT_RISK_RATING, '^')
        ) as HASH_DIFF,
        'Y' as IS_CURRENT,
        CURRENT_TIMESTAMP()::TIMESTAMP_NTZ as DBT_LOADED_AT,
        NULL::TIMESTAMP_NTZ as UPDATED_DATE_TIME
    from enriched
)



    select h.*
    from hashed h
    left join UPI_FRAUD_MONITORING.TRANSFORM.sl_account t
        on h.ACCOUNT_ID = t.ACCOUNT_ID and t.IS_CURRENT = 'Y'
    where t.ACCOUNT_ID is null or h.HASH_DIFF != t.HASH_DIFF


    ) as __dbt_sbq
    where false
    limit 0
[0m04:25:50.756444 [debug] [Thread-2 (]: Opening a new connection, currently in state init
[0m04:25:51.385610 [debug] [Thread-2 (]: SQL status: SUCCESS 0 in 0.629 seconds
[0m04:25:51.421582 [debug] [Thread-2 (]: Using snowflake connection "model.UPI_Fraud_Monitoring.sl_account"
[0m04:25:51.422455 [debug] [Thread-2 (]: On model.UPI_Fraud_Monitoring.sl_account: /* {"app": "dbt", "dbt_version": "1.9.4", "profile_name": "default", "target_name": "dev", "node_id": "model.UPI_Fraud_Monitoring.sl_account"} */
/* {"app": "dbt", "dbt_version": "1.9.4", "profile_name": "default", "target_name": "dev", "node_id": "model.UPI_Fraud_Monitoring.sl_account"} */
select * from (
        select
    
      
    cast(null as VARCHAR(50))
     as ACCOUNT_ID, 
      
    cast(null as VARCHAR(50))
     as CUSTOMER_ID, 
      
    cast(null as VARCHAR(30))
     as ACCOUNT_TYPE, 
      
    cast(null as VARCHAR(30))
     as ACCOUNT_STATUS, 
      
    cast(null as NUMBER(18,2))
     as CURRENT_BALANCE, 
      
    cast(null as NUMBER(18,2))
     as AVAILABLE_BALANCE, 
      
    cast(null as DATE)
     as OPEN_DATE, 
      
    cast(null as NUMBER(38,0))
     as ACCOUNT_AGE_DAYS, 
      
    cast(null as VARCHAR(20))
     as ACCOUNT_RISK_RATING, 
      
    cast(null as VARCHAR(16777216))
     as CREATED_LOAD_ID, 
      
    cast(null as TIMESTAMP_NTZ)
     as CREATED_DATE_TIME, 
      
    cast(null as VARCHAR(2000))
     as HASH_DIFF, 
      
    cast(null as VARCHAR(10))
     as IS_CURRENT, 
      
    cast(null as TIMESTAMP_NTZ)
     as DBT_LOADED_AT, 
      
    cast(null as TIMESTAMP_NTZ)
     as UPDATED_DATE_TIME
    ) as __dbt_sbq
    where false
    limit 0
[0m04:25:51.482859 [debug] [Thread-2 (]: SQL status: SUCCESS 0 in 0.059 seconds
[0m04:25:51.497658 [debug] [Thread-2 (]: Using snowflake connection "model.UPI_Fraud_Monitoring.sl_account"
[0m04:25:51.498367 [debug] [Thread-2 (]: On model.UPI_Fraud_Monitoring.sl_account: /* {"app": "dbt", "dbt_version": "1.9.4", "profile_name": "default", "target_name": "dev", "node_id": "model.UPI_Fraud_Monitoring.sl_account"} */
create or replace  temporary view UPI_FRAUD_MONITORING.TRANSFORM.sl_account__dbt_tmp
  
   as (
    

with source as (
    select
        cast(ACCOUNT_ID as VARCHAR(50)) as ACCOUNT_ID,
        cast(CUSTOMER_ID as VARCHAR(50)) as CUSTOMER_ID,
        cast(ACCOUNT_TYPE as VARCHAR(30)) as ACCOUNT_TYPE,
        cast(ACCOUNT_STATUS as VARCHAR(30)) as ACCOUNT_STATUS,
        cast(CURRENT_BALANCE as NUMBER(18,2)) as CURRENT_BALANCE,
        cast(AVAILABLE_BALANCE as NUMBER(18,2)) as AVAILABLE_BALANCE,
        cast(OPEN_DATE as DATE) as OPEN_DATE,
        DATEDIFF(DAY, cast(OPEN_DATE as DATE), CURRENT_DATE) as ACCOUNT_AGE_DAYS,
        CREATED_LOAD_ID,
        CREATED_DATE_TIME
    from UPI_FRAUD_MONITORING.TRANSFORM.v_account
),

enriched as (
    select
        ACCOUNT_ID,
        CUSTOMER_ID,
        ACCOUNT_TYPE,
        ACCOUNT_STATUS,
        CURRENT_BALANCE,
        AVAILABLE_BALANCE,
        OPEN_DATE,
        ACCOUNT_AGE_DAYS,
        CASE
            WHEN ACCOUNT_AGE_DAYS < 30 THEN 'HIGH'
            WHEN CURRENT_BALANCE > 1000000 THEN 'MEDIUM'
            ELSE 'LOW'
        END as ACCOUNT_RISK_RATING,
        CREATED_LOAD_ID,
        CREATED_DATE_TIME
    from source
),

hashed as (
    select
        *,
        md5(
            coalesce(ACCOUNT_ID, '^') || '|' ||
            coalesce(CUSTOMER_ID, '^') || '|' ||
            coalesce(ACCOUNT_TYPE, '^') || '|' ||
            coalesce(ACCOUNT_STATUS, '^') || '|' ||
            coalesce(cast(CURRENT_BALANCE as VARCHAR), '^') || '|' ||
            coalesce(cast(AVAILABLE_BALANCE as VARCHAR), '^') || '|' ||
            coalesce(cast(OPEN_DATE as VARCHAR), '^') || '|' ||
            coalesce(ACCOUNT_RISK_RATING, '^')
        ) as HASH_DIFF,
        'Y' as IS_CURRENT,
        CURRENT_TIMESTAMP()::TIMESTAMP_NTZ as DBT_LOADED_AT,
        NULL::TIMESTAMP_NTZ as UPDATED_DATE_TIME
    from enriched
)



    select h.*
    from hashed h
    left join UPI_FRAUD_MONITORING.TRANSFORM.sl_account t
        on h.ACCOUNT_ID = t.ACCOUNT_ID and t.IS_CURRENT = 'Y'
    where t.ACCOUNT_ID is null or h.HASH_DIFF != t.HASH_DIFF


  );
[0m04:25:51.727286 [debug] [Thread-2 (]: SQL status: SUCCESS 1 in 0.228 seconds
[0m04:25:51.737719 [debug] [Thread-2 (]: Using snowflake connection "model.UPI_Fraud_Monitoring.sl_account"
[0m04:25:51.738279 [debug] [Thread-2 (]: On model.UPI_Fraud_Monitoring.sl_account: /* {"app": "dbt", "dbt_version": "1.9.4", "profile_name": "default", "target_name": "dev", "node_id": "model.UPI_Fraud_Monitoring.sl_account"} */
describe table UPI_FRAUD_MONITORING.TRANSFORM.sl_account__dbt_tmp
[0m04:25:51.807022 [debug] [Thread-2 (]: SQL status: SUCCESS 15 in 0.068 seconds
[0m04:25:51.812918 [debug] [Thread-2 (]: Using snowflake connection "model.UPI_Fraud_Monitoring.sl_account"
[0m04:25:51.813447 [debug] [Thread-2 (]: On model.UPI_Fraud_Monitoring.sl_account: /* {"app": "dbt", "dbt_version": "1.9.4", "profile_name": "default", "target_name": "dev", "node_id": "model.UPI_Fraud_Monitoring.sl_account"} */
describe table UPI_FRAUD_MONITORING.TRANSFORM.sl_account
[0m04:25:51.856632 [debug] [Thread-2 (]: SQL status: SUCCESS 15 in 0.043 seconds
[0m04:25:51.871785 [debug] [Thread-2 (]: Using snowflake connection "model.UPI_Fraud_Monitoring.sl_account"
[0m04:25:51.872587 [debug] [Thread-2 (]: On model.UPI_Fraud_Monitoring.sl_account: /* {"app": "dbt", "dbt_version": "1.9.4", "profile_name": "default", "target_name": "dev", "node_id": "model.UPI_Fraud_Monitoring.sl_account"} */
describe table UPI_FRAUD_MONITORING.TRANSFORM.sl_account__dbt_tmp
[0m04:25:51.923148 [debug] [Thread-2 (]: SQL status: SUCCESS 15 in 0.050 seconds
[0m04:25:51.928540 [debug] [Thread-2 (]: Using snowflake connection "model.UPI_Fraud_Monitoring.sl_account"
[0m04:25:51.929173 [debug] [Thread-2 (]: On model.UPI_Fraud_Monitoring.sl_account: /* {"app": "dbt", "dbt_version": "1.9.4", "profile_name": "default", "target_name": "dev", "node_id": "model.UPI_Fraud_Monitoring.sl_account"} */
describe table "UPI_FRAUD_MONITORING"."TRANSFORM"."SL_ACCOUNT"
[0m04:25:51.973332 [debug] [Thread-2 (]: SQL status: SUCCESS 15 in 0.043 seconds
[0m04:25:51.986331 [debug] [Thread-2 (]: 
    In "UPI_FRAUD_MONITORING"."TRANSFORM"."SL_ACCOUNT":
        Schema changed: True
        Source columns not in target: []
        Target columns not in source: []
        New column types: [{'column_name': 'ACCOUNT_AGE_DAYS', 'new_type': 'NUMBER(9,0)'}]
  
[0m04:25:51.992512 [debug] [Thread-2 (]: 
    In "UPI_FRAUD_MONITORING"."TRANSFORM"."SL_ACCOUNT":
        Schema change approach: append_new_columns
        Columns added: []
        Columns removed: 
        Data types changed: 
  
[0m04:25:52.003778 [debug] [Thread-2 (]: Writing runtime sql for node "model.UPI_Fraud_Monitoring.sl_account"
[0m04:25:52.005003 [debug] [Thread-2 (]: Using snowflake connection "model.UPI_Fraud_Monitoring.sl_account"
[0m04:25:52.005523 [debug] [Thread-2 (]: On model.UPI_Fraud_Monitoring.sl_account: /* {"app": "dbt", "dbt_version": "1.9.4", "profile_name": "default", "target_name": "dev", "node_id": "model.UPI_Fraud_Monitoring.sl_account"} */
BEGIN
[0m04:25:52.075293 [debug] [Thread-2 (]: SQL status: SUCCESS 1 in 0.069 seconds
[0m04:25:52.075956 [debug] [Thread-2 (]: Using snowflake connection "model.UPI_Fraud_Monitoring.sl_account"
[0m04:25:52.076575 [debug] [Thread-2 (]: On model.UPI_Fraud_Monitoring.sl_account: /* {"app": "dbt", "dbt_version": "1.9.4", "profile_name": "default", "target_name": "dev", "node_id": "model.UPI_Fraud_Monitoring.sl_account"} */
insert into UPI_FRAUD_MONITORING.TRANSFORM.sl_account ("ACCOUNT_ID", "CUSTOMER_ID", "ACCOUNT_TYPE", "ACCOUNT_STATUS", "CURRENT_BALANCE", "AVAILABLE_BALANCE", "OPEN_DATE", "ACCOUNT_AGE_DAYS", "ACCOUNT_RISK_RATING", "CREATED_LOAD_ID", "CREATED_DATE_TIME", "HASH_DIFF", "IS_CURRENT", "DBT_LOADED_AT", "UPDATED_DATE_TIME")
    (
        select "ACCOUNT_ID", "CUSTOMER_ID", "ACCOUNT_TYPE", "ACCOUNT_STATUS", "CURRENT_BALANCE", "AVAILABLE_BALANCE", "OPEN_DATE", "ACCOUNT_AGE_DAYS", "ACCOUNT_RISK_RATING", "CREATED_LOAD_ID", "CREATED_DATE_TIME", "HASH_DIFF", "IS_CURRENT", "DBT_LOADED_AT", "UPDATED_DATE_TIME"
        from UPI_FRAUD_MONITORING.TRANSFORM.sl_account__dbt_tmp
    )

;
[0m04:25:52.583483 [debug] [Thread-2 (]: SQL status: SUCCESS 1 in 0.506 seconds
[0m04:25:52.584204 [debug] [Thread-2 (]: Using snowflake connection "model.UPI_Fraud_Monitoring.sl_account"
[0m04:25:52.584786 [debug] [Thread-2 (]: On model.UPI_Fraud_Monitoring.sl_account: /* {"app": "dbt", "dbt_version": "1.9.4", "profile_name": "default", "target_name": "dev", "node_id": "model.UPI_Fraud_Monitoring.sl_account"} */
COMMIT
[0m04:25:52.804250 [debug] [Thread-2 (]: SQL status: SUCCESS 1 in 0.219 seconds
[0m04:25:52.815304 [debug] [Thread-2 (]: Applying DROP to: UPI_FRAUD_MONITORING.TRANSFORM.sl_account__dbt_tmp
[0m04:25:52.830666 [debug] [Thread-2 (]: Using snowflake connection "model.UPI_Fraud_Monitoring.sl_account"
[0m04:25:52.831210 [debug] [Thread-2 (]: On model.UPI_Fraud_Monitoring.sl_account: /* {"app": "dbt", "dbt_version": "1.9.4", "profile_name": "default", "target_name": "dev", "node_id": "model.UPI_Fraud_Monitoring.sl_account"} */
drop view if exists UPI_FRAUD_MONITORING.TRANSFORM.sl_account__dbt_tmp cascade
[0m04:25:52.915669 [debug] [Thread-2 (]: SQL status: SUCCESS 1 in 0.084 seconds
[0m04:25:52.918639 [debug] [Thread-2 (]: Using snowflake connection "model.UPI_Fraud_Monitoring.sl_account"
[0m04:25:52.919236 [debug] [Thread-2 (]: On model.UPI_Fraud_Monitoring.sl_account: /* {"app": "dbt", "dbt_version": "1.9.4", "profile_name": "default", "target_name": "dev", "node_id": "model.UPI_Fraud_Monitoring.sl_account"} */
UPDATE UPI_FRAUD_MONITORING.TRANSFORM.sl_account t
             SET t.IS_CURRENT = 'N',
                 t.UPDATED_DATE_TIME = CURRENT_TIMESTAMP()
             FROM (
                 SELECT ACCOUNT_ID, MAX(DBT_LOADED_AT) as LATEST_LOAD
                 FROM UPI_FRAUD_MONITORING.TRANSFORM.sl_account
                 WHERE IS_CURRENT = 'Y'
                 GROUP BY ACCOUNT_ID
                 HAVING COUNT(*) > 1
             ) dup
             WHERE t.ACCOUNT_ID = dup.ACCOUNT_ID
               AND t.IS_CURRENT = 'Y'
               AND t.DBT_LOADED_AT < dup.LATEST_LOAD
[0m04:25:53.241233 [debug] [Thread-2 (]: SQL status: SUCCESS 1 in 0.321 seconds
[0m04:25:53.263232 [info ] [Thread-2 (]: 1 of 1 OK created sql incremental model TRANSFORM.sl_account ................... [[32mSUCCESS 1[0m in 2.59s]
[0m04:25:53.264011 [debug] [Thread-2 (]: Finished running node model.UPI_Fraud_Monitoring.sl_account
[0m04:25:53.266984 [debug] [Dummy-1   ]: Connection 'master' was properly closed.
[0m04:25:53.267515 [debug] [Dummy-1   ]: Connection 'model.UPI_Fraud_Monitoring.sl_account' was properly closed.
[0m04:25:53.267950 [info ] [Dummy-1   ]: 
[0m04:25:53.268459 [info ] [Dummy-1   ]: Finished running 1 incremental model in 0 hours 0 minutes and 3.66 seconds (3.66s).
[0m04:25:53.269217 [debug] [Dummy-1   ]: Command end result
[0m04:25:53.304297 [debug] [Dummy-1   ]: Wrote artifact WritableManifest to /tmp/dbt/target/manifest.json
[0m04:25:53.306284 [debug] [Dummy-1   ]: Wrote artifact SemanticManifest to /tmp/dbt/target/semantic_manifest.json
[0m04:25:53.312169 [debug] [Dummy-1   ]: Wrote artifact RunExecutionResult to /tmp/dbt/target/run_results.json
[0m04:25:53.312727 [info ] [Dummy-1   ]: 
[0m04:25:53.313352 [info ] [Dummy-1   ]: [32mCompleted successfully[0m
[0m04:25:53.313787 [info ] [Dummy-1   ]: 
[0m04:25:53.314244 [info ] [Dummy-1   ]: Done. PASS=1 WARN=0 ERROR=0 SKIP=0 TOTAL=1
[0m04:25:53.315894 [debug] [Dummy-1   ]: Resource report: {"command_name": "run", "command_success": true, "command_wall_clock_time": 5.110362, "process_in_blocks": "0", "process_kernel_time": 0.96, "process_mem_max_rss": "459648", "process_out_blocks": "0", "process_user_time": 4.18}
[0m04:25:53.316570 [debug] [Dummy-1   ]: Command `cli run` succeeded at 04:25:53.316259 after 5.11 seconds
[0m04:25:53.317061 [debug] [Dummy-1   ]: Flushing usage events


============================== 04:28:25.796495 | 3306e236-472e-4d46-8d81-996d70e816c3 ==============================
[0m04:28:25.796495 [info ] [Dummy-1   ]: Running with dbt=1.9.4
[0m04:28:25.797404 [debug] [Dummy-1   ]: running dbt with arguments {'printer_width': '80', 'indirect_selection': 'eager', 'log_cache_events': 'False', 'write_json': 'True', 'partial_parse': 'True', 'cache_selected_only': 'False', 'warn_error': 'None', 'debug': 'False', 'version_check': 'True', 'log_path': '/tmp/dbt/logs', 'profiles_dir': '/tmp/dbt_effective_profiles_dt97m4dm', 'fail_fast': 'False', 'use_colors': 'True', 'use_experimental_parser': 'False', 'empty': 'False', 'quiet': 'False', 'no_print': 'None', 'warn_error_options': 'WarnErrorOptions(include=[], exclude=[])', 'introspect': 'True', 'static_parser': 'True', 'log_format': 'default', 'target_path': 'None', 'invocation_command': 'dbt ', 'send_anonymous_usage_stats': 'False'}
[0m04:28:26.075690 [info ] [Dummy-1   ]: Registered adapter: snowflake=1.9.2
[0m04:28:26.605635 [debug] [Dummy-1   ]: checksum: 53ed91fada2233efb98368d1716b44ab532c83a9c293cf1890b7905d5b45fb25, vars: {}, profile: , target: dev, version: 1.9.4
[0m04:28:26.905471 [debug] [Dummy-1   ]: Partial parsing enabled: 0 files deleted, 0 files added, 0 files changed.
[0m04:28:26.906043 [debug] [Dummy-1   ]: Partial parsing enabled, no changes found, skipping parsing
[0m04:28:27.062484 [debug] [Dummy-1   ]: Wrote artifact WritableManifest to /tmp/dbt/target/manifest.json
[0m04:28:27.065453 [debug] [Dummy-1   ]: Wrote artifact SemanticManifest to /tmp/dbt/target/semantic_manifest.json
[0m04:28:27.113488 [info ] [Dummy-1   ]: Found 30 models, 20 data tests, 10 sources, 478 macros
[0m04:28:27.116302 [info ] [Dummy-1   ]: 
[0m04:28:27.116966 [info ] [Dummy-1   ]: Concurrency: 4 threads (target='dev')
[0m04:28:27.117387 [info ] [Dummy-1   ]: 
[0m04:28:27.118168 [debug] [Dummy-1   ]: Acquiring new snowflake connection 'master'
[0m04:28:27.120588 [debug] [ThreadPool]: Acquiring new snowflake connection 'list_UPI_FRAUD_MONITORING'
[0m04:28:27.225131 [debug] [ThreadPool]: Using snowflake connection "list_UPI_FRAUD_MONITORING"
[0m04:28:27.225689 [debug] [ThreadPool]: On list_UPI_FRAUD_MONITORING: /* {"app": "dbt", "dbt_version": "1.9.4", "profile_name": "default", "target_name": "dev", "connection_name": "list_UPI_FRAUD_MONITORING"} */
show terse schemas in database UPI_FRAUD_MONITORING
    limit 10000
[0m04:28:27.226158 [debug] [ThreadPool]: Opening a new connection, currently in state init
[0m04:28:27.691571 [debug] [ThreadPool]: SQL status: SUCCESS 4 in 0.465 seconds
[0m04:28:27.701323 [debug] [ThreadPool]: Re-using an available connection from the pool (formerly list_UPI_FRAUD_MONITORING, now list_UPI_FRAUD_MONITORING_TRANSFORM)
[0m04:28:27.715029 [debug] [ThreadPool]: Using snowflake connection "list_UPI_FRAUD_MONITORING_TRANSFORM"
[0m04:28:27.715577 [debug] [ThreadPool]: On list_UPI_FRAUD_MONITORING_TRANSFORM: /* {"app": "dbt", "dbt_version": "1.9.4", "profile_name": "default", "target_name": "dev", "connection_name": "list_UPI_FRAUD_MONITORING_TRANSFORM"} */
alter session set quoted_identifiers_ignore_case = false;
[0m04:28:27.716013 [debug] [ThreadPool]: Opening a new connection, currently in state init
[0m04:28:28.106802 [debug] [ThreadPool]: SQL status: SUCCESS 1 in 0.391 seconds
[0m04:28:28.111363 [debug] [ThreadPool]: Using snowflake connection "list_UPI_FRAUD_MONITORING_TRANSFORM"
[0m04:28:28.111916 [debug] [ThreadPool]: On list_UPI_FRAUD_MONITORING_TRANSFORM: /* {"app": "dbt", "dbt_version": "1.9.4", "profile_name": "default", "target_name": "dev", "connection_name": "list_UPI_FRAUD_MONITORING_TRANSFORM"} */
show objects in UPI_FRAUD_MONITORING.TRANSFORM
    limit 10000
    
;
[0m04:28:28.227521 [debug] [ThreadPool]: SQL status: SUCCESS 30 in 0.115 seconds
[0m04:28:28.230628 [debug] [ThreadPool]: Using snowflake connection "list_UPI_FRAUD_MONITORING_TRANSFORM"
[0m04:28:28.231135 [debug] [ThreadPool]: On list_UPI_FRAUD_MONITORING_TRANSFORM: /* {"app": "dbt", "dbt_version": "1.9.4", "profile_name": "default", "target_name": "dev", "connection_name": "list_UPI_FRAUD_MONITORING_TRANSFORM"} */
alter session unset quoted_identifiers_ignore_case;
[0m04:28:28.283055 [debug] [ThreadPool]: SQL status: SUCCESS 1 in 0.051 seconds
[0m04:28:28.303848 [debug] [Thread-2 (]: Began running node model.UPI_Fraud_Monitoring.sl_account
[0m04:28:28.304791 [info ] [Thread-2 (]: 1 of 1 START sql incremental model TRANSFORM.sl_account ........................ [RUN]
[0m04:28:28.305510 [debug] [Thread-2 (]: Re-using an available connection from the pool (formerly list_UPI_FRAUD_MONITORING_TRANSFORM, now model.UPI_Fraud_Monitoring.sl_account)
[0m04:28:28.306013 [debug] [Thread-2 (]: Began compiling node model.UPI_Fraud_Monitoring.sl_account
[0m04:28:28.322150 [debug] [Thread-2 (]: Writing injected SQL for node "model.UPI_Fraud_Monitoring.sl_account"
[0m04:28:28.323020 [debug] [Thread-2 (]: Began executing node model.UPI_Fraud_Monitoring.sl_account
[0m04:28:28.396972 [debug] [Thread-2 (]: Using snowflake connection "model.UPI_Fraud_Monitoring.sl_account"
[0m04:28:28.397991 [debug] [Thread-2 (]: On model.UPI_Fraud_Monitoring.sl_account: /* {"app": "dbt", "dbt_version": "1.9.4", "profile_name": "default", "target_name": "dev", "node_id": "model.UPI_Fraud_Monitoring.sl_account"} */
/* {"app": "dbt", "dbt_version": "1.9.4", "profile_name": "default", "target_name": "dev", "node_id": "model.UPI_Fraud_Monitoring.sl_account"} */
select * from (
        

with source as (
    select
        cast(ACCOUNT_ID as VARCHAR(50)) as ACCOUNT_ID,
        cast(CUSTOMER_ID as VARCHAR(50)) as CUSTOMER_ID,
        cast(ACCOUNT_TYPE as VARCHAR(30)) as ACCOUNT_TYPE,
        cast(ACCOUNT_STATUS as VARCHAR(30)) as ACCOUNT_STATUS,
        cast(CURRENT_BALANCE as NUMBER(18,2)) as CURRENT_BALANCE,
        cast(AVAILABLE_BALANCE as NUMBER(18,2)) as AVAILABLE_BALANCE,
        cast(OPEN_DATE as DATE) as OPEN_DATE,
        DATEDIFF(DAY, cast(OPEN_DATE as DATE), CURRENT_DATE) as ACCOUNT_AGE_DAYS,
        CREATED_LOAD_ID,
        CREATED_DATE_TIME
    from UPI_FRAUD_MONITORING.TRANSFORM.v_account
),

enriched as (
    select
        ACCOUNT_ID,
        CUSTOMER_ID,
        ACCOUNT_TYPE,
        ACCOUNT_STATUS,
        CURRENT_BALANCE,
        AVAILABLE_BALANCE,
        OPEN_DATE,
        ACCOUNT_AGE_DAYS,
        CASE
            WHEN ACCOUNT_AGE_DAYS < 30 THEN 'HIGH'
            WHEN CURRENT_BALANCE > 1000000 THEN 'MEDIUM'
            ELSE 'LOW'
        END as ACCOUNT_RISK_RATING,
        CREATED_LOAD_ID,
        CREATED_DATE_TIME
    from source
),

hashed as (
    select
        *,
        md5(
            coalesce(ACCOUNT_ID, '^') || '|' ||
            coalesce(CUSTOMER_ID, '^') || '|' ||
            coalesce(ACCOUNT_TYPE, '^') || '|' ||
            coalesce(ACCOUNT_STATUS, '^') || '|' ||
            coalesce(cast(CURRENT_BALANCE as VARCHAR), '^') || '|' ||
            coalesce(cast(AVAILABLE_BALANCE as VARCHAR), '^') || '|' ||
            coalesce(cast(OPEN_DATE as VARCHAR), '^') || '|' ||
            coalesce(ACCOUNT_RISK_RATING, '^')
        ) as HASH_DIFF,
        'Y' as IS_CURRENT,
        CURRENT_TIMESTAMP()::TIMESTAMP_NTZ as DBT_LOADED_AT,
        NULL::TIMESTAMP_NTZ as UPDATED_DATE_TIME
    from enriched
)



    select h.*
    from hashed h
    left join UPI_FRAUD_MONITORING.TRANSFORM.sl_account t
        on h.ACCOUNT_ID = t.ACCOUNT_ID and t.IS_CURRENT = 'Y'
    where t.ACCOUNT_ID is null or h.HASH_DIFF != t.HASH_DIFF


    ) as __dbt_sbq
    where false
    limit 0
[0m04:28:28.398831 [debug] [Thread-2 (]: Opening a new connection, currently in state init
[0m04:28:28.988690 [debug] [Thread-2 (]: SQL status: SUCCESS 0 in 0.590 seconds
[0m04:28:29.026610 [debug] [Thread-2 (]: Using snowflake connection "model.UPI_Fraud_Monitoring.sl_account"
[0m04:28:29.027543 [debug] [Thread-2 (]: On model.UPI_Fraud_Monitoring.sl_account: /* {"app": "dbt", "dbt_version": "1.9.4", "profile_name": "default", "target_name": "dev", "node_id": "model.UPI_Fraud_Monitoring.sl_account"} */
/* {"app": "dbt", "dbt_version": "1.9.4", "profile_name": "default", "target_name": "dev", "node_id": "model.UPI_Fraud_Monitoring.sl_account"} */
select * from (
        select
    
      
    cast(null as VARCHAR(50))
     as ACCOUNT_ID, 
      
    cast(null as VARCHAR(50))
     as CUSTOMER_ID, 
      
    cast(null as VARCHAR(30))
     as ACCOUNT_TYPE, 
      
    cast(null as VARCHAR(30))
     as ACCOUNT_STATUS, 
      
    cast(null as NUMBER(18,2))
     as CURRENT_BALANCE, 
      
    cast(null as NUMBER(18,2))
     as AVAILABLE_BALANCE, 
      
    cast(null as DATE)
     as OPEN_DATE, 
      
    cast(null as NUMBER(38,0))
     as ACCOUNT_AGE_DAYS, 
      
    cast(null as VARCHAR(20))
     as ACCOUNT_RISK_RATING, 
      
    cast(null as VARCHAR(16777216))
     as CREATED_LOAD_ID, 
      
    cast(null as TIMESTAMP_NTZ)
     as CREATED_DATE_TIME, 
      
    cast(null as VARCHAR(2000))
     as HASH_DIFF, 
      
    cast(null as VARCHAR(10))
     as IS_CURRENT, 
      
    cast(null as TIMESTAMP_NTZ)
     as DBT_LOADED_AT, 
      
    cast(null as TIMESTAMP_NTZ)
     as UPDATED_DATE_TIME
    ) as __dbt_sbq
    where false
    limit 0
[0m04:28:29.095347 [debug] [Thread-2 (]: SQL status: SUCCESS 0 in 0.067 seconds
[0m04:28:29.111102 [debug] [Thread-2 (]: Using snowflake connection "model.UPI_Fraud_Monitoring.sl_account"
[0m04:28:29.111878 [debug] [Thread-2 (]: On model.UPI_Fraud_Monitoring.sl_account: /* {"app": "dbt", "dbt_version": "1.9.4", "profile_name": "default", "target_name": "dev", "node_id": "model.UPI_Fraud_Monitoring.sl_account"} */
create or replace  temporary view UPI_FRAUD_MONITORING.TRANSFORM.sl_account__dbt_tmp
  
   as (
    

with source as (
    select
        cast(ACCOUNT_ID as VARCHAR(50)) as ACCOUNT_ID,
        cast(CUSTOMER_ID as VARCHAR(50)) as CUSTOMER_ID,
        cast(ACCOUNT_TYPE as VARCHAR(30)) as ACCOUNT_TYPE,
        cast(ACCOUNT_STATUS as VARCHAR(30)) as ACCOUNT_STATUS,
        cast(CURRENT_BALANCE as NUMBER(18,2)) as CURRENT_BALANCE,
        cast(AVAILABLE_BALANCE as NUMBER(18,2)) as AVAILABLE_BALANCE,
        cast(OPEN_DATE as DATE) as OPEN_DATE,
        DATEDIFF(DAY, cast(OPEN_DATE as DATE), CURRENT_DATE) as ACCOUNT_AGE_DAYS,
        CREATED_LOAD_ID,
        CREATED_DATE_TIME
    from UPI_FRAUD_MONITORING.TRANSFORM.v_account
),

enriched as (
    select
        ACCOUNT_ID,
        CUSTOMER_ID,
        ACCOUNT_TYPE,
        ACCOUNT_STATUS,
        CURRENT_BALANCE,
        AVAILABLE_BALANCE,
        OPEN_DATE,
        ACCOUNT_AGE_DAYS,
        CASE
            WHEN ACCOUNT_AGE_DAYS < 30 THEN 'HIGH'
            WHEN CURRENT_BALANCE > 1000000 THEN 'MEDIUM'
            ELSE 'LOW'
        END as ACCOUNT_RISK_RATING,
        CREATED_LOAD_ID,
        CREATED_DATE_TIME
    from source
),

hashed as (
    select
        *,
        md5(
            coalesce(ACCOUNT_ID, '^') || '|' ||
            coalesce(CUSTOMER_ID, '^') || '|' ||
            coalesce(ACCOUNT_TYPE, '^') || '|' ||
            coalesce(ACCOUNT_STATUS, '^') || '|' ||
            coalesce(cast(CURRENT_BALANCE as VARCHAR), '^') || '|' ||
            coalesce(cast(AVAILABLE_BALANCE as VARCHAR), '^') || '|' ||
            coalesce(cast(OPEN_DATE as VARCHAR), '^') || '|' ||
            coalesce(ACCOUNT_RISK_RATING, '^')
        ) as HASH_DIFF,
        'Y' as IS_CURRENT,
        CURRENT_TIMESTAMP()::TIMESTAMP_NTZ as DBT_LOADED_AT,
        NULL::TIMESTAMP_NTZ as UPDATED_DATE_TIME
    from enriched
)



    select h.*
    from hashed h
    left join UPI_FRAUD_MONITORING.TRANSFORM.sl_account t
        on h.ACCOUNT_ID = t.ACCOUNT_ID and t.IS_CURRENT = 'Y'
    where t.ACCOUNT_ID is null or h.HASH_DIFF != t.HASH_DIFF


  );
[0m04:28:29.373991 [debug] [Thread-2 (]: SQL status: SUCCESS 1 in 0.261 seconds
[0m04:28:29.384709 [debug] [Thread-2 (]: Using snowflake connection "model.UPI_Fraud_Monitoring.sl_account"
[0m04:28:29.385315 [debug] [Thread-2 (]: On model.UPI_Fraud_Monitoring.sl_account: /* {"app": "dbt", "dbt_version": "1.9.4", "profile_name": "default", "target_name": "dev", "node_id": "model.UPI_Fraud_Monitoring.sl_account"} */
describe table UPI_FRAUD_MONITORING.TRANSFORM.sl_account__dbt_tmp
[0m04:28:29.450469 [debug] [Thread-2 (]: SQL status: SUCCESS 15 in 0.064 seconds
[0m04:28:29.456644 [debug] [Thread-2 (]: Using snowflake connection "model.UPI_Fraud_Monitoring.sl_account"
[0m04:28:29.457242 [debug] [Thread-2 (]: On model.UPI_Fraud_Monitoring.sl_account: /* {"app": "dbt", "dbt_version": "1.9.4", "profile_name": "default", "target_name": "dev", "node_id": "model.UPI_Fraud_Monitoring.sl_account"} */
describe table UPI_FRAUD_MONITORING.TRANSFORM.sl_account
[0m04:28:29.503971 [debug] [Thread-2 (]: SQL status: SUCCESS 15 in 0.046 seconds
[0m04:28:29.520083 [debug] [Thread-2 (]: Using snowflake connection "model.UPI_Fraud_Monitoring.sl_account"
[0m04:28:29.520903 [debug] [Thread-2 (]: On model.UPI_Fraud_Monitoring.sl_account: /* {"app": "dbt", "dbt_version": "1.9.4", "profile_name": "default", "target_name": "dev", "node_id": "model.UPI_Fraud_Monitoring.sl_account"} */
describe table UPI_FRAUD_MONITORING.TRANSFORM.sl_account__dbt_tmp
[0m04:28:29.571842 [debug] [Thread-2 (]: SQL status: SUCCESS 15 in 0.050 seconds
[0m04:28:29.577575 [debug] [Thread-2 (]: Using snowflake connection "model.UPI_Fraud_Monitoring.sl_account"
[0m04:28:29.578264 [debug] [Thread-2 (]: On model.UPI_Fraud_Monitoring.sl_account: /* {"app": "dbt", "dbt_version": "1.9.4", "profile_name": "default", "target_name": "dev", "node_id": "model.UPI_Fraud_Monitoring.sl_account"} */
describe table "UPI_FRAUD_MONITORING"."TRANSFORM"."SL_ACCOUNT"
[0m04:28:29.635344 [debug] [Thread-2 (]: SQL status: SUCCESS 15 in 0.056 seconds
[0m04:28:29.649111 [debug] [Thread-2 (]: 
    In "UPI_FRAUD_MONITORING"."TRANSFORM"."SL_ACCOUNT":
        Schema changed: True
        Source columns not in target: []
        Target columns not in source: []
        New column types: [{'column_name': 'ACCOUNT_AGE_DAYS', 'new_type': 'NUMBER(9,0)'}]
  
[0m04:28:29.655712 [debug] [Thread-2 (]: 
    In "UPI_FRAUD_MONITORING"."TRANSFORM"."SL_ACCOUNT":
        Schema change approach: append_new_columns
        Columns added: []
        Columns removed: 
        Data types changed: 
  
[0m04:28:29.667679 [debug] [Thread-2 (]: Writing runtime sql for node "model.UPI_Fraud_Monitoring.sl_account"
[0m04:28:29.669058 [debug] [Thread-2 (]: Using snowflake connection "model.UPI_Fraud_Monitoring.sl_account"
[0m04:28:29.669559 [debug] [Thread-2 (]: On model.UPI_Fraud_Monitoring.sl_account: /* {"app": "dbt", "dbt_version": "1.9.4", "profile_name": "default", "target_name": "dev", "node_id": "model.UPI_Fraud_Monitoring.sl_account"} */
BEGIN
[0m04:28:29.735324 [debug] [Thread-2 (]: SQL status: SUCCESS 1 in 0.065 seconds
[0m04:28:29.736009 [debug] [Thread-2 (]: Using snowflake connection "model.UPI_Fraud_Monitoring.sl_account"
[0m04:28:29.736682 [debug] [Thread-2 (]: On model.UPI_Fraud_Monitoring.sl_account: /* {"app": "dbt", "dbt_version": "1.9.4", "profile_name": "default", "target_name": "dev", "node_id": "model.UPI_Fraud_Monitoring.sl_account"} */
insert into UPI_FRAUD_MONITORING.TRANSFORM.sl_account ("ACCOUNT_ID", "CUSTOMER_ID", "ACCOUNT_TYPE", "ACCOUNT_STATUS", "CURRENT_BALANCE", "AVAILABLE_BALANCE", "OPEN_DATE", "ACCOUNT_AGE_DAYS", "ACCOUNT_RISK_RATING", "CREATED_LOAD_ID", "CREATED_DATE_TIME", "HASH_DIFF", "IS_CURRENT", "DBT_LOADED_AT", "UPDATED_DATE_TIME")
    (
        select "ACCOUNT_ID", "CUSTOMER_ID", "ACCOUNT_TYPE", "ACCOUNT_STATUS", "CURRENT_BALANCE", "AVAILABLE_BALANCE", "OPEN_DATE", "ACCOUNT_AGE_DAYS", "ACCOUNT_RISK_RATING", "CREATED_LOAD_ID", "CREATED_DATE_TIME", "HASH_DIFF", "IS_CURRENT", "DBT_LOADED_AT", "UPDATED_DATE_TIME"
        from UPI_FRAUD_MONITORING.TRANSFORM.sl_account__dbt_tmp
    )

;
[0m04:28:30.234687 [debug] [Thread-2 (]: SQL status: SUCCESS 1 in 0.497 seconds
[0m04:28:30.235445 [debug] [Thread-2 (]: Using snowflake connection "model.UPI_Fraud_Monitoring.sl_account"
[0m04:28:30.235959 [debug] [Thread-2 (]: On model.UPI_Fraud_Monitoring.sl_account: /* {"app": "dbt", "dbt_version": "1.9.4", "profile_name": "default", "target_name": "dev", "node_id": "model.UPI_Fraud_Monitoring.sl_account"} */
COMMIT
[0m04:28:30.481885 [debug] [Thread-2 (]: SQL status: SUCCESS 1 in 0.245 seconds
[0m04:28:30.493435 [debug] [Thread-2 (]: Applying DROP to: UPI_FRAUD_MONITORING.TRANSFORM.sl_account__dbt_tmp
[0m04:28:30.509463 [debug] [Thread-2 (]: Using snowflake connection "model.UPI_Fraud_Monitoring.sl_account"
[0m04:28:30.510076 [debug] [Thread-2 (]: On model.UPI_Fraud_Monitoring.sl_account: /* {"app": "dbt", "dbt_version": "1.9.4", "profile_name": "default", "target_name": "dev", "node_id": "model.UPI_Fraud_Monitoring.sl_account"} */
drop view if exists UPI_FRAUD_MONITORING.TRANSFORM.sl_account__dbt_tmp cascade
[0m04:28:30.597230 [debug] [Thread-2 (]: SQL status: SUCCESS 1 in 0.087 seconds
[0m04:28:30.600148 [debug] [Thread-2 (]: Using snowflake connection "model.UPI_Fraud_Monitoring.sl_account"
[0m04:28:30.600844 [debug] [Thread-2 (]: On model.UPI_Fraud_Monitoring.sl_account: /* {"app": "dbt", "dbt_version": "1.9.4", "profile_name": "default", "target_name": "dev", "node_id": "model.UPI_Fraud_Monitoring.sl_account"} */
UPDATE UPI_FRAUD_MONITORING.TRANSFORM.sl_account t
             SET t.IS_CURRENT = 'N',
                 t.UPDATED_DATE_TIME = CURRENT_TIMESTAMP()
             FROM (
                 SELECT ACCOUNT_ID, MAX(DBT_LOADED_AT) as LATEST_LOAD
                 FROM UPI_FRAUD_MONITORING.TRANSFORM.sl_account
                 WHERE IS_CURRENT = 'Y'
                 GROUP BY ACCOUNT_ID
                 HAVING COUNT(*) > 1
             ) dup
             WHERE t.ACCOUNT_ID = dup.ACCOUNT_ID
               AND t.IS_CURRENT = 'Y'
               AND t.DBT_LOADED_AT < dup.LATEST_LOAD
[0m04:28:30.979369 [debug] [Thread-2 (]: SQL status: SUCCESS 1 in 0.378 seconds
[0m04:28:31.002658 [info ] [Thread-2 (]: 1 of 1 OK created sql incremental model TRANSFORM.sl_account ................... [[32mSUCCESS 1[0m in 2.70s]
[0m04:28:31.003492 [debug] [Thread-2 (]: Finished running node model.UPI_Fraud_Monitoring.sl_account
[0m04:28:31.007003 [debug] [Dummy-1   ]: Connection 'master' was properly closed.
[0m04:28:31.007495 [debug] [Dummy-1   ]: Connection 'model.UPI_Fraud_Monitoring.sl_account' was properly closed.
[0m04:28:31.007956 [info ] [Dummy-1   ]: 
[0m04:28:31.008540 [info ] [Dummy-1   ]: Finished running 1 incremental model in 0 hours 0 minutes and 3.89 seconds (3.89s).
[0m04:28:31.009391 [debug] [Dummy-1   ]: Command end result
[0m04:28:31.045465 [debug] [Dummy-1   ]: Wrote artifact WritableManifest to /tmp/dbt/target/manifest.json
[0m04:28:31.047565 [debug] [Dummy-1   ]: Wrote artifact SemanticManifest to /tmp/dbt/target/semantic_manifest.json
[0m04:28:31.053770 [debug] [Dummy-1   ]: Wrote artifact RunExecutionResult to /tmp/dbt/target/run_results.json
[0m04:28:31.054267 [info ] [Dummy-1   ]: 
[0m04:28:31.054896 [info ] [Dummy-1   ]: [32mCompleted successfully[0m
[0m04:28:31.055373 [info ] [Dummy-1   ]: 
[0m04:28:31.055883 [info ] [Dummy-1   ]: Done. PASS=1 WARN=0 ERROR=0 SKIP=0 TOTAL=1
[0m04:28:31.057674 [debug] [Dummy-1   ]: Resource report: {"command_name": "run", "command_success": true, "command_wall_clock_time": 5.3364115, "process_in_blocks": "0", "process_kernel_time": 0.86, "process_mem_max_rss": "466944", "process_out_blocks": "0", "process_user_time": 4.4}
[0m04:28:31.058305 [debug] [Dummy-1   ]: Command `cli run` succeeded at 04:28:31.058049 after 5.34 seconds
[0m04:28:31.058820 [debug] [Dummy-1   ]: Flushing usage events


============================== 04:34:42.233766 | 9447bb68-2978-4c11-8b92-bc2b4540cd01 ==============================
[0m04:34:42.233766 [info ] [Dummy-1   ]: Running with dbt=1.9.4
[0m04:34:42.234626 [debug] [Dummy-1   ]: running dbt with arguments {'printer_width': '80', 'indirect_selection': 'eager', 'log_cache_events': 'False', 'write_json': 'True', 'partial_parse': 'True', 'cache_selected_only': 'False', 'warn_error': 'None', 'fail_fast': 'False', 'profiles_dir': '/tmp/dbt_effective_profiles_ol3plvbb', 'log_path': '/tmp/dbt/logs', 'debug': 'False', 'version_check': 'True', 'use_colors': 'True', 'use_experimental_parser': 'False', 'empty': 'False', 'quiet': 'False', 'no_print': 'None', 'warn_error_options': 'WarnErrorOptions(include=[], exclude=[])', 'invocation_command': 'dbt ', 'introspect': 'True', 'log_format': 'default', 'target_path': 'None', 'static_parser': 'True', 'send_anonymous_usage_stats': 'False'}
[0m04:34:42.505444 [info ] [Dummy-1   ]: Registered adapter: snowflake=1.9.2
[0m04:34:43.037957 [debug] [Dummy-1   ]: checksum: 53ed91fada2233efb98368d1716b44ab532c83a9c293cf1890b7905d5b45fb25, vars: {}, profile: , target: dev, version: 1.9.4
[0m04:34:43.324145 [debug] [Dummy-1   ]: Partial parsing enabled: 0 files deleted, 0 files added, 2 files changed.
[0m04:34:43.325941 [debug] [Dummy-1   ]: Partial parsing: updated file: UPI_Fraud_Monitoring://models/schema.yml
[0m04:34:43.326668 [debug] [Dummy-1   ]: Partial parsing: updated file: UPI_Fraud_Monitoring://models/silver/sl_account.sql
[0m04:34:44.006884 [debug] [Dummy-1   ]: Wrote artifact WritableManifest to /tmp/dbt/target/manifest.json
[0m04:34:44.008980 [debug] [Dummy-1   ]: Wrote artifact SemanticManifest to /tmp/dbt/target/semantic_manifest.json
[0m04:34:44.052248 [info ] [Dummy-1   ]: Found 30 models, 20 data tests, 10 sources, 478 macros
[0m04:34:44.055164 [info ] [Dummy-1   ]: 
[0m04:34:44.055718 [info ] [Dummy-1   ]: Concurrency: 4 threads (target='dev')
[0m04:34:44.056180 [info ] [Dummy-1   ]: 
[0m04:34:44.056991 [debug] [Dummy-1   ]: Acquiring new snowflake connection 'master'
[0m04:34:44.062905 [debug] [ThreadPool]: Acquiring new snowflake connection 'list_UPI_FRAUD_MONITORING'
[0m04:34:44.144867 [debug] [ThreadPool]: Using snowflake connection "list_UPI_FRAUD_MONITORING"
[0m04:34:44.145429 [debug] [ThreadPool]: On list_UPI_FRAUD_MONITORING: /* {"app": "dbt", "dbt_version": "1.9.4", "profile_name": "default", "target_name": "dev", "connection_name": "list_UPI_FRAUD_MONITORING"} */
show terse schemas in database UPI_FRAUD_MONITORING
    limit 10000
[0m04:34:44.145895 [debug] [ThreadPool]: Opening a new connection, currently in state init
[0m04:34:44.672126 [debug] [ThreadPool]: SQL status: SUCCESS 4 in 0.526 seconds
[0m04:34:44.677638 [debug] [ThreadPool]: Re-using an available connection from the pool (formerly list_UPI_FRAUD_MONITORING, now list_UPI_FRAUD_MONITORING_TRANSFORM)
[0m04:34:44.689623 [debug] [ThreadPool]: Using snowflake connection "list_UPI_FRAUD_MONITORING_TRANSFORM"
[0m04:34:44.690097 [debug] [ThreadPool]: On list_UPI_FRAUD_MONITORING_TRANSFORM: /* {"app": "dbt", "dbt_version": "1.9.4", "profile_name": "default", "target_name": "dev", "connection_name": "list_UPI_FRAUD_MONITORING_TRANSFORM"} */
alter session set quoted_identifiers_ignore_case = false;
[0m04:34:44.690514 [debug] [ThreadPool]: Opening a new connection, currently in state init
[0m04:34:45.211371 [debug] [ThreadPool]: SQL status: SUCCESS 1 in 0.521 seconds
[0m04:34:45.215797 [debug] [ThreadPool]: Using snowflake connection "list_UPI_FRAUD_MONITORING_TRANSFORM"
[0m04:34:45.216284 [debug] [ThreadPool]: On list_UPI_FRAUD_MONITORING_TRANSFORM: /* {"app": "dbt", "dbt_version": "1.9.4", "profile_name": "default", "target_name": "dev", "connection_name": "list_UPI_FRAUD_MONITORING_TRANSFORM"} */
show objects in UPI_FRAUD_MONITORING.TRANSFORM
    limit 10000
    
;
[0m04:34:45.327100 [debug] [ThreadPool]: SQL status: SUCCESS 30 in 0.110 seconds
[0m04:34:45.329826 [debug] [ThreadPool]: Using snowflake connection "list_UPI_FRAUD_MONITORING_TRANSFORM"
[0m04:34:45.330285 [debug] [ThreadPool]: On list_UPI_FRAUD_MONITORING_TRANSFORM: /* {"app": "dbt", "dbt_version": "1.9.4", "profile_name": "default", "target_name": "dev", "connection_name": "list_UPI_FRAUD_MONITORING_TRANSFORM"} */
alter session unset quoted_identifiers_ignore_case;
[0m04:34:45.393851 [debug] [ThreadPool]: SQL status: SUCCESS 1 in 0.063 seconds
[0m04:34:45.413694 [debug] [Thread-2 (]: Began running node model.UPI_Fraud_Monitoring.v_raw_account
[0m04:34:45.414414 [info ] [Thread-2 (]: 1 of 3 START sql view model TRANSFORM.v_raw_account ............................ [RUN]
[0m04:34:45.415029 [debug] [Thread-2 (]: Re-using an available connection from the pool (formerly list_UPI_FRAUD_MONITORING_TRANSFORM, now model.UPI_Fraud_Monitoring.v_raw_account)
[0m04:34:45.415524 [debug] [Thread-2 (]: Began compiling node model.UPI_Fraud_Monitoring.v_raw_account
[0m04:34:45.434592 [debug] [Thread-2 (]: Using snowflake connection "model.UPI_Fraud_Monitoring.v_raw_account"
[0m04:34:45.435115 [debug] [Thread-2 (]: On model.UPI_Fraud_Monitoring.v_raw_account: /* {"app": "dbt", "dbt_version": "1.9.4", "profile_name": "default", "target_name": "dev", "node_id": "model.UPI_Fraud_Monitoring.v_raw_account"} */
describe table UPI_FRAUD_MONITORING.STAGING.account
[0m04:34:45.435588 [debug] [Thread-2 (]: Opening a new connection, currently in state init
[0m04:34:45.762524 [debug] [Thread-2 (]: SQL status: SUCCESS 12 in 0.327 seconds
[0m04:34:45.765173 [debug] [Thread-2 (]: Writing injected SQL for node "model.UPI_Fraud_Monitoring.v_raw_account"
[0m04:34:45.765943 [debug] [Thread-2 (]: Began executing node model.UPI_Fraud_Monitoring.v_raw_account
[0m04:34:45.871581 [debug] [Thread-2 (]: Writing runtime sql for node "model.UPI_Fraud_Monitoring.v_raw_account"
[0m04:34:45.873083 [debug] [Thread-2 (]: Using snowflake connection "model.UPI_Fraud_Monitoring.v_raw_account"
[0m04:34:45.873652 [debug] [Thread-2 (]: On model.UPI_Fraud_Monitoring.v_raw_account: /* {"app": "dbt", "dbt_version": "1.9.4", "profile_name": "default", "target_name": "dev", "node_id": "model.UPI_Fraud_Monitoring.v_raw_account"} */
create or replace   view UPI_FRAUD_MONITORING.TRANSFORM.v_raw_account
  
   as (
    

    
    

    select
        
        ACCOUNT_ID,
        
        CUSTOMER_ID,
        
        ACCOUNT_NUMBER,
        
        ACCOUNT_TYPE,
        
        BRANCH_CODE,
        
        IFSC_CODE,
        
        OPEN_DATE,
        
        ACCOUNT_STATUS,
        
        CURRENT_BALANCE,
        
        AVAILABLE_BALANCE,
        
        CREATED_DATE_TIME,
        
        CREATED_LOAD_ID
        
    from UPI_FRAUD_MONITORING.STAGING.account


  );
[0m04:34:46.089313 [debug] [Thread-2 (]: SQL status: SUCCESS 1 in 0.215 seconds
[0m04:34:46.114582 [info ] [Thread-2 (]: 1 of 3 OK created sql view model TRANSFORM.v_raw_account ....................... [[32mSUCCESS 1[0m in 0.70s]
[0m04:34:46.115383 [debug] [Thread-2 (]: Finished running node model.UPI_Fraud_Monitoring.v_raw_account
[0m04:34:46.116830 [debug] [Thread-4 (]: Began running node model.UPI_Fraud_Monitoring.v_account
[0m04:34:46.117622 [info ] [Thread-4 (]: 2 of 3 START sql view model TRANSFORM.v_account ................................ [RUN]
[0m04:34:46.118361 [debug] [Thread-4 (]: Acquiring new snowflake connection 'model.UPI_Fraud_Monitoring.v_account'
[0m04:34:46.118853 [debug] [Thread-4 (]: Began compiling node model.UPI_Fraud_Monitoring.v_account
[0m04:34:46.134930 [debug] [Thread-4 (]: Using snowflake connection "model.UPI_Fraud_Monitoring.v_account"
[0m04:34:46.135472 [debug] [Thread-4 (]: On model.UPI_Fraud_Monitoring.v_account: /* {"app": "dbt", "dbt_version": "1.9.4", "profile_name": "default", "target_name": "dev", "node_id": "model.UPI_Fraud_Monitoring.v_account"} */
describe table UPI_FRAUD_MONITORING.TRANSFORM.v_raw_account
[0m04:34:46.135935 [debug] [Thread-4 (]: Opening a new connection, currently in state init
[0m04:34:46.501181 [debug] [Thread-4 (]: SQL status: SUCCESS 12 in 0.365 seconds
[0m04:34:46.503795 [debug] [Thread-4 (]: Writing injected SQL for node "model.UPI_Fraud_Monitoring.v_account"
[0m04:34:46.504616 [debug] [Thread-4 (]: Began executing node model.UPI_Fraud_Monitoring.v_account
[0m04:34:46.510657 [debug] [Thread-4 (]: Writing runtime sql for node "model.UPI_Fraud_Monitoring.v_account"
[0m04:34:46.513419 [debug] [Thread-4 (]: Using snowflake connection "model.UPI_Fraud_Monitoring.v_account"
[0m04:34:46.514067 [debug] [Thread-4 (]: On model.UPI_Fraud_Monitoring.v_account: /* {"app": "dbt", "dbt_version": "1.9.4", "profile_name": "default", "target_name": "dev", "node_id": "model.UPI_Fraud_Monitoring.v_account"} */
create or replace   view UPI_FRAUD_MONITORING.TRANSFORM.v_account
  
   as (
    

    
    

    
    

    
        

        
            
            
        
    
        

        
            
            
        
    
        

        
            
            
        
    
        

        
            
            
        
    
        

        
            
            
        
    
        

        
            
            
        
    
        

        
            
            
        
    
        

        
            
            
        
    
        

        
            
            
        
    
        

        
            
            
        
    
        

        
            
            
        
    
        

        
            
            
        
    

    with cleansed as (
        select distinct
            trim(ACCOUNT_ID) as ACCOUNT_ID,
            trim(CUSTOMER_ID) as CUSTOMER_ID,
            trim(ACCOUNT_NUMBER) as ACCOUNT_NUMBER,
            trim(ACCOUNT_TYPE) as ACCOUNT_TYPE,
            trim(BRANCH_CODE) as BRANCH_CODE,
            trim(IFSC_CODE) as IFSC_CODE,
            trim(OPEN_DATE) as OPEN_DATE,
            trim(ACCOUNT_STATUS) as ACCOUNT_STATUS,
            trim(CURRENT_BALANCE) as CURRENT_BALANCE,
            trim(AVAILABLE_BALANCE) as AVAILABLE_BALANCE,
            CREATED_DATE_TIME,
            cast(CREATED_LOAD_ID as number(38,0)) as CREATED_LOAD_ID,
            md5(coalesce(trim(ACCOUNT_ID), '^') || '|' || coalesce(trim(CUSTOMER_ID), '^') || '|' || coalesce(trim(ACCOUNT_NUMBER), '^') || '|' || coalesce(trim(ACCOUNT_TYPE), '^') || '|' || coalesce(trim(BRANCH_CODE), '^') || '|' || coalesce(trim(IFSC_CODE), '^') || '|' || coalesce(trim(OPEN_DATE), '^') || '|' || coalesce(trim(ACCOUNT_STATUS), '^') || '|' || coalesce(trim(CURRENT_BALANCE), '^') || '|' || coalesce(trim(AVAILABLE_BALANCE), '^') || '|' || coalesce(CREATED_DATE_TIME::string, '^') || '|' || coalesce(cast(CREATED_LOAD_ID as string), '^')) as hash_diff
        from UPI_FRAUD_MONITORING.TRANSFORM.v_raw_account
        where CREATED_LOAD_ID is not null
    )

    select *
    from cleansed
    where CREATED_LOAD_ID = (
        select max(CREATED_LOAD_ID)
        from cleansed
    )


  );
[0m04:34:46.747656 [debug] [Thread-4 (]: SQL status: SUCCESS 1 in 0.233 seconds
[0m04:34:46.750586 [info ] [Thread-4 (]: 2 of 3 OK created sql view model TRANSFORM.v_account ........................... [[32mSUCCESS 1[0m in 0.63s]
[0m04:34:46.751349 [debug] [Thread-4 (]: Finished running node model.UPI_Fraud_Monitoring.v_account
[0m04:34:46.752582 [debug] [Thread-3 (]: Began running node model.UPI_Fraud_Monitoring.sl_account
[0m04:34:46.753368 [info ] [Thread-3 (]: 3 of 3 START sql incremental model TRANSFORM.sl_account ........................ [RUN]
[0m04:34:46.754030 [debug] [Thread-3 (]: Acquiring new snowflake connection 'model.UPI_Fraud_Monitoring.sl_account'
[0m04:34:46.754496 [debug] [Thread-3 (]: Began compiling node model.UPI_Fraud_Monitoring.sl_account
[0m04:34:46.762237 [debug] [Thread-3 (]: Writing injected SQL for node "model.UPI_Fraud_Monitoring.sl_account"
[0m04:34:46.762958 [debug] [Thread-3 (]: Began executing node model.UPI_Fraud_Monitoring.sl_account
[0m04:34:46.845662 [debug] [Thread-3 (]: Using snowflake connection "model.UPI_Fraud_Monitoring.sl_account"
[0m04:34:46.846996 [debug] [Thread-3 (]: On model.UPI_Fraud_Monitoring.sl_account: /* {"app": "dbt", "dbt_version": "1.9.4", "profile_name": "default", "target_name": "dev", "node_id": "model.UPI_Fraud_Monitoring.sl_account"} */
/* {"app": "dbt", "dbt_version": "1.9.4", "profile_name": "default", "target_name": "dev", "node_id": "model.UPI_Fraud_Monitoring.sl_account"} */
select * from (
        

with source as (
    select
        cast(ACCOUNT_ID as VARCHAR(50)) as ACCOUNT_ID,
        cast(CUSTOMER_ID as VARCHAR(50)) as CUSTOMER_ID,
        cast(ACCOUNT_TYPE as VARCHAR(30)) as ACCOUNT_TYPE,
        cast(ACCOUNT_STATUS as VARCHAR(30)) as ACCOUNT_STATUS,
        cast(CURRENT_BALANCE as NUMBER(18,2)) as CURRENT_BALANCE,
        cast(AVAILABLE_BALANCE as NUMBER(18,2)) as AVAILABLE_BALANCE,
        cast(OPEN_DATE as DATE) as OPEN_DATE,
        DATEDIFF(DAY, cast(OPEN_DATE as DATE), CURRENT_DATE) as ACCOUNT_AGE_DAYS,
        cast(CREATED_LOAD_ID as NUMBER) as CREATED_LOAD_ID,
        CREATED_DATE_TIME
    from UPI_FRAUD_MONITORING.TRANSFORM.v_account
),

enriched as (
    select
        ACCOUNT_ID,
        CUSTOMER_ID,
        ACCOUNT_TYPE,
        ACCOUNT_STATUS,
        CURRENT_BALANCE,
        AVAILABLE_BALANCE,
        OPEN_DATE,
        ACCOUNT_AGE_DAYS,
        CASE
            WHEN ACCOUNT_AGE_DAYS < 30 THEN 'HIGH'
            WHEN CURRENT_BALANCE > 1000000 THEN 'MEDIUM'
            ELSE 'LOW'
        END as ACCOUNT_RISK_RATING,
        CREATED_LOAD_ID,
        CREATED_DATE_TIME
    from source
),

hashed as (
    select
        *,
        md5(
            coalesce(ACCOUNT_ID, '^') || '|' ||
            coalesce(CUSTOMER_ID, '^') || '|' ||
            coalesce(ACCOUNT_TYPE, '^') || '|' ||
            coalesce(ACCOUNT_STATUS, '^') || '|' ||
            coalesce(cast(CURRENT_BALANCE as VARCHAR), '^') || '|' ||
            coalesce(cast(AVAILABLE_BALANCE as VARCHAR), '^') || '|' ||
            coalesce(cast(OPEN_DATE as VARCHAR), '^') || '|' ||
            coalesce(ACCOUNT_RISK_RATING, '^')
        ) as HASH_DIFF,
        'Y' as IS_CURRENT,
        NULL::TIMESTAMP_NTZ as UPDATED_DATE_TIME,
        NULL::NUMBER as UPDATED_LOAD_ID
    from enriched
)



    select * from hashed


    ) as __dbt_sbq
    where false
    limit 0
[0m04:34:46.848560 [debug] [Thread-3 (]: Opening a new connection, currently in state init
[0m04:34:47.408142 [debug] [Thread-3 (]: SQL status: SUCCESS 0 in 0.560 seconds
[0m04:34:47.432954 [debug] [Thread-3 (]: Using snowflake connection "model.UPI_Fraud_Monitoring.sl_account"
[0m04:34:47.434247 [debug] [Thread-3 (]: On model.UPI_Fraud_Monitoring.sl_account: /* {"app": "dbt", "dbt_version": "1.9.4", "profile_name": "default", "target_name": "dev", "node_id": "model.UPI_Fraud_Monitoring.sl_account"} */
/* {"app": "dbt", "dbt_version": "1.9.4", "profile_name": "default", "target_name": "dev", "node_id": "model.UPI_Fraud_Monitoring.sl_account"} */
select * from (
        select
    
      
    cast(null as VARCHAR(50))
     as ACCOUNT_ID, 
      
    cast(null as VARCHAR(50))
     as CUSTOMER_ID, 
      
    cast(null as VARCHAR(30))
     as ACCOUNT_TYPE, 
      
    cast(null as VARCHAR(30))
     as ACCOUNT_STATUS, 
      
    cast(null as NUMBER(18,2))
     as CURRENT_BALANCE, 
      
    cast(null as NUMBER(18,2))
     as AVAILABLE_BALANCE, 
      
    cast(null as DATE)
     as OPEN_DATE, 
      
    cast(null as NUMBER(38,0))
     as ACCOUNT_AGE_DAYS, 
      
    cast(null as VARCHAR(20))
     as ACCOUNT_RISK_RATING, 
      
    cast(null as NUMBER(38,0))
     as CREATED_LOAD_ID, 
      
    cast(null as TIMESTAMP_NTZ)
     as CREATED_DATE_TIME, 
      
    cast(null as VARCHAR(2000))
     as HASH_DIFF, 
      
    cast(null as VARCHAR(10))
     as IS_CURRENT, 
      
    cast(null as TIMESTAMP_NTZ)
     as UPDATED_DATE_TIME, 
      
    cast(null as NUMBER(38,0))
     as UPDATED_LOAD_ID
    ) as __dbt_sbq
    where false
    limit 0
[0m04:34:47.544228 [debug] [Thread-3 (]: SQL status: SUCCESS 0 in 0.109 seconds
[0m04:34:47.589370 [debug] [Thread-3 (]: Writing runtime sql for node "model.UPI_Fraud_Monitoring.sl_account"
[0m04:34:47.592949 [debug] [Thread-3 (]: Using snowflake connection "model.UPI_Fraud_Monitoring.sl_account"
[0m04:34:47.593644 [debug] [Thread-3 (]: On model.UPI_Fraud_Monitoring.sl_account: /* {"app": "dbt", "dbt_version": "1.9.4", "profile_name": "default", "target_name": "dev", "node_id": "model.UPI_Fraud_Monitoring.sl_account"} */
create or replace transient table UPI_FRAUD_MONITORING.TRANSFORM.sl_account
          
  (
    ACCOUNT_ID VARCHAR(50) not null,
    CUSTOMER_ID VARCHAR(50),
    ACCOUNT_TYPE VARCHAR(30),
    ACCOUNT_STATUS VARCHAR(30),
    CURRENT_BALANCE NUMBER(18,2),
    AVAILABLE_BALANCE NUMBER(18,2),
    OPEN_DATE DATE,
    ACCOUNT_AGE_DAYS NUMBER(38,0),
    ACCOUNT_RISK_RATING VARCHAR(20),
    CREATED_LOAD_ID NUMBER(38,0),
    CREATED_DATE_TIME TIMESTAMP_NTZ,
    HASH_DIFF VARCHAR(2000),
    IS_CURRENT VARCHAR(10),
    UPDATED_DATE_TIME TIMESTAMP_NTZ,
    UPDATED_LOAD_ID NUMBER(38,0)
    
    )

          
        
         as
        (
    select ACCOUNT_ID, CUSTOMER_ID, ACCOUNT_TYPE, ACCOUNT_STATUS, CURRENT_BALANCE, AVAILABLE_BALANCE, OPEN_DATE, ACCOUNT_AGE_DAYS, ACCOUNT_RISK_RATING, CREATED_LOAD_ID, CREATED_DATE_TIME, HASH_DIFF, IS_CURRENT, UPDATED_DATE_TIME, UPDATED_LOAD_ID
    from (
        

with source as (
    select
        cast(ACCOUNT_ID as VARCHAR(50)) as ACCOUNT_ID,
        cast(CUSTOMER_ID as VARCHAR(50)) as CUSTOMER_ID,
        cast(ACCOUNT_TYPE as VARCHAR(30)) as ACCOUNT_TYPE,
        cast(ACCOUNT_STATUS as VARCHAR(30)) as ACCOUNT_STATUS,
        cast(CURRENT_BALANCE as NUMBER(18,2)) as CURRENT_BALANCE,
        cast(AVAILABLE_BALANCE as NUMBER(18,2)) as AVAILABLE_BALANCE,
        cast(OPEN_DATE as DATE) as OPEN_DATE,
        DATEDIFF(DAY, cast(OPEN_DATE as DATE), CURRENT_DATE) as ACCOUNT_AGE_DAYS,
        cast(CREATED_LOAD_ID as NUMBER) as CREATED_LOAD_ID,
        CREATED_DATE_TIME
    from UPI_FRAUD_MONITORING.TRANSFORM.v_account
),

enriched as (
    select
        ACCOUNT_ID,
        CUSTOMER_ID,
        ACCOUNT_TYPE,
        ACCOUNT_STATUS,
        CURRENT_BALANCE,
        AVAILABLE_BALANCE,
        OPEN_DATE,
        ACCOUNT_AGE_DAYS,
        CASE
            WHEN ACCOUNT_AGE_DAYS < 30 THEN 'HIGH'
            WHEN CURRENT_BALANCE > 1000000 THEN 'MEDIUM'
            ELSE 'LOW'
        END as ACCOUNT_RISK_RATING,
        CREATED_LOAD_ID,
        CREATED_DATE_TIME
    from source
),

hashed as (
    select
        *,
        md5(
            coalesce(ACCOUNT_ID, '^') || '|' ||
            coalesce(CUSTOMER_ID, '^') || '|' ||
            coalesce(ACCOUNT_TYPE, '^') || '|' ||
            coalesce(ACCOUNT_STATUS, '^') || '|' ||
            coalesce(cast(CURRENT_BALANCE as VARCHAR), '^') || '|' ||
            coalesce(cast(AVAILABLE_BALANCE as VARCHAR), '^') || '|' ||
            coalesce(cast(OPEN_DATE as VARCHAR), '^') || '|' ||
            coalesce(ACCOUNT_RISK_RATING, '^')
        ) as HASH_DIFF,
        'Y' as IS_CURRENT,
        NULL::TIMESTAMP_NTZ as UPDATED_DATE_TIME,
        NULL::NUMBER as UPDATED_LOAD_ID
    from enriched
)



    select * from hashed


    ) as model_subq
        );
[0m04:34:48.466786 [debug] [Thread-3 (]: SQL status: SUCCESS 1 in 0.872 seconds
[0m04:34:48.478065 [debug] [Thread-3 (]: Applying DROP to: UPI_FRAUD_MONITORING.TRANSFORM.sl_account__dbt_tmp
[0m04:34:48.493559 [debug] [Thread-3 (]: Using snowflake connection "model.UPI_Fraud_Monitoring.sl_account"
[0m04:34:48.494144 [debug] [Thread-3 (]: On model.UPI_Fraud_Monitoring.sl_account: /* {"app": "dbt", "dbt_version": "1.9.4", "profile_name": "default", "target_name": "dev", "node_id": "model.UPI_Fraud_Monitoring.sl_account"} */
drop view if exists UPI_FRAUD_MONITORING.TRANSFORM.sl_account__dbt_tmp cascade
[0m04:34:48.558808 [debug] [Thread-3 (]: SQL status: SUCCESS 1 in 0.064 seconds
[0m04:34:48.561625 [debug] [Thread-3 (]: Using snowflake connection "model.UPI_Fraud_Monitoring.sl_account"
[0m04:34:48.562174 [debug] [Thread-3 (]: On model.UPI_Fraud_Monitoring.sl_account: /* {"app": "dbt", "dbt_version": "1.9.4", "profile_name": "default", "target_name": "dev", "node_id": "model.UPI_Fraud_Monitoring.sl_account"} */
UPDATE UPI_FRAUD_MONITORING.TRANSFORM.sl_account t
             SET t.IS_CURRENT = 'N',
                 t.UPDATED_DATE_TIME = CURRENT_TIMESTAMP(),
                 t.UPDATED_LOAD_ID = dup.LATEST_LOAD_ID
             FROM (
                 SELECT ACCOUNT_ID, MAX(CREATED_LOAD_ID) as LATEST_LOAD_ID
                 FROM UPI_FRAUD_MONITORING.TRANSFORM.sl_account
                 WHERE IS_CURRENT = 'Y'
                 GROUP BY ACCOUNT_ID
                 HAVING COUNT(*) > 1
             ) dup
             WHERE t.ACCOUNT_ID = dup.ACCOUNT_ID
               AND t.IS_CURRENT = 'Y'
               AND t.CREATED_LOAD_ID < dup.LATEST_LOAD_ID
[0m04:34:48.958154 [debug] [Thread-3 (]: SQL status: SUCCESS 0 in 0.395 seconds
[0m04:34:48.961208 [info ] [Thread-3 (]: 3 of 3 OK created sql incremental model TRANSFORM.sl_account ................... [[32mSUCCESS 1[0m in 2.21s]
[0m04:34:48.961964 [debug] [Thread-3 (]: Finished running node model.UPI_Fraud_Monitoring.sl_account
[0m04:34:48.964984 [debug] [Dummy-1   ]: Connection 'master' was properly closed.
[0m04:34:48.965641 [debug] [Dummy-1   ]: Connection 'model.UPI_Fraud_Monitoring.v_raw_account' was properly closed.
[0m04:34:48.966121 [debug] [Dummy-1   ]: Connection 'model.UPI_Fraud_Monitoring.v_account' was properly closed.
[0m04:34:48.966552 [debug] [Dummy-1   ]: Connection 'model.UPI_Fraud_Monitoring.sl_account' was properly closed.
[0m04:34:48.967107 [info ] [Dummy-1   ]: 
[0m04:34:48.967579 [info ] [Dummy-1   ]: Finished running 1 incremental model, 2 view models in 0 hours 0 minutes and 4.91 seconds (4.91s).
[0m04:34:48.968664 [debug] [Dummy-1   ]: Command end result
[0m04:34:49.003379 [debug] [Dummy-1   ]: Wrote artifact WritableManifest to /tmp/dbt/target/manifest.json
[0m04:34:49.005330 [debug] [Dummy-1   ]: Wrote artifact SemanticManifest to /tmp/dbt/target/semantic_manifest.json
[0m04:34:49.010976 [debug] [Dummy-1   ]: Wrote artifact RunExecutionResult to /tmp/dbt/target/run_results.json
[0m04:34:49.011394 [info ] [Dummy-1   ]: 
[0m04:34:49.011940 [info ] [Dummy-1   ]: [32mCompleted successfully[0m
[0m04:34:49.012445 [info ] [Dummy-1   ]: 
[0m04:34:49.012952 [info ] [Dummy-1   ]: Done. PASS=3 WARN=0 ERROR=0 SKIP=0 TOTAL=3
[0m04:34:49.014488 [debug] [Dummy-1   ]: Resource report: {"command_name": "run", "command_success": true, "command_wall_clock_time": 6.8528924, "process_in_blocks": "0", "process_kernel_time": 0.78, "process_mem_max_rss": "463204", "process_out_blocks": "0", "process_user_time": 4.89}
[0m04:34:49.015094 [debug] [Dummy-1   ]: Command `cli run` succeeded at 04:34:49.014846 after 6.85 seconds
[0m04:34:49.015599 [debug] [Dummy-1   ]: Flushing usage events


============================== 04:35:47.982667 | 50949105-0fa9-4b3b-8780-799959f825b0 ==============================
[0m04:35:47.982667 [info ] [Dummy-1   ]: Running with dbt=1.9.4
[0m04:35:47.983612 [debug] [Dummy-1   ]: running dbt with arguments {'printer_width': '80', 'indirect_selection': 'eager', 'write_json': 'True', 'log_cache_events': 'False', 'partial_parse': 'True', 'cache_selected_only': 'False', 'warn_error': 'None', 'fail_fast': 'False', 'debug': 'False', 'log_path': '/tmp/dbt/logs', 'profiles_dir': '/tmp/dbt_effective_profiles_9mwmmuhd', 'version_check': 'True', 'use_colors': 'True', 'use_experimental_parser': 'False', 'no_print': 'None', 'quiet': 'False', 'empty': 'False', 'log_format': 'default', 'invocation_command': 'dbt ', 'introspect': 'True', 'static_parser': 'True', 'target_path': 'None', 'warn_error_options': 'WarnErrorOptions(include=[], exclude=[])', 'send_anonymous_usage_stats': 'False'}
[0m04:35:48.263121 [info ] [Dummy-1   ]: Registered adapter: snowflake=1.9.2
[0m04:35:48.804812 [debug] [Dummy-1   ]: checksum: 53ed91fada2233efb98368d1716b44ab532c83a9c293cf1890b7905d5b45fb25, vars: {}, profile: , target: dev, version: 1.9.4
[0m04:35:49.107905 [debug] [Dummy-1   ]: Partial parsing enabled: 0 files deleted, 0 files added, 0 files changed.
[0m04:35:49.108601 [debug] [Dummy-1   ]: Partial parsing enabled, no changes found, skipping parsing
[0m04:35:49.263272 [debug] [Dummy-1   ]: Wrote artifact WritableManifest to /tmp/dbt/target/manifest.json
[0m04:35:49.265524 [debug] [Dummy-1   ]: Wrote artifact SemanticManifest to /tmp/dbt/target/semantic_manifest.json
[0m04:35:49.313329 [info ] [Dummy-1   ]: Found 30 models, 20 data tests, 10 sources, 478 macros
[0m04:35:49.315765 [info ] [Dummy-1   ]: 
[0m04:35:49.316470 [info ] [Dummy-1   ]: Concurrency: 4 threads (target='dev')
[0m04:35:49.316936 [info ] [Dummy-1   ]: 
[0m04:35:49.317751 [debug] [Dummy-1   ]: Acquiring new snowflake connection 'master'
[0m04:35:49.320247 [debug] [ThreadPool]: Acquiring new snowflake connection 'list_UPI_FRAUD_MONITORING'
[0m04:35:49.425215 [debug] [ThreadPool]: Using snowflake connection "list_UPI_FRAUD_MONITORING"
[0m04:35:49.425805 [debug] [ThreadPool]: On list_UPI_FRAUD_MONITORING: /* {"app": "dbt", "dbt_version": "1.9.4", "profile_name": "default", "target_name": "dev", "connection_name": "list_UPI_FRAUD_MONITORING"} */
show terse schemas in database UPI_FRAUD_MONITORING
    limit 10000
[0m04:35:49.426307 [debug] [ThreadPool]: Opening a new connection, currently in state init
[0m04:35:49.812493 [debug] [ThreadPool]: SQL status: SUCCESS 4 in 0.386 seconds
[0m04:35:49.822218 [debug] [ThreadPool]: Re-using an available connection from the pool (formerly list_UPI_FRAUD_MONITORING, now list_UPI_FRAUD_MONITORING_TRANSFORM)
[0m04:35:49.836441 [debug] [ThreadPool]: Using snowflake connection "list_UPI_FRAUD_MONITORING_TRANSFORM"
[0m04:35:49.837049 [debug] [ThreadPool]: On list_UPI_FRAUD_MONITORING_TRANSFORM: /* {"app": "dbt", "dbt_version": "1.9.4", "profile_name": "default", "target_name": "dev", "connection_name": "list_UPI_FRAUD_MONITORING_TRANSFORM"} */
alter session set quoted_identifiers_ignore_case = false;
[0m04:35:49.837489 [debug] [ThreadPool]: Opening a new connection, currently in state init
[0m04:35:50.183636 [debug] [ThreadPool]: SQL status: SUCCESS 1 in 0.346 seconds
[0m04:35:50.188308 [debug] [ThreadPool]: Using snowflake connection "list_UPI_FRAUD_MONITORING_TRANSFORM"
[0m04:35:50.188934 [debug] [ThreadPool]: On list_UPI_FRAUD_MONITORING_TRANSFORM: /* {"app": "dbt", "dbt_version": "1.9.4", "profile_name": "default", "target_name": "dev", "connection_name": "list_UPI_FRAUD_MONITORING_TRANSFORM"} */
show objects in UPI_FRAUD_MONITORING.TRANSFORM
    limit 10000
    
;
[0m04:35:50.321735 [debug] [ThreadPool]: SQL status: SUCCESS 30 in 0.132 seconds
[0m04:35:50.325009 [debug] [ThreadPool]: Using snowflake connection "list_UPI_FRAUD_MONITORING_TRANSFORM"
[0m04:35:50.325568 [debug] [ThreadPool]: On list_UPI_FRAUD_MONITORING_TRANSFORM: /* {"app": "dbt", "dbt_version": "1.9.4", "profile_name": "default", "target_name": "dev", "connection_name": "list_UPI_FRAUD_MONITORING_TRANSFORM"} */
alter session unset quoted_identifiers_ignore_case;
[0m04:35:50.376911 [debug] [ThreadPool]: SQL status: SUCCESS 1 in 0.051 seconds
[0m04:35:50.396641 [debug] [Thread-2 (]: Began running node model.UPI_Fraud_Monitoring.sl_account
[0m04:35:50.397503 [info ] [Thread-2 (]: 1 of 1 START sql incremental model TRANSFORM.sl_account ........................ [RUN]
[0m04:35:50.398214 [debug] [Thread-2 (]: Re-using an available connection from the pool (formerly list_UPI_FRAUD_MONITORING_TRANSFORM, now model.UPI_Fraud_Monitoring.sl_account)
[0m04:35:50.398721 [debug] [Thread-2 (]: Began compiling node model.UPI_Fraud_Monitoring.sl_account
[0m04:35:50.415129 [debug] [Thread-2 (]: Writing injected SQL for node "model.UPI_Fraud_Monitoring.sl_account"
[0m04:35:50.415978 [debug] [Thread-2 (]: Began executing node model.UPI_Fraud_Monitoring.sl_account
[0m04:35:50.490388 [debug] [Thread-2 (]: Using snowflake connection "model.UPI_Fraud_Monitoring.sl_account"
[0m04:35:50.491427 [debug] [Thread-2 (]: On model.UPI_Fraud_Monitoring.sl_account: /* {"app": "dbt", "dbt_version": "1.9.4", "profile_name": "default", "target_name": "dev", "node_id": "model.UPI_Fraud_Monitoring.sl_account"} */
/* {"app": "dbt", "dbt_version": "1.9.4", "profile_name": "default", "target_name": "dev", "node_id": "model.UPI_Fraud_Monitoring.sl_account"} */
select * from (
        

with source as (
    select
        cast(ACCOUNT_ID as VARCHAR(50)) as ACCOUNT_ID,
        cast(CUSTOMER_ID as VARCHAR(50)) as CUSTOMER_ID,
        cast(ACCOUNT_TYPE as VARCHAR(30)) as ACCOUNT_TYPE,
        cast(ACCOUNT_STATUS as VARCHAR(30)) as ACCOUNT_STATUS,
        cast(CURRENT_BALANCE as NUMBER(18,2)) as CURRENT_BALANCE,
        cast(AVAILABLE_BALANCE as NUMBER(18,2)) as AVAILABLE_BALANCE,
        cast(OPEN_DATE as DATE) as OPEN_DATE,
        DATEDIFF(DAY, cast(OPEN_DATE as DATE), CURRENT_DATE) as ACCOUNT_AGE_DAYS,
        cast(CREATED_LOAD_ID as NUMBER) as CREATED_LOAD_ID,
        CREATED_DATE_TIME
    from UPI_FRAUD_MONITORING.TRANSFORM.v_account
),

enriched as (
    select
        ACCOUNT_ID,
        CUSTOMER_ID,
        ACCOUNT_TYPE,
        ACCOUNT_STATUS,
        CURRENT_BALANCE,
        AVAILABLE_BALANCE,
        OPEN_DATE,
        ACCOUNT_AGE_DAYS,
        CASE
            WHEN ACCOUNT_AGE_DAYS < 30 THEN 'HIGH'
            WHEN CURRENT_BALANCE > 1000000 THEN 'MEDIUM'
            ELSE 'LOW'
        END as ACCOUNT_RISK_RATING,
        CREATED_LOAD_ID,
        CREATED_DATE_TIME
    from source
),

hashed as (
    select
        *,
        md5(
            coalesce(ACCOUNT_ID, '^') || '|' ||
            coalesce(CUSTOMER_ID, '^') || '|' ||
            coalesce(ACCOUNT_TYPE, '^') || '|' ||
            coalesce(ACCOUNT_STATUS, '^') || '|' ||
            coalesce(cast(CURRENT_BALANCE as VARCHAR), '^') || '|' ||
            coalesce(cast(AVAILABLE_BALANCE as VARCHAR), '^') || '|' ||
            coalesce(cast(OPEN_DATE as VARCHAR), '^') || '|' ||
            coalesce(ACCOUNT_RISK_RATING, '^')
        ) as HASH_DIFF,
        'Y' as IS_CURRENT,
        NULL::TIMESTAMP_NTZ as UPDATED_DATE_TIME,
        NULL::NUMBER as UPDATED_LOAD_ID
    from enriched
)



    select h.*
    from hashed h
    left join UPI_FRAUD_MONITORING.TRANSFORM.sl_account t
        on h.ACCOUNT_ID = t.ACCOUNT_ID and t.IS_CURRENT = 'Y'
    where t.ACCOUNT_ID is null or h.HASH_DIFF != t.HASH_DIFF


    ) as __dbt_sbq
    where false
    limit 0
[0m04:35:50.492348 [debug] [Thread-2 (]: Opening a new connection, currently in state init
[0m04:35:51.693977 [debug] [Thread-2 (]: SQL status: SUCCESS 0 in 1.201 seconds
[0m04:35:51.731069 [debug] [Thread-2 (]: Using snowflake connection "model.UPI_Fraud_Monitoring.sl_account"
[0m04:35:51.731967 [debug] [Thread-2 (]: On model.UPI_Fraud_Monitoring.sl_account: /* {"app": "dbt", "dbt_version": "1.9.4", "profile_name": "default", "target_name": "dev", "node_id": "model.UPI_Fraud_Monitoring.sl_account"} */
/* {"app": "dbt", "dbt_version": "1.9.4", "profile_name": "default", "target_name": "dev", "node_id": "model.UPI_Fraud_Monitoring.sl_account"} */
select * from (
        select
    
      
    cast(null as VARCHAR(50))
     as ACCOUNT_ID, 
      
    cast(null as VARCHAR(50))
     as CUSTOMER_ID, 
      
    cast(null as VARCHAR(30))
     as ACCOUNT_TYPE, 
      
    cast(null as VARCHAR(30))
     as ACCOUNT_STATUS, 
      
    cast(null as NUMBER(18,2))
     as CURRENT_BALANCE, 
      
    cast(null as NUMBER(18,2))
     as AVAILABLE_BALANCE, 
      
    cast(null as DATE)
     as OPEN_DATE, 
      
    cast(null as NUMBER(38,0))
     as ACCOUNT_AGE_DAYS, 
      
    cast(null as VARCHAR(20))
     as ACCOUNT_RISK_RATING, 
      
    cast(null as NUMBER(38,0))
     as CREATED_LOAD_ID, 
      
    cast(null as TIMESTAMP_NTZ)
     as CREATED_DATE_TIME, 
      
    cast(null as VARCHAR(2000))
     as HASH_DIFF, 
      
    cast(null as VARCHAR(10))
     as IS_CURRENT, 
      
    cast(null as TIMESTAMP_NTZ)
     as UPDATED_DATE_TIME, 
      
    cast(null as NUMBER(38,0))
     as UPDATED_LOAD_ID
    ) as __dbt_sbq
    where false
    limit 0
[0m04:35:51.799672 [debug] [Thread-2 (]: SQL status: SUCCESS 0 in 0.067 seconds
[0m04:35:51.815220 [debug] [Thread-2 (]: Using snowflake connection "model.UPI_Fraud_Monitoring.sl_account"
[0m04:35:51.816002 [debug] [Thread-2 (]: On model.UPI_Fraud_Monitoring.sl_account: /* {"app": "dbt", "dbt_version": "1.9.4", "profile_name": "default", "target_name": "dev", "node_id": "model.UPI_Fraud_Monitoring.sl_account"} */
create or replace  temporary view UPI_FRAUD_MONITORING.TRANSFORM.sl_account__dbt_tmp
  
   as (
    

with source as (
    select
        cast(ACCOUNT_ID as VARCHAR(50)) as ACCOUNT_ID,
        cast(CUSTOMER_ID as VARCHAR(50)) as CUSTOMER_ID,
        cast(ACCOUNT_TYPE as VARCHAR(30)) as ACCOUNT_TYPE,
        cast(ACCOUNT_STATUS as VARCHAR(30)) as ACCOUNT_STATUS,
        cast(CURRENT_BALANCE as NUMBER(18,2)) as CURRENT_BALANCE,
        cast(AVAILABLE_BALANCE as NUMBER(18,2)) as AVAILABLE_BALANCE,
        cast(OPEN_DATE as DATE) as OPEN_DATE,
        DATEDIFF(DAY, cast(OPEN_DATE as DATE), CURRENT_DATE) as ACCOUNT_AGE_DAYS,
        cast(CREATED_LOAD_ID as NUMBER) as CREATED_LOAD_ID,
        CREATED_DATE_TIME
    from UPI_FRAUD_MONITORING.TRANSFORM.v_account
),

enriched as (
    select
        ACCOUNT_ID,
        CUSTOMER_ID,
        ACCOUNT_TYPE,
        ACCOUNT_STATUS,
        CURRENT_BALANCE,
        AVAILABLE_BALANCE,
        OPEN_DATE,
        ACCOUNT_AGE_DAYS,
        CASE
            WHEN ACCOUNT_AGE_DAYS < 30 THEN 'HIGH'
            WHEN CURRENT_BALANCE > 1000000 THEN 'MEDIUM'
            ELSE 'LOW'
        END as ACCOUNT_RISK_RATING,
        CREATED_LOAD_ID,
        CREATED_DATE_TIME
    from source
),

hashed as (
    select
        *,
        md5(
            coalesce(ACCOUNT_ID, '^') || '|' ||
            coalesce(CUSTOMER_ID, '^') || '|' ||
            coalesce(ACCOUNT_TYPE, '^') || '|' ||
            coalesce(ACCOUNT_STATUS, '^') || '|' ||
            coalesce(cast(CURRENT_BALANCE as VARCHAR), '^') || '|' ||
            coalesce(cast(AVAILABLE_BALANCE as VARCHAR), '^') || '|' ||
            coalesce(cast(OPEN_DATE as VARCHAR), '^') || '|' ||
            coalesce(ACCOUNT_RISK_RATING, '^')
        ) as HASH_DIFF,
        'Y' as IS_CURRENT,
        NULL::TIMESTAMP_NTZ as UPDATED_DATE_TIME,
        NULL::NUMBER as UPDATED_LOAD_ID
    from enriched
)



    select h.*
    from hashed h
    left join UPI_FRAUD_MONITORING.TRANSFORM.sl_account t
        on h.ACCOUNT_ID = t.ACCOUNT_ID and t.IS_CURRENT = 'Y'
    where t.ACCOUNT_ID is null or h.HASH_DIFF != t.HASH_DIFF


  );
[0m04:35:52.109663 [debug] [Thread-2 (]: SQL status: SUCCESS 1 in 0.293 seconds
[0m04:35:52.120480 [debug] [Thread-2 (]: Using snowflake connection "model.UPI_Fraud_Monitoring.sl_account"
[0m04:35:52.121123 [debug] [Thread-2 (]: On model.UPI_Fraud_Monitoring.sl_account: /* {"app": "dbt", "dbt_version": "1.9.4", "profile_name": "default", "target_name": "dev", "node_id": "model.UPI_Fraud_Monitoring.sl_account"} */
describe table UPI_FRAUD_MONITORING.TRANSFORM.sl_account__dbt_tmp
[0m04:35:52.215278 [debug] [Thread-2 (]: SQL status: SUCCESS 15 in 0.093 seconds
[0m04:35:52.221462 [debug] [Thread-2 (]: Using snowflake connection "model.UPI_Fraud_Monitoring.sl_account"
[0m04:35:52.222058 [debug] [Thread-2 (]: On model.UPI_Fraud_Monitoring.sl_account: /* {"app": "dbt", "dbt_version": "1.9.4", "profile_name": "default", "target_name": "dev", "node_id": "model.UPI_Fraud_Monitoring.sl_account"} */
describe table UPI_FRAUD_MONITORING.TRANSFORM.sl_account
[0m04:35:52.312300 [debug] [Thread-2 (]: SQL status: SUCCESS 15 in 0.090 seconds
[0m04:35:52.328161 [debug] [Thread-2 (]: Using snowflake connection "model.UPI_Fraud_Monitoring.sl_account"
[0m04:35:52.329030 [debug] [Thread-2 (]: On model.UPI_Fraud_Monitoring.sl_account: /* {"app": "dbt", "dbt_version": "1.9.4", "profile_name": "default", "target_name": "dev", "node_id": "model.UPI_Fraud_Monitoring.sl_account"} */
describe table UPI_FRAUD_MONITORING.TRANSFORM.sl_account__dbt_tmp
[0m04:35:52.422841 [debug] [Thread-2 (]: SQL status: SUCCESS 15 in 0.093 seconds
[0m04:35:52.428590 [debug] [Thread-2 (]: Using snowflake connection "model.UPI_Fraud_Monitoring.sl_account"
[0m04:35:52.429334 [debug] [Thread-2 (]: On model.UPI_Fraud_Monitoring.sl_account: /* {"app": "dbt", "dbt_version": "1.9.4", "profile_name": "default", "target_name": "dev", "node_id": "model.UPI_Fraud_Monitoring.sl_account"} */
describe table "UPI_FRAUD_MONITORING"."TRANSFORM"."SL_ACCOUNT"
[0m04:35:52.478705 [debug] [Thread-2 (]: SQL status: SUCCESS 15 in 0.049 seconds
[0m04:35:52.492607 [debug] [Thread-2 (]: 
    In "UPI_FRAUD_MONITORING"."TRANSFORM"."SL_ACCOUNT":
        Schema changed: True
        Source columns not in target: []
        Target columns not in source: []
        New column types: [{'column_name': 'ACCOUNT_AGE_DAYS', 'new_type': 'NUMBER(9,0)'}]
  
[0m04:35:52.499179 [debug] [Thread-2 (]: 
    In "UPI_FRAUD_MONITORING"."TRANSFORM"."SL_ACCOUNT":
        Schema change approach: append_new_columns
        Columns added: []
        Columns removed: 
        Data types changed: 
  
[0m04:35:52.511393 [debug] [Thread-2 (]: Writing runtime sql for node "model.UPI_Fraud_Monitoring.sl_account"
[0m04:35:52.512796 [debug] [Thread-2 (]: Using snowflake connection "model.UPI_Fraud_Monitoring.sl_account"
[0m04:35:52.513352 [debug] [Thread-2 (]: On model.UPI_Fraud_Monitoring.sl_account: /* {"app": "dbt", "dbt_version": "1.9.4", "profile_name": "default", "target_name": "dev", "node_id": "model.UPI_Fraud_Monitoring.sl_account"} */
BEGIN
[0m04:35:52.599719 [debug] [Thread-2 (]: SQL status: SUCCESS 1 in 0.086 seconds
[0m04:35:52.600455 [debug] [Thread-2 (]: Using snowflake connection "model.UPI_Fraud_Monitoring.sl_account"
[0m04:35:52.601052 [debug] [Thread-2 (]: On model.UPI_Fraud_Monitoring.sl_account: /* {"app": "dbt", "dbt_version": "1.9.4", "profile_name": "default", "target_name": "dev", "node_id": "model.UPI_Fraud_Monitoring.sl_account"} */
insert into UPI_FRAUD_MONITORING.TRANSFORM.sl_account ("ACCOUNT_ID", "CUSTOMER_ID", "ACCOUNT_TYPE", "ACCOUNT_STATUS", "CURRENT_BALANCE", "AVAILABLE_BALANCE", "OPEN_DATE", "ACCOUNT_AGE_DAYS", "ACCOUNT_RISK_RATING", "CREATED_LOAD_ID", "CREATED_DATE_TIME", "HASH_DIFF", "IS_CURRENT", "UPDATED_DATE_TIME", "UPDATED_LOAD_ID")
    (
        select "ACCOUNT_ID", "CUSTOMER_ID", "ACCOUNT_TYPE", "ACCOUNT_STATUS", "CURRENT_BALANCE", "AVAILABLE_BALANCE", "OPEN_DATE", "ACCOUNT_AGE_DAYS", "ACCOUNT_RISK_RATING", "CREATED_LOAD_ID", "CREATED_DATE_TIME", "HASH_DIFF", "IS_CURRENT", "UPDATED_DATE_TIME", "UPDATED_LOAD_ID"
        from UPI_FRAUD_MONITORING.TRANSFORM.sl_account__dbt_tmp
    )

;
[0m04:35:53.074398 [debug] [Thread-2 (]: SQL status: SUCCESS 1 in 0.473 seconds
[0m04:35:53.075193 [debug] [Thread-2 (]: Using snowflake connection "model.UPI_Fraud_Monitoring.sl_account"
[0m04:35:53.075767 [debug] [Thread-2 (]: On model.UPI_Fraud_Monitoring.sl_account: /* {"app": "dbt", "dbt_version": "1.9.4", "profile_name": "default", "target_name": "dev", "node_id": "model.UPI_Fraud_Monitoring.sl_account"} */
COMMIT
[0m04:35:53.298193 [debug] [Thread-2 (]: SQL status: SUCCESS 1 in 0.222 seconds
[0m04:35:53.310275 [debug] [Thread-2 (]: Applying DROP to: UPI_FRAUD_MONITORING.TRANSFORM.sl_account__dbt_tmp
[0m04:35:53.327482 [debug] [Thread-2 (]: Using snowflake connection "model.UPI_Fraud_Monitoring.sl_account"
[0m04:35:53.328145 [debug] [Thread-2 (]: On model.UPI_Fraud_Monitoring.sl_account: /* {"app": "dbt", "dbt_version": "1.9.4", "profile_name": "default", "target_name": "dev", "node_id": "model.UPI_Fraud_Monitoring.sl_account"} */
drop view if exists UPI_FRAUD_MONITORING.TRANSFORM.sl_account__dbt_tmp cascade
[0m04:35:53.404527 [debug] [Thread-2 (]: SQL status: SUCCESS 1 in 0.075 seconds
[0m04:35:53.407745 [debug] [Thread-2 (]: Using snowflake connection "model.UPI_Fraud_Monitoring.sl_account"
[0m04:35:53.408444 [debug] [Thread-2 (]: On model.UPI_Fraud_Monitoring.sl_account: /* {"app": "dbt", "dbt_version": "1.9.4", "profile_name": "default", "target_name": "dev", "node_id": "model.UPI_Fraud_Monitoring.sl_account"} */
UPDATE UPI_FRAUD_MONITORING.TRANSFORM.sl_account t
             SET t.IS_CURRENT = 'N',
                 t.UPDATED_DATE_TIME = CURRENT_TIMESTAMP(),
                 t.UPDATED_LOAD_ID = dup.LATEST_LOAD_ID
             FROM (
                 SELECT ACCOUNT_ID, MAX(CREATED_LOAD_ID) as LATEST_LOAD_ID
                 FROM UPI_FRAUD_MONITORING.TRANSFORM.sl_account
                 WHERE IS_CURRENT = 'Y'
                 GROUP BY ACCOUNT_ID
                 HAVING COUNT(*) > 1
             ) dup
             WHERE t.ACCOUNT_ID = dup.ACCOUNT_ID
               AND t.IS_CURRENT = 'Y'
               AND t.CREATED_LOAD_ID < dup.LATEST_LOAD_ID
[0m04:35:53.746534 [debug] [Thread-2 (]: SQL status: SUCCESS 1 in 0.337 seconds
[0m04:35:53.770735 [info ] [Thread-2 (]: 1 of 1 OK created sql incremental model TRANSFORM.sl_account ................... [[32mSUCCESS 1[0m in 3.37s]
[0m04:35:53.771588 [debug] [Thread-2 (]: Finished running node model.UPI_Fraud_Monitoring.sl_account
[0m04:35:53.775353 [debug] [Dummy-1   ]: Connection 'master' was properly closed.
[0m04:35:53.775899 [debug] [Dummy-1   ]: Connection 'model.UPI_Fraud_Monitoring.sl_account' was properly closed.
[0m04:35:53.776476 [info ] [Dummy-1   ]: 
[0m04:35:53.777000 [info ] [Dummy-1   ]: Finished running 1 incremental model in 0 hours 0 minutes and 4.46 seconds (4.46s).
[0m04:35:53.777797 [debug] [Dummy-1   ]: Command end result
[0m04:35:53.814356 [debug] [Dummy-1   ]: Wrote artifact WritableManifest to /tmp/dbt/target/manifest.json
[0m04:35:53.816622 [debug] [Dummy-1   ]: Wrote artifact SemanticManifest to /tmp/dbt/target/semantic_manifest.json
[0m04:35:53.822956 [debug] [Dummy-1   ]: Wrote artifact RunExecutionResult to /tmp/dbt/target/run_results.json
[0m04:35:53.823480 [info ] [Dummy-1   ]: 
[0m04:35:53.824119 [info ] [Dummy-1   ]: [32mCompleted successfully[0m
[0m04:35:53.824682 [info ] [Dummy-1   ]: 
[0m04:35:53.825143 [info ] [Dummy-1   ]: Done. PASS=1 WARN=0 ERROR=0 SKIP=0 TOTAL=1
[0m04:35:53.826958 [debug] [Dummy-1   ]: Resource report: {"command_name": "run", "command_success": true, "command_wall_clock_time": 5.92011, "process_in_blocks": "0", "process_kernel_time": 0.81, "process_mem_max_rss": "450020", "process_out_blocks": "0", "process_user_time": 4.48}
[0m04:35:53.827583 [debug] [Dummy-1   ]: Command `cli run` succeeded at 04:35:53.827333 after 5.92 seconds
[0m04:35:53.828082 [debug] [Dummy-1   ]: Flushing usage events


============================== 04:37:38.749774 | 9d44b0a9-f820-4d9f-938a-0846665f110e ==============================
[0m04:37:38.749774 [info ] [Dummy-1   ]: Running with dbt=1.9.4
[0m04:37:38.750602 [debug] [Dummy-1   ]: running dbt with arguments {'printer_width': '80', 'indirect_selection': 'eager', 'log_cache_events': 'False', 'write_json': 'True', 'partial_parse': 'True', 'cache_selected_only': 'False', 'warn_error': 'None', 'fail_fast': 'False', 'debug': 'False', 'log_path': '/tmp/dbt/logs', 'profiles_dir': '/tmp/dbt_effective_profiles_d6ca17vu', 'version_check': 'True', 'use_colors': 'True', 'use_experimental_parser': 'False', 'empty': 'False', 'quiet': 'False', 'no_print': 'None', 'log_format': 'default', 'invocation_command': 'dbt ', 'introspect': 'True', 'warn_error_options': 'WarnErrorOptions(include=[], exclude=[])', 'target_path': 'None', 'static_parser': 'True', 'send_anonymous_usage_stats': 'False'}
[0m04:37:39.021424 [info ] [Dummy-1   ]: Registered adapter: snowflake=1.9.2
[0m04:37:39.564679 [debug] [Dummy-1   ]: checksum: 53ed91fada2233efb98368d1716b44ab532c83a9c293cf1890b7905d5b45fb25, vars: {}, profile: , target: dev, version: 1.9.4
[0m04:37:39.850751 [debug] [Dummy-1   ]: Partial parsing enabled: 0 files deleted, 0 files added, 0 files changed.
[0m04:37:39.851329 [debug] [Dummy-1   ]: Partial parsing enabled, no changes found, skipping parsing
[0m04:37:40.000631 [debug] [Dummy-1   ]: Wrote artifact WritableManifest to /tmp/dbt/target/manifest.json
[0m04:37:40.003560 [debug] [Dummy-1   ]: Wrote artifact SemanticManifest to /tmp/dbt/target/semantic_manifest.json
[0m04:37:40.049655 [info ] [Dummy-1   ]: Found 30 models, 20 data tests, 10 sources, 478 macros
[0m04:37:40.052271 [info ] [Dummy-1   ]: 
[0m04:37:40.052916 [info ] [Dummy-1   ]: Concurrency: 4 threads (target='dev')
[0m04:37:40.053436 [info ] [Dummy-1   ]: 
[0m04:37:40.054218 [debug] [Dummy-1   ]: Acquiring new snowflake connection 'master'
[0m04:37:40.056729 [debug] [ThreadPool]: Acquiring new snowflake connection 'list_UPI_FRAUD_MONITORING'
[0m04:37:40.157144 [debug] [ThreadPool]: Using snowflake connection "list_UPI_FRAUD_MONITORING"
[0m04:37:40.157666 [debug] [ThreadPool]: On list_UPI_FRAUD_MONITORING: /* {"app": "dbt", "dbt_version": "1.9.4", "profile_name": "default", "target_name": "dev", "connection_name": "list_UPI_FRAUD_MONITORING"} */
show terse schemas in database UPI_FRAUD_MONITORING
    limit 10000
[0m04:37:40.158109 [debug] [ThreadPool]: Opening a new connection, currently in state init
[0m04:37:40.695350 [debug] [ThreadPool]: SQL status: SUCCESS 4 in 0.537 seconds
[0m04:37:40.704722 [debug] [ThreadPool]: Re-using an available connection from the pool (formerly list_UPI_FRAUD_MONITORING, now list_UPI_FRAUD_MONITORING_TRANSFORM)
[0m04:37:40.717618 [debug] [ThreadPool]: Using snowflake connection "list_UPI_FRAUD_MONITORING_TRANSFORM"
[0m04:37:40.718122 [debug] [ThreadPool]: On list_UPI_FRAUD_MONITORING_TRANSFORM: /* {"app": "dbt", "dbt_version": "1.9.4", "profile_name": "default", "target_name": "dev", "connection_name": "list_UPI_FRAUD_MONITORING_TRANSFORM"} */
alter session set quoted_identifiers_ignore_case = false;
[0m04:37:40.718544 [debug] [ThreadPool]: Opening a new connection, currently in state init
[0m04:37:41.156642 [debug] [ThreadPool]: SQL status: SUCCESS 1 in 0.438 seconds
[0m04:37:41.160898 [debug] [ThreadPool]: Using snowflake connection "list_UPI_FRAUD_MONITORING_TRANSFORM"
[0m04:37:41.161382 [debug] [ThreadPool]: On list_UPI_FRAUD_MONITORING_TRANSFORM: /* {"app": "dbt", "dbt_version": "1.9.4", "profile_name": "default", "target_name": "dev", "connection_name": "list_UPI_FRAUD_MONITORING_TRANSFORM"} */
show objects in UPI_FRAUD_MONITORING.TRANSFORM
    limit 10000
    
;
[0m04:37:41.287032 [debug] [ThreadPool]: SQL status: SUCCESS 30 in 0.125 seconds
[0m04:37:41.290113 [debug] [ThreadPool]: Using snowflake connection "list_UPI_FRAUD_MONITORING_TRANSFORM"
[0m04:37:41.290598 [debug] [ThreadPool]: On list_UPI_FRAUD_MONITORING_TRANSFORM: /* {"app": "dbt", "dbt_version": "1.9.4", "profile_name": "default", "target_name": "dev", "connection_name": "list_UPI_FRAUD_MONITORING_TRANSFORM"} */
alter session unset quoted_identifiers_ignore_case;
[0m04:37:41.342021 [debug] [ThreadPool]: SQL status: SUCCESS 1 in 0.051 seconds
[0m04:37:41.362802 [debug] [Thread-2 (]: Began running node model.UPI_Fraud_Monitoring.sl_account
[0m04:37:41.363594 [info ] [Thread-2 (]: 1 of 1 START sql incremental model TRANSFORM.sl_account ........................ [RUN]
[0m04:37:41.364281 [debug] [Thread-2 (]: Re-using an available connection from the pool (formerly list_UPI_FRAUD_MONITORING_TRANSFORM, now model.UPI_Fraud_Monitoring.sl_account)
[0m04:37:41.364842 [debug] [Thread-2 (]: Began compiling node model.UPI_Fraud_Monitoring.sl_account
[0m04:37:41.380146 [debug] [Thread-2 (]: Writing injected SQL for node "model.UPI_Fraud_Monitoring.sl_account"
[0m04:37:41.380963 [debug] [Thread-2 (]: Began executing node model.UPI_Fraud_Monitoring.sl_account
[0m04:37:41.451663 [debug] [Thread-2 (]: Using snowflake connection "model.UPI_Fraud_Monitoring.sl_account"
[0m04:37:41.452691 [debug] [Thread-2 (]: On model.UPI_Fraud_Monitoring.sl_account: /* {"app": "dbt", "dbt_version": "1.9.4", "profile_name": "default", "target_name": "dev", "node_id": "model.UPI_Fraud_Monitoring.sl_account"} */
/* {"app": "dbt", "dbt_version": "1.9.4", "profile_name": "default", "target_name": "dev", "node_id": "model.UPI_Fraud_Monitoring.sl_account"} */
select * from (
        

with source as (
    select
        cast(ACCOUNT_ID as VARCHAR(50)) as ACCOUNT_ID,
        cast(CUSTOMER_ID as VARCHAR(50)) as CUSTOMER_ID,
        cast(ACCOUNT_TYPE as VARCHAR(30)) as ACCOUNT_TYPE,
        cast(ACCOUNT_STATUS as VARCHAR(30)) as ACCOUNT_STATUS,
        cast(CURRENT_BALANCE as NUMBER(18,2)) as CURRENT_BALANCE,
        cast(AVAILABLE_BALANCE as NUMBER(18,2)) as AVAILABLE_BALANCE,
        cast(OPEN_DATE as DATE) as OPEN_DATE,
        DATEDIFF(DAY, cast(OPEN_DATE as DATE), CURRENT_DATE) as ACCOUNT_AGE_DAYS,
        cast(CREATED_LOAD_ID as NUMBER) as CREATED_LOAD_ID,
        CREATED_DATE_TIME
    from UPI_FRAUD_MONITORING.TRANSFORM.v_account
),

enriched as (
    select
        ACCOUNT_ID,
        CUSTOMER_ID,
        ACCOUNT_TYPE,
        ACCOUNT_STATUS,
        CURRENT_BALANCE,
        AVAILABLE_BALANCE,
        OPEN_DATE,
        ACCOUNT_AGE_DAYS,
        CASE
            WHEN ACCOUNT_AGE_DAYS < 30 THEN 'HIGH'
            WHEN CURRENT_BALANCE > 1000000 THEN 'MEDIUM'
            ELSE 'LOW'
        END as ACCOUNT_RISK_RATING,
        CREATED_LOAD_ID,
        CREATED_DATE_TIME
    from source
),

hashed as (
    select
        *,
        md5(
            coalesce(ACCOUNT_ID, '^') || '|' ||
            coalesce(CUSTOMER_ID, '^') || '|' ||
            coalesce(ACCOUNT_TYPE, '^') || '|' ||
            coalesce(ACCOUNT_STATUS, '^') || '|' ||
            coalesce(cast(CURRENT_BALANCE as VARCHAR), '^') || '|' ||
            coalesce(cast(AVAILABLE_BALANCE as VARCHAR), '^') || '|' ||
            coalesce(cast(OPEN_DATE as VARCHAR), '^') || '|' ||
            coalesce(ACCOUNT_RISK_RATING, '^')
        ) as HASH_DIFF,
        'Y' as IS_CURRENT,
        NULL::TIMESTAMP_NTZ as UPDATED_DATE_TIME,
        NULL::NUMBER as UPDATED_LOAD_ID
    from enriched
)



    select h.*
    from hashed h
    left join UPI_FRAUD_MONITORING.TRANSFORM.sl_account t
        on h.ACCOUNT_ID = t.ACCOUNT_ID and t.IS_CURRENT = 'Y'
    where t.ACCOUNT_ID is null or h.HASH_DIFF != t.HASH_DIFF


    ) as __dbt_sbq
    where false
    limit 0
[0m04:37:41.453549 [debug] [Thread-2 (]: Opening a new connection, currently in state init
[0m04:37:42.142785 [debug] [Thread-2 (]: SQL status: SUCCESS 0 in 0.689 seconds
[0m04:37:42.178846 [debug] [Thread-2 (]: Using snowflake connection "model.UPI_Fraud_Monitoring.sl_account"
[0m04:37:42.179742 [debug] [Thread-2 (]: On model.UPI_Fraud_Monitoring.sl_account: /* {"app": "dbt", "dbt_version": "1.9.4", "profile_name": "default", "target_name": "dev", "node_id": "model.UPI_Fraud_Monitoring.sl_account"} */
/* {"app": "dbt", "dbt_version": "1.9.4", "profile_name": "default", "target_name": "dev", "node_id": "model.UPI_Fraud_Monitoring.sl_account"} */
select * from (
        select
    
      
    cast(null as VARCHAR(50))
     as ACCOUNT_ID, 
      
    cast(null as VARCHAR(50))
     as CUSTOMER_ID, 
      
    cast(null as VARCHAR(30))
     as ACCOUNT_TYPE, 
      
    cast(null as VARCHAR(30))
     as ACCOUNT_STATUS, 
      
    cast(null as NUMBER(18,2))
     as CURRENT_BALANCE, 
      
    cast(null as NUMBER(18,2))
     as AVAILABLE_BALANCE, 
      
    cast(null as DATE)
     as OPEN_DATE, 
      
    cast(null as NUMBER(38,0))
     as ACCOUNT_AGE_DAYS, 
      
    cast(null as VARCHAR(20))
     as ACCOUNT_RISK_RATING, 
      
    cast(null as NUMBER(38,0))
     as CREATED_LOAD_ID, 
      
    cast(null as TIMESTAMP_NTZ)
     as CREATED_DATE_TIME, 
      
    cast(null as VARCHAR(2000))
     as HASH_DIFF, 
      
    cast(null as VARCHAR(10))
     as IS_CURRENT, 
      
    cast(null as TIMESTAMP_NTZ)
     as UPDATED_DATE_TIME, 
      
    cast(null as NUMBER(38,0))
     as UPDATED_LOAD_ID
    ) as __dbt_sbq
    where false
    limit 0
[0m04:37:42.251655 [debug] [Thread-2 (]: SQL status: SUCCESS 0 in 0.071 seconds
[0m04:37:42.266495 [debug] [Thread-2 (]: Using snowflake connection "model.UPI_Fraud_Monitoring.sl_account"
[0m04:37:42.267185 [debug] [Thread-2 (]: On model.UPI_Fraud_Monitoring.sl_account: /* {"app": "dbt", "dbt_version": "1.9.4", "profile_name": "default", "target_name": "dev", "node_id": "model.UPI_Fraud_Monitoring.sl_account"} */
create or replace  temporary view UPI_FRAUD_MONITORING.TRANSFORM.sl_account__dbt_tmp
  
   as (
    

with source as (
    select
        cast(ACCOUNT_ID as VARCHAR(50)) as ACCOUNT_ID,
        cast(CUSTOMER_ID as VARCHAR(50)) as CUSTOMER_ID,
        cast(ACCOUNT_TYPE as VARCHAR(30)) as ACCOUNT_TYPE,
        cast(ACCOUNT_STATUS as VARCHAR(30)) as ACCOUNT_STATUS,
        cast(CURRENT_BALANCE as NUMBER(18,2)) as CURRENT_BALANCE,
        cast(AVAILABLE_BALANCE as NUMBER(18,2)) as AVAILABLE_BALANCE,
        cast(OPEN_DATE as DATE) as OPEN_DATE,
        DATEDIFF(DAY, cast(OPEN_DATE as DATE), CURRENT_DATE) as ACCOUNT_AGE_DAYS,
        cast(CREATED_LOAD_ID as NUMBER) as CREATED_LOAD_ID,
        CREATED_DATE_TIME
    from UPI_FRAUD_MONITORING.TRANSFORM.v_account
),

enriched as (
    select
        ACCOUNT_ID,
        CUSTOMER_ID,
        ACCOUNT_TYPE,
        ACCOUNT_STATUS,
        CURRENT_BALANCE,
        AVAILABLE_BALANCE,
        OPEN_DATE,
        ACCOUNT_AGE_DAYS,
        CASE
            WHEN ACCOUNT_AGE_DAYS < 30 THEN 'HIGH'
            WHEN CURRENT_BALANCE > 1000000 THEN 'MEDIUM'
            ELSE 'LOW'
        END as ACCOUNT_RISK_RATING,
        CREATED_LOAD_ID,
        CREATED_DATE_TIME
    from source
),

hashed as (
    select
        *,
        md5(
            coalesce(ACCOUNT_ID, '^') || '|' ||
            coalesce(CUSTOMER_ID, '^') || '|' ||
            coalesce(ACCOUNT_TYPE, '^') || '|' ||
            coalesce(ACCOUNT_STATUS, '^') || '|' ||
            coalesce(cast(CURRENT_BALANCE as VARCHAR), '^') || '|' ||
            coalesce(cast(AVAILABLE_BALANCE as VARCHAR), '^') || '|' ||
            coalesce(cast(OPEN_DATE as VARCHAR), '^') || '|' ||
            coalesce(ACCOUNT_RISK_RATING, '^')
        ) as HASH_DIFF,
        'Y' as IS_CURRENT,
        NULL::TIMESTAMP_NTZ as UPDATED_DATE_TIME,
        NULL::NUMBER as UPDATED_LOAD_ID
    from enriched
)



    select h.*
    from hashed h
    left join UPI_FRAUD_MONITORING.TRANSFORM.sl_account t
        on h.ACCOUNT_ID = t.ACCOUNT_ID and t.IS_CURRENT = 'Y'
    where t.ACCOUNT_ID is null or h.HASH_DIFF != t.HASH_DIFF


  );
[0m04:37:42.597971 [debug] [Thread-2 (]: SQL status: SUCCESS 1 in 0.330 seconds
[0m04:37:42.608294 [debug] [Thread-2 (]: Using snowflake connection "model.UPI_Fraud_Monitoring.sl_account"
[0m04:37:42.608928 [debug] [Thread-2 (]: On model.UPI_Fraud_Monitoring.sl_account: /* {"app": "dbt", "dbt_version": "1.9.4", "profile_name": "default", "target_name": "dev", "node_id": "model.UPI_Fraud_Monitoring.sl_account"} */
describe table UPI_FRAUD_MONITORING.TRANSFORM.sl_account__dbt_tmp
[0m04:37:42.691682 [debug] [Thread-2 (]: SQL status: SUCCESS 15 in 0.082 seconds
[0m04:37:42.697204 [debug] [Thread-2 (]: Using snowflake connection "model.UPI_Fraud_Monitoring.sl_account"
[0m04:37:42.697724 [debug] [Thread-2 (]: On model.UPI_Fraud_Monitoring.sl_account: /* {"app": "dbt", "dbt_version": "1.9.4", "profile_name": "default", "target_name": "dev", "node_id": "model.UPI_Fraud_Monitoring.sl_account"} */
describe table UPI_FRAUD_MONITORING.TRANSFORM.sl_account
[0m04:37:42.764786 [debug] [Thread-2 (]: SQL status: SUCCESS 15 in 0.066 seconds
[0m04:37:42.779544 [debug] [Thread-2 (]: Using snowflake connection "model.UPI_Fraud_Monitoring.sl_account"
[0m04:37:42.780170 [debug] [Thread-2 (]: On model.UPI_Fraud_Monitoring.sl_account: /* {"app": "dbt", "dbt_version": "1.9.4", "profile_name": "default", "target_name": "dev", "node_id": "model.UPI_Fraud_Monitoring.sl_account"} */
describe table UPI_FRAUD_MONITORING.TRANSFORM.sl_account__dbt_tmp
[0m04:37:42.828553 [debug] [Thread-2 (]: SQL status: SUCCESS 15 in 0.047 seconds
[0m04:37:42.833929 [debug] [Thread-2 (]: Using snowflake connection "model.UPI_Fraud_Monitoring.sl_account"
[0m04:37:42.834578 [debug] [Thread-2 (]: On model.UPI_Fraud_Monitoring.sl_account: /* {"app": "dbt", "dbt_version": "1.9.4", "profile_name": "default", "target_name": "dev", "node_id": "model.UPI_Fraud_Monitoring.sl_account"} */
describe table "UPI_FRAUD_MONITORING"."TRANSFORM"."SL_ACCOUNT"
[0m04:37:42.878637 [debug] [Thread-2 (]: SQL status: SUCCESS 15 in 0.043 seconds
[0m04:37:42.891528 [debug] [Thread-2 (]: 
    In "UPI_FRAUD_MONITORING"."TRANSFORM"."SL_ACCOUNT":
        Schema changed: True
        Source columns not in target: []
        Target columns not in source: []
        New column types: [{'column_name': 'ACCOUNT_AGE_DAYS', 'new_type': 'NUMBER(9,0)'}]
  
[0m04:37:42.897813 [debug] [Thread-2 (]: 
    In "UPI_FRAUD_MONITORING"."TRANSFORM"."SL_ACCOUNT":
        Schema change approach: append_new_columns
        Columns added: []
        Columns removed: 
        Data types changed: 
  
[0m04:37:42.909129 [debug] [Thread-2 (]: Writing runtime sql for node "model.UPI_Fraud_Monitoring.sl_account"
[0m04:37:42.910304 [debug] [Thread-2 (]: Using snowflake connection "model.UPI_Fraud_Monitoring.sl_account"
[0m04:37:42.910791 [debug] [Thread-2 (]: On model.UPI_Fraud_Monitoring.sl_account: /* {"app": "dbt", "dbt_version": "1.9.4", "profile_name": "default", "target_name": "dev", "node_id": "model.UPI_Fraud_Monitoring.sl_account"} */
BEGIN
[0m04:37:42.997026 [debug] [Thread-2 (]: SQL status: SUCCESS 1 in 0.086 seconds
[0m04:37:42.997683 [debug] [Thread-2 (]: Using snowflake connection "model.UPI_Fraud_Monitoring.sl_account"
[0m04:37:42.998208 [debug] [Thread-2 (]: On model.UPI_Fraud_Monitoring.sl_account: /* {"app": "dbt", "dbt_version": "1.9.4", "profile_name": "default", "target_name": "dev", "node_id": "model.UPI_Fraud_Monitoring.sl_account"} */
insert into UPI_FRAUD_MONITORING.TRANSFORM.sl_account ("ACCOUNT_ID", "CUSTOMER_ID", "ACCOUNT_TYPE", "ACCOUNT_STATUS", "CURRENT_BALANCE", "AVAILABLE_BALANCE", "OPEN_DATE", "ACCOUNT_AGE_DAYS", "ACCOUNT_RISK_RATING", "CREATED_LOAD_ID", "CREATED_DATE_TIME", "HASH_DIFF", "IS_CURRENT", "UPDATED_DATE_TIME", "UPDATED_LOAD_ID")
    (
        select "ACCOUNT_ID", "CUSTOMER_ID", "ACCOUNT_TYPE", "ACCOUNT_STATUS", "CURRENT_BALANCE", "AVAILABLE_BALANCE", "OPEN_DATE", "ACCOUNT_AGE_DAYS", "ACCOUNT_RISK_RATING", "CREATED_LOAD_ID", "CREATED_DATE_TIME", "HASH_DIFF", "IS_CURRENT", "UPDATED_DATE_TIME", "UPDATED_LOAD_ID"
        from UPI_FRAUD_MONITORING.TRANSFORM.sl_account__dbt_tmp
    )

;
[0m04:37:43.517739 [debug] [Thread-2 (]: SQL status: SUCCESS 1 in 0.519 seconds
[0m04:37:43.518490 [debug] [Thread-2 (]: Using snowflake connection "model.UPI_Fraud_Monitoring.sl_account"
[0m04:37:43.519015 [debug] [Thread-2 (]: On model.UPI_Fraud_Monitoring.sl_account: /* {"app": "dbt", "dbt_version": "1.9.4", "profile_name": "default", "target_name": "dev", "node_id": "model.UPI_Fraud_Monitoring.sl_account"} */
COMMIT
[0m04:37:44.423011 [debug] [Thread-2 (]: SQL status: SUCCESS 1 in 0.903 seconds
[0m04:37:44.433991 [debug] [Thread-2 (]: Applying DROP to: UPI_FRAUD_MONITORING.TRANSFORM.sl_account__dbt_tmp
[0m04:37:44.449345 [debug] [Thread-2 (]: Using snowflake connection "model.UPI_Fraud_Monitoring.sl_account"
[0m04:37:44.449936 [debug] [Thread-2 (]: On model.UPI_Fraud_Monitoring.sl_account: /* {"app": "dbt", "dbt_version": "1.9.4", "profile_name": "default", "target_name": "dev", "node_id": "model.UPI_Fraud_Monitoring.sl_account"} */
drop view if exists UPI_FRAUD_MONITORING.TRANSFORM.sl_account__dbt_tmp cascade
[0m04:37:44.672433 [debug] [Thread-2 (]: SQL status: SUCCESS 1 in 0.222 seconds
[0m04:37:44.675306 [debug] [Thread-2 (]: Using snowflake connection "model.UPI_Fraud_Monitoring.sl_account"
[0m04:37:44.675866 [debug] [Thread-2 (]: On model.UPI_Fraud_Monitoring.sl_account: /* {"app": "dbt", "dbt_version": "1.9.4", "profile_name": "default", "target_name": "dev", "node_id": "model.UPI_Fraud_Monitoring.sl_account"} */
UPDATE UPI_FRAUD_MONITORING.TRANSFORM.sl_account t
             SET t.IS_CURRENT = 'N',
                 t.UPDATED_DATE_TIME = CURRENT_TIMESTAMP(),
                 t.UPDATED_LOAD_ID = dup.LATEST_LOAD_ID
             FROM (
                 SELECT ACCOUNT_ID, MAX(CREATED_LOAD_ID) as LATEST_LOAD_ID
                 FROM UPI_FRAUD_MONITORING.TRANSFORM.sl_account
                 WHERE IS_CURRENT = 'Y'
                 GROUP BY ACCOUNT_ID
                 HAVING COUNT(*) > 1
             ) dup
             WHERE t.ACCOUNT_ID = dup.ACCOUNT_ID
               AND t.IS_CURRENT = 'Y'
               AND t.CREATED_LOAD_ID < dup.LATEST_LOAD_ID
[0m04:37:45.060151 [debug] [Thread-2 (]: SQL status: SUCCESS 1 in 0.384 seconds
[0m04:37:45.081903 [info ] [Thread-2 (]: 1 of 1 OK created sql incremental model TRANSFORM.sl_account ................... [[32mSUCCESS 1[0m in 3.72s]
[0m04:37:45.082675 [debug] [Thread-2 (]: Finished running node model.UPI_Fraud_Monitoring.sl_account
[0m04:37:45.086209 [debug] [Dummy-1   ]: Connection 'master' was properly closed.
[0m04:37:45.086701 [debug] [Dummy-1   ]: Connection 'model.UPI_Fraud_Monitoring.sl_account' was properly closed.
[0m04:37:45.087134 [info ] [Dummy-1   ]: 
[0m04:37:45.087586 [info ] [Dummy-1   ]: Finished running 1 incremental model in 0 hours 0 minutes and 5.03 seconds (5.03s).
[0m04:37:45.088338 [debug] [Dummy-1   ]: Command end result
[0m04:37:45.122564 [debug] [Dummy-1   ]: Wrote artifact WritableManifest to /tmp/dbt/target/manifest.json
[0m04:37:45.124264 [debug] [Dummy-1   ]: Wrote artifact SemanticManifest to /tmp/dbt/target/semantic_manifest.json
[0m04:37:45.129942 [debug] [Dummy-1   ]: Wrote artifact RunExecutionResult to /tmp/dbt/target/run_results.json
[0m04:37:45.130382 [info ] [Dummy-1   ]: 
[0m04:37:45.130970 [info ] [Dummy-1   ]: [32mCompleted successfully[0m
[0m04:37:45.131396 [info ] [Dummy-1   ]: 
[0m04:37:45.131844 [info ] [Dummy-1   ]: Done. PASS=1 WARN=0 ERROR=0 SKIP=0 TOTAL=1
[0m04:37:45.133476 [debug] [Dummy-1   ]: Resource report: {"command_name": "run", "command_success": true, "command_wall_clock_time": 6.4559145, "process_in_blocks": "0", "process_kernel_time": 0.84, "process_mem_max_rss": "457460", "process_out_blocks": "0", "process_user_time": 4.27}
[0m04:37:45.134081 [debug] [Dummy-1   ]: Command `cli run` succeeded at 04:37:45.133827 after 6.46 seconds
[0m04:37:45.134557 [debug] [Dummy-1   ]: Flushing usage events


============================== 04:46:29.992913 | 34c6ccaf-7df3-46f8-aced-a9c0e30683e1 ==============================
[0m04:46:29.992913 [info ] [Dummy-1   ]: Running with dbt=1.9.4
[0m04:46:29.993864 [debug] [Dummy-1   ]: running dbt with arguments {'printer_width': '80', 'indirect_selection': 'eager', 'log_cache_events': 'False', 'write_json': 'True', 'partial_parse': 'True', 'cache_selected_only': 'False', 'warn_error': 'None', 'version_check': 'True', 'fail_fast': 'False', 'log_path': '/tmp/dbt/logs', 'profiles_dir': '/tmp/dbt_effective_profiles_4uqb1ewi', 'debug': 'False', 'use_colors': 'True', 'use_experimental_parser': 'False', 'empty': 'False', 'quiet': 'False', 'no_print': 'None', 'warn_error_options': 'WarnErrorOptions(include=[], exclude=[])', 'static_parser': 'True', 'invocation_command': 'dbt ', 'introspect': 'True', 'target_path': 'None', 'log_format': 'default', 'send_anonymous_usage_stats': 'False'}
[0m04:46:30.287292 [info ] [Dummy-1   ]: Registered adapter: snowflake=1.9.2
[0m04:46:30.816534 [debug] [Dummy-1   ]: checksum: 53ed91fada2233efb98368d1716b44ab532c83a9c293cf1890b7905d5b45fb25, vars: {}, profile: , target: dev, version: 1.9.4
[0m04:46:31.128268 [debug] [Dummy-1   ]: Partial parsing enabled: 0 files deleted, 0 files added, 10 files changed.
[0m04:46:31.130820 [debug] [Dummy-1   ]: Partial parsing: updated file: UPI_Fraud_Monitoring://models/schema.yml
[0m04:46:31.131546 [debug] [Dummy-1   ]: Partial parsing: updated file: UPI_Fraud_Monitoring://models/silver/sl_transaction.sql
[0m04:46:31.132090 [debug] [Dummy-1   ]: Partial parsing: updated file: UPI_Fraud_Monitoring://models/silver/sl_merchant.sql
[0m04:46:31.132738 [debug] [Dummy-1   ]: Partial parsing: updated file: UPI_Fraud_Monitoring://models/silver/sl_password_change.sql
[0m04:46:31.133220 [debug] [Dummy-1   ]: Partial parsing: updated file: UPI_Fraud_Monitoring://models/silver/sl_beneficiary.sql
[0m04:46:31.133672 [debug] [Dummy-1   ]: Partial parsing: updated file: UPI_Fraud_Monitoring://models/silver/sl_watchlist.sql
[0m04:46:31.134134 [debug] [Dummy-1   ]: Partial parsing: updated file: UPI_Fraud_Monitoring://models/silver/sl_device.sql
[0m04:46:31.134599 [debug] [Dummy-1   ]: Partial parsing: updated file: UPI_Fraud_Monitoring://models/silver/sl_login_activity.sql
[0m04:46:31.135104 [debug] [Dummy-1   ]: Partial parsing: updated file: UPI_Fraud_Monitoring://models/silver/sl_customer.sql
[0m04:46:31.135578 [debug] [Dummy-1   ]: Partial parsing: updated file: UPI_Fraud_Monitoring://models/silver/sl_collect_request.sql
[0m04:46:32.029707 [debug] [Dummy-1   ]: Wrote artifact WritableManifest to /tmp/dbt/target/manifest.json
[0m04:46:32.032061 [debug] [Dummy-1   ]: Wrote artifact SemanticManifest to /tmp/dbt/target/semantic_manifest.json
[0m04:46:32.079645 [info ] [Dummy-1   ]: Found 30 models, 20 data tests, 10 sources, 478 macros
[0m04:46:32.083445 [info ] [Dummy-1   ]: 
[0m04:46:32.084036 [info ] [Dummy-1   ]: Concurrency: 4 threads (target='dev')
[0m04:46:32.084576 [info ] [Dummy-1   ]: 
[0m04:46:32.085295 [debug] [Dummy-1   ]: Acquiring new snowflake connection 'master'
[0m04:46:32.093609 [debug] [ThreadPool]: Acquiring new snowflake connection 'list_UPI_FRAUD_MONITORING'
[0m04:46:32.269999 [debug] [ThreadPool]: Using snowflake connection "list_UPI_FRAUD_MONITORING"
[0m04:46:32.270579 [debug] [ThreadPool]: On list_UPI_FRAUD_MONITORING: /* {"app": "dbt", "dbt_version": "1.9.4", "profile_name": "default", "target_name": "dev", "connection_name": "list_UPI_FRAUD_MONITORING"} */
show terse schemas in database UPI_FRAUD_MONITORING
    limit 10000
[0m04:46:32.271084 [debug] [ThreadPool]: Opening a new connection, currently in state init
[0m04:46:32.657213 [debug] [ThreadPool]: SQL status: SUCCESS 4 in 0.386 seconds
[0m04:46:32.663135 [debug] [ThreadPool]: Re-using an available connection from the pool (formerly list_UPI_FRAUD_MONITORING, now list_UPI_FRAUD_MONITORING_TRANSFORM)
[0m04:46:32.676863 [debug] [ThreadPool]: Using snowflake connection "list_UPI_FRAUD_MONITORING_TRANSFORM"
[0m04:46:32.677435 [debug] [ThreadPool]: On list_UPI_FRAUD_MONITORING_TRANSFORM: /* {"app": "dbt", "dbt_version": "1.9.4", "profile_name": "default", "target_name": "dev", "connection_name": "list_UPI_FRAUD_MONITORING_TRANSFORM"} */
alter session set quoted_identifiers_ignore_case = false;
[0m04:46:32.677869 [debug] [ThreadPool]: Opening a new connection, currently in state init
[0m04:46:32.991474 [debug] [ThreadPool]: SQL status: SUCCESS 1 in 0.313 seconds
[0m04:46:32.996409 [debug] [ThreadPool]: Using snowflake connection "list_UPI_FRAUD_MONITORING_TRANSFORM"
[0m04:46:32.996996 [debug] [ThreadPool]: On list_UPI_FRAUD_MONITORING_TRANSFORM: /* {"app": "dbt", "dbt_version": "1.9.4", "profile_name": "default", "target_name": "dev", "connection_name": "list_UPI_FRAUD_MONITORING_TRANSFORM"} */
show objects in UPI_FRAUD_MONITORING.TRANSFORM
    limit 10000
    
;
[0m04:46:33.089600 [debug] [ThreadPool]: SQL status: SUCCESS 30 in 0.092 seconds
[0m04:46:33.092891 [debug] [ThreadPool]: Using snowflake connection "list_UPI_FRAUD_MONITORING_TRANSFORM"
[0m04:46:33.093416 [debug] [ThreadPool]: On list_UPI_FRAUD_MONITORING_TRANSFORM: /* {"app": "dbt", "dbt_version": "1.9.4", "profile_name": "default", "target_name": "dev", "connection_name": "list_UPI_FRAUD_MONITORING_TRANSFORM"} */
alter session unset quoted_identifiers_ignore_case;
[0m04:46:33.145597 [debug] [ThreadPool]: SQL status: SUCCESS 1 in 0.052 seconds
[0m04:46:33.166392 [debug] [Thread-2 (]: Began running node model.UPI_Fraud_Monitoring.v_raw_account
[0m04:46:33.167437 [debug] [Thread-3 (]: Began running node model.UPI_Fraud_Monitoring.v_raw_beneficiary
[0m04:46:33.168172 [debug] [Thread-4 (]: Began running node model.UPI_Fraud_Monitoring.v_raw_collect_request
[0m04:46:33.168932 [debug] [Thread-5 (]: Began running node model.UPI_Fraud_Monitoring.v_raw_customer
[0m04:46:33.169635 [info ] [Thread-2 (]: 1 of 30 START sql view model TRANSFORM.v_raw_account ........................... [RUN]
[0m04:46:33.170387 [info ] [Thread-3 (]: 2 of 30 START sql view model TRANSFORM.v_raw_beneficiary ....................... [RUN]
[0m04:46:33.171094 [info ] [Thread-4 (]: 3 of 30 START sql view model TRANSFORM.v_raw_collect_request ................... [RUN]
[0m04:46:33.171773 [info ] [Thread-5 (]: 4 of 30 START sql view model TRANSFORM.v_raw_customer .......................... [RUN]
[0m04:46:33.172576 [debug] [Thread-2 (]: Re-using an available connection from the pool (formerly list_UPI_FRAUD_MONITORING_TRANSFORM, now model.UPI_Fraud_Monitoring.v_raw_account)
[0m04:46:33.173270 [debug] [Thread-3 (]: Acquiring new snowflake connection 'model.UPI_Fraud_Monitoring.v_raw_beneficiary'
[0m04:46:33.173929 [debug] [Thread-4 (]: Acquiring new snowflake connection 'model.UPI_Fraud_Monitoring.v_raw_collect_request'
[0m04:46:33.174563 [debug] [Thread-5 (]: Acquiring new snowflake connection 'model.UPI_Fraud_Monitoring.v_raw_customer'
[0m04:46:33.175093 [debug] [Thread-2 (]: Began compiling node model.UPI_Fraud_Monitoring.v_raw_account
[0m04:46:33.175595 [debug] [Thread-3 (]: Began compiling node model.UPI_Fraud_Monitoring.v_raw_beneficiary
[0m04:46:33.176106 [debug] [Thread-4 (]: Began compiling node model.UPI_Fraud_Monitoring.v_raw_collect_request
[0m04:46:33.176678 [debug] [Thread-5 (]: Began compiling node model.UPI_Fraud_Monitoring.v_raw_customer
[0m04:46:33.198020 [debug] [Thread-2 (]: Using snowflake connection "model.UPI_Fraud_Monitoring.v_raw_account"
[0m04:46:33.208471 [debug] [Thread-3 (]: Using snowflake connection "model.UPI_Fraud_Monitoring.v_raw_beneficiary"
[0m04:46:33.216572 [debug] [Thread-4 (]: Using snowflake connection "model.UPI_Fraud_Monitoring.v_raw_collect_request"
[0m04:46:33.226271 [debug] [Thread-5 (]: Using snowflake connection "model.UPI_Fraud_Monitoring.v_raw_customer"
[0m04:46:33.227007 [debug] [Thread-2 (]: On model.UPI_Fraud_Monitoring.v_raw_account: /* {"app": "dbt", "dbt_version": "1.9.4", "profile_name": "default", "target_name": "dev", "node_id": "model.UPI_Fraud_Monitoring.v_raw_account"} */
describe table UPI_FRAUD_MONITORING.STAGING.account
[0m04:46:33.227628 [debug] [Thread-3 (]: On model.UPI_Fraud_Monitoring.v_raw_beneficiary: /* {"app": "dbt", "dbt_version": "1.9.4", "profile_name": "default", "target_name": "dev", "node_id": "model.UPI_Fraud_Monitoring.v_raw_beneficiary"} */
describe table UPI_FRAUD_MONITORING.STAGING.beneficiary
[0m04:46:33.228185 [debug] [Thread-4 (]: On model.UPI_Fraud_Monitoring.v_raw_collect_request: /* {"app": "dbt", "dbt_version": "1.9.4", "profile_name": "default", "target_name": "dev", "node_id": "model.UPI_Fraud_Monitoring.v_raw_collect_request"} */
describe table UPI_FRAUD_MONITORING.STAGING.collect_request
[0m04:46:33.228875 [debug] [Thread-5 (]: On model.UPI_Fraud_Monitoring.v_raw_customer: /* {"app": "dbt", "dbt_version": "1.9.4", "profile_name": "default", "target_name": "dev", "node_id": "model.UPI_Fraud_Monitoring.v_raw_customer"} */
describe table UPI_FRAUD_MONITORING.STAGING.customer
[0m04:46:33.229383 [debug] [Thread-2 (]: Opening a new connection, currently in state init
[0m04:46:33.229867 [debug] [Thread-3 (]: Opening a new connection, currently in state init
[0m04:46:33.230342 [debug] [Thread-4 (]: Opening a new connection, currently in state init
[0m04:46:33.230822 [debug] [Thread-5 (]: Opening a new connection, currently in state init
[0m04:46:33.604317 [debug] [Thread-2 (]: SQL status: SUCCESS 12 in 0.375 seconds
[0m04:46:33.607280 [debug] [Thread-2 (]: Writing injected SQL for node "model.UPI_Fraud_Monitoring.v_raw_account"
[0m04:46:33.608275 [debug] [Thread-2 (]: Began executing node model.UPI_Fraud_Monitoring.v_raw_account
[0m04:46:33.622664 [debug] [Thread-3 (]: SQL status: SUCCESS 9 in 0.393 seconds
[0m04:46:33.629137 [debug] [Thread-4 (]: SQL status: SUCCESS 7 in 0.399 seconds
[0m04:46:33.639745 [debug] [Thread-5 (]: SQL status: SUCCESS 14 in 0.409 seconds
[0m04:46:33.655203 [debug] [Thread-2 (]: Writing runtime sql for node "model.UPI_Fraud_Monitoring.v_raw_account"
[0m04:46:33.657708 [debug] [Thread-3 (]: Writing injected SQL for node "model.UPI_Fraud_Monitoring.v_raw_beneficiary"
[0m04:46:33.659936 [debug] [Thread-4 (]: Writing injected SQL for node "model.UPI_Fraud_Monitoring.v_raw_collect_request"
[0m04:46:33.662567 [debug] [Thread-5 (]: Writing injected SQL for node "model.UPI_Fraud_Monitoring.v_raw_customer"
[0m04:46:33.664603 [debug] [Thread-2 (]: Using snowflake connection "model.UPI_Fraud_Monitoring.v_raw_account"
[0m04:46:33.665549 [debug] [Thread-3 (]: Began executing node model.UPI_Fraud_Monitoring.v_raw_beneficiary
[0m04:46:33.666424 [debug] [Thread-4 (]: Began executing node model.UPI_Fraud_Monitoring.v_raw_collect_request
[0m04:46:33.667090 [debug] [Thread-2 (]: On model.UPI_Fraud_Monitoring.v_raw_account: /* {"app": "dbt", "dbt_version": "1.9.4", "profile_name": "default", "target_name": "dev", "node_id": "model.UPI_Fraud_Monitoring.v_raw_account"} */
create or replace   view UPI_FRAUD_MONITORING.TRANSFORM.v_raw_account
  
   as (
    

    
    

    select
        
        ACCOUNT_ID,
        
        CUSTOMER_ID,
        
        ACCOUNT_NUMBER,
        
        ACCOUNT_TYPE,
        
        BRANCH_CODE,
        
        IFSC_CODE,
        
        OPEN_DATE,
        
        ACCOUNT_STATUS,
        
        CURRENT_BALANCE,
        
        AVAILABLE_BALANCE,
        
        CREATED_DATE_TIME,
        
        CREATED_LOAD_ID
        
    from UPI_FRAUD_MONITORING.STAGING.account


  );
[0m04:46:33.667674 [debug] [Thread-5 (]: Began executing node model.UPI_Fraud_Monitoring.v_raw_customer
[0m04:46:33.672611 [debug] [Thread-3 (]: Writing runtime sql for node "model.UPI_Fraud_Monitoring.v_raw_beneficiary"
[0m04:46:33.678879 [debug] [Thread-4 (]: Writing runtime sql for node "model.UPI_Fraud_Monitoring.v_raw_collect_request"
[0m04:46:33.684037 [debug] [Thread-5 (]: Writing runtime sql for node "model.UPI_Fraud_Monitoring.v_raw_customer"
[0m04:46:33.685912 [debug] [Thread-3 (]: Using snowflake connection "model.UPI_Fraud_Monitoring.v_raw_beneficiary"
[0m04:46:33.687339 [debug] [Thread-4 (]: Using snowflake connection "model.UPI_Fraud_Monitoring.v_raw_collect_request"
[0m04:46:33.688134 [debug] [Thread-3 (]: On model.UPI_Fraud_Monitoring.v_raw_beneficiary: /* {"app": "dbt", "dbt_version": "1.9.4", "profile_name": "default", "target_name": "dev", "node_id": "model.UPI_Fraud_Monitoring.v_raw_beneficiary"} */
create or replace   view UPI_FRAUD_MONITORING.TRANSFORM.v_raw_beneficiary
  
   as (
    

    
    

    select
        
        BENEFICIARY_ID,
        
        CUSTOMER_ID,
        
        BENEFICIARY_NAME,
        
        BENEFICIARY_VPA,
        
        BENEFICIARY_CREATED_DATE,
        
        BANK_NAME,
        
        RISK_RATING,
        
        CREATED_DATE_TIME,
        
        CREATED_LOAD_ID
        
    from UPI_FRAUD_MONITORING.STAGING.beneficiary


  );
[0m04:46:33.689470 [debug] [Thread-5 (]: Using snowflake connection "model.UPI_Fraud_Monitoring.v_raw_customer"
[0m04:46:33.690077 [debug] [Thread-4 (]: On model.UPI_Fraud_Monitoring.v_raw_collect_request: /* {"app": "dbt", "dbt_version": "1.9.4", "profile_name": "default", "target_name": "dev", "node_id": "model.UPI_Fraud_Monitoring.v_raw_collect_request"} */
create or replace   view UPI_FRAUD_MONITORING.TRANSFORM.v_raw_collect_request
  
   as (
    

    
    

    select
        
        COLLECT_REQUEST_ID,
        
        CUSTOMER_ID,
        
        REQUEST_AMOUNT,
        
        REQUEST_TIME,
        
        REQUEST_STATUS,
        
        CREATED_DATE_TIME,
        
        CREATED_LOAD_ID
        
    from UPI_FRAUD_MONITORING.STAGING.collect_request


  );
[0m04:46:33.691035 [debug] [Thread-5 (]: On model.UPI_Fraud_Monitoring.v_raw_customer: /* {"app": "dbt", "dbt_version": "1.9.4", "profile_name": "default", "target_name": "dev", "node_id": "model.UPI_Fraud_Monitoring.v_raw_customer"} */
create or replace   view UPI_FRAUD_MONITORING.TRANSFORM.v_raw_customer
  
   as (
    

    
    

    select
        
        CUSTOMER_ID,
        
        CUSTOMER_NAME,
        
        DOB,
        
        GENDER,
        
        MOBILE_NUMBER,
        
        EMAIL_ID,
        
        CUSTOMER_SEGMENT,
        
        CUSTOMER_TYPE,
        
        KYC_STATUS,
        
        RISK_RATING,
        
        CUSTOMER_SINCE,
        
        CUSTOMER_STATUS,
        
        CREATED_DATE_TIME,
        
        CREATED_LOAD_ID
        
    from UPI_FRAUD_MONITORING.STAGING.customer


  );
[0m04:46:33.872955 [debug] [Thread-4 (]: SQL status: SUCCESS 1 in 0.181 seconds
[0m04:46:33.879685 [debug] [Thread-3 (]: SQL status: SUCCESS 1 in 0.189 seconds
[0m04:46:33.880608 [debug] [Thread-5 (]: SQL status: SUCCESS 1 in 0.189 seconds
[0m04:46:33.881350 [debug] [Thread-2 (]: SQL status: SUCCESS 1 in 0.202 seconds
[0m04:46:33.913728 [info ] [Thread-4 (]: 3 of 30 OK created sql view model TRANSFORM.v_raw_collect_request .............. [[32mSUCCESS 1[0m in 0.73s]
[0m04:46:33.914598 [info ] [Thread-3 (]: 2 of 30 OK created sql view model TRANSFORM.v_raw_beneficiary .................. [[32mSUCCESS 1[0m in 0.73s]
[0m04:46:33.915391 [info ] [Thread-5 (]: 4 of 30 OK created sql view model TRANSFORM.v_raw_customer ..................... [[32mSUCCESS 1[0m in 0.74s]
[0m04:46:33.916179 [info ] [Thread-2 (]: 1 of 30 OK created sql view model TRANSFORM.v_raw_account ...................... [[32mSUCCESS 1[0m in 0.74s]
[0m04:46:33.917022 [debug] [Thread-4 (]: Finished running node model.UPI_Fraud_Monitoring.v_raw_collect_request
[0m04:46:33.917707 [debug] [Thread-3 (]: Finished running node model.UPI_Fraud_Monitoring.v_raw_beneficiary
[0m04:46:33.918358 [debug] [Thread-5 (]: Finished running node model.UPI_Fraud_Monitoring.v_raw_customer
[0m04:46:33.919010 [debug] [Thread-2 (]: Finished running node model.UPI_Fraud_Monitoring.v_raw_account
[0m04:46:33.919681 [debug] [Thread-4 (]: Began running node model.UPI_Fraud_Monitoring.v_raw_device_registry
[0m04:46:33.920767 [debug] [Thread-3 (]: Began running node model.UPI_Fraud_Monitoring.v_raw_login_activity
[0m04:46:33.921604 [debug] [Thread-5 (]: Began running node model.UPI_Fraud_Monitoring.v_raw_merchant
[0m04:46:33.922555 [debug] [Thread-2 (]: Began running node model.UPI_Fraud_Monitoring.v_raw_password_change
[0m04:46:33.923571 [info ] [Thread-4 (]: 5 of 30 START sql view model TRANSFORM.v_raw_device_registry ................... [RUN]
[0m04:46:33.924479 [info ] [Thread-3 (]: 6 of 30 START sql view model TRANSFORM.v_raw_login_activity .................... [RUN]
[0m04:46:33.925274 [info ] [Thread-5 (]: 7 of 30 START sql view model TRANSFORM.v_raw_merchant .......................... [RUN]
[0m04:46:33.925997 [info ] [Thread-2 (]: 8 of 30 START sql view model TRANSFORM.v_raw_password_change ................... [RUN]
[0m04:46:33.926743 [debug] [Thread-4 (]: Re-using an available connection from the pool (formerly model.UPI_Fraud_Monitoring.v_raw_collect_request, now model.UPI_Fraud_Monitoring.v_raw_device_registry)
[0m04:46:33.927457 [debug] [Thread-3 (]: Re-using an available connection from the pool (formerly model.UPI_Fraud_Monitoring.v_raw_beneficiary, now model.UPI_Fraud_Monitoring.v_raw_login_activity)
[0m04:46:33.928081 [debug] [Thread-5 (]: Re-using an available connection from the pool (formerly model.UPI_Fraud_Monitoring.v_raw_customer, now model.UPI_Fraud_Monitoring.v_raw_merchant)
[0m04:46:33.928818 [debug] [Thread-2 (]: Re-using an available connection from the pool (formerly model.UPI_Fraud_Monitoring.v_raw_account, now model.UPI_Fraud_Monitoring.v_raw_password_change)
[0m04:46:33.929356 [debug] [Thread-4 (]: Began compiling node model.UPI_Fraud_Monitoring.v_raw_device_registry
[0m04:46:33.929845 [debug] [Thread-3 (]: Began compiling node model.UPI_Fraud_Monitoring.v_raw_login_activity
[0m04:46:33.930355 [debug] [Thread-5 (]: Began compiling node model.UPI_Fraud_Monitoring.v_raw_merchant
[0m04:46:33.930880 [debug] [Thread-2 (]: Began compiling node model.UPI_Fraud_Monitoring.v_raw_password_change
[0m04:46:33.939260 [debug] [Thread-4 (]: Using snowflake connection "model.UPI_Fraud_Monitoring.v_raw_device_registry"
[0m04:46:33.948422 [debug] [Thread-3 (]: Using snowflake connection "model.UPI_Fraud_Monitoring.v_raw_login_activity"
[0m04:46:33.956334 [debug] [Thread-5 (]: Using snowflake connection "model.UPI_Fraud_Monitoring.v_raw_merchant"
[0m04:46:33.965475 [debug] [Thread-2 (]: Using snowflake connection "model.UPI_Fraud_Monitoring.v_raw_password_change"
[0m04:46:33.966134 [debug] [Thread-4 (]: On model.UPI_Fraud_Monitoring.v_raw_device_registry: /* {"app": "dbt", "dbt_version": "1.9.4", "profile_name": "default", "target_name": "dev", "node_id": "model.UPI_Fraud_Monitoring.v_raw_device_registry"} */
describe table UPI_FRAUD_MONITORING.STAGING.device_registry
[0m04:46:33.966731 [debug] [Thread-3 (]: On model.UPI_Fraud_Monitoring.v_raw_login_activity: /* {"app": "dbt", "dbt_version": "1.9.4", "profile_name": "default", "target_name": "dev", "node_id": "model.UPI_Fraud_Monitoring.v_raw_login_activity"} */
describe table UPI_FRAUD_MONITORING.STAGING.login_activity
[0m04:46:33.967298 [debug] [Thread-5 (]: On model.UPI_Fraud_Monitoring.v_raw_merchant: /* {"app": "dbt", "dbt_version": "1.9.4", "profile_name": "default", "target_name": "dev", "node_id": "model.UPI_Fraud_Monitoring.v_raw_merchant"} */
describe table UPI_FRAUD_MONITORING.STAGING.merchant
[0m04:46:33.967843 [debug] [Thread-2 (]: On model.UPI_Fraud_Monitoring.v_raw_password_change: /* {"app": "dbt", "dbt_version": "1.9.4", "profile_name": "default", "target_name": "dev", "node_id": "model.UPI_Fraud_Monitoring.v_raw_password_change"} */
describe table UPI_FRAUD_MONITORING.STAGING.password_change
[0m04:46:33.968441 [debug] [Thread-4 (]: Opening a new connection, currently in state init
[0m04:46:33.968984 [debug] [Thread-3 (]: Opening a new connection, currently in state init
[0m04:46:33.969461 [debug] [Thread-5 (]: Opening a new connection, currently in state init
[0m04:46:33.969948 [debug] [Thread-2 (]: Opening a new connection, currently in state init
[0m04:46:34.340234 [debug] [Thread-2 (]: SQL status: SUCCESS 7 in 0.370 seconds
[0m04:46:34.341309 [debug] [Thread-4 (]: SQL status: SUCCESS 15 in 0.373 seconds
[0m04:46:34.343654 [debug] [Thread-2 (]: Writing injected SQL for node "model.UPI_Fraud_Monitoring.v_raw_password_change"
[0m04:46:34.346355 [debug] [Thread-4 (]: Writing injected SQL for node "model.UPI_Fraud_Monitoring.v_raw_device_registry"
[0m04:46:34.347496 [debug] [Thread-2 (]: Began executing node model.UPI_Fraud_Monitoring.v_raw_password_change
[0m04:46:34.352611 [debug] [Thread-2 (]: Writing runtime sql for node "model.UPI_Fraud_Monitoring.v_raw_password_change"
[0m04:46:34.353236 [debug] [Thread-4 (]: Began executing node model.UPI_Fraud_Monitoring.v_raw_device_registry
[0m04:46:34.358355 [debug] [Thread-4 (]: Writing runtime sql for node "model.UPI_Fraud_Monitoring.v_raw_device_registry"
[0m04:46:34.359704 [debug] [Thread-2 (]: Using snowflake connection "model.UPI_Fraud_Monitoring.v_raw_password_change"
[0m04:46:34.360659 [debug] [Thread-2 (]: On model.UPI_Fraud_Monitoring.v_raw_password_change: /* {"app": "dbt", "dbt_version": "1.9.4", "profile_name": "default", "target_name": "dev", "node_id": "model.UPI_Fraud_Monitoring.v_raw_password_change"} */
create or replace   view UPI_FRAUD_MONITORING.TRANSFORM.v_raw_password_change
  
   as (
    

    
    

    select
        
        PASSWORD_CHANGE_ID,
        
        CUSTOMER_ID,
        
        CHANGE_TIME,
        
        CHANGE_CHANNEL,
        
        DEVICE_ID,
        
        CREATED_DATE_TIME,
        
        CREATED_LOAD_ID
        
    from UPI_FRAUD_MONITORING.STAGING.password_change


  );
[0m04:46:34.362081 [debug] [Thread-4 (]: Using snowflake connection "model.UPI_Fraud_Monitoring.v_raw_device_registry"
[0m04:46:34.363068 [debug] [Thread-4 (]: On model.UPI_Fraud_Monitoring.v_raw_device_registry: /* {"app": "dbt", "dbt_version": "1.9.4", "profile_name": "default", "target_name": "dev", "node_id": "model.UPI_Fraud_Monitoring.v_raw_device_registry"} */
create or replace   view UPI_FRAUD_MONITORING.TRANSFORM.v_raw_device_registry
  
   as (
    

    
    

    select
        
        DEVICE_ID,
        
        CUSTOMER_ID,
        
        IMEI_NUMBER,
        
        IMSI_NUMBER,
        
        SIM_NUMBER,
        
        DEVICE_MAKE,
        
        DEVICE_MODEL,
        
        DEVICE_OS,
        
        DEVICE_REGISTRATION_DATE,
        
        OS_VERSION,
        
        APP_VERSION,
        
        DEVICE_FINGERPRINT,
        
        TRUSTED_FLAG,
        
        CREATED_DATE_TIME,
        
        CREATED_LOAD_ID
        
    from UPI_FRAUD_MONITORING.STAGING.device_registry


  );
[0m04:46:34.368956 [debug] [Thread-3 (]: SQL status: SUCCESS 11 in 0.400 seconds
[0m04:46:34.369914 [debug] [Thread-5 (]: SQL status: SUCCESS 8 in 0.400 seconds
[0m04:46:34.372715 [debug] [Thread-3 (]: Writing injected SQL for node "model.UPI_Fraud_Monitoring.v_raw_login_activity"
[0m04:46:34.374841 [debug] [Thread-5 (]: Writing injected SQL for node "model.UPI_Fraud_Monitoring.v_raw_merchant"
[0m04:46:34.375939 [debug] [Thread-3 (]: Began executing node model.UPI_Fraud_Monitoring.v_raw_login_activity
[0m04:46:34.380756 [debug] [Thread-3 (]: Writing runtime sql for node "model.UPI_Fraud_Monitoring.v_raw_login_activity"
[0m04:46:34.381349 [debug] [Thread-5 (]: Began executing node model.UPI_Fraud_Monitoring.v_raw_merchant
[0m04:46:34.387622 [debug] [Thread-5 (]: Writing runtime sql for node "model.UPI_Fraud_Monitoring.v_raw_merchant"
[0m04:46:34.388987 [debug] [Thread-3 (]: Using snowflake connection "model.UPI_Fraud_Monitoring.v_raw_login_activity"
[0m04:46:34.389800 [debug] [Thread-3 (]: On model.UPI_Fraud_Monitoring.v_raw_login_activity: /* {"app": "dbt", "dbt_version": "1.9.4", "profile_name": "default", "target_name": "dev", "node_id": "model.UPI_Fraud_Monitoring.v_raw_login_activity"} */
create or replace   view UPI_FRAUD_MONITORING.TRANSFORM.v_raw_login_activity
  
   as (
    

    
    

    select
        
        LOGIN_ID,
        
        CUSTOMER_ID,
        
        DEVICE_ID,
        
        LOGIN_TIME,
        
        LOGIN_STATUS,
        
        IP_ADDRESS,
        
        COUNTRY,
        
        STATE,
        
        CITY,
        
        CREATED_DATE_TIME,
        
        CREATED_LOAD_ID
        
    from UPI_FRAUD_MONITORING.STAGING.login_activity


  );
[0m04:46:34.391192 [debug] [Thread-5 (]: Using snowflake connection "model.UPI_Fraud_Monitoring.v_raw_merchant"
[0m04:46:34.391986 [debug] [Thread-5 (]: On model.UPI_Fraud_Monitoring.v_raw_merchant: /* {"app": "dbt", "dbt_version": "1.9.4", "profile_name": "default", "target_name": "dev", "node_id": "model.UPI_Fraud_Monitoring.v_raw_merchant"} */
create or replace   view UPI_FRAUD_MONITORING.TRANSFORM.v_raw_merchant
  
   as (
    

    
    

    select
        
        MERCHANT_ID,
        
        MERCHANT_NAME,
        
        MERCHANT_CATEGORY,
        
        MERCHANT_STATUS,
        
        RISK_RATING,
        
        CREATED_DATE_TIME,
        
        TESTING,
        
        CREATED_LOAD_ID
        
    from UPI_FRAUD_MONITORING.STAGING.merchant


  );
[0m04:46:34.540958 [debug] [Thread-4 (]: SQL status: SUCCESS 1 in 0.177 seconds
[0m04:46:34.543917 [info ] [Thread-4 (]: 5 of 30 OK created sql view model TRANSFORM.v_raw_device_registry .............. [[32mSUCCESS 1[0m in 0.62s]
[0m04:46:34.544843 [debug] [Thread-4 (]: Finished running node model.UPI_Fraud_Monitoring.v_raw_device_registry
[0m04:46:34.545475 [debug] [Thread-4 (]: Began running node model.UPI_Fraud_Monitoring.v_raw_transaction
[0m04:46:34.546429 [info ] [Thread-4 (]: 9 of 30 START sql view model TRANSFORM.v_raw_transaction ....................... [RUN]
[0m04:46:34.547112 [debug] [Thread-4 (]: Re-using an available connection from the pool (formerly model.UPI_Fraud_Monitoring.v_raw_device_registry, now model.UPI_Fraud_Monitoring.v_raw_transaction)
[0m04:46:34.547602 [debug] [Thread-4 (]: Began compiling node model.UPI_Fraud_Monitoring.v_raw_transaction
[0m04:46:34.555676 [debug] [Thread-4 (]: Using snowflake connection "model.UPI_Fraud_Monitoring.v_raw_transaction"
[0m04:46:34.556667 [debug] [Thread-2 (]: SQL status: SUCCESS 1 in 0.194 seconds
[0m04:46:34.557444 [debug] [Thread-5 (]: SQL status: SUCCESS 1 in 0.165 seconds
[0m04:46:34.558040 [debug] [Thread-4 (]: On model.UPI_Fraud_Monitoring.v_raw_transaction: /* {"app": "dbt", "dbt_version": "1.9.4", "profile_name": "default", "target_name": "dev", "node_id": "model.UPI_Fraud_Monitoring.v_raw_transaction"} */
describe table UPI_FRAUD_MONITORING.STAGING.transaction
[0m04:46:34.560988 [info ] [Thread-2 (]: 8 of 30 OK created sql view model TRANSFORM.v_raw_password_change .............. [[32mSUCCESS 1[0m in 0.63s]
[0m04:46:34.563744 [info ] [Thread-5 (]: 7 of 30 OK created sql view model TRANSFORM.v_raw_merchant ..................... [[32mSUCCESS 1[0m in 0.64s]
[0m04:46:34.564480 [debug] [Thread-4 (]: Opening a new connection, currently in state init
[0m04:46:34.565217 [debug] [Thread-2 (]: Finished running node model.UPI_Fraud_Monitoring.v_raw_password_change
[0m04:46:34.565862 [debug] [Thread-5 (]: Finished running node model.UPI_Fraud_Monitoring.v_raw_merchant
[0m04:46:34.566618 [debug] [Thread-2 (]: Began running node model.UPI_Fraud_Monitoring.v_raw_watchlist
[0m04:46:34.567464 [debug] [Thread-5 (]: Began running node model.UPI_Fraud_Monitoring.v_collect_request
[0m04:46:34.568335 [info ] [Thread-2 (]: 10 of 30 START sql view model TRANSFORM.v_raw_watchlist ........................ [RUN]
[0m04:46:34.569093 [info ] [Thread-5 (]: 11 of 30 START sql view model TRANSFORM.v_collect_request ...................... [RUN]
[0m04:46:34.569744 [debug] [Thread-2 (]: Re-using an available connection from the pool (formerly model.UPI_Fraud_Monitoring.v_raw_password_change, now model.UPI_Fraud_Monitoring.v_raw_watchlist)
[0m04:46:34.570319 [debug] [Thread-5 (]: Re-using an available connection from the pool (formerly model.UPI_Fraud_Monitoring.v_raw_merchant, now model.UPI_Fraud_Monitoring.v_collect_request)
[0m04:46:34.570819 [debug] [Thread-2 (]: Began compiling node model.UPI_Fraud_Monitoring.v_raw_watchlist
[0m04:46:34.571299 [debug] [Thread-5 (]: Began compiling node model.UPI_Fraud_Monitoring.v_collect_request
[0m04:46:34.579168 [debug] [Thread-3 (]: SQL status: SUCCESS 1 in 0.189 seconds
[0m04:46:34.581577 [debug] [Thread-2 (]: Using snowflake connection "model.UPI_Fraud_Monitoring.v_raw_watchlist"
[0m04:46:34.600016 [debug] [Thread-5 (]: Using snowflake connection "model.UPI_Fraud_Monitoring.v_collect_request"
[0m04:46:34.603327 [info ] [Thread-3 (]: 6 of 30 OK created sql view model TRANSFORM.v_raw_login_activity ............... [[32mSUCCESS 1[0m in 0.68s]
[0m04:46:34.604522 [debug] [Thread-2 (]: On model.UPI_Fraud_Monitoring.v_raw_watchlist: /* {"app": "dbt", "dbt_version": "1.9.4", "profile_name": "default", "target_name": "dev", "node_id": "model.UPI_Fraud_Monitoring.v_raw_watchlist"} */
describe table UPI_FRAUD_MONITORING.STAGING.watchlist
[0m04:46:34.605357 [debug] [Thread-5 (]: On model.UPI_Fraud_Monitoring.v_collect_request: /* {"app": "dbt", "dbt_version": "1.9.4", "profile_name": "default", "target_name": "dev", "node_id": "model.UPI_Fraud_Monitoring.v_collect_request"} */
describe table UPI_FRAUD_MONITORING.TRANSFORM.v_raw_collect_request
[0m04:46:34.606219 [debug] [Thread-3 (]: Finished running node model.UPI_Fraud_Monitoring.v_raw_login_activity
[0m04:46:34.606802 [debug] [Thread-2 (]: Opening a new connection, currently in state init
[0m04:46:34.607329 [debug] [Thread-5 (]: Opening a new connection, currently in state init
[0m04:46:34.608029 [debug] [Thread-3 (]: Began running node model.UPI_Fraud_Monitoring.v_beneficiary
[0m04:46:34.609499 [info ] [Thread-3 (]: 12 of 30 START sql view model TRANSFORM.v_beneficiary .......................... [RUN]
[0m04:46:34.610313 [debug] [Thread-3 (]: Re-using an available connection from the pool (formerly model.UPI_Fraud_Monitoring.v_raw_login_activity, now model.UPI_Fraud_Monitoring.v_beneficiary)
[0m04:46:34.610858 [debug] [Thread-3 (]: Began compiling node model.UPI_Fraud_Monitoring.v_beneficiary
[0m04:46:34.618844 [debug] [Thread-3 (]: Using snowflake connection "model.UPI_Fraud_Monitoring.v_beneficiary"
[0m04:46:34.619477 [debug] [Thread-3 (]: On model.UPI_Fraud_Monitoring.v_beneficiary: /* {"app": "dbt", "dbt_version": "1.9.4", "profile_name": "default", "target_name": "dev", "node_id": "model.UPI_Fraud_Monitoring.v_beneficiary"} */
describe table UPI_FRAUD_MONITORING.TRANSFORM.v_raw_beneficiary
[0m04:46:34.619996 [debug] [Thread-3 (]: Opening a new connection, currently in state init
[0m04:46:34.931348 [debug] [Thread-5 (]: SQL status: SUCCESS 7 in 0.324 seconds
[0m04:46:34.934054 [debug] [Thread-5 (]: Writing injected SQL for node "model.UPI_Fraud_Monitoring.v_collect_request"
[0m04:46:34.934933 [debug] [Thread-5 (]: Began executing node model.UPI_Fraud_Monitoring.v_collect_request
[0m04:46:34.940115 [debug] [Thread-5 (]: Writing runtime sql for node "model.UPI_Fraud_Monitoring.v_collect_request"
[0m04:46:34.942635 [debug] [Thread-5 (]: Using snowflake connection "model.UPI_Fraud_Monitoring.v_collect_request"
[0m04:46:34.943360 [debug] [Thread-5 (]: On model.UPI_Fraud_Monitoring.v_collect_request: /* {"app": "dbt", "dbt_version": "1.9.4", "profile_name": "default", "target_name": "dev", "node_id": "model.UPI_Fraud_Monitoring.v_collect_request"} */
create or replace   view UPI_FRAUD_MONITORING.TRANSFORM.v_collect_request
  
   as (
    

    
    

    
    

    
        

        
            
            
        
    
        

        
            
            
        
    
        

        
            
            
        
    
        

        
            
            
        
    
        

        
            
            
        
    
        

        
            
            
        
    
        

        
            
            
        
    

    with cleansed as (
        select distinct
            trim(COLLECT_REQUEST_ID) as COLLECT_REQUEST_ID,
            trim(CUSTOMER_ID) as CUSTOMER_ID,
            trim(REQUEST_AMOUNT) as REQUEST_AMOUNT,
            trim(REQUEST_TIME) as REQUEST_TIME,
            trim(REQUEST_STATUS) as REQUEST_STATUS,
            CREATED_DATE_TIME,
            cast(CREATED_LOAD_ID as number(38,0)) as CREATED_LOAD_ID,
            md5(coalesce(trim(COLLECT_REQUEST_ID), '^') || '|' || coalesce(trim(CUSTOMER_ID), '^') || '|' || coalesce(trim(REQUEST_AMOUNT), '^') || '|' || coalesce(trim(REQUEST_TIME), '^') || '|' || coalesce(trim(REQUEST_STATUS), '^') || '|' || coalesce(CREATED_DATE_TIME::string, '^') || '|' || coalesce(cast(CREATED_LOAD_ID as string), '^')) as hash_diff
        from UPI_FRAUD_MONITORING.TRANSFORM.v_raw_collect_request
        where CREATED_LOAD_ID is not null
    )

    select *
    from cleansed
    where CREATED_LOAD_ID = (
        select max(CREATED_LOAD_ID)
        from cleansed
    )


  );
[0m04:46:34.944333 [debug] [Thread-4 (]: SQL status: SUCCESS 19 in 0.380 seconds
[0m04:46:34.947713 [debug] [Thread-4 (]: Writing injected SQL for node "model.UPI_Fraud_Monitoring.v_raw_transaction"
[0m04:46:34.948699 [debug] [Thread-4 (]: Began executing node model.UPI_Fraud_Monitoring.v_raw_transaction
[0m04:46:34.953562 [debug] [Thread-4 (]: Writing runtime sql for node "model.UPI_Fraud_Monitoring.v_raw_transaction"
[0m04:46:34.955128 [debug] [Thread-4 (]: Using snowflake connection "model.UPI_Fraud_Monitoring.v_raw_transaction"
[0m04:46:34.955769 [debug] [Thread-4 (]: On model.UPI_Fraud_Monitoring.v_raw_transaction: /* {"app": "dbt", "dbt_version": "1.9.4", "profile_name": "default", "target_name": "dev", "node_id": "model.UPI_Fraud_Monitoring.v_raw_transaction"} */
create or replace   view UPI_FRAUD_MONITORING.TRANSFORM.v_raw_transaction
  
   as (
    

    
    

    select
        
        TRANSACTION_ID,
        
        UPI_REF_NO,
        
        CUSTOMER_ID,
        
        ACCOUNT_ID,
        
        PAYER_VPA,
        
        PAYEE_VPA,
        
        BENEFICIARY_ID,
        
        MERCHANT_ID,
        
        TXN_DATETIME,
        
        TXN_AMOUNT,
        
        TXN_TYPE,
        
        TXN_STATUS,
        
        CHANNEL,
        
        DEVICE_ID,
        
        IP_ADDRESS,
        
        LATITUDE,
        
        LONGITUDE,
        
        CREATED_DATE_TIME,
        
        CREATED_LOAD_ID
        
    from UPI_FRAUD_MONITORING.STAGING.transaction


  );
[0m04:46:34.965568 [debug] [Thread-3 (]: SQL status: SUCCESS 9 in 0.345 seconds
[0m04:46:34.968462 [debug] [Thread-3 (]: Writing injected SQL for node "model.UPI_Fraud_Monitoring.v_beneficiary"
[0m04:46:34.969337 [debug] [Thread-3 (]: Began executing node model.UPI_Fraud_Monitoring.v_beneficiary
[0m04:46:34.973989 [debug] [Thread-3 (]: Writing runtime sql for node "model.UPI_Fraud_Monitoring.v_beneficiary"
[0m04:46:34.976652 [debug] [Thread-3 (]: Using snowflake connection "model.UPI_Fraud_Monitoring.v_beneficiary"
[0m04:46:34.977500 [debug] [Thread-3 (]: On model.UPI_Fraud_Monitoring.v_beneficiary: /* {"app": "dbt", "dbt_version": "1.9.4", "profile_name": "default", "target_name": "dev", "node_id": "model.UPI_Fraud_Monitoring.v_beneficiary"} */
create or replace   view UPI_FRAUD_MONITORING.TRANSFORM.v_beneficiary
  
   as (
    

    
    

    
    

    
        

        
            
            
        
    
        

        
            
            
        
    
        

        
            
            
        
    
        

        
            
            
        
    
        

        
            
            
        
    
        

        
            
            
        
    
        

        
            
            
        
    
        

        
            
            
        
    
        

        
            
            
        
    

    with cleansed as (
        select distinct
            trim(BENEFICIARY_ID) as BENEFICIARY_ID,
            trim(CUSTOMER_ID) as CUSTOMER_ID,
            trim(BENEFICIARY_NAME) as BENEFICIARY_NAME,
            trim(BENEFICIARY_VPA) as BENEFICIARY_VPA,
            trim(BENEFICIARY_CREATED_DATE) as BENEFICIARY_CREATED_DATE,
            trim(BANK_NAME) as BANK_NAME,
            trim(RISK_RATING) as RISK_RATING,
            CREATED_DATE_TIME,
            cast(CREATED_LOAD_ID as number(38,0)) as CREATED_LOAD_ID,
            md5(coalesce(trim(BENEFICIARY_ID), '^') || '|' || coalesce(trim(CUSTOMER_ID), '^') || '|' || coalesce(trim(BENEFICIARY_NAME), '^') || '|' || coalesce(trim(BENEFICIARY_VPA), '^') || '|' || coalesce(trim(BENEFICIARY_CREATED_DATE), '^') || '|' || coalesce(trim(BANK_NAME), '^') || '|' || coalesce(trim(RISK_RATING), '^') || '|' || coalesce(CREATED_DATE_TIME::string, '^') || '|' || coalesce(cast(CREATED_LOAD_ID as string), '^')) as hash_diff
        from UPI_FRAUD_MONITORING.TRANSFORM.v_raw_beneficiary
        where CREATED_LOAD_ID is not null
    )

    select *
    from cleansed
    where CREATED_LOAD_ID = (
        select max(CREATED_LOAD_ID)
        from cleansed
    )


  );
[0m04:46:34.982987 [debug] [Thread-2 (]: SQL status: SUCCESS 7 in 0.376 seconds
[0m04:46:34.985426 [debug] [Thread-2 (]: Writing injected SQL for node "model.UPI_Fraud_Monitoring.v_raw_watchlist"
[0m04:46:34.986250 [debug] [Thread-2 (]: Began executing node model.UPI_Fraud_Monitoring.v_raw_watchlist
[0m04:46:34.992018 [debug] [Thread-2 (]: Writing runtime sql for node "model.UPI_Fraud_Monitoring.v_raw_watchlist"
[0m04:46:34.993497 [debug] [Thread-2 (]: Using snowflake connection "model.UPI_Fraud_Monitoring.v_raw_watchlist"
[0m04:46:34.994085 [debug] [Thread-2 (]: On model.UPI_Fraud_Monitoring.v_raw_watchlist: /* {"app": "dbt", "dbt_version": "1.9.4", "profile_name": "default", "target_name": "dev", "node_id": "model.UPI_Fraud_Monitoring.v_raw_watchlist"} */
create or replace   view UPI_FRAUD_MONITORING.TRANSFORM.v_raw_watchlist
  
   as (
    

    
    

    select
        
        WATCHLIST_ID,
        
        ENTITY_TYPE,
        
        ENTITY_ID,
        
        ENTITY_NAME,
        
        RISK_LEVEL,
        
        CREATED_DATE_TIME,
        
        CREATED_LOAD_ID
        
    from UPI_FRAUD_MONITORING.STAGING.watchlist


  );
[0m04:46:35.173997 [debug] [Thread-4 (]: SQL status: SUCCESS 1 in 0.217 seconds
[0m04:46:35.174848 [debug] [Thread-5 (]: SQL status: SUCCESS 1 in 0.230 seconds
[0m04:46:35.177932 [info ] [Thread-4 (]: 9 of 30 OK created sql view model TRANSFORM.v_raw_transaction .................. [[32mSUCCESS 1[0m in 0.63s]
[0m04:46:35.178850 [debug] [Thread-2 (]: SQL status: SUCCESS 1 in 0.184 seconds
[0m04:46:35.181954 [info ] [Thread-5 (]: 11 of 30 OK created sql view model TRANSFORM.v_collect_request ................. [[32mSUCCESS 1[0m in 0.61s]
[0m04:46:35.182784 [debug] [Thread-4 (]: Finished running node model.UPI_Fraud_Monitoring.v_raw_transaction
[0m04:46:35.185533 [info ] [Thread-2 (]: 10 of 30 OK created sql view model TRANSFORM.v_raw_watchlist ................... [[32mSUCCESS 1[0m in 0.62s]
[0m04:46:35.186311 [debug] [Thread-5 (]: Finished running node model.UPI_Fraud_Monitoring.v_collect_request
[0m04:46:35.186951 [debug] [Thread-4 (]: Began running node model.UPI_Fraud_Monitoring.sl_customer
[0m04:46:35.188015 [debug] [Thread-2 (]: Finished running node model.UPI_Fraud_Monitoring.v_raw_watchlist
[0m04:46:35.188786 [debug] [Thread-5 (]: Began running node model.UPI_Fraud_Monitoring.v_customer
[0m04:46:35.189722 [info ] [Thread-4 (]: 13 of 30 START sql incremental model TRANSFORM.sl_customer ..................... [RUN]
[0m04:46:35.190444 [debug] [Thread-2 (]: Began running node model.UPI_Fraud_Monitoring.v_account
[0m04:46:35.191375 [info ] [Thread-5 (]: 14 of 30 START sql view model TRANSFORM.v_customer ............................. [RUN]
[0m04:46:35.192112 [debug] [Thread-4 (]: Re-using an available connection from the pool (formerly model.UPI_Fraud_Monitoring.v_raw_transaction, now model.UPI_Fraud_Monitoring.sl_customer)
[0m04:46:35.192967 [info ] [Thread-2 (]: 15 of 30 START sql view model TRANSFORM.v_account .............................. [RUN]
[0m04:46:35.193664 [debug] [Thread-5 (]: Re-using an available connection from the pool (formerly model.UPI_Fraud_Monitoring.v_collect_request, now model.UPI_Fraud_Monitoring.v_customer)
[0m04:46:35.194271 [debug] [Thread-4 (]: Began compiling node model.UPI_Fraud_Monitoring.sl_customer
[0m04:46:35.195107 [debug] [Thread-3 (]: SQL status: SUCCESS 1 in 0.217 seconds
[0m04:46:35.195827 [debug] [Thread-2 (]: Re-using an available connection from the pool (formerly model.UPI_Fraud_Monitoring.v_raw_watchlist, now model.UPI_Fraud_Monitoring.v_account)
[0m04:46:35.196520 [debug] [Thread-5 (]: Began compiling node model.UPI_Fraud_Monitoring.v_customer
[0m04:46:35.205306 [debug] [Thread-4 (]: Writing injected SQL for node "model.UPI_Fraud_Monitoring.sl_customer"
[0m04:46:35.208511 [info ] [Thread-3 (]: 12 of 30 OK created sql view model TRANSFORM.v_beneficiary ..................... [[32mSUCCESS 1[0m in 0.60s]
[0m04:46:35.209222 [debug] [Thread-2 (]: Began compiling node model.UPI_Fraud_Monitoring.v_account
[0m04:46:35.217190 [debug] [Thread-5 (]: Using snowflake connection "model.UPI_Fraud_Monitoring.v_customer"
[0m04:46:35.218424 [debug] [Thread-3 (]: Finished running node model.UPI_Fraud_Monitoring.v_beneficiary
[0m04:46:35.219075 [debug] [Thread-4 (]: Began executing node model.UPI_Fraud_Monitoring.sl_customer
[0m04:46:35.338006 [debug] [Thread-2 (]: Using snowflake connection "model.UPI_Fraud_Monitoring.v_account"
[0m04:46:35.338675 [debug] [Thread-5 (]: On model.UPI_Fraud_Monitoring.v_customer: /* {"app": "dbt", "dbt_version": "1.9.4", "profile_name": "default", "target_name": "dev", "node_id": "model.UPI_Fraud_Monitoring.v_customer"} */
describe table UPI_FRAUD_MONITORING.TRANSFORM.v_raw_customer
[0m04:46:35.339381 [debug] [Thread-3 (]: Began running node model.UPI_Fraud_Monitoring.v_device_registry
[0m04:46:35.373702 [debug] [Thread-2 (]: On model.UPI_Fraud_Monitoring.v_account: /* {"app": "dbt", "dbt_version": "1.9.4", "profile_name": "default", "target_name": "dev", "node_id": "model.UPI_Fraud_Monitoring.v_account"} */
describe table UPI_FRAUD_MONITORING.TRANSFORM.v_raw_account
[0m04:46:35.401267 [debug] [Thread-5 (]: Opening a new connection, currently in state init
[0m04:46:35.431715 [debug] [Thread-4 (]: Using snowflake connection "model.UPI_Fraud_Monitoring.sl_customer"
[0m04:46:35.433094 [info ] [Thread-3 (]: 16 of 30 START sql view model TRANSFORM.v_device_registry ...................... [RUN]
[0m04:46:35.433771 [debug] [Thread-2 (]: Opening a new connection, currently in state init
[0m04:46:35.435041 [debug] [Thread-4 (]: On model.UPI_Fraud_Monitoring.sl_customer: /* {"app": "dbt", "dbt_version": "1.9.4", "profile_name": "default", "target_name": "dev", "node_id": "model.UPI_Fraud_Monitoring.sl_customer"} */
/* {"app": "dbt", "dbt_version": "1.9.4", "profile_name": "default", "target_name": "dev", "node_id": "model.UPI_Fraud_Monitoring.sl_customer"} */
select * from (
        

with source as (
    select
        cast(CUSTOMER_ID as VARCHAR(50)) as CUSTOMER_ID,
        cast(CUSTOMER_NAME as VARCHAR(255)) as CUSTOMER_NAME,
        cast(CUSTOMER_SEGMENT as VARCHAR(50)) as CUSTOMER_SEGMENT,
        cast(KYC_STATUS as VARCHAR(30)) as KYC_STATUS,
        cast(RISK_RATING as VARCHAR(20)) as RISK_RATING,
        cast(CUSTOMER_STATUS as VARCHAR(30)) as CUSTOMER_STATUS,
        cast(CUSTOMER_SINCE as DATE) as CUSTOMER_SINCE,
        cast(CUSTOMER_TYPE as VARCHAR(50)) as CUSTOMER_TYPE,
        cast(CREATED_LOAD_ID as NUMBER) as CREATED_LOAD_ID,
        CREATED_DATE_TIME
    from UPI_FRAUD_MONITORING.TRANSFORM.v_raw_customer
),

hashed as (
    select
        *,
        md5(
            coalesce(CUSTOMER_ID, '^') || '|' ||
            coalesce(CUSTOMER_NAME, '^') || '|' ||
            coalesce(CUSTOMER_SEGMENT, '^') || '|' ||
            coalesce(KYC_STATUS, '^') || '|' ||
            coalesce(RISK_RATING, '^') || '|' ||
            coalesce(CUSTOMER_STATUS, '^') || '|' ||
            coalesce(cast(CUSTOMER_SINCE as VARCHAR), '^') || '|' ||
            coalesce(CUSTOMER_TYPE, '^')
        ) as HASH_DIFF,
        'Y' as IS_CURRENT,
        NULL::TIMESTAMP_NTZ as UPDATED_DATE_TIME,
        NULL::NUMBER as UPDATED_LOAD_ID
    from source
)



    select * from hashed


    ) as __dbt_sbq
    where false
    limit 0
[0m04:46:35.436203 [debug] [Thread-3 (]: Re-using an available connection from the pool (formerly model.UPI_Fraud_Monitoring.v_beneficiary, now model.UPI_Fraud_Monitoring.v_device_registry)
[0m04:46:35.437718 [debug] [Thread-4 (]: Opening a new connection, currently in state init
[0m04:46:35.438752 [debug] [Thread-3 (]: Began compiling node model.UPI_Fraud_Monitoring.v_device_registry
[0m04:46:35.447193 [debug] [Thread-3 (]: Using snowflake connection "model.UPI_Fraud_Monitoring.v_device_registry"
[0m04:46:35.447834 [debug] [Thread-3 (]: On model.UPI_Fraud_Monitoring.v_device_registry: /* {"app": "dbt", "dbt_version": "1.9.4", "profile_name": "default", "target_name": "dev", "node_id": "model.UPI_Fraud_Monitoring.v_device_registry"} */
describe table UPI_FRAUD_MONITORING.TRANSFORM.v_raw_device_registry
[0m04:46:35.448481 [debug] [Thread-3 (]: Opening a new connection, currently in state init
[0m04:46:35.784335 [debug] [Thread-2 (]: SQL status: SUCCESS 12 in 0.350 seconds
[0m04:46:35.787171 [debug] [Thread-2 (]: Writing injected SQL for node "model.UPI_Fraud_Monitoring.v_account"
[0m04:46:35.788149 [debug] [Thread-5 (]: SQL status: SUCCESS 14 in 0.387 seconds
[0m04:46:35.791401 [debug] [Thread-5 (]: Writing injected SQL for node "model.UPI_Fraud_Monitoring.v_customer"
[0m04:46:35.792057 [debug] [Thread-2 (]: Began executing node model.UPI_Fraud_Monitoring.v_account
[0m04:46:35.797188 [debug] [Thread-2 (]: Writing runtime sql for node "model.UPI_Fraud_Monitoring.v_account"
[0m04:46:35.797934 [debug] [Thread-5 (]: Began executing node model.UPI_Fraud_Monitoring.v_customer
[0m04:46:35.803135 [debug] [Thread-5 (]: Writing runtime sql for node "model.UPI_Fraud_Monitoring.v_customer"
[0m04:46:35.806159 [debug] [Thread-2 (]: Using snowflake connection "model.UPI_Fraud_Monitoring.v_account"
[0m04:46:35.807278 [debug] [Thread-2 (]: On model.UPI_Fraud_Monitoring.v_account: /* {"app": "dbt", "dbt_version": "1.9.4", "profile_name": "default", "target_name": "dev", "node_id": "model.UPI_Fraud_Monitoring.v_account"} */
create or replace   view UPI_FRAUD_MONITORING.TRANSFORM.v_account
  
   as (
    

    
    

    
    

    
        

        
            
            
        
    
        

        
            
            
        
    
        

        
            
            
        
    
        

        
            
            
        
    
        

        
            
            
        
    
        

        
            
            
        
    
        

        
            
            
        
    
        

        
            
            
        
    
        

        
            
            
        
    
        

        
            
            
        
    
        

        
            
            
        
    
        

        
            
            
        
    

    with cleansed as (
        select distinct
            trim(ACCOUNT_ID) as ACCOUNT_ID,
            trim(CUSTOMER_ID) as CUSTOMER_ID,
            trim(ACCOUNT_NUMBER) as ACCOUNT_NUMBER,
            trim(ACCOUNT_TYPE) as ACCOUNT_TYPE,
            trim(BRANCH_CODE) as BRANCH_CODE,
            trim(IFSC_CODE) as IFSC_CODE,
            trim(OPEN_DATE) as OPEN_DATE,
            trim(ACCOUNT_STATUS) as ACCOUNT_STATUS,
            trim(CURRENT_BALANCE) as CURRENT_BALANCE,
            trim(AVAILABLE_BALANCE) as AVAILABLE_BALANCE,
            CREATED_DATE_TIME,
            cast(CREATED_LOAD_ID as number(38,0)) as CREATED_LOAD_ID,
            md5(coalesce(trim(ACCOUNT_ID), '^') || '|' || coalesce(trim(CUSTOMER_ID), '^') || '|' || coalesce(trim(ACCOUNT_NUMBER), '^') || '|' || coalesce(trim(ACCOUNT_TYPE), '^') || '|' || coalesce(trim(BRANCH_CODE), '^') || '|' || coalesce(trim(IFSC_CODE), '^') || '|' || coalesce(trim(OPEN_DATE), '^') || '|' || coalesce(trim(ACCOUNT_STATUS), '^') || '|' || coalesce(trim(CURRENT_BALANCE), '^') || '|' || coalesce(trim(AVAILABLE_BALANCE), '^') || '|' || coalesce(CREATED_DATE_TIME::string, '^') || '|' || coalesce(cast(CREATED_LOAD_ID as string), '^')) as hash_diff
        from UPI_FRAUD_MONITORING.TRANSFORM.v_raw_account
        where CREATED_LOAD_ID is not null
    )

    select *
    from cleansed
    where CREATED_LOAD_ID = (
        select max(CREATED_LOAD_ID)
        from cleansed
    )


  );
[0m04:46:35.810389 [debug] [Thread-5 (]: Using snowflake connection "model.UPI_Fraud_Monitoring.v_customer"
[0m04:46:35.811580 [debug] [Thread-5 (]: On model.UPI_Fraud_Monitoring.v_customer: /* {"app": "dbt", "dbt_version": "1.9.4", "profile_name": "default", "target_name": "dev", "node_id": "model.UPI_Fraud_Monitoring.v_customer"} */
create or replace   view UPI_FRAUD_MONITORING.TRANSFORM.v_customer
  
   as (
    

    
    

    
    

    
        

        
            
            
        
    
        

        
            
            
        
    
        

        
            
            
        
    
        

        
            
            
        
    
        

        
            
            
        
    
        

        
            
            
        
    
        

        
            
            
        
    
        

        
            
            
        
    
        

        
            
            
        
    
        

        
            
            
        
    
        

        
            
            
        
    
        

        
            
            
        
    
        

        
            
            
        
    
        

        
            
            
        
    

    with cleansed as (
        select distinct
            trim(CUSTOMER_ID) as CUSTOMER_ID,
            trim(CUSTOMER_NAME) as CUSTOMER_NAME,
            trim(DOB) as DOB,
            trim(GENDER) as GENDER,
            trim(MOBILE_NUMBER) as MOBILE_NUMBER,
            trim(EMAIL_ID) as EMAIL_ID,
            trim(CUSTOMER_SEGMENT) as CUSTOMER_SEGMENT,
            trim(CUSTOMER_TYPE) as CUSTOMER_TYPE,
            trim(KYC_STATUS) as KYC_STATUS,
            trim(RISK_RATING) as RISK_RATING,
            trim(CUSTOMER_SINCE) as CUSTOMER_SINCE,
            trim(CUSTOMER_STATUS) as CUSTOMER_STATUS,
            CREATED_DATE_TIME,
            cast(CREATED_LOAD_ID as number(38,0)) as CREATED_LOAD_ID,
            md5(coalesce(trim(CUSTOMER_ID), '^') || '|' || coalesce(trim(CUSTOMER_NAME), '^') || '|' || coalesce(trim(DOB), '^') || '|' || coalesce(trim(GENDER), '^') || '|' || coalesce(trim(MOBILE_NUMBER), '^') || '|' || coalesce(trim(EMAIL_ID), '^') || '|' || coalesce(trim(CUSTOMER_SEGMENT), '^') || '|' || coalesce(trim(CUSTOMER_TYPE), '^') || '|' || coalesce(trim(KYC_STATUS), '^') || '|' || coalesce(trim(RISK_RATING), '^') || '|' || coalesce(trim(CUSTOMER_SINCE), '^') || '|' || coalesce(trim(CUSTOMER_STATUS), '^') || '|' || coalesce(CREATED_DATE_TIME::string, '^') || '|' || coalesce(cast(CREATED_LOAD_ID as string), '^')) as hash_diff
        from UPI_FRAUD_MONITORING.TRANSFORM.v_raw_customer
        where CREATED_LOAD_ID is not null
    )

    select *
    from cleansed
    where CREATED_LOAD_ID = (
        select max(CREATED_LOAD_ID)
        from cleansed
    )


  );
[0m04:46:35.813328 [debug] [Thread-3 (]: SQL status: SUCCESS 15 in 0.365 seconds
[0m04:46:35.816211 [debug] [Thread-3 (]: Writing injected SQL for node "model.UPI_Fraud_Monitoring.v_device_registry"
[0m04:46:35.817192 [debug] [Thread-3 (]: Began executing node model.UPI_Fraud_Monitoring.v_device_registry
[0m04:46:35.821976 [debug] [Thread-3 (]: Writing runtime sql for node "model.UPI_Fraud_Monitoring.v_device_registry"
[0m04:46:35.825362 [debug] [Thread-3 (]: Using snowflake connection "model.UPI_Fraud_Monitoring.v_device_registry"
[0m04:46:35.826124 [debug] [Thread-3 (]: On model.UPI_Fraud_Monitoring.v_device_registry: /* {"app": "dbt", "dbt_version": "1.9.4", "profile_name": "default", "target_name": "dev", "node_id": "model.UPI_Fraud_Monitoring.v_device_registry"} */
create or replace   view UPI_FRAUD_MONITORING.TRANSFORM.v_device_registry
  
   as (
    

    
    

    
    

    
        

        
            
            
        
    
        

        
            
            
        
    
        

        
            
            
        
    
        

        
            
            
        
    
        

        
            
            
        
    
        

        
            
            
        
    
        

        
            
            
        
    
        

        
            
            
        
    
        

        
            
            
        
    
        

        
            
            
        
    
        

        
            
            
        
    
        

        
            
            
        
    
        

        
            
            
        
    
        

        
            
            
        
    
        

        
            
            
        
    

    with cleansed as (
        select distinct
            trim(DEVICE_ID) as DEVICE_ID,
            trim(CUSTOMER_ID) as CUSTOMER_ID,
            trim(IMEI_NUMBER) as IMEI_NUMBER,
            trim(IMSI_NUMBER) as IMSI_NUMBER,
            trim(SIM_NUMBER) as SIM_NUMBER,
            trim(DEVICE_MAKE) as DEVICE_MAKE,
            trim(DEVICE_MODEL) as DEVICE_MODEL,
            trim(DEVICE_OS) as DEVICE_OS,
            trim(DEVICE_REGISTRATION_DATE) as DEVICE_REGISTRATION_DATE,
            trim(OS_VERSION) as OS_VERSION,
            trim(APP_VERSION) as APP_VERSION,
            trim(DEVICE_FINGERPRINT) as DEVICE_FINGERPRINT,
            trim(TRUSTED_FLAG) as TRUSTED_FLAG,
            CREATED_DATE_TIME,
            cast(CREATED_LOAD_ID as number(38,0)) as CREATED_LOAD_ID,
            md5(coalesce(trim(DEVICE_ID), '^') || '|' || coalesce(trim(CUSTOMER_ID), '^') || '|' || coalesce(trim(IMEI_NUMBER), '^') || '|' || coalesce(trim(IMSI_NUMBER), '^') || '|' || coalesce(trim(SIM_NUMBER), '^') || '|' || coalesce(trim(DEVICE_MAKE), '^') || '|' || coalesce(trim(DEVICE_MODEL), '^') || '|' || coalesce(trim(DEVICE_OS), '^') || '|' || coalesce(trim(DEVICE_REGISTRATION_DATE), '^') || '|' || coalesce(trim(OS_VERSION), '^') || '|' || coalesce(trim(APP_VERSION), '^') || '|' || coalesce(trim(DEVICE_FINGERPRINT), '^') || '|' || coalesce(trim(TRUSTED_FLAG), '^') || '|' || coalesce(CREATED_DATE_TIME::string, '^') || '|' || coalesce(cast(CREATED_LOAD_ID as string), '^')) as hash_diff
        from UPI_FRAUD_MONITORING.TRANSFORM.v_raw_device_registry
        where CREATED_LOAD_ID is not null
    )

    select *
    from cleansed
    where CREATED_LOAD_ID = (
        select max(CREATED_LOAD_ID)
        from cleansed
    )


  );
[0m04:46:35.911642 [debug] [Thread-4 (]: SQL status: SUCCESS 0 in 0.474 seconds
[0m04:46:35.937201 [debug] [Thread-4 (]: Using snowflake connection "model.UPI_Fraud_Monitoring.sl_customer"
[0m04:46:35.938679 [debug] [Thread-4 (]: On model.UPI_Fraud_Monitoring.sl_customer: /* {"app": "dbt", "dbt_version": "1.9.4", "profile_name": "default", "target_name": "dev", "node_id": "model.UPI_Fraud_Monitoring.sl_customer"} */
/* {"app": "dbt", "dbt_version": "1.9.4", "profile_name": "default", "target_name": "dev", "node_id": "model.UPI_Fraud_Monitoring.sl_customer"} */
select * from (
        select
    
      
    cast(null as VARCHAR(50))
     as CUSTOMER_ID, 
      
    cast(null as VARCHAR(255))
     as CUSTOMER_NAME, 
      
    cast(null as VARCHAR(50))
     as CUSTOMER_SEGMENT, 
      
    cast(null as VARCHAR(30))
     as KYC_STATUS, 
      
    cast(null as VARCHAR(20))
     as RISK_RATING, 
      
    cast(null as VARCHAR(30))
     as CUSTOMER_STATUS, 
      
    cast(null as DATE)
     as CUSTOMER_SINCE, 
      
    cast(null as VARCHAR(50))
     as CUSTOMER_TYPE, 
      
    cast(null as NUMBER(38,0))
     as CREATED_LOAD_ID, 
      
    cast(null as TIMESTAMP_NTZ)
     as CREATED_DATE_TIME, 
      
    cast(null as VARCHAR(2000))
     as HASH_DIFF, 
      
    cast(null as VARCHAR(10))
     as IS_CURRENT, 
      
    cast(null as TIMESTAMP_NTZ)
     as UPDATED_DATE_TIME, 
      
    cast(null as NUMBER(38,0))
     as UPDATED_LOAD_ID
    ) as __dbt_sbq
    where false
    limit 0
[0m04:46:35.998863 [debug] [Thread-4 (]: SQL status: SUCCESS 0 in 0.059 seconds
[0m04:46:36.049094 [debug] [Thread-4 (]: Writing runtime sql for node "model.UPI_Fraud_Monitoring.sl_customer"
[0m04:46:36.052285 [debug] [Thread-4 (]: Using snowflake connection "model.UPI_Fraud_Monitoring.sl_customer"
[0m04:46:36.053153 [debug] [Thread-4 (]: On model.UPI_Fraud_Monitoring.sl_customer: /* {"app": "dbt", "dbt_version": "1.9.4", "profile_name": "default", "target_name": "dev", "node_id": "model.UPI_Fraud_Monitoring.sl_customer"} */
create or replace transient table UPI_FRAUD_MONITORING.TRANSFORM.sl_customer
          
  (
    CUSTOMER_ID VARCHAR(50) not null,
    CUSTOMER_NAME VARCHAR(255),
    CUSTOMER_SEGMENT VARCHAR(50),
    KYC_STATUS VARCHAR(30),
    RISK_RATING VARCHAR(20),
    CUSTOMER_STATUS VARCHAR(30),
    CUSTOMER_SINCE DATE,
    CUSTOMER_TYPE VARCHAR(50),
    CREATED_LOAD_ID NUMBER(38,0),
    CREATED_DATE_TIME TIMESTAMP_NTZ,
    HASH_DIFF VARCHAR(2000),
    IS_CURRENT VARCHAR(10),
    UPDATED_DATE_TIME TIMESTAMP_NTZ,
    UPDATED_LOAD_ID NUMBER(38,0)
    
    )

          
        
         as
        (
    select CUSTOMER_ID, CUSTOMER_NAME, CUSTOMER_SEGMENT, KYC_STATUS, RISK_RATING, CUSTOMER_STATUS, CUSTOMER_SINCE, CUSTOMER_TYPE, CREATED_LOAD_ID, CREATED_DATE_TIME, HASH_DIFF, IS_CURRENT, UPDATED_DATE_TIME, UPDATED_LOAD_ID
    from (
        

with source as (
    select
        cast(CUSTOMER_ID as VARCHAR(50)) as CUSTOMER_ID,
        cast(CUSTOMER_NAME as VARCHAR(255)) as CUSTOMER_NAME,
        cast(CUSTOMER_SEGMENT as VARCHAR(50)) as CUSTOMER_SEGMENT,
        cast(KYC_STATUS as VARCHAR(30)) as KYC_STATUS,
        cast(RISK_RATING as VARCHAR(20)) as RISK_RATING,
        cast(CUSTOMER_STATUS as VARCHAR(30)) as CUSTOMER_STATUS,
        cast(CUSTOMER_SINCE as DATE) as CUSTOMER_SINCE,
        cast(CUSTOMER_TYPE as VARCHAR(50)) as CUSTOMER_TYPE,
        cast(CREATED_LOAD_ID as NUMBER) as CREATED_LOAD_ID,
        CREATED_DATE_TIME
    from UPI_FRAUD_MONITORING.TRANSFORM.v_raw_customer
),

hashed as (
    select
        *,
        md5(
            coalesce(CUSTOMER_ID, '^') || '|' ||
            coalesce(CUSTOMER_NAME, '^') || '|' ||
            coalesce(CUSTOMER_SEGMENT, '^') || '|' ||
            coalesce(KYC_STATUS, '^') || '|' ||
            coalesce(RISK_RATING, '^') || '|' ||
            coalesce(CUSTOMER_STATUS, '^') || '|' ||
            coalesce(cast(CUSTOMER_SINCE as VARCHAR), '^') || '|' ||
            coalesce(CUSTOMER_TYPE, '^')
        ) as HASH_DIFF,
        'Y' as IS_CURRENT,
        NULL::TIMESTAMP_NTZ as UPDATED_DATE_TIME,
        NULL::NUMBER as UPDATED_LOAD_ID
    from source
)



    select * from hashed


    ) as model_subq
        );
[0m04:46:36.059841 [debug] [Thread-2 (]: SQL status: SUCCESS 1 in 0.249 seconds
[0m04:46:36.062959 [info ] [Thread-2 (]: 15 of 30 OK created sql view model TRANSFORM.v_account ......................... [[32mSUCCESS 1[0m in 0.87s]
[0m04:46:36.063820 [debug] [Thread-2 (]: Finished running node model.UPI_Fraud_Monitoring.v_account
[0m04:46:36.064606 [debug] [Thread-2 (]: Began running node model.UPI_Fraud_Monitoring.v_password_change
[0m04:46:36.065637 [info ] [Thread-2 (]: 17 of 30 START sql view model TRANSFORM.v_password_change ...................... [RUN]
[0m04:46:36.066378 [debug] [Thread-2 (]: Re-using an available connection from the pool (formerly model.UPI_Fraud_Monitoring.v_account, now model.UPI_Fraud_Monitoring.v_password_change)
[0m04:46:36.066978 [debug] [Thread-2 (]: Began compiling node model.UPI_Fraud_Monitoring.v_password_change
[0m04:46:36.075087 [debug] [Thread-2 (]: Using snowflake connection "model.UPI_Fraud_Monitoring.v_password_change"
[0m04:46:36.075758 [debug] [Thread-2 (]: On model.UPI_Fraud_Monitoring.v_password_change: /* {"app": "dbt", "dbt_version": "1.9.4", "profile_name": "default", "target_name": "dev", "node_id": "model.UPI_Fraud_Monitoring.v_password_change"} */
describe table UPI_FRAUD_MONITORING.TRANSFORM.v_raw_password_change
[0m04:46:36.076331 [debug] [Thread-2 (]: Opening a new connection, currently in state init
[0m04:46:36.079010 [debug] [Thread-5 (]: SQL status: SUCCESS 1 in 0.267 seconds
[0m04:46:36.079828 [debug] [Thread-3 (]: SQL status: SUCCESS 1 in 0.253 seconds
[0m04:46:36.082879 [info ] [Thread-5 (]: 14 of 30 OK created sql view model TRANSFORM.v_customer ........................ [[32mSUCCESS 1[0m in 0.89s]
[0m04:46:36.085868 [info ] [Thread-3 (]: 16 of 30 OK created sql view model TRANSFORM.v_device_registry ................. [[32mSUCCESS 1[0m in 0.65s]
[0m04:46:36.086717 [debug] [Thread-5 (]: Finished running node model.UPI_Fraud_Monitoring.v_customer
[0m04:46:36.087453 [debug] [Thread-3 (]: Finished running node model.UPI_Fraud_Monitoring.v_device_registry
[0m04:46:36.088143 [debug] [Thread-5 (]: Began running node model.UPI_Fraud_Monitoring.v_merchant
[0m04:46:36.088963 [debug] [Thread-3 (]: Began running node model.UPI_Fraud_Monitoring.v_login_activity
[0m04:46:36.089891 [info ] [Thread-5 (]: 18 of 30 START sql view model TRANSFORM.v_merchant ............................. [RUN]
[0m04:46:36.090613 [info ] [Thread-3 (]: 19 of 30 START sql view model TRANSFORM.v_login_activity ....................... [RUN]
[0m04:46:36.091300 [debug] [Thread-5 (]: Re-using an available connection from the pool (formerly model.UPI_Fraud_Monitoring.v_customer, now model.UPI_Fraud_Monitoring.v_merchant)
[0m04:46:36.091928 [debug] [Thread-3 (]: Re-using an available connection from the pool (formerly model.UPI_Fraud_Monitoring.v_device_registry, now model.UPI_Fraud_Monitoring.v_login_activity)
[0m04:46:36.092568 [debug] [Thread-5 (]: Began compiling node model.UPI_Fraud_Monitoring.v_merchant
[0m04:46:36.093102 [debug] [Thread-3 (]: Began compiling node model.UPI_Fraud_Monitoring.v_login_activity
[0m04:46:36.103017 [debug] [Thread-5 (]: Using snowflake connection "model.UPI_Fraud_Monitoring.v_merchant"
[0m04:46:36.111565 [debug] [Thread-3 (]: Using snowflake connection "model.UPI_Fraud_Monitoring.v_login_activity"
[0m04:46:36.112854 [debug] [Thread-5 (]: On model.UPI_Fraud_Monitoring.v_merchant: /* {"app": "dbt", "dbt_version": "1.9.4", "profile_name": "default", "target_name": "dev", "node_id": "model.UPI_Fraud_Monitoring.v_merchant"} */
describe table UPI_FRAUD_MONITORING.TRANSFORM.v_raw_merchant
[0m04:46:36.113508 [debug] [Thread-3 (]: On model.UPI_Fraud_Monitoring.v_login_activity: /* {"app": "dbt", "dbt_version": "1.9.4", "profile_name": "default", "target_name": "dev", "node_id": "model.UPI_Fraud_Monitoring.v_login_activity"} */
describe table UPI_FRAUD_MONITORING.TRANSFORM.v_raw_login_activity
[0m04:46:36.114071 [debug] [Thread-5 (]: Opening a new connection, currently in state init
[0m04:46:36.114616 [debug] [Thread-3 (]: Opening a new connection, currently in state init
[0m04:46:36.455498 [debug] [Thread-5 (]: SQL status: SUCCESS 8 in 0.341 seconds
[0m04:46:36.458135 [debug] [Thread-5 (]: Writing injected SQL for node "model.UPI_Fraud_Monitoring.v_merchant"
[0m04:46:36.459032 [debug] [Thread-5 (]: Began executing node model.UPI_Fraud_Monitoring.v_merchant
[0m04:46:36.464067 [debug] [Thread-5 (]: Writing runtime sql for node "model.UPI_Fraud_Monitoring.v_merchant"
[0m04:46:36.466556 [debug] [Thread-5 (]: Using snowflake connection "model.UPI_Fraud_Monitoring.v_merchant"
[0m04:46:36.467270 [debug] [Thread-5 (]: On model.UPI_Fraud_Monitoring.v_merchant: /* {"app": "dbt", "dbt_version": "1.9.4", "profile_name": "default", "target_name": "dev", "node_id": "model.UPI_Fraud_Monitoring.v_merchant"} */
create or replace   view UPI_FRAUD_MONITORING.TRANSFORM.v_merchant
  
   as (
    

    
    

    
    

    
        

        
            
            
        
    
        

        
            
            
        
    
        

        
            
            
        
    
        

        
            
            
        
    
        

        
            
            
        
    
        

        
            
            
        
    
        

        
            
            
        
    
        

        
            
            
        
    

    with cleansed as (
        select distinct
            trim(MERCHANT_ID) as MERCHANT_ID,
            trim(MERCHANT_NAME) as MERCHANT_NAME,
            trim(MERCHANT_CATEGORY) as MERCHANT_CATEGORY,
            trim(MERCHANT_STATUS) as MERCHANT_STATUS,
            trim(RISK_RATING) as RISK_RATING,
            CREATED_DATE_TIME,
            trim(TESTING) as TESTING,
            cast(CREATED_LOAD_ID as number(38,0)) as CREATED_LOAD_ID,
            md5(coalesce(trim(MERCHANT_ID), '^') || '|' || coalesce(trim(MERCHANT_NAME), '^') || '|' || coalesce(trim(MERCHANT_CATEGORY), '^') || '|' || coalesce(trim(MERCHANT_STATUS), '^') || '|' || coalesce(trim(RISK_RATING), '^') || '|' || coalesce(CREATED_DATE_TIME::string, '^') || '|' || coalesce(trim(TESTING), '^') || '|' || coalesce(cast(CREATED_LOAD_ID as string), '^')) as hash_diff
        from UPI_FRAUD_MONITORING.TRANSFORM.v_raw_merchant
        where CREATED_LOAD_ID is not null
    )

    select *
    from cleansed
    where CREATED_LOAD_ID = (
        select max(CREATED_LOAD_ID)
        from cleansed
    )


  );
[0m04:46:36.484718 [debug] [Thread-3 (]: SQL status: SUCCESS 11 in 0.370 seconds
[0m04:46:36.487339 [debug] [Thread-3 (]: Writing injected SQL for node "model.UPI_Fraud_Monitoring.v_login_activity"
[0m04:46:36.488194 [debug] [Thread-3 (]: Began executing node model.UPI_Fraud_Monitoring.v_login_activity
[0m04:46:36.492887 [debug] [Thread-3 (]: Writing runtime sql for node "model.UPI_Fraud_Monitoring.v_login_activity"
[0m04:46:36.495498 [debug] [Thread-3 (]: Using snowflake connection "model.UPI_Fraud_Monitoring.v_login_activity"
[0m04:46:36.496249 [debug] [Thread-3 (]: On model.UPI_Fraud_Monitoring.v_login_activity: /* {"app": "dbt", "dbt_version": "1.9.4", "profile_name": "default", "target_name": "dev", "node_id": "model.UPI_Fraud_Monitoring.v_login_activity"} */
create or replace   view UPI_FRAUD_MONITORING.TRANSFORM.v_login_activity
  
   as (
    

    
    

    
    

    
        

        
            
            
        
    
        

        
            
            
        
    
        

        
            
            
        
    
        

        
            
            
        
    
        

        
            
            
        
    
        

        
            
            
        
    
        

        
            
            
        
    
        

        
            
            
        
    
        

        
            
            
        
    
        

        
            
            
        
    
        

        
            
            
        
    

    with cleansed as (
        select distinct
            trim(LOGIN_ID) as LOGIN_ID,
            trim(CUSTOMER_ID) as CUSTOMER_ID,
            trim(DEVICE_ID) as DEVICE_ID,
            trim(LOGIN_TIME) as LOGIN_TIME,
            trim(LOGIN_STATUS) as LOGIN_STATUS,
            trim(IP_ADDRESS) as IP_ADDRESS,
            trim(COUNTRY) as COUNTRY,
            trim(STATE) as STATE,
            trim(CITY) as CITY,
            CREATED_DATE_TIME,
            cast(CREATED_LOAD_ID as number(38,0)) as CREATED_LOAD_ID,
            md5(coalesce(trim(LOGIN_ID), '^') || '|' || coalesce(trim(CUSTOMER_ID), '^') || '|' || coalesce(trim(DEVICE_ID), '^') || '|' || coalesce(trim(LOGIN_TIME), '^') || '|' || coalesce(trim(LOGIN_STATUS), '^') || '|' || coalesce(trim(IP_ADDRESS), '^') || '|' || coalesce(trim(COUNTRY), '^') || '|' || coalesce(trim(STATE), '^') || '|' || coalesce(trim(CITY), '^') || '|' || coalesce(CREATED_DATE_TIME::string, '^') || '|' || coalesce(cast(CREATED_LOAD_ID as string), '^')) as hash_diff
        from UPI_FRAUD_MONITORING.TRANSFORM.v_raw_login_activity
        where CREATED_LOAD_ID is not null
    )

    select *
    from cleansed
    where CREATED_LOAD_ID = (
        select max(CREATED_LOAD_ID)
        from cleansed
    )


  );
[0m04:46:36.502974 [debug] [Thread-2 (]: SQL status: SUCCESS 7 in 0.426 seconds
[0m04:46:36.505390 [debug] [Thread-2 (]: Writing injected SQL for node "model.UPI_Fraud_Monitoring.v_password_change"
[0m04:46:36.506202 [debug] [Thread-2 (]: Began executing node model.UPI_Fraud_Monitoring.v_password_change
[0m04:46:36.510735 [debug] [Thread-2 (]: Writing runtime sql for node "model.UPI_Fraud_Monitoring.v_password_change"
[0m04:46:36.513091 [debug] [Thread-2 (]: Using snowflake connection "model.UPI_Fraud_Monitoring.v_password_change"
[0m04:46:36.513751 [debug] [Thread-2 (]: On model.UPI_Fraud_Monitoring.v_password_change: /* {"app": "dbt", "dbt_version": "1.9.4", "profile_name": "default", "target_name": "dev", "node_id": "model.UPI_Fraud_Monitoring.v_password_change"} */
create or replace   view UPI_FRAUD_MONITORING.TRANSFORM.v_password_change
  
   as (
    

    
    

    
    

    
        

        
            
            
        
    
        

        
            
            
        
    
        

        
            
            
        
    
        

        
            
            
        
    
        

        
            
            
        
    
        

        
            
            
        
    
        

        
            
            
        
    

    with cleansed as (
        select distinct
            trim(PASSWORD_CHANGE_ID) as PASSWORD_CHANGE_ID,
            trim(CUSTOMER_ID) as CUSTOMER_ID,
            trim(CHANGE_TIME) as CHANGE_TIME,
            trim(CHANGE_CHANNEL) as CHANGE_CHANNEL,
            trim(DEVICE_ID) as DEVICE_ID,
            CREATED_DATE_TIME,
            cast(CREATED_LOAD_ID as number(38,0)) as CREATED_LOAD_ID,
            md5(coalesce(trim(PASSWORD_CHANGE_ID), '^') || '|' || coalesce(trim(CUSTOMER_ID), '^') || '|' || coalesce(trim(CHANGE_TIME), '^') || '|' || coalesce(trim(CHANGE_CHANNEL), '^') || '|' || coalesce(trim(DEVICE_ID), '^') || '|' || coalesce(CREATED_DATE_TIME::string, '^') || '|' || coalesce(cast(CREATED_LOAD_ID as string), '^')) as hash_diff
        from UPI_FRAUD_MONITORING.TRANSFORM.v_raw_password_change
        where CREATED_LOAD_ID is not null
    )

    select *
    from cleansed
    where CREATED_LOAD_ID = (
        select max(CREATED_LOAD_ID)
        from cleansed
    )


  );
[0m04:46:36.630536 [debug] [Thread-4 (]: SQL status: SUCCESS 1 in 0.577 seconds
[0m04:46:36.642921 [debug] [Thread-4 (]: Applying DROP to: UPI_FRAUD_MONITORING.TRANSFORM.sl_customer__dbt_tmp
[0m04:46:36.659917 [debug] [Thread-4 (]: Using snowflake connection "model.UPI_Fraud_Monitoring.sl_customer"
[0m04:46:36.660693 [debug] [Thread-4 (]: On model.UPI_Fraud_Monitoring.sl_customer: /* {"app": "dbt", "dbt_version": "1.9.4", "profile_name": "default", "target_name": "dev", "node_id": "model.UPI_Fraud_Monitoring.sl_customer"} */
drop view if exists UPI_FRAUD_MONITORING.TRANSFORM.sl_customer__dbt_tmp cascade
[0m04:46:36.686833 [debug] [Thread-5 (]: SQL status: SUCCESS 1 in 0.219 seconds
[0m04:46:36.689881 [info ] [Thread-5 (]: 18 of 30 OK created sql view model TRANSFORM.v_merchant ........................ [[32mSUCCESS 1[0m in 0.60s]
[0m04:46:36.690693 [debug] [Thread-5 (]: Finished running node model.UPI_Fraud_Monitoring.v_merchant
[0m04:46:36.691374 [debug] [Thread-5 (]: Began running node model.UPI_Fraud_Monitoring.v_transaction
[0m04:46:36.692514 [info ] [Thread-5 (]: 20 of 30 START sql view model TRANSFORM.v_transaction .......................... [RUN]
[0m04:46:36.693229 [debug] [Thread-5 (]: Re-using an available connection from the pool (formerly model.UPI_Fraud_Monitoring.v_merchant, now model.UPI_Fraud_Monitoring.v_transaction)
[0m04:46:36.693759 [debug] [Thread-5 (]: Began compiling node model.UPI_Fraud_Monitoring.v_transaction
[0m04:46:36.701745 [debug] [Thread-5 (]: Using snowflake connection "model.UPI_Fraud_Monitoring.v_transaction"
[0m04:46:36.702396 [debug] [Thread-5 (]: On model.UPI_Fraud_Monitoring.v_transaction: /* {"app": "dbt", "dbt_version": "1.9.4", "profile_name": "default", "target_name": "dev", "node_id": "model.UPI_Fraud_Monitoring.v_transaction"} */
describe table UPI_FRAUD_MONITORING.TRANSFORM.v_raw_transaction
[0m04:46:36.702928 [debug] [Thread-5 (]: Opening a new connection, currently in state init
[0m04:46:36.713670 [debug] [Thread-4 (]: SQL status: SUCCESS 1 in 0.052 seconds
[0m04:46:36.714516 [debug] [Thread-2 (]: SQL status: SUCCESS 1 in 0.200 seconds
[0m04:46:36.715296 [debug] [Thread-3 (]: SQL status: SUCCESS 1 in 0.218 seconds
[0m04:46:36.718519 [debug] [Thread-4 (]: Using snowflake connection "model.UPI_Fraud_Monitoring.sl_customer"
[0m04:46:36.721867 [info ] [Thread-2 (]: 17 of 30 OK created sql view model TRANSFORM.v_password_change ................. [[32mSUCCESS 1[0m in 0.66s]
[0m04:46:36.724924 [info ] [Thread-3 (]: 19 of 30 OK created sql view model TRANSFORM.v_login_activity .................. [[32mSUCCESS 1[0m in 0.63s]
[0m04:46:36.726137 [debug] [Thread-4 (]: On model.UPI_Fraud_Monitoring.sl_customer: /* {"app": "dbt", "dbt_version": "1.9.4", "profile_name": "default", "target_name": "dev", "node_id": "model.UPI_Fraud_Monitoring.sl_customer"} */
UPDATE UPI_FRAUD_MONITORING.TRANSFORM.sl_customer t
             SET t.IS_CURRENT = 'N',
                 t.UPDATED_DATE_TIME = CURRENT_TIMESTAMP(),
                 t.UPDATED_LOAD_ID = dup.LATEST_LOAD_ID
             FROM (
                 SELECT CUSTOMER_ID, MAX(CREATED_LOAD_ID) as LATEST_LOAD_ID
                 FROM UPI_FRAUD_MONITORING.TRANSFORM.sl_customer
                 WHERE IS_CURRENT = 'Y'
                 GROUP BY CUSTOMER_ID
                 HAVING COUNT(*) > 1
             ) dup
             WHERE t.CUSTOMER_ID = dup.CUSTOMER_ID
               AND t.IS_CURRENT = 'Y'
               AND t.CREATED_LOAD_ID < dup.LATEST_LOAD_ID
[0m04:46:36.727381 [debug] [Thread-2 (]: Finished running node model.UPI_Fraud_Monitoring.v_password_change
[0m04:46:36.728146 [debug] [Thread-3 (]: Finished running node model.UPI_Fraud_Monitoring.v_login_activity
[0m04:46:36.729382 [debug] [Thread-2 (]: Began running node model.UPI_Fraud_Monitoring.sl_collect_request
[0m04:46:36.730148 [debug] [Thread-3 (]: Began running node model.UPI_Fraud_Monitoring.v_watchlist
[0m04:46:36.731231 [info ] [Thread-2 (]: 21 of 30 START sql incremental model TRANSFORM.sl_collect_request .............. [RUN]
[0m04:46:36.732081 [info ] [Thread-3 (]: 22 of 30 START sql view model TRANSFORM.v_watchlist ............................ [RUN]
[0m04:46:36.732966 [debug] [Thread-2 (]: Re-using an available connection from the pool (formerly model.UPI_Fraud_Monitoring.v_password_change, now model.UPI_Fraud_Monitoring.sl_collect_request)
[0m04:46:36.733608 [debug] [Thread-3 (]: Re-using an available connection from the pool (formerly model.UPI_Fraud_Monitoring.v_login_activity, now model.UPI_Fraud_Monitoring.v_watchlist)
[0m04:46:36.734182 [debug] [Thread-2 (]: Began compiling node model.UPI_Fraud_Monitoring.sl_collect_request
[0m04:46:36.734714 [debug] [Thread-3 (]: Began compiling node model.UPI_Fraud_Monitoring.v_watchlist
[0m04:46:36.742764 [debug] [Thread-2 (]: Writing injected SQL for node "model.UPI_Fraud_Monitoring.sl_collect_request"
[0m04:46:36.750766 [debug] [Thread-3 (]: Using snowflake connection "model.UPI_Fraud_Monitoring.v_watchlist"
[0m04:46:36.751931 [debug] [Thread-3 (]: On model.UPI_Fraud_Monitoring.v_watchlist: /* {"app": "dbt", "dbt_version": "1.9.4", "profile_name": "default", "target_name": "dev", "node_id": "model.UPI_Fraud_Monitoring.v_watchlist"} */
describe table UPI_FRAUD_MONITORING.TRANSFORM.v_raw_watchlist
[0m04:46:36.752606 [debug] [Thread-2 (]: Began executing node model.UPI_Fraud_Monitoring.sl_collect_request
[0m04:46:36.753173 [debug] [Thread-3 (]: Opening a new connection, currently in state init
[0m04:46:36.766126 [debug] [Thread-2 (]: Using snowflake connection "model.UPI_Fraud_Monitoring.sl_collect_request"
[0m04:46:36.770371 [debug] [Thread-2 (]: On model.UPI_Fraud_Monitoring.sl_collect_request: /* {"app": "dbt", "dbt_version": "1.9.4", "profile_name": "default", "target_name": "dev", "node_id": "model.UPI_Fraud_Monitoring.sl_collect_request"} */
/* {"app": "dbt", "dbt_version": "1.9.4", "profile_name": "default", "target_name": "dev", "node_id": "model.UPI_Fraud_Monitoring.sl_collect_request"} */
select * from (
        

with source as (
    select
        cast(COLLECT_REQUEST_ID as VARCHAR(100)) as COLLECT_REQUEST_ID,
        cast(CUSTOMER_ID as VARCHAR(50)) as CUSTOMER_ID,
        cast(REQUEST_AMOUNT as NUMBER(18,2)) as REQUEST_AMOUNT,
        cast(REQUEST_TIME as TIMESTAMP) as REQUEST_TIME,
        cast(REQUEST_STATUS as VARCHAR(30)) as REQUEST_STATUS,
        extract(hour from cast(REQUEST_TIME as TIMESTAMP)) as REQUEST_HOUR,
        dayname(cast(REQUEST_TIME as TIMESTAMP)) as REQUEST_DAY_OF_WEEK,
        CASE
            WHEN cast(REQUEST_AMOUNT as NUMBER(18,2)) >= 100000 THEN 'HIGH'
            WHEN REQUEST_STATUS = 'FAILED' THEN 'MEDIUM'
            ELSE 'LOW'
        END as REQUEST_RISK_RATING,
        cast(CREATED_LOAD_ID as NUMBER) as CREATED_LOAD_ID,
        CREATED_DATE_TIME
    from UPI_FRAUD_MONITORING.TRANSFORM.v_collect_request
),

hashed as (
    select
        *,
        md5(
            coalesce(COLLECT_REQUEST_ID, '^') || '|' ||
            coalesce(CUSTOMER_ID, '^') || '|' ||
            coalesce(cast(REQUEST_AMOUNT as VARCHAR), '^') || '|' ||
            coalesce(cast(REQUEST_TIME as VARCHAR), '^') || '|' ||
            coalesce(REQUEST_STATUS, '^') || '|' ||
            coalesce(REQUEST_RISK_RATING, '^')
        ) as HASH_DIFF,
        'Y' as IS_CURRENT,
        NULL::TIMESTAMP_NTZ as UPDATED_DATE_TIME,
        NULL::NUMBER as UPDATED_LOAD_ID
    from source
)



    select * from hashed


    ) as __dbt_sbq
    where false
    limit 0
[0m04:46:36.771998 [debug] [Thread-2 (]: Opening a new connection, currently in state init
[0m04:46:36.995525 [debug] [Thread-4 (]: SQL status: SUCCESS 0 in 0.267 seconds
[0m04:46:36.998647 [info ] [Thread-4 (]: 13 of 30 OK created sql incremental model TRANSFORM.sl_customer ................ [[32mSUCCESS 1[0m in 1.81s]
[0m04:46:36.999533 [debug] [Thread-4 (]: Finished running node model.UPI_Fraud_Monitoring.sl_customer
[0m04:46:37.000240 [debug] [Thread-4 (]: Began running node model.UPI_Fraud_Monitoring.sl_account
[0m04:46:37.001114 [info ] [Thread-4 (]: 23 of 30 START sql incremental model TRANSFORM.sl_account ...................... [RUN]
[0m04:46:37.001822 [debug] [Thread-4 (]: Re-using an available connection from the pool (formerly model.UPI_Fraud_Monitoring.sl_customer, now model.UPI_Fraud_Monitoring.sl_account)
[0m04:46:37.002351 [debug] [Thread-4 (]: Began compiling node model.UPI_Fraud_Monitoring.sl_account
[0m04:46:37.010177 [debug] [Thread-4 (]: Writing injected SQL for node "model.UPI_Fraud_Monitoring.sl_account"
[0m04:46:37.011076 [debug] [Thread-4 (]: Began executing node model.UPI_Fraud_Monitoring.sl_account
[0m04:46:37.018925 [debug] [Thread-4 (]: Using snowflake connection "model.UPI_Fraud_Monitoring.sl_account"
[0m04:46:37.021180 [debug] [Thread-4 (]: On model.UPI_Fraud_Monitoring.sl_account: /* {"app": "dbt", "dbt_version": "1.9.4", "profile_name": "default", "target_name": "dev", "node_id": "model.UPI_Fraud_Monitoring.sl_account"} */
/* {"app": "dbt", "dbt_version": "1.9.4", "profile_name": "default", "target_name": "dev", "node_id": "model.UPI_Fraud_Monitoring.sl_account"} */
select * from (
        

with source as (
    select
        cast(ACCOUNT_ID as VARCHAR(50)) as ACCOUNT_ID,
        cast(CUSTOMER_ID as VARCHAR(50)) as CUSTOMER_ID,
        cast(ACCOUNT_TYPE as VARCHAR(30)) as ACCOUNT_TYPE,
        cast(ACCOUNT_STATUS as VARCHAR(30)) as ACCOUNT_STATUS,
        cast(CURRENT_BALANCE as NUMBER(18,2)) as CURRENT_BALANCE,
        cast(AVAILABLE_BALANCE as NUMBER(18,2)) as AVAILABLE_BALANCE,
        cast(OPEN_DATE as DATE) as OPEN_DATE,
        DATEDIFF(DAY, cast(OPEN_DATE as DATE), CURRENT_DATE) as ACCOUNT_AGE_DAYS,
        cast(CREATED_LOAD_ID as NUMBER) as CREATED_LOAD_ID,
        CREATED_DATE_TIME
    from UPI_FRAUD_MONITORING.TRANSFORM.v_account
),

enriched as (
    select
        ACCOUNT_ID,
        CUSTOMER_ID,
        ACCOUNT_TYPE,
        ACCOUNT_STATUS,
        CURRENT_BALANCE,
        AVAILABLE_BALANCE,
        OPEN_DATE,
        ACCOUNT_AGE_DAYS,
        CASE
            WHEN ACCOUNT_AGE_DAYS < 30 THEN 'HIGH'
            WHEN CURRENT_BALANCE > 1000000 THEN 'MEDIUM'
            ELSE 'LOW'
        END as ACCOUNT_RISK_RATING,
        CREATED_LOAD_ID,
        CREATED_DATE_TIME
    from source
),

hashed as (
    select
        *,
        md5(
            coalesce(ACCOUNT_ID, '^') || '|' ||
            coalesce(CUSTOMER_ID, '^') || '|' ||
            coalesce(ACCOUNT_TYPE, '^') || '|' ||
            coalesce(ACCOUNT_STATUS, '^') || '|' ||
            coalesce(cast(CURRENT_BALANCE as VARCHAR), '^') || '|' ||
            coalesce(cast(AVAILABLE_BALANCE as VARCHAR), '^') || '|' ||
            coalesce(cast(OPEN_DATE as VARCHAR), '^') || '|' ||
            coalesce(ACCOUNT_RISK_RATING, '^')
        ) as HASH_DIFF,
        'Y' as IS_CURRENT,
        NULL::TIMESTAMP_NTZ as UPDATED_DATE_TIME,
        NULL::NUMBER as UPDATED_LOAD_ID
    from enriched
)



    select * from hashed


    ) as __dbt_sbq
    where false
    limit 0
[0m04:46:37.022872 [debug] [Thread-4 (]: Opening a new connection, currently in state init
[0m04:46:37.094101 [debug] [Thread-5 (]: SQL status: SUCCESS 19 in 0.391 seconds
[0m04:46:37.098459 [debug] [Thread-5 (]: Writing injected SQL for node "model.UPI_Fraud_Monitoring.v_transaction"
[0m04:46:37.099306 [debug] [Thread-5 (]: Began executing node model.UPI_Fraud_Monitoring.v_transaction
[0m04:46:37.103998 [debug] [Thread-5 (]: Writing runtime sql for node "model.UPI_Fraud_Monitoring.v_transaction"
[0m04:46:37.107987 [debug] [Thread-5 (]: Using snowflake connection "model.UPI_Fraud_Monitoring.v_transaction"
[0m04:46:37.108950 [debug] [Thread-5 (]: On model.UPI_Fraud_Monitoring.v_transaction: /* {"app": "dbt", "dbt_version": "1.9.4", "profile_name": "default", "target_name": "dev", "node_id": "model.UPI_Fraud_Monitoring.v_transaction"} */
create or replace   view UPI_FRAUD_MONITORING.TRANSFORM.v_transaction
  
   as (
    

    
    

    
    

    
        

        
            
            
        
    
        

        
            
            
        
    
        

        
            
            
        
    
        

        
            
            
        
    
        

        
            
            
        
    
        

        
            
            
        
    
        

        
            
            
        
    
        

        
            
            
        
    
        

        
            
            
        
    
        

        
            
            
        
    
        

        
            
            
        
    
        

        
            
            
        
    
        

        
            
            
        
    
        

        
            
            
        
    
        

        
            
            
        
    
        

        
            
            
        
    
        

        
            
            
        
    
        

        
            
            
        
    
        

        
            
            
        
    

    with cleansed as (
        select distinct
            trim(TRANSACTION_ID) as TRANSACTION_ID,
            trim(UPI_REF_NO) as UPI_REF_NO,
            trim(CUSTOMER_ID) as CUSTOMER_ID,
            trim(ACCOUNT_ID) as ACCOUNT_ID,
            trim(PAYER_VPA) as PAYER_VPA,
            trim(PAYEE_VPA) as PAYEE_VPA,
            trim(BENEFICIARY_ID) as BENEFICIARY_ID,
            trim(MERCHANT_ID) as MERCHANT_ID,
            trim(TXN_DATETIME) as TXN_DATETIME,
            trim(TXN_AMOUNT) as TXN_AMOUNT,
            trim(TXN_TYPE) as TXN_TYPE,
            trim(TXN_STATUS) as TXN_STATUS,
            trim(CHANNEL) as CHANNEL,
            trim(DEVICE_ID) as DEVICE_ID,
            trim(IP_ADDRESS) as IP_ADDRESS,
            trim(LATITUDE) as LATITUDE,
            trim(LONGITUDE) as LONGITUDE,
            CREATED_DATE_TIME,
            cast(CREATED_LOAD_ID as number(38,0)) as CREATED_LOAD_ID,
            md5(coalesce(trim(TRANSACTION_ID), '^') || '|' || coalesce(trim(UPI_REF_NO), '^') || '|' || coalesce(trim(CUSTOMER_ID), '^') || '|' || coalesce(trim(ACCOUNT_ID), '^') || '|' || coalesce(trim(PAYER_VPA), '^') || '|' || coalesce(trim(PAYEE_VPA), '^') || '|' || coalesce(trim(BENEFICIARY_ID), '^') || '|' || coalesce(trim(MERCHANT_ID), '^') || '|' || coalesce(trim(TXN_DATETIME), '^') || '|' || coalesce(trim(TXN_AMOUNT), '^') || '|' || coalesce(trim(TXN_TYPE), '^') || '|' || coalesce(trim(TXN_STATUS), '^') || '|' || coalesce(trim(CHANNEL), '^') || '|' || coalesce(trim(DEVICE_ID), '^') || '|' || coalesce(trim(IP_ADDRESS), '^') || '|' || coalesce(trim(LATITUDE), '^') || '|' || coalesce(trim(LONGITUDE), '^') || '|' || coalesce(CREATED_DATE_TIME::string, '^') || '|' || coalesce(cast(CREATED_LOAD_ID as string), '^')) as hash_diff
        from UPI_FRAUD_MONITORING.TRANSFORM.v_raw_transaction
        where CREATED_LOAD_ID is not null
    )

    select *
    from cleansed
    where CREATED_LOAD_ID = (
        select max(CREATED_LOAD_ID)
        from cleansed
    )


  );
[0m04:46:37.132784 [debug] [Thread-3 (]: SQL status: SUCCESS 7 in 0.379 seconds
[0m04:46:37.135166 [debug] [Thread-3 (]: Writing injected SQL for node "model.UPI_Fraud_Monitoring.v_watchlist"
[0m04:46:37.136014 [debug] [Thread-3 (]: Began executing node model.UPI_Fraud_Monitoring.v_watchlist
[0m04:46:37.140737 [debug] [Thread-3 (]: Writing runtime sql for node "model.UPI_Fraud_Monitoring.v_watchlist"
[0m04:46:37.142976 [debug] [Thread-3 (]: Using snowflake connection "model.UPI_Fraud_Monitoring.v_watchlist"
[0m04:46:37.143676 [debug] [Thread-3 (]: On model.UPI_Fraud_Monitoring.v_watchlist: /* {"app": "dbt", "dbt_version": "1.9.4", "profile_name": "default", "target_name": "dev", "node_id": "model.UPI_Fraud_Monitoring.v_watchlist"} */
create or replace   view UPI_FRAUD_MONITORING.TRANSFORM.v_watchlist
  
   as (
    

    
    

    
    

    
        

        
            
            
        
    
        

        
            
            
        
    
        

        
            
            
        
    
        

        
            
            
        
    
        

        
            
            
        
    
        

        
            
            
        
    
        

        
            
            
        
    

    with cleansed as (
        select distinct
            trim(WATCHLIST_ID) as WATCHLIST_ID,
            trim(ENTITY_TYPE) as ENTITY_TYPE,
            trim(ENTITY_ID) as ENTITY_ID,
            trim(ENTITY_NAME) as ENTITY_NAME,
            trim(RISK_LEVEL) as RISK_LEVEL,
            CREATED_DATE_TIME,
            cast(CREATED_LOAD_ID as number(38,0)) as CREATED_LOAD_ID,
            md5(coalesce(trim(WATCHLIST_ID), '^') || '|' || coalesce(trim(ENTITY_TYPE), '^') || '|' || coalesce(trim(ENTITY_ID), '^') || '|' || coalesce(trim(ENTITY_NAME), '^') || '|' || coalesce(trim(RISK_LEVEL), '^') || '|' || coalesce(CREATED_DATE_TIME::string, '^') || '|' || coalesce(cast(CREATED_LOAD_ID as string), '^')) as hash_diff
        from UPI_FRAUD_MONITORING.TRANSFORM.v_raw_watchlist
        where CREATED_LOAD_ID is not null
    )

    select *
    from cleansed
    where CREATED_LOAD_ID = (
        select max(CREATED_LOAD_ID)
        from cleansed
    )


  );
[0m04:46:37.252228 [debug] [Thread-2 (]: SQL status: SUCCESS 0 in 0.480 seconds
[0m04:46:37.262460 [debug] [Thread-2 (]: Using snowflake connection "model.UPI_Fraud_Monitoring.sl_collect_request"
[0m04:46:37.263896 [debug] [Thread-2 (]: On model.UPI_Fraud_Monitoring.sl_collect_request: /* {"app": "dbt", "dbt_version": "1.9.4", "profile_name": "default", "target_name": "dev", "node_id": "model.UPI_Fraud_Monitoring.sl_collect_request"} */
/* {"app": "dbt", "dbt_version": "1.9.4", "profile_name": "default", "target_name": "dev", "node_id": "model.UPI_Fraud_Monitoring.sl_collect_request"} */
select * from (
        select
    
      
    cast(null as VARCHAR(100))
     as COLLECT_REQUEST_ID, 
      
    cast(null as VARCHAR(50))
     as CUSTOMER_ID, 
      
    cast(null as NUMBER(18,2))
     as REQUEST_AMOUNT, 
      
    cast(null as TIMESTAMP_NTZ)
     as REQUEST_TIME, 
      
    cast(null as VARCHAR(30))
     as REQUEST_STATUS, 
      
    cast(null as NUMBER(38,0))
     as REQUEST_HOUR, 
      
    cast(null as VARCHAR(20))
     as REQUEST_DAY_OF_WEEK, 
      
    cast(null as VARCHAR(20))
     as REQUEST_RISK_RATING, 
      
    cast(null as NUMBER(38,0))
     as CREATED_LOAD_ID, 
      
    cast(null as TIMESTAMP_NTZ)
     as CREATED_DATE_TIME, 
      
    cast(null as VARCHAR(2000))
     as HASH_DIFF, 
      
    cast(null as VARCHAR(10))
     as IS_CURRENT, 
      
    cast(null as TIMESTAMP_NTZ)
     as UPDATED_DATE_TIME, 
      
    cast(null as NUMBER(38,0))
     as UPDATED_LOAD_ID
    ) as __dbt_sbq
    where false
    limit 0
[0m04:46:37.335540 [debug] [Thread-2 (]: SQL status: SUCCESS 0 in 0.070 seconds
[0m04:46:37.339355 [debug] [Thread-2 (]: Writing runtime sql for node "model.UPI_Fraud_Monitoring.sl_collect_request"
[0m04:46:37.342832 [debug] [Thread-2 (]: Using snowflake connection "model.UPI_Fraud_Monitoring.sl_collect_request"
[0m04:46:37.343652 [debug] [Thread-2 (]: On model.UPI_Fraud_Monitoring.sl_collect_request: /* {"app": "dbt", "dbt_version": "1.9.4", "profile_name": "default", "target_name": "dev", "node_id": "model.UPI_Fraud_Monitoring.sl_collect_request"} */
create or replace transient table UPI_FRAUD_MONITORING.TRANSFORM.sl_collect_request
          
  (
    COLLECT_REQUEST_ID VARCHAR(100) not null,
    CUSTOMER_ID VARCHAR(50),
    REQUEST_AMOUNT NUMBER(18,2),
    REQUEST_TIME TIMESTAMP_NTZ,
    REQUEST_STATUS VARCHAR(30),
    REQUEST_HOUR NUMBER(38,0),
    REQUEST_DAY_OF_WEEK VARCHAR(20),
    REQUEST_RISK_RATING VARCHAR(20),
    CREATED_LOAD_ID NUMBER(38,0),
    CREATED_DATE_TIME TIMESTAMP_NTZ,
    HASH_DIFF VARCHAR(2000),
    IS_CURRENT VARCHAR(10),
    UPDATED_DATE_TIME TIMESTAMP_NTZ,
    UPDATED_LOAD_ID NUMBER(38,0)
    
    )

          
        
         as
        (
    select COLLECT_REQUEST_ID, CUSTOMER_ID, REQUEST_AMOUNT, REQUEST_TIME, REQUEST_STATUS, REQUEST_HOUR, REQUEST_DAY_OF_WEEK, REQUEST_RISK_RATING, CREATED_LOAD_ID, CREATED_DATE_TIME, HASH_DIFF, IS_CURRENT, UPDATED_DATE_TIME, UPDATED_LOAD_ID
    from (
        

with source as (
    select
        cast(COLLECT_REQUEST_ID as VARCHAR(100)) as COLLECT_REQUEST_ID,
        cast(CUSTOMER_ID as VARCHAR(50)) as CUSTOMER_ID,
        cast(REQUEST_AMOUNT as NUMBER(18,2)) as REQUEST_AMOUNT,
        cast(REQUEST_TIME as TIMESTAMP) as REQUEST_TIME,
        cast(REQUEST_STATUS as VARCHAR(30)) as REQUEST_STATUS,
        extract(hour from cast(REQUEST_TIME as TIMESTAMP)) as REQUEST_HOUR,
        dayname(cast(REQUEST_TIME as TIMESTAMP)) as REQUEST_DAY_OF_WEEK,
        CASE
            WHEN cast(REQUEST_AMOUNT as NUMBER(18,2)) >= 100000 THEN 'HIGH'
            WHEN REQUEST_STATUS = 'FAILED' THEN 'MEDIUM'
            ELSE 'LOW'
        END as REQUEST_RISK_RATING,
        cast(CREATED_LOAD_ID as NUMBER) as CREATED_LOAD_ID,
        CREATED_DATE_TIME
    from UPI_FRAUD_MONITORING.TRANSFORM.v_collect_request
),

hashed as (
    select
        *,
        md5(
            coalesce(COLLECT_REQUEST_ID, '^') || '|' ||
            coalesce(CUSTOMER_ID, '^') || '|' ||
            coalesce(cast(REQUEST_AMOUNT as VARCHAR), '^') || '|' ||
            coalesce(cast(REQUEST_TIME as VARCHAR), '^') || '|' ||
            coalesce(REQUEST_STATUS, '^') || '|' ||
            coalesce(REQUEST_RISK_RATING, '^')
        ) as HASH_DIFF,
        'Y' as IS_CURRENT,
        NULL::TIMESTAMP_NTZ as UPDATED_DATE_TIME,
        NULL::NUMBER as UPDATED_LOAD_ID
    from source
)



    select * from hashed


    ) as model_subq
        );
[0m04:46:37.347509 [debug] [Thread-5 (]: SQL status: SUCCESS 1 in 0.238 seconds
[0m04:46:37.350525 [info ] [Thread-5 (]: 20 of 30 OK created sql view model TRANSFORM.v_transaction ..................... [[32mSUCCESS 1[0m in 0.66s]
[0m04:46:37.351329 [debug] [Thread-5 (]: Finished running node model.UPI_Fraud_Monitoring.v_transaction
[0m04:46:37.351977 [debug] [Thread-5 (]: Began running node model.UPI_Fraud_Monitoring.sl_device
[0m04:46:37.353114 [info ] [Thread-5 (]: 24 of 30 START sql incremental model TRANSFORM.sl_device ....................... [RUN]
[0m04:46:37.353862 [debug] [Thread-5 (]: Re-using an available connection from the pool (formerly model.UPI_Fraud_Monitoring.v_transaction, now model.UPI_Fraud_Monitoring.sl_device)
[0m04:46:37.354400 [debug] [Thread-5 (]: Began compiling node model.UPI_Fraud_Monitoring.sl_device
[0m04:46:37.360760 [debug] [Thread-5 (]: Writing injected SQL for node "model.UPI_Fraud_Monitoring.sl_device"
[0m04:46:37.361655 [debug] [Thread-5 (]: Began executing node model.UPI_Fraud_Monitoring.sl_device
[0m04:46:37.369191 [debug] [Thread-5 (]: Using snowflake connection "model.UPI_Fraud_Monitoring.sl_device"
[0m04:46:37.370665 [debug] [Thread-5 (]: On model.UPI_Fraud_Monitoring.sl_device: /* {"app": "dbt", "dbt_version": "1.9.4", "profile_name": "default", "target_name": "dev", "node_id": "model.UPI_Fraud_Monitoring.sl_device"} */
/* {"app": "dbt", "dbt_version": "1.9.4", "profile_name": "default", "target_name": "dev", "node_id": "model.UPI_Fraud_Monitoring.sl_device"} */
select * from (
        

with source as (
    select
        cast(DEVICE_ID as VARCHAR(100)) as DEVICE_ID,
        cast(CUSTOMER_ID as VARCHAR(50)) as CUSTOMER_ID,
        cast(DEVICE_FINGERPRINT as VARCHAR(500)) as DEVICE_FINGERPRINT,
        cast(DEVICE_OS as VARCHAR(50)) as DEVICE_OS,
        cast(TRUSTED_FLAG as VARCHAR(1)) as TRUSTED_FLAG,
        DATEDIFF(DAY, cast(DEVICE_REGISTRATION_DATE as DATE), CURRENT_DATE) as DEVICE_AGE_DAYS,
        OS_VERSION,
        cast(CREATED_LOAD_ID as NUMBER) as CREATED_LOAD_ID,
        CREATED_DATE_TIME
    from UPI_FRAUD_MONITORING.TRANSFORM.v_device_registry
),

enriched as (
    select
        DEVICE_ID,
        CUSTOMER_ID,
        DEVICE_FINGERPRINT,
        DEVICE_OS,
        TRUSTED_FLAG,
        DEVICE_AGE_DAYS,
        (CASE WHEN TRUSTED_FLAG = 'N' THEN 40 ELSE 0 END)
        + (CASE WHEN DEVICE_AGE_DAYS < 30 THEN 30 ELSE 0 END)
        + (CASE WHEN OS_VERSION < 'Android 10' THEN 20 ELSE 0 END) as DEVICE_RISK_SCORE,
        CREATED_LOAD_ID,
        CREATED_DATE_TIME
    from source
),

hashed as (
    select
        DEVICE_ID, CUSTOMER_ID, DEVICE_FINGERPRINT, DEVICE_OS, TRUSTED_FLAG,
        DEVICE_AGE_DAYS, DEVICE_RISK_SCORE,
        md5(
            coalesce(DEVICE_ID, '^') || '|' ||
            coalesce(CUSTOMER_ID, '^') || '|' ||
            coalesce(DEVICE_FINGERPRINT, '^') || '|' ||
            coalesce(DEVICE_OS, '^') || '|' ||
            coalesce(TRUSTED_FLAG, '^') || '|' ||
            coalesce(cast(DEVICE_RISK_SCORE as VARCHAR), '^')
        ) as HASH_DIFF,
        'Y' as IS_CURRENT,
        CREATED_LOAD_ID,
        CREATED_DATE_TIME,
        NULL::TIMESTAMP_NTZ as UPDATED_DATE_TIME,
        NULL::NUMBER as UPDATED_LOAD_ID
    from enriched
)



    select * from hashed


    ) as __dbt_sbq
    where false
    limit 0
[0m04:46:37.372604 [debug] [Thread-5 (]: Opening a new connection, currently in state init
[0m04:46:37.373890 [debug] [Thread-3 (]: SQL status: SUCCESS 1 in 0.230 seconds
[0m04:46:37.377229 [info ] [Thread-3 (]: 22 of 30 OK created sql view model TRANSFORM.v_watchlist ....................... [[32mSUCCESS 1[0m in 0.64s]
[0m04:46:37.378054 [debug] [Thread-3 (]: Finished running node model.UPI_Fraud_Monitoring.v_watchlist
[0m04:46:37.378704 [debug] [Thread-3 (]: Began running node model.UPI_Fraud_Monitoring.sl_merchant
[0m04:46:37.379797 [info ] [Thread-3 (]: 25 of 30 START sql incremental model TRANSFORM.sl_merchant ..................... [RUN]
[0m04:46:37.380629 [debug] [Thread-3 (]: Re-using an available connection from the pool (formerly model.UPI_Fraud_Monitoring.v_watchlist, now model.UPI_Fraud_Monitoring.sl_merchant)
[0m04:46:37.381183 [debug] [Thread-3 (]: Began compiling node model.UPI_Fraud_Monitoring.sl_merchant
[0m04:46:37.387236 [debug] [Thread-3 (]: Writing injected SQL for node "model.UPI_Fraud_Monitoring.sl_merchant"
[0m04:46:37.388129 [debug] [Thread-3 (]: Began executing node model.UPI_Fraud_Monitoring.sl_merchant
[0m04:46:37.397115 [debug] [Thread-3 (]: Using snowflake connection "model.UPI_Fraud_Monitoring.sl_merchant"
[0m04:46:37.399381 [debug] [Thread-3 (]: On model.UPI_Fraud_Monitoring.sl_merchant: /* {"app": "dbt", "dbt_version": "1.9.4", "profile_name": "default", "target_name": "dev", "node_id": "model.UPI_Fraud_Monitoring.sl_merchant"} */
/* {"app": "dbt", "dbt_version": "1.9.4", "profile_name": "default", "target_name": "dev", "node_id": "model.UPI_Fraud_Monitoring.sl_merchant"} */
select * from (
        

with source as (
    select
        cast(MERCHANT_ID as VARCHAR(100)) as MERCHANT_ID,
        cast(MERCHANT_NAME as VARCHAR(255)) as MERCHANT_NAME,
        cast(MERCHANT_CATEGORY as VARCHAR(100)) as MERCHANT_CATEGORY,
        cast(MERCHANT_STATUS as VARCHAR(50)) as MERCHANT_STATUS,
        CASE
            WHEN MERCHANT_CATEGORY = 'Grocery' THEN '5411'
            WHEN MERCHANT_CATEGORY = 'Fuel' THEN '5541'
            WHEN MERCHANT_CATEGORY = 'Retail' THEN '6000'
            ELSE '9999'
        END as MCC_CODE,
        cast(CREATED_LOAD_ID as NUMBER) as CREATED_LOAD_ID,
        CREATED_DATE_TIME
    from UPI_FRAUD_MONITORING.TRANSFORM.v_merchant
),

enriched as (
    select
        MERCHANT_ID, MERCHANT_NAME, MERCHANT_CATEGORY,
        cast(MCC_CODE as VARCHAR(20)) as MCC_CODE,
        MERCHANT_STATUS,
        CASE
            WHEN MCC_CODE IN ('5411', '5541', '5812') THEN 'LOW'
            WHEN MCC_CODE IN ('6000') THEN 'MEDIUM'
            ELSE 'HIGH_RISK'
        END as RISK_RATING,
        CREATED_LOAD_ID, CREATED_DATE_TIME
    from source
),

hashed as (
    select
        *,
        md5(
            coalesce(MERCHANT_ID, '^') || '|' ||
            coalesce(MERCHANT_NAME, '^') || '|' ||
            coalesce(MERCHANT_CATEGORY, '^') || '|' ||
            coalesce(MCC_CODE, '^') || '|' ||
            coalesce(MERCHANT_STATUS, '^') || '|' ||
            coalesce(RISK_RATING, '^')
        ) as HASH_DIFF,
        'Y' as IS_CURRENT,
        NULL::TIMESTAMP_NTZ as UPDATED_DATE_TIME,
        NULL::NUMBER as UPDATED_LOAD_ID
    from enriched
)



    select * from hashed


    ) as __dbt_sbq
    where false
    limit 0
[0m04:46:37.401585 [debug] [Thread-3 (]: Opening a new connection, currently in state init
[0m04:46:37.551300 [debug] [Thread-4 (]: SQL status: SUCCESS 0 in 0.529 seconds
[0m04:46:37.560881 [debug] [Thread-4 (]: Using snowflake connection "model.UPI_Fraud_Monitoring.sl_account"
[0m04:46:37.562205 [debug] [Thread-4 (]: On model.UPI_Fraud_Monitoring.sl_account: /* {"app": "dbt", "dbt_version": "1.9.4", "profile_name": "default", "target_name": "dev", "node_id": "model.UPI_Fraud_Monitoring.sl_account"} */
/* {"app": "dbt", "dbt_version": "1.9.4", "profile_name": "default", "target_name": "dev", "node_id": "model.UPI_Fraud_Monitoring.sl_account"} */
select * from (
        select
    
      
    cast(null as VARCHAR(50))
     as ACCOUNT_ID, 
      
    cast(null as VARCHAR(50))
     as CUSTOMER_ID, 
      
    cast(null as VARCHAR(30))
     as ACCOUNT_TYPE, 
      
    cast(null as VARCHAR(30))
     as ACCOUNT_STATUS, 
      
    cast(null as NUMBER(18,2))
     as CURRENT_BALANCE, 
      
    cast(null as NUMBER(18,2))
     as AVAILABLE_BALANCE, 
      
    cast(null as DATE)
     as OPEN_DATE, 
      
    cast(null as NUMBER(38,0))
     as ACCOUNT_AGE_DAYS, 
      
    cast(null as VARCHAR(20))
     as ACCOUNT_RISK_RATING, 
      
    cast(null as NUMBER(38,0))
     as CREATED_LOAD_ID, 
      
    cast(null as TIMESTAMP_NTZ)
     as CREATED_DATE_TIME, 
      
    cast(null as VARCHAR(2000))
     as HASH_DIFF, 
      
    cast(null as VARCHAR(10))
     as IS_CURRENT, 
      
    cast(null as TIMESTAMP_NTZ)
     as UPDATED_DATE_TIME, 
      
    cast(null as NUMBER(38,0))
     as UPDATED_LOAD_ID
    ) as __dbt_sbq
    where false
    limit 0
[0m04:46:37.622716 [debug] [Thread-4 (]: SQL status: SUCCESS 0 in 0.059 seconds
[0m04:46:37.626635 [debug] [Thread-4 (]: Writing runtime sql for node "model.UPI_Fraud_Monitoring.sl_account"
[0m04:46:37.630349 [debug] [Thread-4 (]: Using snowflake connection "model.UPI_Fraud_Monitoring.sl_account"
[0m04:46:37.632201 [debug] [Thread-4 (]: On model.UPI_Fraud_Monitoring.sl_account: /* {"app": "dbt", "dbt_version": "1.9.4", "profile_name": "default", "target_name": "dev", "node_id": "model.UPI_Fraud_Monitoring.sl_account"} */
create or replace transient table UPI_FRAUD_MONITORING.TRANSFORM.sl_account
          
  (
    ACCOUNT_ID VARCHAR(50) not null,
    CUSTOMER_ID VARCHAR(50),
    ACCOUNT_TYPE VARCHAR(30),
    ACCOUNT_STATUS VARCHAR(30),
    CURRENT_BALANCE NUMBER(18,2),
    AVAILABLE_BALANCE NUMBER(18,2),
    OPEN_DATE DATE,
    ACCOUNT_AGE_DAYS NUMBER(38,0),
    ACCOUNT_RISK_RATING VARCHAR(20),
    CREATED_LOAD_ID NUMBER(38,0),
    CREATED_DATE_TIME TIMESTAMP_NTZ,
    HASH_DIFF VARCHAR(2000),
    IS_CURRENT VARCHAR(10),
    UPDATED_DATE_TIME TIMESTAMP_NTZ,
    UPDATED_LOAD_ID NUMBER(38,0)
    
    )

          
        
         as
        (
    select ACCOUNT_ID, CUSTOMER_ID, ACCOUNT_TYPE, ACCOUNT_STATUS, CURRENT_BALANCE, AVAILABLE_BALANCE, OPEN_DATE, ACCOUNT_AGE_DAYS, ACCOUNT_RISK_RATING, CREATED_LOAD_ID, CREATED_DATE_TIME, HASH_DIFF, IS_CURRENT, UPDATED_DATE_TIME, UPDATED_LOAD_ID
    from (
        

with source as (
    select
        cast(ACCOUNT_ID as VARCHAR(50)) as ACCOUNT_ID,
        cast(CUSTOMER_ID as VARCHAR(50)) as CUSTOMER_ID,
        cast(ACCOUNT_TYPE as VARCHAR(30)) as ACCOUNT_TYPE,
        cast(ACCOUNT_STATUS as VARCHAR(30)) as ACCOUNT_STATUS,
        cast(CURRENT_BALANCE as NUMBER(18,2)) as CURRENT_BALANCE,
        cast(AVAILABLE_BALANCE as NUMBER(18,2)) as AVAILABLE_BALANCE,
        cast(OPEN_DATE as DATE) as OPEN_DATE,
        DATEDIFF(DAY, cast(OPEN_DATE as DATE), CURRENT_DATE) as ACCOUNT_AGE_DAYS,
        cast(CREATED_LOAD_ID as NUMBER) as CREATED_LOAD_ID,
        CREATED_DATE_TIME
    from UPI_FRAUD_MONITORING.TRANSFORM.v_account
),

enriched as (
    select
        ACCOUNT_ID,
        CUSTOMER_ID,
        ACCOUNT_TYPE,
        ACCOUNT_STATUS,
        CURRENT_BALANCE,
        AVAILABLE_BALANCE,
        OPEN_DATE,
        ACCOUNT_AGE_DAYS,
        CASE
            WHEN ACCOUNT_AGE_DAYS < 30 THEN 'HIGH'
            WHEN CURRENT_BALANCE > 1000000 THEN 'MEDIUM'
            ELSE 'LOW'
        END as ACCOUNT_RISK_RATING,
        CREATED_LOAD_ID,
        CREATED_DATE_TIME
    from source
),

hashed as (
    select
        *,
        md5(
            coalesce(ACCOUNT_ID, '^') || '|' ||
            coalesce(CUSTOMER_ID, '^') || '|' ||
            coalesce(ACCOUNT_TYPE, '^') || '|' ||
            coalesce(ACCOUNT_STATUS, '^') || '|' ||
            coalesce(cast(CURRENT_BALANCE as VARCHAR), '^') || '|' ||
            coalesce(cast(AVAILABLE_BALANCE as VARCHAR), '^') || '|' ||
            coalesce(cast(OPEN_DATE as VARCHAR), '^') || '|' ||
            coalesce(ACCOUNT_RISK_RATING, '^')
        ) as HASH_DIFF,
        'Y' as IS_CURRENT,
        NULL::TIMESTAMP_NTZ as UPDATED_DATE_TIME,
        NULL::NUMBER as UPDATED_LOAD_ID
    from enriched
)



    select * from hashed


    ) as model_subq
        );
[0m04:46:37.871790 [debug] [Thread-3 (]: SQL status: SUCCESS 0 in 0.470 seconds
[0m04:46:37.880464 [debug] [Thread-3 (]: Using snowflake connection "model.UPI_Fraud_Monitoring.sl_merchant"
[0m04:46:37.882476 [debug] [Thread-5 (]: SQL status: SUCCESS 0 in 0.510 seconds
[0m04:46:37.883891 [debug] [Thread-3 (]: On model.UPI_Fraud_Monitoring.sl_merchant: /* {"app": "dbt", "dbt_version": "1.9.4", "profile_name": "default", "target_name": "dev", "node_id": "model.UPI_Fraud_Monitoring.sl_merchant"} */
/* {"app": "dbt", "dbt_version": "1.9.4", "profile_name": "default", "target_name": "dev", "node_id": "model.UPI_Fraud_Monitoring.sl_merchant"} */
select * from (
        select
    
      
    cast(null as VARCHAR(100))
     as MERCHANT_ID, 
      
    cast(null as VARCHAR(255))
     as MERCHANT_NAME, 
      
    cast(null as VARCHAR(100))
     as MERCHANT_CATEGORY, 
      
    cast(null as VARCHAR(20))
     as MCC_CODE, 
      
    cast(null as VARCHAR(50))
     as MERCHANT_STATUS, 
      
    cast(null as VARCHAR(20))
     as RISK_RATING, 
      
    cast(null as NUMBER(38,0))
     as CREATED_LOAD_ID, 
      
    cast(null as TIMESTAMP_NTZ)
     as CREATED_DATE_TIME, 
      
    cast(null as VARCHAR(2000))
     as HASH_DIFF, 
      
    cast(null as VARCHAR(10))
     as IS_CURRENT, 
      
    cast(null as TIMESTAMP_NTZ)
     as UPDATED_DATE_TIME, 
      
    cast(null as NUMBER(38,0))
     as UPDATED_LOAD_ID
    ) as __dbt_sbq
    where false
    limit 0
[0m04:46:37.892485 [debug] [Thread-5 (]: Using snowflake connection "model.UPI_Fraud_Monitoring.sl_device"
[0m04:46:37.894535 [debug] [Thread-5 (]: On model.UPI_Fraud_Monitoring.sl_device: /* {"app": "dbt", "dbt_version": "1.9.4", "profile_name": "default", "target_name": "dev", "node_id": "model.UPI_Fraud_Monitoring.sl_device"} */
/* {"app": "dbt", "dbt_version": "1.9.4", "profile_name": "default", "target_name": "dev", "node_id": "model.UPI_Fraud_Monitoring.sl_device"} */
select * from (
        select
    
      
    cast(null as VARCHAR(100))
     as DEVICE_ID, 
      
    cast(null as VARCHAR(50))
     as CUSTOMER_ID, 
      
    cast(null as VARCHAR(500))
     as DEVICE_FINGERPRINT, 
      
    cast(null as VARCHAR(50))
     as DEVICE_OS, 
      
    cast(null as VARCHAR(1))
     as TRUSTED_FLAG, 
      
    cast(null as NUMBER(38,0))
     as DEVICE_AGE_DAYS, 
      
    cast(null as NUMBER(38,0))
     as DEVICE_RISK_SCORE, 
      
    cast(null as VARCHAR(2000))
     as HASH_DIFF, 
      
    cast(null as VARCHAR(10))
     as IS_CURRENT, 
      
    cast(null as NUMBER(38,0))
     as CREATED_LOAD_ID, 
      
    cast(null as TIMESTAMP_NTZ)
     as CREATED_DATE_TIME, 
      
    cast(null as TIMESTAMP_NTZ)
     as UPDATED_DATE_TIME, 
      
    cast(null as NUMBER(38,0))
     as UPDATED_LOAD_ID
    ) as __dbt_sbq
    where false
    limit 0
[0m04:46:37.931031 [debug] [Thread-2 (]: SQL status: SUCCESS 1 in 0.587 seconds
[0m04:46:37.936725 [debug] [Thread-2 (]: Applying DROP to: UPI_FRAUD_MONITORING.TRANSFORM.sl_collect_request__dbt_tmp
[0m04:46:37.938175 [debug] [Thread-2 (]: Using snowflake connection "model.UPI_Fraud_Monitoring.sl_collect_request"
[0m04:46:37.938787 [debug] [Thread-2 (]: On model.UPI_Fraud_Monitoring.sl_collect_request: /* {"app": "dbt", "dbt_version": "1.9.4", "profile_name": "default", "target_name": "dev", "node_id": "model.UPI_Fraud_Monitoring.sl_collect_request"} */
drop view if exists UPI_FRAUD_MONITORING.TRANSFORM.sl_collect_request__dbt_tmp cascade
[0m04:46:37.957051 [debug] [Thread-3 (]: SQL status: SUCCESS 0 in 0.063 seconds
[0m04:46:37.958818 [debug] [Thread-5 (]: SQL status: SUCCESS 0 in 0.063 seconds
[0m04:46:37.962018 [debug] [Thread-3 (]: Writing runtime sql for node "model.UPI_Fraud_Monitoring.sl_merchant"
[0m04:46:37.965137 [debug] [Thread-5 (]: Writing runtime sql for node "model.UPI_Fraud_Monitoring.sl_device"
[0m04:46:37.968738 [debug] [Thread-3 (]: Using snowflake connection "model.UPI_Fraud_Monitoring.sl_merchant"
[0m04:46:37.969600 [debug] [Thread-3 (]: On model.UPI_Fraud_Monitoring.sl_merchant: /* {"app": "dbt", "dbt_version": "1.9.4", "profile_name": "default", "target_name": "dev", "node_id": "model.UPI_Fraud_Monitoring.sl_merchant"} */
create or replace transient table UPI_FRAUD_MONITORING.TRANSFORM.sl_merchant
          
  (
    MERCHANT_ID VARCHAR(100) not null,
    MERCHANT_NAME VARCHAR(255),
    MERCHANT_CATEGORY VARCHAR(100),
    MCC_CODE VARCHAR(20),
    MERCHANT_STATUS VARCHAR(50),
    RISK_RATING VARCHAR(20),
    CREATED_LOAD_ID NUMBER(38,0),
    CREATED_DATE_TIME TIMESTAMP_NTZ,
    HASH_DIFF VARCHAR(2000),
    IS_CURRENT VARCHAR(10),
    UPDATED_DATE_TIME TIMESTAMP_NTZ,
    UPDATED_LOAD_ID NUMBER(38,0)
    
    )

          
        
         as
        (
    select MERCHANT_ID, MERCHANT_NAME, MERCHANT_CATEGORY, MCC_CODE, MERCHANT_STATUS, RISK_RATING, CREATED_LOAD_ID, CREATED_DATE_TIME, HASH_DIFF, IS_CURRENT, UPDATED_DATE_TIME, UPDATED_LOAD_ID
    from (
        

with source as (
    select
        cast(MERCHANT_ID as VARCHAR(100)) as MERCHANT_ID,
        cast(MERCHANT_NAME as VARCHAR(255)) as MERCHANT_NAME,
        cast(MERCHANT_CATEGORY as VARCHAR(100)) as MERCHANT_CATEGORY,
        cast(MERCHANT_STATUS as VARCHAR(50)) as MERCHANT_STATUS,
        CASE
            WHEN MERCHANT_CATEGORY = 'Grocery' THEN '5411'
            WHEN MERCHANT_CATEGORY = 'Fuel' THEN '5541'
            WHEN MERCHANT_CATEGORY = 'Retail' THEN '6000'
            ELSE '9999'
        END as MCC_CODE,
        cast(CREATED_LOAD_ID as NUMBER) as CREATED_LOAD_ID,
        CREATED_DATE_TIME
    from UPI_FRAUD_MONITORING.TRANSFORM.v_merchant
),

enriched as (
    select
        MERCHANT_ID, MERCHANT_NAME, MERCHANT_CATEGORY,
        cast(MCC_CODE as VARCHAR(20)) as MCC_CODE,
        MERCHANT_STATUS,
        CASE
            WHEN MCC_CODE IN ('5411', '5541', '5812') THEN 'LOW'
            WHEN MCC_CODE IN ('6000') THEN 'MEDIUM'
            ELSE 'HIGH_RISK'
        END as RISK_RATING,
        CREATED_LOAD_ID, CREATED_DATE_TIME
    from source
),

hashed as (
    select
        *,
        md5(
            coalesce(MERCHANT_ID, '^') || '|' ||
            coalesce(MERCHANT_NAME, '^') || '|' ||
            coalesce(MERCHANT_CATEGORY, '^') || '|' ||
            coalesce(MCC_CODE, '^') || '|' ||
            coalesce(MERCHANT_STATUS, '^') || '|' ||
            coalesce(RISK_RATING, '^')
        ) as HASH_DIFF,
        'Y' as IS_CURRENT,
        NULL::TIMESTAMP_NTZ as UPDATED_DATE_TIME,
        NULL::NUMBER as UPDATED_LOAD_ID
    from enriched
)



    select * from hashed


    ) as model_subq
        );
[0m04:46:37.972972 [debug] [Thread-5 (]: Using snowflake connection "model.UPI_Fraud_Monitoring.sl_device"
[0m04:46:37.974132 [debug] [Thread-5 (]: On model.UPI_Fraud_Monitoring.sl_device: /* {"app": "dbt", "dbt_version": "1.9.4", "profile_name": "default", "target_name": "dev", "node_id": "model.UPI_Fraud_Monitoring.sl_device"} */
create or replace transient table UPI_FRAUD_MONITORING.TRANSFORM.sl_device
          
  (
    DEVICE_ID VARCHAR(100) not null,
    CUSTOMER_ID VARCHAR(50),
    DEVICE_FINGERPRINT VARCHAR(500),
    DEVICE_OS VARCHAR(50),
    TRUSTED_FLAG VARCHAR(1),
    DEVICE_AGE_DAYS NUMBER(38,0),
    DEVICE_RISK_SCORE NUMBER(38,0),
    HASH_DIFF VARCHAR(2000),
    IS_CURRENT VARCHAR(10),
    CREATED_LOAD_ID NUMBER(38,0),
    CREATED_DATE_TIME TIMESTAMP_NTZ,
    UPDATED_DATE_TIME TIMESTAMP_NTZ,
    UPDATED_LOAD_ID NUMBER(38,0)
    
    )

          
        
         as
        (
    select DEVICE_ID, CUSTOMER_ID, DEVICE_FINGERPRINT, DEVICE_OS, TRUSTED_FLAG, DEVICE_AGE_DAYS, DEVICE_RISK_SCORE, HASH_DIFF, IS_CURRENT, CREATED_LOAD_ID, CREATED_DATE_TIME, UPDATED_DATE_TIME, UPDATED_LOAD_ID
    from (
        

with source as (
    select
        cast(DEVICE_ID as VARCHAR(100)) as DEVICE_ID,
        cast(CUSTOMER_ID as VARCHAR(50)) as CUSTOMER_ID,
        cast(DEVICE_FINGERPRINT as VARCHAR(500)) as DEVICE_FINGERPRINT,
        cast(DEVICE_OS as VARCHAR(50)) as DEVICE_OS,
        cast(TRUSTED_FLAG as VARCHAR(1)) as TRUSTED_FLAG,
        DATEDIFF(DAY, cast(DEVICE_REGISTRATION_DATE as DATE), CURRENT_DATE) as DEVICE_AGE_DAYS,
        OS_VERSION,
        cast(CREATED_LOAD_ID as NUMBER) as CREATED_LOAD_ID,
        CREATED_DATE_TIME
    from UPI_FRAUD_MONITORING.TRANSFORM.v_device_registry
),

enriched as (
    select
        DEVICE_ID,
        CUSTOMER_ID,
        DEVICE_FINGERPRINT,
        DEVICE_OS,
        TRUSTED_FLAG,
        DEVICE_AGE_DAYS,
        (CASE WHEN TRUSTED_FLAG = 'N' THEN 40 ELSE 0 END)
        + (CASE WHEN DEVICE_AGE_DAYS < 30 THEN 30 ELSE 0 END)
        + (CASE WHEN OS_VERSION < 'Android 10' THEN 20 ELSE 0 END) as DEVICE_RISK_SCORE,
        CREATED_LOAD_ID,
        CREATED_DATE_TIME
    from source
),

hashed as (
    select
        DEVICE_ID, CUSTOMER_ID, DEVICE_FINGERPRINT, DEVICE_OS, TRUSTED_FLAG,
        DEVICE_AGE_DAYS, DEVICE_RISK_SCORE,
        md5(
            coalesce(DEVICE_ID, '^') || '|' ||
            coalesce(CUSTOMER_ID, '^') || '|' ||
            coalesce(DEVICE_FINGERPRINT, '^') || '|' ||
            coalesce(DEVICE_OS, '^') || '|' ||
            coalesce(TRUSTED_FLAG, '^') || '|' ||
            coalesce(cast(DEVICE_RISK_SCORE as VARCHAR), '^')
        ) as HASH_DIFF,
        'Y' as IS_CURRENT,
        CREATED_LOAD_ID,
        CREATED_DATE_TIME,
        NULL::TIMESTAMP_NTZ as UPDATED_DATE_TIME,
        NULL::NUMBER as UPDATED_LOAD_ID
    from enriched
)



    select * from hashed


    ) as model_subq
        );
[0m04:46:38.008077 [debug] [Thread-2 (]: SQL status: SUCCESS 1 in 0.069 seconds
[0m04:46:38.011364 [debug] [Thread-2 (]: Using snowflake connection "model.UPI_Fraud_Monitoring.sl_collect_request"
[0m04:46:38.012064 [debug] [Thread-2 (]: On model.UPI_Fraud_Monitoring.sl_collect_request: /* {"app": "dbt", "dbt_version": "1.9.4", "profile_name": "default", "target_name": "dev", "node_id": "model.UPI_Fraud_Monitoring.sl_collect_request"} */
UPDATE UPI_FRAUD_MONITORING.TRANSFORM.sl_collect_request t
             SET t.IS_CURRENT = 'N',
                 t.UPDATED_DATE_TIME = CURRENT_TIMESTAMP(),
                 t.UPDATED_LOAD_ID = dup.LATEST_LOAD_ID
             FROM (
                 SELECT COLLECT_REQUEST_ID, MAX(CREATED_LOAD_ID) as LATEST_LOAD_ID
                 FROM UPI_FRAUD_MONITORING.TRANSFORM.sl_collect_request
                 WHERE IS_CURRENT = 'Y'
                 GROUP BY COLLECT_REQUEST_ID
                 HAVING COUNT(*) > 1
             ) dup
             WHERE t.COLLECT_REQUEST_ID = dup.COLLECT_REQUEST_ID
               AND t.IS_CURRENT = 'Y'
               AND t.CREATED_LOAD_ID < dup.LATEST_LOAD_ID
[0m04:46:38.336802 [debug] [Thread-2 (]: SQL status: SUCCESS 0 in 0.324 seconds
[0m04:46:38.339788 [info ] [Thread-2 (]: 21 of 30 OK created sql incremental model TRANSFORM.sl_collect_request ......... [[32mSUCCESS 1[0m in 1.61s]
[0m04:46:38.340739 [debug] [Thread-2 (]: Finished running node model.UPI_Fraud_Monitoring.sl_collect_request
[0m04:46:38.341412 [debug] [Thread-2 (]: Began running node model.UPI_Fraud_Monitoring.sl_login_activity
[0m04:46:38.342179 [info ] [Thread-2 (]: 26 of 30 START sql incremental model TRANSFORM.sl_login_activity ............... [RUN]
[0m04:46:38.342865 [debug] [Thread-2 (]: Re-using an available connection from the pool (formerly model.UPI_Fraud_Monitoring.sl_collect_request, now model.UPI_Fraud_Monitoring.sl_login_activity)
[0m04:46:38.343391 [debug] [Thread-2 (]: Began compiling node model.UPI_Fraud_Monitoring.sl_login_activity
[0m04:46:38.350120 [debug] [Thread-2 (]: Writing injected SQL for node "model.UPI_Fraud_Monitoring.sl_login_activity"
[0m04:46:38.351020 [debug] [Thread-4 (]: SQL status: SUCCESS 1 in 0.718 seconds
[0m04:46:38.357955 [debug] [Thread-2 (]: Began executing node model.UPI_Fraud_Monitoring.sl_login_activity
[0m04:46:38.358779 [debug] [Thread-4 (]: Applying DROP to: UPI_FRAUD_MONITORING.TRANSFORM.sl_account__dbt_tmp
[0m04:46:38.366251 [debug] [Thread-2 (]: Using snowflake connection "model.UPI_Fraud_Monitoring.sl_login_activity"
[0m04:46:38.368125 [debug] [Thread-4 (]: Using snowflake connection "model.UPI_Fraud_Monitoring.sl_account"
[0m04:46:38.369396 [debug] [Thread-2 (]: On model.UPI_Fraud_Monitoring.sl_login_activity: /* {"app": "dbt", "dbt_version": "1.9.4", "profile_name": "default", "target_name": "dev", "node_id": "model.UPI_Fraud_Monitoring.sl_login_activity"} */
/* {"app": "dbt", "dbt_version": "1.9.4", "profile_name": "default", "target_name": "dev", "node_id": "model.UPI_Fraud_Monitoring.sl_login_activity"} */
select * from (
        

with source as (
    select
        cast(LOGIN_ID as VARCHAR(100)) as LOGIN_ID,
        cast(CUSTOMER_ID as VARCHAR(50)) as CUSTOMER_ID,
        cast(DEVICE_ID as VARCHAR(100)) as DEVICE_ID,
        cast(LOGIN_TIME as TIMESTAMP) as LOGIN_TIME,
        cast(LOGIN_STATUS as VARCHAR(30)) as LOGIN_STATUS,
        cast(COUNTRY as VARCHAR(100)) as COUNTRY,
        cast(STATE as VARCHAR(100)) as STATE,
        cast(CITY as VARCHAR(100)) as CITY,
        cast(IP_ADDRESS as VARCHAR(100)) as IP_ADDRESS,
        cast(CREATED_LOAD_ID as NUMBER) as CREATED_LOAD_ID,
        CREATED_DATE_TIME
    from UPI_FRAUD_MONITORING.TRANSFORM.v_login_activity
),

hashed as (
    select
        *,
        md5(
            coalesce(LOGIN_ID, '^') || '|' ||
            coalesce(CUSTOMER_ID, '^') || '|' ||
            coalesce(DEVICE_ID, '^') || '|' ||
            coalesce(cast(LOGIN_TIME as VARCHAR), '^') || '|' ||
            coalesce(LOGIN_STATUS, '^') || '|' ||
            coalesce(COUNTRY, '^') || '|' ||
            coalesce(STATE, '^') || '|' ||
            coalesce(CITY, '^') || '|' ||
            coalesce(IP_ADDRESS, '^')
        ) as HASH_DIFF,
        'Y' as IS_CURRENT,
        NULL::TIMESTAMP_NTZ as UPDATED_DATE_TIME,
        NULL::NUMBER as UPDATED_LOAD_ID
    from source
)



    select * from hashed


    ) as __dbt_sbq
    where false
    limit 0
[0m04:46:38.370450 [debug] [Thread-4 (]: On model.UPI_Fraud_Monitoring.sl_account: /* {"app": "dbt", "dbt_version": "1.9.4", "profile_name": "default", "target_name": "dev", "node_id": "model.UPI_Fraud_Monitoring.sl_account"} */
drop view if exists UPI_FRAUD_MONITORING.TRANSFORM.sl_account__dbt_tmp cascade
[0m04:46:38.371594 [debug] [Thread-2 (]: Opening a new connection, currently in state init
[0m04:46:38.445476 [debug] [Thread-4 (]: SQL status: SUCCESS 1 in 0.073 seconds
[0m04:46:38.449803 [debug] [Thread-4 (]: Using snowflake connection "model.UPI_Fraud_Monitoring.sl_account"
[0m04:46:38.450498 [debug] [Thread-4 (]: On model.UPI_Fraud_Monitoring.sl_account: /* {"app": "dbt", "dbt_version": "1.9.4", "profile_name": "default", "target_name": "dev", "node_id": "model.UPI_Fraud_Monitoring.sl_account"} */
UPDATE UPI_FRAUD_MONITORING.TRANSFORM.sl_account t
             SET t.IS_CURRENT = 'N',
                 t.UPDATED_DATE_TIME = CURRENT_TIMESTAMP(),
                 t.UPDATED_LOAD_ID = dup.LATEST_LOAD_ID
             FROM (
                 SELECT ACCOUNT_ID, MAX(CREATED_LOAD_ID) as LATEST_LOAD_ID
                 FROM UPI_FRAUD_MONITORING.TRANSFORM.sl_account
                 WHERE IS_CURRENT = 'Y'
                 GROUP BY ACCOUNT_ID
                 HAVING COUNT(*) > 1
             ) dup
             WHERE t.ACCOUNT_ID = dup.ACCOUNT_ID
               AND t.IS_CURRENT = 'Y'
               AND t.CREATED_LOAD_ID < dup.LATEST_LOAD_ID
[0m04:46:38.615313 [debug] [Thread-5 (]: SQL status: SUCCESS 1 in 0.640 seconds
[0m04:46:38.620913 [debug] [Thread-5 (]: Applying DROP to: UPI_FRAUD_MONITORING.TRANSFORM.sl_device__dbt_tmp
[0m04:46:38.622409 [debug] [Thread-5 (]: Using snowflake connection "model.UPI_Fraud_Monitoring.sl_device"
[0m04:46:38.623039 [debug] [Thread-5 (]: On model.UPI_Fraud_Monitoring.sl_device: /* {"app": "dbt", "dbt_version": "1.9.4", "profile_name": "default", "target_name": "dev", "node_id": "model.UPI_Fraud_Monitoring.sl_device"} */
drop view if exists UPI_FRAUD_MONITORING.TRANSFORM.sl_device__dbt_tmp cascade
[0m04:46:38.676045 [debug] [Thread-3 (]: SQL status: SUCCESS 1 in 0.702 seconds
[0m04:46:38.681773 [debug] [Thread-3 (]: Applying DROP to: UPI_FRAUD_MONITORING.TRANSFORM.sl_merchant__dbt_tmp
[0m04:46:38.684562 [debug] [Thread-3 (]: Using snowflake connection "model.UPI_Fraud_Monitoring.sl_merchant"
[0m04:46:38.685256 [debug] [Thread-3 (]: On model.UPI_Fraud_Monitoring.sl_merchant: /* {"app": "dbt", "dbt_version": "1.9.4", "profile_name": "default", "target_name": "dev", "node_id": "model.UPI_Fraud_Monitoring.sl_merchant"} */
drop view if exists UPI_FRAUD_MONITORING.TRANSFORM.sl_merchant__dbt_tmp cascade
[0m04:46:38.710138 [debug] [Thread-5 (]: SQL status: SUCCESS 1 in 0.086 seconds
[0m04:46:38.713506 [debug] [Thread-5 (]: Using snowflake connection "model.UPI_Fraud_Monitoring.sl_device"
[0m04:46:38.714174 [debug] [Thread-5 (]: On model.UPI_Fraud_Monitoring.sl_device: /* {"app": "dbt", "dbt_version": "1.9.4", "profile_name": "default", "target_name": "dev", "node_id": "model.UPI_Fraud_Monitoring.sl_device"} */
UPDATE UPI_FRAUD_MONITORING.TRANSFORM.sl_device t
             SET t.IS_CURRENT = 'N',
                 t.UPDATED_DATE_TIME = CURRENT_TIMESTAMP(),
                 t.UPDATED_LOAD_ID = dup.LATEST_LOAD_ID
             FROM (
                 SELECT DEVICE_ID, MAX(CREATED_LOAD_ID) as LATEST_LOAD_ID
                 FROM UPI_FRAUD_MONITORING.TRANSFORM.sl_device
                 WHERE IS_CURRENT = 'Y'
                 GROUP BY DEVICE_ID
                 HAVING COUNT(*) > 1
             ) dup
             WHERE t.DEVICE_ID = dup.DEVICE_ID
               AND t.IS_CURRENT = 'Y'
               AND t.CREATED_LOAD_ID < dup.LATEST_LOAD_ID
[0m04:46:38.739997 [debug] [Thread-4 (]: SQL status: SUCCESS 0 in 0.289 seconds
[0m04:46:38.743085 [info ] [Thread-4 (]: 23 of 30 OK created sql incremental model TRANSFORM.sl_account ................. [[32mSUCCESS 1[0m in 1.74s]
[0m04:46:38.743907 [debug] [Thread-4 (]: Finished running node model.UPI_Fraud_Monitoring.sl_account
[0m04:46:38.744677 [debug] [Thread-4 (]: Began running node model.UPI_Fraud_Monitoring.sl_transaction
[0m04:46:38.745470 [info ] [Thread-4 (]: 27 of 30 START sql incremental model TRANSFORM.sl_transaction .................. [RUN]
[0m04:46:38.746192 [debug] [Thread-4 (]: Re-using an available connection from the pool (formerly model.UPI_Fraud_Monitoring.sl_account, now model.UPI_Fraud_Monitoring.sl_transaction)
[0m04:46:38.746936 [debug] [Thread-3 (]: SQL status: SUCCESS 1 in 0.061 seconds
[0m04:46:38.747488 [debug] [Thread-4 (]: Began compiling node model.UPI_Fraud_Monitoring.sl_transaction
[0m04:46:38.750624 [debug] [Thread-3 (]: Using snowflake connection "model.UPI_Fraud_Monitoring.sl_merchant"
[0m04:46:38.760944 [debug] [Thread-4 (]: Writing injected SQL for node "model.UPI_Fraud_Monitoring.sl_transaction"
[0m04:46:38.761945 [debug] [Thread-3 (]: On model.UPI_Fraud_Monitoring.sl_merchant: /* {"app": "dbt", "dbt_version": "1.9.4", "profile_name": "default", "target_name": "dev", "node_id": "model.UPI_Fraud_Monitoring.sl_merchant"} */
UPDATE UPI_FRAUD_MONITORING.TRANSFORM.sl_merchant t
             SET t.IS_CURRENT = 'N',
                 t.UPDATED_DATE_TIME = CURRENT_TIMESTAMP(),
                 t.UPDATED_LOAD_ID = dup.LATEST_LOAD_ID
             FROM (
                 SELECT MERCHANT_ID, MAX(CREATED_LOAD_ID) as LATEST_LOAD_ID
                 FROM UPI_FRAUD_MONITORING.TRANSFORM.sl_merchant
                 WHERE IS_CURRENT = 'Y'
                 GROUP BY MERCHANT_ID
                 HAVING COUNT(*) > 1
             ) dup
             WHERE t.MERCHANT_ID = dup.MERCHANT_ID
               AND t.IS_CURRENT = 'Y'
               AND t.CREATED_LOAD_ID < dup.LATEST_LOAD_ID
[0m04:46:38.763290 [debug] [Thread-4 (]: Began executing node model.UPI_Fraud_Monitoring.sl_transaction
[0m04:46:38.771857 [debug] [Thread-4 (]: Using snowflake connection "model.UPI_Fraud_Monitoring.sl_transaction"
[0m04:46:38.773483 [debug] [Thread-4 (]: On model.UPI_Fraud_Monitoring.sl_transaction: /* {"app": "dbt", "dbt_version": "1.9.4", "profile_name": "default", "target_name": "dev", "node_id": "model.UPI_Fraud_Monitoring.sl_transaction"} */
/* {"app": "dbt", "dbt_version": "1.9.4", "profile_name": "default", "target_name": "dev", "node_id": "model.UPI_Fraud_Monitoring.sl_transaction"} */
select * from (
        

with source as (
    select
        cast(TRANSACTION_ID as VARCHAR(100)) as TRANSACTION_ID,
        cast(CUSTOMER_ID as VARCHAR(50)) as CUSTOMER_ID,
        cast(ACCOUNT_ID as VARCHAR(50)) as ACCOUNT_ID,
        cast(BENEFICIARY_ID as VARCHAR(100)) as BENEFICIARY_ID,
        cast(MERCHANT_ID as VARCHAR(100)) as MERCHANT_ID,
        cast(DEVICE_ID as VARCHAR(100)) as DEVICE_ID,
        cast(TXN_DATETIME as TIMESTAMP) as TXN_DATETIME,
        cast(TXN_AMOUNT as NUMBER(18,2)) as TXN_AMOUNT,
        cast(TXN_TYPE as VARCHAR(50)) as TXN_TYPE,
        cast(TXN_STATUS as VARCHAR(30)) as TXN_STATUS,
        cast(CHANNEL as VARCHAR(50)) as CHANNEL,
        cast(NULL as VARCHAR(100)) as COUNTRY,
        cast(NULL as VARCHAR(100)) as STATE,
        CASE
            WHEN cast(TXN_AMOUNT as NUMBER(18,2)) >= 100000 THEN 'HIGH_VALUE_TXN'
            WHEN DEVICE_ID IN (SELECT DEVICE_ID FROM UPI_FRAUD_MONITORING.TRANSFORM.v_device_registry WHERE TRUSTED_FLAG = 'N') THEN 'UNTRUSTED_DEVICE'
            WHEN BENEFICIARY_ID IN (SELECT BENEFICIARY_ID FROM UPI_FRAUD_MONITORING.TRANSFORM.v_beneficiary WHERE RISK_RATING = 'HIGH') THEN 'HIGH_RISK_BENEFICIARY'
            WHEN MERCHANT_ID IN (SELECT MERCHANT_ID FROM UPI_FRAUD_MONITORING.TRANSFORM.v_merchant WHERE RISK_RATING = 'HIGH') THEN 'HIGH_RISK_MERCHANT'
            WHEN CUSTOMER_ID IN (SELECT CUSTOMER_ID FROM UPI_FRAUD_MONITORING.TRANSFORM.v_raw_customer WHERE RISK_RATING = 'HIGH') THEN 'HIGH_RISK_CUSTOMER'
            WHEN TXN_STATUS = 'FAILED' THEN 'FAILED_TRANSACTION'
            ELSE 'NORMAL'
        END as TXN_RISK_REASON,
        cast(NULL as VARCHAR(50)) as TXN_FRAUD_ID,
        cast(CREATED_LOAD_ID as NUMBER) as CREATED_LOAD_ID,
        CREATED_DATE_TIME
    from UPI_FRAUD_MONITORING.TRANSFORM.v_transaction
),

hashed as (
    select
        *,
        md5(
            coalesce(TRANSACTION_ID, '^') || '|' ||
            coalesce(CUSTOMER_ID, '^') || '|' ||
            coalesce(ACCOUNT_ID, '^') || '|' ||
            coalesce(BENEFICIARY_ID, '^') || '|' ||
            coalesce(MERCHANT_ID, '^') || '|' ||
            coalesce(DEVICE_ID, '^') || '|' ||
            coalesce(cast(TXN_DATETIME as VARCHAR), '^') || '|' ||
            coalesce(cast(TXN_AMOUNT as VARCHAR), '^') || '|' ||
            coalesce(TXN_TYPE, '^') || '|' ||
            coalesce(TXN_STATUS, '^') || '|' ||
            coalesce(CHANNEL, '^') || '|' ||
            coalesce(TXN_RISK_REASON, '^')
        ) as HASH_DIFF,
        'Y' as IS_CURRENT,
        NULL::TIMESTAMP_NTZ as UPDATED_DATE_TIME,
        NULL::NUMBER as UPDATED_LOAD_ID
    from source
)



    select * from hashed


    ) as __dbt_sbq
    where false
    limit 0
[0m04:46:38.775094 [debug] [Thread-4 (]: Opening a new connection, currently in state init
[0m04:46:39.013754 [debug] [Thread-2 (]: SQL status: SUCCESS 0 in 0.642 seconds
[0m04:46:39.023231 [debug] [Thread-2 (]: Using snowflake connection "model.UPI_Fraud_Monitoring.sl_login_activity"
[0m04:46:39.024775 [debug] [Thread-2 (]: On model.UPI_Fraud_Monitoring.sl_login_activity: /* {"app": "dbt", "dbt_version": "1.9.4", "profile_name": "default", "target_name": "dev", "node_id": "model.UPI_Fraud_Monitoring.sl_login_activity"} */
/* {"app": "dbt", "dbt_version": "1.9.4", "profile_name": "default", "target_name": "dev", "node_id": "model.UPI_Fraud_Monitoring.sl_login_activity"} */
select * from (
        select
    
      
    cast(null as VARCHAR(100))
     as LOGIN_ID, 
      
    cast(null as VARCHAR(50))
     as CUSTOMER_ID, 
      
    cast(null as VARCHAR(100))
     as DEVICE_ID, 
      
    cast(null as TIMESTAMP_NTZ)
     as LOGIN_TIME, 
      
    cast(null as VARCHAR(30))
     as LOGIN_STATUS, 
      
    cast(null as VARCHAR(100))
     as COUNTRY, 
      
    cast(null as VARCHAR(100))
     as STATE, 
      
    cast(null as VARCHAR(100))
     as CITY, 
      
    cast(null as VARCHAR(100))
     as IP_ADDRESS, 
      
    cast(null as NUMBER(38,0))
     as CREATED_LOAD_ID, 
      
    cast(null as TIMESTAMP_NTZ)
     as CREATED_DATE_TIME, 
      
    cast(null as VARCHAR(2000))
     as HASH_DIFF, 
      
    cast(null as VARCHAR(10))
     as IS_CURRENT, 
      
    cast(null as TIMESTAMP_NTZ)
     as UPDATED_DATE_TIME, 
      
    cast(null as NUMBER(38,0))
     as UPDATED_LOAD_ID
    ) as __dbt_sbq
    where false
    limit 0
[0m04:46:39.069151 [debug] [Thread-3 (]: SQL status: SUCCESS 0 in 0.306 seconds
[0m04:46:39.072089 [info ] [Thread-3 (]: 25 of 30 OK created sql incremental model TRANSFORM.sl_merchant ................ [[32mSUCCESS 1[0m in 1.69s]
[0m04:46:39.073324 [debug] [Thread-3 (]: Finished running node model.UPI_Fraud_Monitoring.sl_merchant
[0m04:46:39.074135 [debug] [Thread-5 (]: SQL status: SUCCESS 0 in 0.359 seconds
[0m04:46:39.075517 [debug] [Thread-2 (]: SQL status: SUCCESS 0 in 0.049 seconds
[0m04:46:39.076735 [debug] [Thread-3 (]: Began running node model.UPI_Fraud_Monitoring.sl_watchlist
[0m04:46:39.079675 [info ] [Thread-5 (]: 24 of 30 OK created sql incremental model TRANSFORM.sl_device .................. [[32mSUCCESS 1[0m in 1.73s]
[0m04:46:39.083195 [debug] [Thread-2 (]: Writing runtime sql for node "model.UPI_Fraud_Monitoring.sl_login_activity"
[0m04:46:39.084010 [info ] [Thread-3 (]: 28 of 30 START sql incremental model TRANSFORM.sl_watchlist .................... [RUN]
[0m04:46:39.084943 [debug] [Thread-5 (]: Finished running node model.UPI_Fraud_Monitoring.sl_device
[0m04:46:39.086459 [debug] [Thread-3 (]: Re-using an available connection from the pool (formerly model.UPI_Fraud_Monitoring.sl_merchant, now model.UPI_Fraud_Monitoring.sl_watchlist)
[0m04:46:39.089407 [debug] [Thread-2 (]: Using snowflake connection "model.UPI_Fraud_Monitoring.sl_login_activity"
[0m04:46:39.090535 [debug] [Thread-5 (]: Began running node model.UPI_Fraud_Monitoring.sl_password_change
[0m04:46:39.091148 [debug] [Thread-3 (]: Began compiling node model.UPI_Fraud_Monitoring.sl_watchlist
[0m04:46:39.091854 [debug] [Thread-2 (]: On model.UPI_Fraud_Monitoring.sl_login_activity: /* {"app": "dbt", "dbt_version": "1.9.4", "profile_name": "default", "target_name": "dev", "node_id": "model.UPI_Fraud_Monitoring.sl_login_activity"} */
create or replace transient table UPI_FRAUD_MONITORING.TRANSFORM.sl_login_activity
          
  (
    LOGIN_ID VARCHAR(100) not null,
    CUSTOMER_ID VARCHAR(50),
    DEVICE_ID VARCHAR(100),
    LOGIN_TIME TIMESTAMP_NTZ,
    LOGIN_STATUS VARCHAR(30),
    COUNTRY VARCHAR(100),
    STATE VARCHAR(100),
    CITY VARCHAR(100),
    IP_ADDRESS VARCHAR(100),
    CREATED_LOAD_ID NUMBER(38,0),
    CREATED_DATE_TIME TIMESTAMP_NTZ,
    HASH_DIFF VARCHAR(2000),
    IS_CURRENT VARCHAR(10),
    UPDATED_DATE_TIME TIMESTAMP_NTZ,
    UPDATED_LOAD_ID NUMBER(38,0)
    
    )

          
        
         as
        (
    select LOGIN_ID, CUSTOMER_ID, DEVICE_ID, LOGIN_TIME, LOGIN_STATUS, COUNTRY, STATE, CITY, IP_ADDRESS, CREATED_LOAD_ID, CREATED_DATE_TIME, HASH_DIFF, IS_CURRENT, UPDATED_DATE_TIME, UPDATED_LOAD_ID
    from (
        

with source as (
    select
        cast(LOGIN_ID as VARCHAR(100)) as LOGIN_ID,
        cast(CUSTOMER_ID as VARCHAR(50)) as CUSTOMER_ID,
        cast(DEVICE_ID as VARCHAR(100)) as DEVICE_ID,
        cast(LOGIN_TIME as TIMESTAMP) as LOGIN_TIME,
        cast(LOGIN_STATUS as VARCHAR(30)) as LOGIN_STATUS,
        cast(COUNTRY as VARCHAR(100)) as COUNTRY,
        cast(STATE as VARCHAR(100)) as STATE,
        cast(CITY as VARCHAR(100)) as CITY,
        cast(IP_ADDRESS as VARCHAR(100)) as IP_ADDRESS,
        cast(CREATED_LOAD_ID as NUMBER) as CREATED_LOAD_ID,
        CREATED_DATE_TIME
    from UPI_FRAUD_MONITORING.TRANSFORM.v_login_activity
),

hashed as (
    select
        *,
        md5(
            coalesce(LOGIN_ID, '^') || '|' ||
            coalesce(CUSTOMER_ID, '^') || '|' ||
            coalesce(DEVICE_ID, '^') || '|' ||
            coalesce(cast(LOGIN_TIME as VARCHAR), '^') || '|' ||
            coalesce(LOGIN_STATUS, '^') || '|' ||
            coalesce(COUNTRY, '^') || '|' ||
            coalesce(STATE, '^') || '|' ||
            coalesce(CITY, '^') || '|' ||
            coalesce(IP_ADDRESS, '^')
        ) as HASH_DIFF,
        'Y' as IS_CURRENT,
        NULL::TIMESTAMP_NTZ as UPDATED_DATE_TIME,
        NULL::NUMBER as UPDATED_LOAD_ID
    from source
)



    select * from hashed


    ) as model_subq
        );
[0m04:46:39.092773 [info ] [Thread-5 (]: 29 of 30 START sql incremental model TRANSFORM.sl_password_change .............. [RUN]
[0m04:46:39.099146 [debug] [Thread-3 (]: Writing injected SQL for node "model.UPI_Fraud_Monitoring.sl_watchlist"
[0m04:46:39.100479 [debug] [Thread-5 (]: Re-using an available connection from the pool (formerly model.UPI_Fraud_Monitoring.sl_device, now model.UPI_Fraud_Monitoring.sl_password_change)
[0m04:46:39.101410 [debug] [Thread-5 (]: Began compiling node model.UPI_Fraud_Monitoring.sl_password_change
[0m04:46:39.102955 [debug] [Thread-3 (]: Began executing node model.UPI_Fraud_Monitoring.sl_watchlist
[0m04:46:39.110049 [debug] [Thread-5 (]: Writing injected SQL for node "model.UPI_Fraud_Monitoring.sl_password_change"
[0m04:46:39.237060 [debug] [Thread-3 (]: Using snowflake connection "model.UPI_Fraud_Monitoring.sl_watchlist"
[0m04:46:39.239027 [debug] [Thread-3 (]: On model.UPI_Fraud_Monitoring.sl_watchlist: /* {"app": "dbt", "dbt_version": "1.9.4", "profile_name": "default", "target_name": "dev", "node_id": "model.UPI_Fraud_Monitoring.sl_watchlist"} */
/* {"app": "dbt", "dbt_version": "1.9.4", "profile_name": "default", "target_name": "dev", "node_id": "model.UPI_Fraud_Monitoring.sl_watchlist"} */
select * from (
        

with source as (
    select
        cast(WATCHLIST_ID as VARCHAR(100)) as WATCHLIST_ID,
        cast(ENTITY_TYPE as VARCHAR(50)) as ENTITY_TYPE,
        cast(ENTITY_ID as VARCHAR(100)) as ENTITY_ID,
        cast(ENTITY_NAME as VARCHAR(255)) as ENTITY_NAME,
        cast(RISK_LEVEL as VARCHAR(20)) as RISK_LEVEL,
        cast(CREATED_LOAD_ID as NUMBER) as CREATED_LOAD_ID,
        CREATED_DATE_TIME
    from UPI_FRAUD_MONITORING.TRANSFORM.v_watchlist
),

hashed as (
    select
        *,
        md5(
            coalesce(WATCHLIST_ID, '^') || '|' ||
            coalesce(ENTITY_TYPE, '^') || '|' ||
            coalesce(ENTITY_ID, '^') || '|' ||
            coalesce(ENTITY_NAME, '^') || '|' ||
            coalesce(RISK_LEVEL, '^')
        ) as HASH_DIFF,
        'Y' as IS_CURRENT,
        NULL::TIMESTAMP_NTZ as UPDATED_DATE_TIME,
        NULL::NUMBER as UPDATED_LOAD_ID
    from source
)



    select * from hashed


    ) as __dbt_sbq
    where false
    limit 0
[0m04:46:39.240307 [debug] [Thread-5 (]: Began executing node model.UPI_Fraud_Monitoring.sl_password_change
[0m04:46:39.241632 [debug] [Thread-3 (]: Opening a new connection, currently in state init
[0m04:46:39.249669 [debug] [Thread-5 (]: Using snowflake connection "model.UPI_Fraud_Monitoring.sl_password_change"
[0m04:46:39.251473 [debug] [Thread-5 (]: On model.UPI_Fraud_Monitoring.sl_password_change: /* {"app": "dbt", "dbt_version": "1.9.4", "profile_name": "default", "target_name": "dev", "node_id": "model.UPI_Fraud_Monitoring.sl_password_change"} */
/* {"app": "dbt", "dbt_version": "1.9.4", "profile_name": "default", "target_name": "dev", "node_id": "model.UPI_Fraud_Monitoring.sl_password_change"} */
select * from (
        

with source as (
    select
        cast(v.PASSWORD_CHANGE_ID as VARCHAR(100)) as PASSWORD_CHANGE_ID,
        cast(v.CUSTOMER_ID as VARCHAR(50)) as CUSTOMER_ID,
        cast(v.CHANGE_TIME as TIMESTAMP) as CHANGE_TIME,
        cast(v.CHANGE_CHANNEL as VARCHAR(50)) as CHANGE_CHANNEL,
        cast(v.DEVICE_ID as VARCHAR(100)) as DEVICE_ID,
        extract(hour from cast(v.CHANGE_TIME as TIMESTAMP)) as CHANGE_HOUR,
        dayname(cast(v.CHANGE_TIME as TIMESTAMP)) as CHANGE_DAY_OF_WEEK,
        d.DEVICE_RISK_SCORE as DEVICE_RISK_SCORE,
        CASE
            WHEN d.DEVICE_RISK_SCORE >= 80 THEN 'HIGH'
            WHEN extract(hour from cast(v.CHANGE_TIME as TIMESTAMP)) between 0 and 4 THEN 'MEDIUM'
            ELSE 'LOW'
        END as PASSWORD_CHANGE_RISK,
        cast(v.CREATED_LOAD_ID as NUMBER) as CREATED_LOAD_ID,
        v.CREATED_DATE_TIME
    from UPI_FRAUD_MONITORING.TRANSFORM.v_password_change v
    left join UPI_FRAUD_MONITORING.TRANSFORM.sl_device d
        on v.DEVICE_ID = d.DEVICE_ID and d.IS_CURRENT = 'Y'
),

hashed as (
    select
        *,
        md5(
            coalesce(PASSWORD_CHANGE_ID, '^') || '|' ||
            coalesce(CUSTOMER_ID, '^') || '|' ||
            coalesce(cast(CHANGE_TIME as VARCHAR), '^') || '|' ||
            coalesce(CHANGE_CHANNEL, '^') || '|' ||
            coalesce(DEVICE_ID, '^') || '|' ||
            coalesce(cast(DEVICE_RISK_SCORE as VARCHAR), '^') || '|' ||
            coalesce(PASSWORD_CHANGE_RISK, '^')
        ) as HASH_DIFF,
        'Y' as IS_CURRENT,
        NULL::TIMESTAMP_NTZ as UPDATED_DATE_TIME,
        NULL::NUMBER as UPDATED_LOAD_ID
    from source
)



    select * from hashed


    ) as __dbt_sbq
    where false
    limit 0
[0m04:46:39.253187 [debug] [Thread-5 (]: Opening a new connection, currently in state init
[0m04:46:39.706770 [debug] [Thread-2 (]: SQL status: SUCCESS 1 in 0.607 seconds
[0m04:46:39.712069 [debug] [Thread-2 (]: Applying DROP to: UPI_FRAUD_MONITORING.TRANSFORM.sl_login_activity__dbt_tmp
[0m04:46:39.713668 [debug] [Thread-2 (]: Using snowflake connection "model.UPI_Fraud_Monitoring.sl_login_activity"
[0m04:46:39.714288 [debug] [Thread-2 (]: On model.UPI_Fraud_Monitoring.sl_login_activity: /* {"app": "dbt", "dbt_version": "1.9.4", "profile_name": "default", "target_name": "dev", "node_id": "model.UPI_Fraud_Monitoring.sl_login_activity"} */
drop view if exists UPI_FRAUD_MONITORING.TRANSFORM.sl_login_activity__dbt_tmp cascade
[0m04:46:39.762848 [debug] [Thread-2 (]: SQL status: SUCCESS 1 in 0.048 seconds
[0m04:46:39.766280 [debug] [Thread-2 (]: Using snowflake connection "model.UPI_Fraud_Monitoring.sl_login_activity"
[0m04:46:39.766945 [debug] [Thread-2 (]: On model.UPI_Fraud_Monitoring.sl_login_activity: /* {"app": "dbt", "dbt_version": "1.9.4", "profile_name": "default", "target_name": "dev", "node_id": "model.UPI_Fraud_Monitoring.sl_login_activity"} */
UPDATE UPI_FRAUD_MONITORING.TRANSFORM.sl_login_activity t
             SET t.IS_CURRENT = 'N',
                 t.UPDATED_DATE_TIME = CURRENT_TIMESTAMP(),
                 t.UPDATED_LOAD_ID = dup.LATEST_LOAD_ID
             FROM (
                 SELECT LOGIN_ID, MAX(CREATED_LOAD_ID) as LATEST_LOAD_ID
                 FROM UPI_FRAUD_MONITORING.TRANSFORM.sl_login_activity
                 WHERE IS_CURRENT = 'Y'
                 GROUP BY LOGIN_ID
                 HAVING COUNT(*) > 1
             ) dup
             WHERE t.LOGIN_ID = dup.LOGIN_ID
               AND t.IS_CURRENT = 'Y'
               AND t.CREATED_LOAD_ID < dup.LATEST_LOAD_ID
[0m04:46:39.777567 [debug] [Thread-4 (]: SQL status: SUCCESS 0 in 1.003 seconds
[0m04:46:39.790247 [debug] [Thread-4 (]: Using snowflake connection "model.UPI_Fraud_Monitoring.sl_transaction"
[0m04:46:39.792345 [debug] [Thread-3 (]: SQL status: SUCCESS 0 in 0.551 seconds
[0m04:46:39.793875 [debug] [Thread-4 (]: On model.UPI_Fraud_Monitoring.sl_transaction: /* {"app": "dbt", "dbt_version": "1.9.4", "profile_name": "default", "target_name": "dev", "node_id": "model.UPI_Fraud_Monitoring.sl_transaction"} */
/* {"app": "dbt", "dbt_version": "1.9.4", "profile_name": "default", "target_name": "dev", "node_id": "model.UPI_Fraud_Monitoring.sl_transaction"} */
select * from (
        select
    
      
    cast(null as VARCHAR(100))
     as TRANSACTION_ID, 
      
    cast(null as VARCHAR(50))
     as CUSTOMER_ID, 
      
    cast(null as VARCHAR(50))
     as ACCOUNT_ID, 
      
    cast(null as VARCHAR(100))
     as BENEFICIARY_ID, 
      
    cast(null as VARCHAR(100))
     as MERCHANT_ID, 
      
    cast(null as VARCHAR(100))
     as DEVICE_ID, 
      
    cast(null as TIMESTAMP_NTZ)
     as TXN_DATETIME, 
      
    cast(null as NUMBER(18,2))
     as TXN_AMOUNT, 
      
    cast(null as VARCHAR(50))
     as TXN_TYPE, 
      
    cast(null as VARCHAR(30))
     as TXN_STATUS, 
      
    cast(null as VARCHAR(50))
     as CHANNEL, 
      
    cast(null as VARCHAR(100))
     as COUNTRY, 
      
    cast(null as VARCHAR(100))
     as STATE, 
      
    cast(null as VARCHAR(50))
     as TXN_RISK_REASON, 
      
    cast(null as VARCHAR(50))
     as TXN_FRAUD_ID, 
      
    cast(null as NUMBER(38,0))
     as CREATED_LOAD_ID, 
      
    cast(null as TIMESTAMP_NTZ)
     as CREATED_DATE_TIME, 
      
    cast(null as VARCHAR(2000))
     as HASH_DIFF, 
      
    cast(null as VARCHAR(10))
     as IS_CURRENT, 
      
    cast(null as TIMESTAMP_NTZ)
     as UPDATED_DATE_TIME, 
      
    cast(null as NUMBER(38,0))
     as UPDATED_LOAD_ID
    ) as __dbt_sbq
    where false
    limit 0
[0m04:46:39.801305 [debug] [Thread-3 (]: Using snowflake connection "model.UPI_Fraud_Monitoring.sl_watchlist"
[0m04:46:39.803246 [debug] [Thread-3 (]: On model.UPI_Fraud_Monitoring.sl_watchlist: /* {"app": "dbt", "dbt_version": "1.9.4", "profile_name": "default", "target_name": "dev", "node_id": "model.UPI_Fraud_Monitoring.sl_watchlist"} */
/* {"app": "dbt", "dbt_version": "1.9.4", "profile_name": "default", "target_name": "dev", "node_id": "model.UPI_Fraud_Monitoring.sl_watchlist"} */
select * from (
        select
    
      
    cast(null as VARCHAR(100))
     as WATCHLIST_ID, 
      
    cast(null as VARCHAR(50))
     as ENTITY_TYPE, 
      
    cast(null as VARCHAR(100))
     as ENTITY_ID, 
      
    cast(null as VARCHAR(255))
     as ENTITY_NAME, 
      
    cast(null as VARCHAR(20))
     as RISK_LEVEL, 
      
    cast(null as NUMBER(38,0))
     as CREATED_LOAD_ID, 
      
    cast(null as TIMESTAMP_NTZ)
     as CREATED_DATE_TIME, 
      
    cast(null as VARCHAR(2000))
     as HASH_DIFF, 
      
    cast(null as VARCHAR(10))
     as IS_CURRENT, 
      
    cast(null as TIMESTAMP_NTZ)
     as UPDATED_DATE_TIME, 
      
    cast(null as NUMBER(38,0))
     as UPDATED_LOAD_ID
    ) as __dbt_sbq
    where false
    limit 0
[0m04:46:39.855957 [debug] [Thread-5 (]: SQL status: SUCCESS 0 in 0.603 seconds
[0m04:46:39.864063 [debug] [Thread-3 (]: SQL status: SUCCESS 0 in 0.059 seconds
[0m04:46:39.868314 [debug] [Thread-5 (]: Using snowflake connection "model.UPI_Fraud_Monitoring.sl_password_change"
[0m04:46:39.870523 [debug] [Thread-4 (]: SQL status: SUCCESS 0 in 0.068 seconds
[0m04:46:39.873820 [debug] [Thread-3 (]: Writing runtime sql for node "model.UPI_Fraud_Monitoring.sl_watchlist"
[0m04:46:39.874955 [debug] [Thread-5 (]: On model.UPI_Fraud_Monitoring.sl_password_change: /* {"app": "dbt", "dbt_version": "1.9.4", "profile_name": "default", "target_name": "dev", "node_id": "model.UPI_Fraud_Monitoring.sl_password_change"} */
/* {"app": "dbt", "dbt_version": "1.9.4", "profile_name": "default", "target_name": "dev", "node_id": "model.UPI_Fraud_Monitoring.sl_password_change"} */
select * from (
        select
    
      
    cast(null as VARCHAR(100))
     as PASSWORD_CHANGE_ID, 
      
    cast(null as VARCHAR(50))
     as CUSTOMER_ID, 
      
    cast(null as TIMESTAMP_NTZ)
     as CHANGE_TIME, 
      
    cast(null as VARCHAR(50))
     as CHANGE_CHANNEL, 
      
    cast(null as VARCHAR(100))
     as DEVICE_ID, 
      
    cast(null as NUMBER(38,0))
     as CHANGE_HOUR, 
      
    cast(null as VARCHAR(20))
     as CHANGE_DAY_OF_WEEK, 
      
    cast(null as NUMBER(38,0))
     as DEVICE_RISK_SCORE, 
      
    cast(null as VARCHAR(20))
     as PASSWORD_CHANGE_RISK, 
      
    cast(null as NUMBER(38,0))
     as CREATED_LOAD_ID, 
      
    cast(null as TIMESTAMP_NTZ)
     as CREATED_DATE_TIME, 
      
    cast(null as VARCHAR(2000))
     as HASH_DIFF, 
      
    cast(null as VARCHAR(10))
     as IS_CURRENT, 
      
    cast(null as TIMESTAMP_NTZ)
     as UPDATED_DATE_TIME, 
      
    cast(null as NUMBER(38,0))
     as UPDATED_LOAD_ID
    ) as __dbt_sbq
    where false
    limit 0
[0m04:46:39.879481 [debug] [Thread-4 (]: Writing runtime sql for node "model.UPI_Fraud_Monitoring.sl_transaction"
[0m04:46:39.882853 [debug] [Thread-3 (]: Using snowflake connection "model.UPI_Fraud_Monitoring.sl_watchlist"
[0m04:46:39.883959 [debug] [Thread-3 (]: On model.UPI_Fraud_Monitoring.sl_watchlist: /* {"app": "dbt", "dbt_version": "1.9.4", "profile_name": "default", "target_name": "dev", "node_id": "model.UPI_Fraud_Monitoring.sl_watchlist"} */
create or replace transient table UPI_FRAUD_MONITORING.TRANSFORM.sl_watchlist
          
  (
    WATCHLIST_ID VARCHAR(100) not null,
    ENTITY_TYPE VARCHAR(50),
    ENTITY_ID VARCHAR(100),
    ENTITY_NAME VARCHAR(255),
    RISK_LEVEL VARCHAR(20),
    CREATED_LOAD_ID NUMBER(38,0),
    CREATED_DATE_TIME TIMESTAMP_NTZ,
    HASH_DIFF VARCHAR(2000),
    IS_CURRENT VARCHAR(10),
    UPDATED_DATE_TIME TIMESTAMP_NTZ,
    UPDATED_LOAD_ID NUMBER(38,0)
    
    )

          
        
         as
        (
    select WATCHLIST_ID, ENTITY_TYPE, ENTITY_ID, ENTITY_NAME, RISK_LEVEL, CREATED_LOAD_ID, CREATED_DATE_TIME, HASH_DIFF, IS_CURRENT, UPDATED_DATE_TIME, UPDATED_LOAD_ID
    from (
        

with source as (
    select
        cast(WATCHLIST_ID as VARCHAR(100)) as WATCHLIST_ID,
        cast(ENTITY_TYPE as VARCHAR(50)) as ENTITY_TYPE,
        cast(ENTITY_ID as VARCHAR(100)) as ENTITY_ID,
        cast(ENTITY_NAME as VARCHAR(255)) as ENTITY_NAME,
        cast(RISK_LEVEL as VARCHAR(20)) as RISK_LEVEL,
        cast(CREATED_LOAD_ID as NUMBER) as CREATED_LOAD_ID,
        CREATED_DATE_TIME
    from UPI_FRAUD_MONITORING.TRANSFORM.v_watchlist
),

hashed as (
    select
        *,
        md5(
            coalesce(WATCHLIST_ID, '^') || '|' ||
            coalesce(ENTITY_TYPE, '^') || '|' ||
            coalesce(ENTITY_ID, '^') || '|' ||
            coalesce(ENTITY_NAME, '^') || '|' ||
            coalesce(RISK_LEVEL, '^')
        ) as HASH_DIFF,
        'Y' as IS_CURRENT,
        NULL::TIMESTAMP_NTZ as UPDATED_DATE_TIME,
        NULL::NUMBER as UPDATED_LOAD_ID
    from source
)



    select * from hashed


    ) as model_subq
        );
[0m04:46:39.890233 [debug] [Thread-4 (]: Using snowflake connection "model.UPI_Fraud_Monitoring.sl_transaction"
[0m04:46:39.891501 [debug] [Thread-4 (]: On model.UPI_Fraud_Monitoring.sl_transaction: /* {"app": "dbt", "dbt_version": "1.9.4", "profile_name": "default", "target_name": "dev", "node_id": "model.UPI_Fraud_Monitoring.sl_transaction"} */
create or replace transient table UPI_FRAUD_MONITORING.TRANSFORM.sl_transaction
          
  (
    TRANSACTION_ID VARCHAR(100) not null,
    CUSTOMER_ID VARCHAR(50),
    ACCOUNT_ID VARCHAR(50),
    BENEFICIARY_ID VARCHAR(100),
    MERCHANT_ID VARCHAR(100),
    DEVICE_ID VARCHAR(100),
    TXN_DATETIME TIMESTAMP_NTZ,
    TXN_AMOUNT NUMBER(18,2),
    TXN_TYPE VARCHAR(50),
    TXN_STATUS VARCHAR(30),
    CHANNEL VARCHAR(50),
    COUNTRY VARCHAR(100),
    STATE VARCHAR(100),
    TXN_RISK_REASON VARCHAR(50),
    TXN_FRAUD_ID VARCHAR(50),
    CREATED_LOAD_ID NUMBER(38,0),
    CREATED_DATE_TIME TIMESTAMP_NTZ,
    HASH_DIFF VARCHAR(2000),
    IS_CURRENT VARCHAR(10),
    UPDATED_DATE_TIME TIMESTAMP_NTZ,
    UPDATED_LOAD_ID NUMBER(38,0)
    
    )

          
        
         as
        (
    select TRANSACTION_ID, CUSTOMER_ID, ACCOUNT_ID, BENEFICIARY_ID, MERCHANT_ID, DEVICE_ID, TXN_DATETIME, TXN_AMOUNT, TXN_TYPE, TXN_STATUS, CHANNEL, COUNTRY, STATE, TXN_RISK_REASON, TXN_FRAUD_ID, CREATED_LOAD_ID, CREATED_DATE_TIME, HASH_DIFF, IS_CURRENT, UPDATED_DATE_TIME, UPDATED_LOAD_ID
    from (
        

with source as (
    select
        cast(TRANSACTION_ID as VARCHAR(100)) as TRANSACTION_ID,
        cast(CUSTOMER_ID as VARCHAR(50)) as CUSTOMER_ID,
        cast(ACCOUNT_ID as VARCHAR(50)) as ACCOUNT_ID,
        cast(BENEFICIARY_ID as VARCHAR(100)) as BENEFICIARY_ID,
        cast(MERCHANT_ID as VARCHAR(100)) as MERCHANT_ID,
        cast(DEVICE_ID as VARCHAR(100)) as DEVICE_ID,
        cast(TXN_DATETIME as TIMESTAMP) as TXN_DATETIME,
        cast(TXN_AMOUNT as NUMBER(18,2)) as TXN_AMOUNT,
        cast(TXN_TYPE as VARCHAR(50)) as TXN_TYPE,
        cast(TXN_STATUS as VARCHAR(30)) as TXN_STATUS,
        cast(CHANNEL as VARCHAR(50)) as CHANNEL,
        cast(NULL as VARCHAR(100)) as COUNTRY,
        cast(NULL as VARCHAR(100)) as STATE,
        CASE
            WHEN cast(TXN_AMOUNT as NUMBER(18,2)) >= 100000 THEN 'HIGH_VALUE_TXN'
            WHEN DEVICE_ID IN (SELECT DEVICE_ID FROM UPI_FRAUD_MONITORING.TRANSFORM.v_device_registry WHERE TRUSTED_FLAG = 'N') THEN 'UNTRUSTED_DEVICE'
            WHEN BENEFICIARY_ID IN (SELECT BENEFICIARY_ID FROM UPI_FRAUD_MONITORING.TRANSFORM.v_beneficiary WHERE RISK_RATING = 'HIGH') THEN 'HIGH_RISK_BENEFICIARY'
            WHEN MERCHANT_ID IN (SELECT MERCHANT_ID FROM UPI_FRAUD_MONITORING.TRANSFORM.v_merchant WHERE RISK_RATING = 'HIGH') THEN 'HIGH_RISK_MERCHANT'
            WHEN CUSTOMER_ID IN (SELECT CUSTOMER_ID FROM UPI_FRAUD_MONITORING.TRANSFORM.v_raw_customer WHERE RISK_RATING = 'HIGH') THEN 'HIGH_RISK_CUSTOMER'
            WHEN TXN_STATUS = 'FAILED' THEN 'FAILED_TRANSACTION'
            ELSE 'NORMAL'
        END as TXN_RISK_REASON,
        cast(NULL as VARCHAR(50)) as TXN_FRAUD_ID,
        cast(CREATED_LOAD_ID as NUMBER) as CREATED_LOAD_ID,
        CREATED_DATE_TIME
    from UPI_FRAUD_MONITORING.TRANSFORM.v_transaction
),

hashed as (
    select
        *,
        md5(
            coalesce(TRANSACTION_ID, '^') || '|' ||
            coalesce(CUSTOMER_ID, '^') || '|' ||
            coalesce(ACCOUNT_ID, '^') || '|' ||
            coalesce(BENEFICIARY_ID, '^') || '|' ||
            coalesce(MERCHANT_ID, '^') || '|' ||
            coalesce(DEVICE_ID, '^') || '|' ||
            coalesce(cast(TXN_DATETIME as VARCHAR), '^') || '|' ||
            coalesce(cast(TXN_AMOUNT as VARCHAR), '^') || '|' ||
            coalesce(TXN_TYPE, '^') || '|' ||
            coalesce(TXN_STATUS, '^') || '|' ||
            coalesce(CHANNEL, '^') || '|' ||
            coalesce(TXN_RISK_REASON, '^')
        ) as HASH_DIFF,
        'Y' as IS_CURRENT,
        NULL::TIMESTAMP_NTZ as UPDATED_DATE_TIME,
        NULL::NUMBER as UPDATED_LOAD_ID
    from source
)



    select * from hashed


    ) as model_subq
        );
[0m04:46:39.944482 [debug] [Thread-5 (]: SQL status: SUCCESS 0 in 0.064 seconds
[0m04:46:39.948286 [debug] [Thread-5 (]: Writing runtime sql for node "model.UPI_Fraud_Monitoring.sl_password_change"
[0m04:46:39.951947 [debug] [Thread-5 (]: Using snowflake connection "model.UPI_Fraud_Monitoring.sl_password_change"
[0m04:46:39.952818 [debug] [Thread-5 (]: On model.UPI_Fraud_Monitoring.sl_password_change: /* {"app": "dbt", "dbt_version": "1.9.4", "profile_name": "default", "target_name": "dev", "node_id": "model.UPI_Fraud_Monitoring.sl_password_change"} */
create or replace transient table UPI_FRAUD_MONITORING.TRANSFORM.sl_password_change
          
  (
    PASSWORD_CHANGE_ID VARCHAR(100) not null,
    CUSTOMER_ID VARCHAR(50),
    CHANGE_TIME TIMESTAMP_NTZ,
    CHANGE_CHANNEL VARCHAR(50),
    DEVICE_ID VARCHAR(100),
    CHANGE_HOUR NUMBER(38,0),
    CHANGE_DAY_OF_WEEK VARCHAR(20),
    DEVICE_RISK_SCORE NUMBER(38,0),
    PASSWORD_CHANGE_RISK VARCHAR(20),
    CREATED_LOAD_ID NUMBER(38,0),
    CREATED_DATE_TIME TIMESTAMP_NTZ,
    HASH_DIFF VARCHAR(2000),
    IS_CURRENT VARCHAR(10),
    UPDATED_DATE_TIME TIMESTAMP_NTZ,
    UPDATED_LOAD_ID NUMBER(38,0)
    
    )

          
        
         as
        (
    select PASSWORD_CHANGE_ID, CUSTOMER_ID, CHANGE_TIME, CHANGE_CHANNEL, DEVICE_ID, CHANGE_HOUR, CHANGE_DAY_OF_WEEK, DEVICE_RISK_SCORE, PASSWORD_CHANGE_RISK, CREATED_LOAD_ID, CREATED_DATE_TIME, HASH_DIFF, IS_CURRENT, UPDATED_DATE_TIME, UPDATED_LOAD_ID
    from (
        

with source as (
    select
        cast(v.PASSWORD_CHANGE_ID as VARCHAR(100)) as PASSWORD_CHANGE_ID,
        cast(v.CUSTOMER_ID as VARCHAR(50)) as CUSTOMER_ID,
        cast(v.CHANGE_TIME as TIMESTAMP) as CHANGE_TIME,
        cast(v.CHANGE_CHANNEL as VARCHAR(50)) as CHANGE_CHANNEL,
        cast(v.DEVICE_ID as VARCHAR(100)) as DEVICE_ID,
        extract(hour from cast(v.CHANGE_TIME as TIMESTAMP)) as CHANGE_HOUR,
        dayname(cast(v.CHANGE_TIME as TIMESTAMP)) as CHANGE_DAY_OF_WEEK,
        d.DEVICE_RISK_SCORE as DEVICE_RISK_SCORE,
        CASE
            WHEN d.DEVICE_RISK_SCORE >= 80 THEN 'HIGH'
            WHEN extract(hour from cast(v.CHANGE_TIME as TIMESTAMP)) between 0 and 4 THEN 'MEDIUM'
            ELSE 'LOW'
        END as PASSWORD_CHANGE_RISK,
        cast(v.CREATED_LOAD_ID as NUMBER) as CREATED_LOAD_ID,
        v.CREATED_DATE_TIME
    from UPI_FRAUD_MONITORING.TRANSFORM.v_password_change v
    left join UPI_FRAUD_MONITORING.TRANSFORM.sl_device d
        on v.DEVICE_ID = d.DEVICE_ID and d.IS_CURRENT = 'Y'
),

hashed as (
    select
        *,
        md5(
            coalesce(PASSWORD_CHANGE_ID, '^') || '|' ||
            coalesce(CUSTOMER_ID, '^') || '|' ||
            coalesce(cast(CHANGE_TIME as VARCHAR), '^') || '|' ||
            coalesce(CHANGE_CHANNEL, '^') || '|' ||
            coalesce(DEVICE_ID, '^') || '|' ||
            coalesce(cast(DEVICE_RISK_SCORE as VARCHAR), '^') || '|' ||
            coalesce(PASSWORD_CHANGE_RISK, '^')
        ) as HASH_DIFF,
        'Y' as IS_CURRENT,
        NULL::TIMESTAMP_NTZ as UPDATED_DATE_TIME,
        NULL::NUMBER as UPDATED_LOAD_ID
    from source
)



    select * from hashed


    ) as model_subq
        );
[0m04:46:40.065454 [debug] [Thread-2 (]: SQL status: SUCCESS 0 in 0.298 seconds
[0m04:46:40.068514 [info ] [Thread-2 (]: 26 of 30 OK created sql incremental model TRANSFORM.sl_login_activity .......... [[32mSUCCESS 1[0m in 1.73s]
[0m04:46:40.069375 [debug] [Thread-2 (]: Finished running node model.UPI_Fraud_Monitoring.sl_login_activity
[0m04:46:40.478995 [debug] [Thread-3 (]: SQL status: SUCCESS 1 in 0.588 seconds
[0m04:46:40.484315 [debug] [Thread-3 (]: Applying DROP to: UPI_FRAUD_MONITORING.TRANSFORM.sl_watchlist__dbt_tmp
[0m04:46:40.485793 [debug] [Thread-3 (]: Using snowflake connection "model.UPI_Fraud_Monitoring.sl_watchlist"
[0m04:46:40.486415 [debug] [Thread-3 (]: On model.UPI_Fraud_Monitoring.sl_watchlist: /* {"app": "dbt", "dbt_version": "1.9.4", "profile_name": "default", "target_name": "dev", "node_id": "model.UPI_Fraud_Monitoring.sl_watchlist"} */
drop view if exists UPI_FRAUD_MONITORING.TRANSFORM.sl_watchlist__dbt_tmp cascade
[0m04:46:40.542937 [debug] [Thread-3 (]: SQL status: SUCCESS 1 in 0.056 seconds
[0m04:46:40.546170 [debug] [Thread-3 (]: Using snowflake connection "model.UPI_Fraud_Monitoring.sl_watchlist"
[0m04:46:40.546842 [debug] [Thread-3 (]: On model.UPI_Fraud_Monitoring.sl_watchlist: /* {"app": "dbt", "dbt_version": "1.9.4", "profile_name": "default", "target_name": "dev", "node_id": "model.UPI_Fraud_Monitoring.sl_watchlist"} */
UPDATE UPI_FRAUD_MONITORING.TRANSFORM.sl_watchlist t
             SET t.IS_CURRENT = 'N',
                 t.UPDATED_DATE_TIME = CURRENT_TIMESTAMP(),
                 t.UPDATED_LOAD_ID = dup.LATEST_LOAD_ID
             FROM (
                 SELECT WATCHLIST_ID, MAX(CREATED_LOAD_ID) as LATEST_LOAD_ID
                 FROM UPI_FRAUD_MONITORING.TRANSFORM.sl_watchlist
                 WHERE IS_CURRENT = 'Y'
                 GROUP BY WATCHLIST_ID
                 HAVING COUNT(*) > 1
             ) dup
             WHERE t.WATCHLIST_ID = dup.WATCHLIST_ID
               AND t.IS_CURRENT = 'Y'
               AND t.CREATED_LOAD_ID < dup.LATEST_LOAD_ID
[0m04:46:40.652523 [debug] [Thread-5 (]: SQL status: SUCCESS 1 in 0.699 seconds
[0m04:46:40.658116 [debug] [Thread-5 (]: Applying DROP to: UPI_FRAUD_MONITORING.TRANSFORM.sl_password_change__dbt_tmp
[0m04:46:40.659652 [debug] [Thread-5 (]: Using snowflake connection "model.UPI_Fraud_Monitoring.sl_password_change"
[0m04:46:40.660274 [debug] [Thread-5 (]: On model.UPI_Fraud_Monitoring.sl_password_change: /* {"app": "dbt", "dbt_version": "1.9.4", "profile_name": "default", "target_name": "dev", "node_id": "model.UPI_Fraud_Monitoring.sl_password_change"} */
drop view if exists UPI_FRAUD_MONITORING.TRANSFORM.sl_password_change__dbt_tmp cascade
[0m04:46:40.713069 [debug] [Thread-5 (]: SQL status: SUCCESS 1 in 0.052 seconds
[0m04:46:40.716436 [debug] [Thread-5 (]: Using snowflake connection "model.UPI_Fraud_Monitoring.sl_password_change"
[0m04:46:40.717174 [debug] [Thread-5 (]: On model.UPI_Fraud_Monitoring.sl_password_change: /* {"app": "dbt", "dbt_version": "1.9.4", "profile_name": "default", "target_name": "dev", "node_id": "model.UPI_Fraud_Monitoring.sl_password_change"} */
UPDATE UPI_FRAUD_MONITORING.TRANSFORM.sl_password_change t
             SET t.IS_CURRENT = 'N',
                 t.UPDATED_DATE_TIME = CURRENT_TIMESTAMP(),
                 t.UPDATED_LOAD_ID = dup.LATEST_LOAD_ID
             FROM (
                 SELECT PASSWORD_CHANGE_ID, MAX(CREATED_LOAD_ID) as LATEST_LOAD_ID
                 FROM UPI_FRAUD_MONITORING.TRANSFORM.sl_password_change
                 WHERE IS_CURRENT = 'Y'
                 GROUP BY PASSWORD_CHANGE_ID
                 HAVING COUNT(*) > 1
             ) dup
             WHERE t.PASSWORD_CHANGE_ID = dup.PASSWORD_CHANGE_ID
               AND t.IS_CURRENT = 'Y'
               AND t.CREATED_LOAD_ID < dup.LATEST_LOAD_ID
[0m04:46:40.874699 [debug] [Thread-3 (]: SQL status: SUCCESS 0 in 0.327 seconds
[0m04:46:40.877705 [info ] [Thread-3 (]: 28 of 30 OK created sql incremental model TRANSFORM.sl_watchlist ............... [[32mSUCCESS 1[0m in 1.79s]
[0m04:46:40.878521 [debug] [Thread-3 (]: Finished running node model.UPI_Fraud_Monitoring.sl_watchlist
[0m04:46:40.951066 [debug] [Thread-4 (]: SQL status: SUCCESS 1 in 1.059 seconds
[0m04:46:40.956663 [debug] [Thread-4 (]: Applying DROP to: UPI_FRAUD_MONITORING.TRANSFORM.sl_transaction__dbt_tmp
[0m04:46:40.958357 [debug] [Thread-4 (]: Using snowflake connection "model.UPI_Fraud_Monitoring.sl_transaction"
[0m04:46:40.958973 [debug] [Thread-4 (]: On model.UPI_Fraud_Monitoring.sl_transaction: /* {"app": "dbt", "dbt_version": "1.9.4", "profile_name": "default", "target_name": "dev", "node_id": "model.UPI_Fraud_Monitoring.sl_transaction"} */
drop view if exists UPI_FRAUD_MONITORING.TRANSFORM.sl_transaction__dbt_tmp cascade
[0m04:46:41.003602 [debug] [Thread-4 (]: SQL status: SUCCESS 1 in 0.044 seconds
[0m04:46:41.006868 [debug] [Thread-4 (]: Using snowflake connection "model.UPI_Fraud_Monitoring.sl_transaction"
[0m04:46:41.007531 [debug] [Thread-4 (]: On model.UPI_Fraud_Monitoring.sl_transaction: /* {"app": "dbt", "dbt_version": "1.9.4", "profile_name": "default", "target_name": "dev", "node_id": "model.UPI_Fraud_Monitoring.sl_transaction"} */
UPDATE UPI_FRAUD_MONITORING.TRANSFORM.sl_transaction t
             SET t.IS_CURRENT = 'N',
                 t.UPDATED_DATE_TIME = CURRENT_TIMESTAMP(),
                 t.UPDATED_LOAD_ID = dup.LATEST_LOAD_ID
             FROM (
                 SELECT TRANSACTION_ID, MAX(CREATED_LOAD_ID) as LATEST_LOAD_ID
                 FROM UPI_FRAUD_MONITORING.TRANSFORM.sl_transaction
                 WHERE IS_CURRENT = 'Y'
                 GROUP BY TRANSACTION_ID
                 HAVING COUNT(*) > 1
             ) dup
             WHERE t.TRANSACTION_ID = dup.TRANSACTION_ID
               AND t.IS_CURRENT = 'Y'
               AND t.CREATED_LOAD_ID < dup.LATEST_LOAD_ID
[0m04:46:41.042858 [debug] [Thread-5 (]: SQL status: SUCCESS 0 in 0.325 seconds
[0m04:46:41.045828 [info ] [Thread-5 (]: 29 of 30 OK created sql incremental model TRANSFORM.sl_password_change ......... [[32mSUCCESS 1[0m in 1.95s]
[0m04:46:41.046618 [debug] [Thread-5 (]: Finished running node model.UPI_Fraud_Monitoring.sl_password_change
[0m04:46:41.333530 [debug] [Thread-4 (]: SQL status: SUCCESS 0 in 0.325 seconds
[0m04:46:41.336598 [info ] [Thread-4 (]: 27 of 30 OK created sql incremental model TRANSFORM.sl_transaction ............. [[32mSUCCESS 1[0m in 2.59s]
[0m04:46:41.337396 [debug] [Thread-4 (]: Finished running node model.UPI_Fraud_Monitoring.sl_transaction
[0m04:46:41.338704 [debug] [Thread-2 (]: Began running node model.UPI_Fraud_Monitoring.sl_beneficiary
[0m04:46:41.339603 [info ] [Thread-2 (]: 30 of 30 START sql incremental model TRANSFORM.sl_beneficiary .................. [RUN]
[0m04:46:41.340308 [debug] [Thread-2 (]: Re-using an available connection from the pool (formerly model.UPI_Fraud_Monitoring.sl_login_activity, now model.UPI_Fraud_Monitoring.sl_beneficiary)
[0m04:46:41.340900 [debug] [Thread-2 (]: Began compiling node model.UPI_Fraud_Monitoring.sl_beneficiary
[0m04:46:41.347632 [debug] [Thread-2 (]: Writing injected SQL for node "model.UPI_Fraud_Monitoring.sl_beneficiary"
[0m04:46:41.348553 [debug] [Thread-2 (]: Began executing node model.UPI_Fraud_Monitoring.sl_beneficiary
[0m04:46:41.359278 [debug] [Thread-2 (]: Using snowflake connection "model.UPI_Fraud_Monitoring.sl_beneficiary"
[0m04:46:41.360754 [debug] [Thread-2 (]: On model.UPI_Fraud_Monitoring.sl_beneficiary: /* {"app": "dbt", "dbt_version": "1.9.4", "profile_name": "default", "target_name": "dev", "node_id": "model.UPI_Fraud_Monitoring.sl_beneficiary"} */
/* {"app": "dbt", "dbt_version": "1.9.4", "profile_name": "default", "target_name": "dev", "node_id": "model.UPI_Fraud_Monitoring.sl_beneficiary"} */
select * from (
        

with txn_agg as (
    select
        BENEFICIARY_ID,
        sum(cast(TXN_AMOUNT as NUMBER(18,2))) as TXN_AMOUNT,
        count(distinct CUSTOMER_ID) as CNT
    from UPI_FRAUD_MONITORING.TRANSFORM.sl_transaction
    where IS_CURRENT = 'Y'
    group by BENEFICIARY_ID
),

source as (
    select
        cast(b.BENEFICIARY_ID as VARCHAR(100)) as BENEFICIARY_ID,
        cast(b.CUSTOMER_ID as VARCHAR(50)) as CUSTOMER_ID,
        cast(b.BENEFICIARY_NAME as VARCHAR(255)) as BENEFICIARY_NAME,
        cast(b.BENEFICIARY_VPA as VARCHAR(255)) as BENEFICIARY_VPA,
        cast(b.BANK_NAME as VARCHAR(255)) as BANK_NAME,
        b.BENEFICIARY_CREATED_DATE,
        t.TXN_AMOUNT,
        t.CNT,
        CASE
            WHEN EXISTS (
                SELECT 1 FROM UPI_FRAUD_MONITORING.TRANSFORM.sl_watchlist w
                WHERE w.ENTITY_TYPE = 'BENEFICIARY'
                  AND w.ENTITY_ID = b.BENEFICIARY_ID
                  AND w.IS_CURRENT = 'Y'
            ) THEN 'HIGH'
            WHEN t.TXN_AMOUNT > 1000000 THEN 'HIGH'
            WHEN t.CNT > 10 THEN 'HIGH'
            WHEN DATEDIFF(DAY, cast(b.BENEFICIARY_CREATED_DATE as DATE), CURRENT_DATE) < 30 THEN 'MEDIUM'
            ELSE 'LOW'
        END as RISK_RATING,
        cast(b.CREATED_LOAD_ID as NUMBER) as CREATED_LOAD_ID,
        b.CREATED_DATE_TIME
    from UPI_FRAUD_MONITORING.TRANSFORM.v_beneficiary b
    left join txn_agg t on b.BENEFICIARY_ID = t.BENEFICIARY_ID
),

hashed as (
    select
        BENEFICIARY_ID, CUSTOMER_ID, BENEFICIARY_NAME, BENEFICIARY_VPA,
        BANK_NAME, RISK_RATING,
        md5(
            coalesce(BENEFICIARY_ID, '^') || '|' ||
            coalesce(CUSTOMER_ID, '^') || '|' ||
            coalesce(BENEFICIARY_NAME, '^') || '|' ||
            coalesce(BENEFICIARY_VPA, '^') || '|' ||
            coalesce(BANK_NAME, '^') || '|' ||
            coalesce(RISK_RATING, '^')
        ) as HASH_DIFF,
        'Y' as IS_CURRENT,
        CREATED_LOAD_ID, CREATED_DATE_TIME,
        NULL::TIMESTAMP_NTZ as UPDATED_DATE_TIME,
        NULL::NUMBER as UPDATED_LOAD_ID
    from source
)



    select * from hashed


    ) as __dbt_sbq
    where false
    limit 0
[0m04:46:41.362283 [debug] [Thread-2 (]: Opening a new connection, currently in state init
[0m04:46:41.917833 [debug] [Thread-2 (]: SQL status: SUCCESS 0 in 0.556 seconds
[0m04:46:41.925758 [debug] [Thread-2 (]: Using snowflake connection "model.UPI_Fraud_Monitoring.sl_beneficiary"
[0m04:46:41.927139 [debug] [Thread-2 (]: On model.UPI_Fraud_Monitoring.sl_beneficiary: /* {"app": "dbt", "dbt_version": "1.9.4", "profile_name": "default", "target_name": "dev", "node_id": "model.UPI_Fraud_Monitoring.sl_beneficiary"} */
/* {"app": "dbt", "dbt_version": "1.9.4", "profile_name": "default", "target_name": "dev", "node_id": "model.UPI_Fraud_Monitoring.sl_beneficiary"} */
select * from (
        select
    
      
    cast(null as VARCHAR(100))
     as BENEFICIARY_ID, 
      
    cast(null as VARCHAR(50))
     as CUSTOMER_ID, 
      
    cast(null as VARCHAR(255))
     as BENEFICIARY_NAME, 
      
    cast(null as VARCHAR(255))
     as BENEFICIARY_VPA, 
      
    cast(null as VARCHAR(255))
     as BANK_NAME, 
      
    cast(null as VARCHAR(20))
     as RISK_RATING, 
      
    cast(null as VARCHAR(2000))
     as HASH_DIFF, 
      
    cast(null as VARCHAR(10))
     as IS_CURRENT, 
      
    cast(null as NUMBER(38,0))
     as CREATED_LOAD_ID, 
      
    cast(null as TIMESTAMP_NTZ)
     as CREATED_DATE_TIME, 
      
    cast(null as TIMESTAMP_NTZ)
     as UPDATED_DATE_TIME, 
      
    cast(null as NUMBER(38,0))
     as UPDATED_LOAD_ID
    ) as __dbt_sbq
    where false
    limit 0
[0m04:46:41.973596 [debug] [Thread-2 (]: SQL status: SUCCESS 0 in 0.045 seconds
[0m04:46:41.977258 [debug] [Thread-2 (]: Writing runtime sql for node "model.UPI_Fraud_Monitoring.sl_beneficiary"
[0m04:46:41.981155 [debug] [Thread-2 (]: Using snowflake connection "model.UPI_Fraud_Monitoring.sl_beneficiary"
[0m04:46:41.981979 [debug] [Thread-2 (]: On model.UPI_Fraud_Monitoring.sl_beneficiary: /* {"app": "dbt", "dbt_version": "1.9.4", "profile_name": "default", "target_name": "dev", "node_id": "model.UPI_Fraud_Monitoring.sl_beneficiary"} */
create or replace transient table UPI_FRAUD_MONITORING.TRANSFORM.sl_beneficiary
          
  (
    BENEFICIARY_ID VARCHAR(100) not null,
    CUSTOMER_ID VARCHAR(50),
    BENEFICIARY_NAME VARCHAR(255),
    BENEFICIARY_VPA VARCHAR(255),
    BANK_NAME VARCHAR(255),
    RISK_RATING VARCHAR(20),
    HASH_DIFF VARCHAR(2000),
    IS_CURRENT VARCHAR(10),
    CREATED_LOAD_ID NUMBER(38,0),
    CREATED_DATE_TIME TIMESTAMP_NTZ,
    UPDATED_DATE_TIME TIMESTAMP_NTZ,
    UPDATED_LOAD_ID NUMBER(38,0)
    
    )

          
        
         as
        (
    select BENEFICIARY_ID, CUSTOMER_ID, BENEFICIARY_NAME, BENEFICIARY_VPA, BANK_NAME, RISK_RATING, HASH_DIFF, IS_CURRENT, CREATED_LOAD_ID, CREATED_DATE_TIME, UPDATED_DATE_TIME, UPDATED_LOAD_ID
    from (
        

with txn_agg as (
    select
        BENEFICIARY_ID,
        sum(cast(TXN_AMOUNT as NUMBER(18,2))) as TXN_AMOUNT,
        count(distinct CUSTOMER_ID) as CNT
    from UPI_FRAUD_MONITORING.TRANSFORM.sl_transaction
    where IS_CURRENT = 'Y'
    group by BENEFICIARY_ID
),

source as (
    select
        cast(b.BENEFICIARY_ID as VARCHAR(100)) as BENEFICIARY_ID,
        cast(b.CUSTOMER_ID as VARCHAR(50)) as CUSTOMER_ID,
        cast(b.BENEFICIARY_NAME as VARCHAR(255)) as BENEFICIARY_NAME,
        cast(b.BENEFICIARY_VPA as VARCHAR(255)) as BENEFICIARY_VPA,
        cast(b.BANK_NAME as VARCHAR(255)) as BANK_NAME,
        b.BENEFICIARY_CREATED_DATE,
        t.TXN_AMOUNT,
        t.CNT,
        CASE
            WHEN EXISTS (
                SELECT 1 FROM UPI_FRAUD_MONITORING.TRANSFORM.sl_watchlist w
                WHERE w.ENTITY_TYPE = 'BENEFICIARY'
                  AND w.ENTITY_ID = b.BENEFICIARY_ID
                  AND w.IS_CURRENT = 'Y'
            ) THEN 'HIGH'
            WHEN t.TXN_AMOUNT > 1000000 THEN 'HIGH'
            WHEN t.CNT > 10 THEN 'HIGH'
            WHEN DATEDIFF(DAY, cast(b.BENEFICIARY_CREATED_DATE as DATE), CURRENT_DATE) < 30 THEN 'MEDIUM'
            ELSE 'LOW'
        END as RISK_RATING,
        cast(b.CREATED_LOAD_ID as NUMBER) as CREATED_LOAD_ID,
        b.CREATED_DATE_TIME
    from UPI_FRAUD_MONITORING.TRANSFORM.v_beneficiary b
    left join txn_agg t on b.BENEFICIARY_ID = t.BENEFICIARY_ID
),

hashed as (
    select
        BENEFICIARY_ID, CUSTOMER_ID, BENEFICIARY_NAME, BENEFICIARY_VPA,
        BANK_NAME, RISK_RATING,
        md5(
            coalesce(BENEFICIARY_ID, '^') || '|' ||
            coalesce(CUSTOMER_ID, '^') || '|' ||
            coalesce(BENEFICIARY_NAME, '^') || '|' ||
            coalesce(BENEFICIARY_VPA, '^') || '|' ||
            coalesce(BANK_NAME, '^') || '|' ||
            coalesce(RISK_RATING, '^')
        ) as HASH_DIFF,
        'Y' as IS_CURRENT,
        CREATED_LOAD_ID, CREATED_DATE_TIME,
        NULL::TIMESTAMP_NTZ as UPDATED_DATE_TIME,
        NULL::NUMBER as UPDATED_LOAD_ID
    from source
)



    select * from hashed


    ) as model_subq
        );
[0m04:46:42.609428 [debug] [Thread-2 (]: SQL status: SUCCESS 1 in 0.627 seconds
[0m04:46:42.614792 [debug] [Thread-2 (]: Applying DROP to: UPI_FRAUD_MONITORING.TRANSFORM.sl_beneficiary__dbt_tmp
[0m04:46:42.616278 [debug] [Thread-2 (]: Using snowflake connection "model.UPI_Fraud_Monitoring.sl_beneficiary"
[0m04:46:42.616963 [debug] [Thread-2 (]: On model.UPI_Fraud_Monitoring.sl_beneficiary: /* {"app": "dbt", "dbt_version": "1.9.4", "profile_name": "default", "target_name": "dev", "node_id": "model.UPI_Fraud_Monitoring.sl_beneficiary"} */
drop view if exists UPI_FRAUD_MONITORING.TRANSFORM.sl_beneficiary__dbt_tmp cascade
[0m04:46:42.661442 [debug] [Thread-2 (]: SQL status: SUCCESS 1 in 0.044 seconds
[0m04:46:42.664651 [debug] [Thread-2 (]: Using snowflake connection "model.UPI_Fraud_Monitoring.sl_beneficiary"
[0m04:46:42.665296 [debug] [Thread-2 (]: On model.UPI_Fraud_Monitoring.sl_beneficiary: /* {"app": "dbt", "dbt_version": "1.9.4", "profile_name": "default", "target_name": "dev", "node_id": "model.UPI_Fraud_Monitoring.sl_beneficiary"} */
UPDATE UPI_FRAUD_MONITORING.TRANSFORM.sl_beneficiary t
             SET t.IS_CURRENT = 'N',
                 t.UPDATED_DATE_TIME = CURRENT_TIMESTAMP(),
                 t.UPDATED_LOAD_ID = dup.LATEST_LOAD_ID
             FROM (
                 SELECT BENEFICIARY_ID, MAX(CREATED_LOAD_ID) as LATEST_LOAD_ID
                 FROM UPI_FRAUD_MONITORING.TRANSFORM.sl_beneficiary
                 WHERE IS_CURRENT = 'Y'
                 GROUP BY BENEFICIARY_ID
                 HAVING COUNT(*) > 1
             ) dup
             WHERE t.BENEFICIARY_ID = dup.BENEFICIARY_ID
               AND t.IS_CURRENT = 'Y'
               AND t.CREATED_LOAD_ID < dup.LATEST_LOAD_ID
[0m04:46:42.962035 [debug] [Thread-2 (]: SQL status: SUCCESS 0 in 0.296 seconds
[0m04:46:42.965402 [info ] [Thread-2 (]: 30 of 30 OK created sql incremental model TRANSFORM.sl_beneficiary ............. [[32mSUCCESS 1[0m in 1.62s]
[0m04:46:42.966198 [debug] [Thread-2 (]: Finished running node model.UPI_Fraud_Monitoring.sl_beneficiary
[0m04:46:42.969726 [debug] [Dummy-1   ]: Connection 'master' was properly closed.
[0m04:46:42.970622 [debug] [Dummy-1   ]: Connection 'model.UPI_Fraud_Monitoring.sl_beneficiary' was properly closed.
[0m04:46:42.971262 [debug] [Dummy-1   ]: Connection 'model.UPI_Fraud_Monitoring.sl_watchlist' was properly closed.
[0m04:46:42.971727 [debug] [Dummy-1   ]: Connection 'model.UPI_Fraud_Monitoring.sl_transaction' was properly closed.
[0m04:46:42.972149 [debug] [Dummy-1   ]: Connection 'model.UPI_Fraud_Monitoring.sl_password_change' was properly closed.
[0m04:46:42.972939 [info ] [Dummy-1   ]: 
[0m04:46:42.973442 [info ] [Dummy-1   ]: Finished running 10 incremental models, 20 view models in 0 hours 0 minutes and 10.89 seconds (10.89s).
[0m04:46:42.977597 [debug] [Dummy-1   ]: Command end result
[0m04:46:43.015706 [debug] [Dummy-1   ]: Wrote artifact WritableManifest to /tmp/dbt/target/manifest.json
[0m04:46:43.018222 [debug] [Dummy-1   ]: Wrote artifact SemanticManifest to /tmp/dbt/target/semantic_manifest.json
[0m04:46:43.026117 [debug] [Dummy-1   ]: Wrote artifact RunExecutionResult to /tmp/dbt/target/run_results.json
[0m04:46:43.026688 [info ] [Dummy-1   ]: 
[0m04:46:43.027309 [info ] [Dummy-1   ]: [32mCompleted successfully[0m
[0m04:46:43.027845 [info ] [Dummy-1   ]: 
[0m04:46:43.028340 [info ] [Dummy-1   ]: Done. PASS=30 WARN=0 ERROR=0 SKIP=0 TOTAL=30
[0m04:46:43.030359 [debug] [Dummy-1   ]: Resource report: {"command_name": "run", "command_success": true, "command_wall_clock_time": 13.116203, "process_in_blocks": "0", "process_kernel_time": 1.24, "process_mem_max_rss": "473340", "process_out_blocks": "0", "process_user_time": 7.25}
[0m04:46:43.031022 [debug] [Dummy-1   ]: Command `cli run` succeeded at 04:46:43.030749 after 13.12 seconds
[0m04:46:43.031596 [debug] [Dummy-1   ]: Flushing usage events


============================== 04:59:41.893128 | 0237e288-1439-4346-b6ec-8eb4f750be03 ==============================
[0m04:59:41.893128 [info ] [Dummy-1   ]: Running with dbt=1.9.4
[0m04:59:41.894089 [debug] [Dummy-1   ]: running dbt with arguments {'printer_width': '80', 'indirect_selection': 'eager', 'write_json': 'True', 'log_cache_events': 'False', 'partial_parse': 'True', 'cache_selected_only': 'False', 'profiles_dir': '/tmp/dbt_effective_profiles_nh6dphcy', 'fail_fast': 'False', 'version_check': 'True', 'log_path': '/tmp/dbt/logs', 'warn_error': 'None', 'debug': 'False', 'use_colors': 'True', 'use_experimental_parser': 'False', 'no_print': 'None', 'quiet': 'False', 'empty': 'None', 'log_format': 'default', 'introspect': 'True', 'warn_error_options': 'WarnErrorOptions(include=[], exclude=[])', 'invocation_command': 'dbt ', 'target_path': 'None', 'static_parser': 'True', 'send_anonymous_usage_stats': 'False'}
[0m04:59:42.174944 [info ] [Dummy-1   ]: Registered adapter: snowflake=1.9.2
[0m04:59:42.719117 [debug] [Dummy-1   ]: checksum: 53ed91fada2233efb98368d1716b44ab532c83a9c293cf1890b7905d5b45fb25, vars: {}, profile: , target: dev, version: 1.9.4
[0m04:59:42.969418 [info ] [Dummy-1   ]: Unable to do partial parsing because a project config has changed
[0m04:59:45.134210 [debug] [Dummy-1   ]: Wrote artifact WritableManifest to /tmp/dbt/target/manifest.json
[0m04:59:45.136635 [debug] [Dummy-1   ]: Wrote artifact SemanticManifest to /tmp/dbt/target/semantic_manifest.json
[0m04:59:45.183699 [info ] [Dummy-1   ]: Found 31 models, 1 seed, 20 data tests, 10 sources, 478 macros
[0m04:59:45.186252 [info ] [Dummy-1   ]: 
[0m04:59:45.186773 [info ] [Dummy-1   ]: Concurrency: 4 threads (target='dev')
[0m04:59:45.187201 [info ] [Dummy-1   ]: 
[0m04:59:45.187923 [debug] [Dummy-1   ]: Acquiring new snowflake connection 'master'
[0m04:59:45.190228 [debug] [ThreadPool]: Acquiring new snowflake connection 'list_UPI_FRAUD_MONITORING'
[0m04:59:45.275356 [debug] [ThreadPool]: Using snowflake connection "list_UPI_FRAUD_MONITORING"
[0m04:59:45.275910 [debug] [ThreadPool]: On list_UPI_FRAUD_MONITORING: /* {"app": "dbt", "dbt_version": "1.9.4", "profile_name": "default", "target_name": "dev", "connection_name": "list_UPI_FRAUD_MONITORING"} */
show terse schemas in database UPI_FRAUD_MONITORING
    limit 10000
[0m04:59:45.276433 [debug] [ThreadPool]: Opening a new connection, currently in state init
[0m04:59:46.057852 [debug] [ThreadPool]: SQL status: SUCCESS 5 in 0.781 seconds
[0m04:59:46.067735 [debug] [ThreadPool]: Re-using an available connection from the pool (formerly list_UPI_FRAUD_MONITORING, now list_UPI_FRAUD_MONITORING_TRANSFORM)
[0m04:59:46.069801 [debug] [ThreadPool]: Acquiring new snowflake connection 'list_UPI_FRAUD_MONITORING_ANALYTICS'
[0m04:59:46.083527 [debug] [ThreadPool]: Using snowflake connection "list_UPI_FRAUD_MONITORING_TRANSFORM"
[0m04:59:46.088422 [debug] [ThreadPool]: Using snowflake connection "list_UPI_FRAUD_MONITORING_ANALYTICS"
[0m04:59:46.089040 [debug] [ThreadPool]: On list_UPI_FRAUD_MONITORING_TRANSFORM: /* {"app": "dbt", "dbt_version": "1.9.4", "profile_name": "default", "target_name": "dev", "connection_name": "list_UPI_FRAUD_MONITORING_TRANSFORM"} */
alter session set quoted_identifiers_ignore_case = false;
[0m04:59:46.089557 [debug] [ThreadPool]: On list_UPI_FRAUD_MONITORING_ANALYTICS: /* {"app": "dbt", "dbt_version": "1.9.4", "profile_name": "default", "target_name": "dev", "connection_name": "list_UPI_FRAUD_MONITORING_ANALYTICS"} */
alter session set quoted_identifiers_ignore_case = false;
[0m04:59:46.090014 [debug] [ThreadPool]: Opening a new connection, currently in state init
[0m04:59:46.090455 [debug] [ThreadPool]: Opening a new connection, currently in state init
[0m04:59:46.841005 [debug] [ThreadPool]: SQL status: SUCCESS 1 in 0.750 seconds
[0m04:59:46.845532 [debug] [ThreadPool]: Using snowflake connection "list_UPI_FRAUD_MONITORING_ANALYTICS"
[0m04:59:46.846058 [debug] [ThreadPool]: On list_UPI_FRAUD_MONITORING_ANALYTICS: /* {"app": "dbt", "dbt_version": "1.9.4", "profile_name": "default", "target_name": "dev", "connection_name": "list_UPI_FRAUD_MONITORING_ANALYTICS"} */
show objects in UPI_FRAUD_MONITORING.ANALYTICS
    limit 10000
    
;
[0m04:59:46.908905 [debug] [ThreadPool]: SQL status: SUCCESS 1 in 0.819 seconds
[0m04:59:46.910819 [debug] [ThreadPool]: Using snowflake connection "list_UPI_FRAUD_MONITORING_TRANSFORM"
[0m04:59:46.911322 [debug] [ThreadPool]: On list_UPI_FRAUD_MONITORING_TRANSFORM: /* {"app": "dbt", "dbt_version": "1.9.4", "profile_name": "default", "target_name": "dev", "connection_name": "list_UPI_FRAUD_MONITORING_TRANSFORM"} */
show objects in UPI_FRAUD_MONITORING.TRANSFORM
    limit 10000
    
;
[0m04:59:46.988156 [debug] [ThreadPool]: SQL status: SUCCESS 0 in 0.141 seconds
[0m04:59:46.990530 [debug] [ThreadPool]: Using snowflake connection "list_UPI_FRAUD_MONITORING_ANALYTICS"
[0m04:59:46.991067 [debug] [ThreadPool]: On list_UPI_FRAUD_MONITORING_ANALYTICS: /* {"app": "dbt", "dbt_version": "1.9.4", "profile_name": "default", "target_name": "dev", "connection_name": "list_UPI_FRAUD_MONITORING_ANALYTICS"} */
alter session unset quoted_identifiers_ignore_case;
[0m04:59:47.137664 [debug] [ThreadPool]: SQL status: SUCCESS 1 in 0.146 seconds
[0m04:59:47.249462 [debug] [ThreadPool]: SQL status: SUCCESS 30 in 0.338 seconds
[0m04:59:47.252147 [debug] [ThreadPool]: Using snowflake connection "list_UPI_FRAUD_MONITORING_TRANSFORM"
[0m04:59:47.252763 [debug] [ThreadPool]: On list_UPI_FRAUD_MONITORING_TRANSFORM: /* {"app": "dbt", "dbt_version": "1.9.4", "profile_name": "default", "target_name": "dev", "connection_name": "list_UPI_FRAUD_MONITORING_TRANSFORM"} */
alter session unset quoted_identifiers_ignore_case;
[0m04:59:47.320770 [debug] [ThreadPool]: SQL status: SUCCESS 1 in 0.067 seconds
[0m04:59:47.341188 [debug] [Thread-2 (]: Began running node seed.UPI_Fraud_Monitoring.dim_fraud_rule
[0m04:59:47.342027 [info ] [Thread-2 (]: 1 of 1 START seed file TRANSFORM.dim_fraud_rule ................................ [RUN]
[0m04:59:47.343078 [debug] [Thread-2 (]: Re-using an available connection from the pool (formerly list_UPI_FRAUD_MONITORING_TRANSFORM, now seed.UPI_Fraud_Monitoring.dim_fraud_rule)
[0m04:59:47.343617 [debug] [Thread-2 (]: Began compiling node seed.UPI_Fraud_Monitoring.dim_fraud_rule
[0m04:59:47.344138 [debug] [Thread-2 (]: Began executing node seed.UPI_Fraud_Monitoring.dim_fraud_rule
[0m04:59:47.380566 [debug] [Thread-2 (]: Using snowflake connection "seed.UPI_Fraud_Monitoring.dim_fraud_rule"
[0m04:59:47.381208 [debug] [Thread-2 (]: On seed.UPI_Fraud_Monitoring.dim_fraud_rule: /* {"app": "dbt", "dbt_version": "1.9.4", "profile_name": "default", "target_name": "dev", "node_id": "seed.UPI_Fraud_Monitoring.dim_fraud_rule"} */
create table UPI_FRAUD_MONITORING.TRANSFORM.dim_fraud_rule ("FRAUD_CODE" text,"FRAUD_NAME" text,"RISK_LEVEL" text,"RULE_CATEGORY" text,"RULE_DESCRIPTION" text)
[0m04:59:47.381717 [debug] [Thread-2 (]: Opening a new connection, currently in state init
[0m04:59:48.190779 [debug] [Thread-2 (]: SQL status: SUCCESS 1 in 0.809 seconds
[0m04:59:48.206241 [debug] [Thread-2 (]: Using snowflake connection "seed.UPI_Fraud_Monitoring.dim_fraud_rule"
[0m04:59:48.206865 [debug] [Thread-2 (]: On seed.UPI_Fraud_Monitoring.dim_fraud_rule: /* {"app": "dbt", "dbt_version": "1.9.4", "profile_name": "default", "target_name": "dev", "node_id": "seed.UPI_Fraud_Monitoring.dim_fraud_rule"} */
BEGIN
[0m04:59:48.316101 [debug] [Thread-2 (]: SQL status: SUCCESS 1 in 0.109 seconds
[0m04:59:48.317363 [debug] [Thread-2 (]: Using snowflake connection "seed.UPI_Fraud_Monitoring.dim_fraud_rule"
[0m04:59:48.317934 [debug] [Thread-2 (]: On seed.UPI_Fraud_Monitoring.dim_fraud_rule: /* {"app": "dbt", "dbt_version": "1.9.4", "profile_name": "default", "target_name": "dev", "node_id": "seed.UPI_Fraud_Monitoring.dim_fraud_rule"} */
insert into UPI_FRAUD_MONITORING.TRANSFORM.dim_fraud_rule ("FRAUD_CODE", "FRAUD_NAME", "RISK_LEVEL", "RULE_CATEGORY", "RULE_DESCRIPTION") values
            (%s,%s,%s,%s,%s),(%s,%s,%s,%s,%s),(%s,%s,%s,%s,%s),(%s,%s,%s,%s,%s),(%s,%s,%s,%s,%s),(%s,%s,%s,%s,%s),(%s,%s,%s,%s,%s),(%s,%s,%s,%s,%s),(%s,%s,%s,%s,%s),(%s,%s,%s,%s,%s),(%s,%s,%s,%s,%s),(%s,%s,%s,%s,%s),(%...
[0m04:59:48.807729 [debug] [Thread-2 (]: SQL status: SUCCESS 15 in 0.489 seconds
[0m04:59:48.808590 [debug] [Thread-2 (]: Using snowflake connection "seed.UPI_Fraud_Monitoring.dim_fraud_rule"
[0m04:59:48.809097 [debug] [Thread-2 (]: On seed.UPI_Fraud_Monitoring.dim_fraud_rule: /* {"app": "dbt", "dbt_version": "1.9.4", "profile_name": "default", "target_name": "dev", "node_id": "seed.UPI_Fraud_Monitoring.dim_fraud_rule"} */
COMMIT
[0m04:59:49.269554 [debug] [Thread-2 (]: SQL status: SUCCESS 1 in 0.460 seconds
[0m04:59:49.275477 [debug] [Thread-2 (]: Writing runtime SQL for node "seed.UPI_Fraud_Monitoring.dim_fraud_rule"
[0m04:59:49.300849 [info ] [Thread-2 (]: 1 of 1 OK loaded seed file TRANSFORM.dim_fraud_rule ............................ [[32mINSERT 15[0m in 1.96s]
[0m04:59:49.301607 [debug] [Thread-2 (]: Finished running node seed.UPI_Fraud_Monitoring.dim_fraud_rule
[0m04:59:49.304411 [debug] [Dummy-1   ]: Connection 'master' was properly closed.
[0m04:59:49.304906 [debug] [Dummy-1   ]: Connection 'seed.UPI_Fraud_Monitoring.dim_fraud_rule' was properly closed.
[0m04:59:49.305304 [debug] [Dummy-1   ]: Connection 'list_UPI_FRAUD_MONITORING_ANALYTICS' was properly closed.
[0m04:59:49.305722 [info ] [Dummy-1   ]: 
[0m04:59:49.306156 [info ] [Dummy-1   ]: Finished running 1 seed in 0 hours 0 minutes and 4.12 seconds (4.12s).
[0m04:59:49.306881 [debug] [Dummy-1   ]: Command end result
[0m04:59:49.342233 [debug] [Dummy-1   ]: Wrote artifact WritableManifest to /tmp/dbt/target/manifest.json
[0m04:59:49.344215 [debug] [Dummy-1   ]: Wrote artifact SemanticManifest to /tmp/dbt/target/semantic_manifest.json
[0m04:59:49.349830 [debug] [Dummy-1   ]: Wrote artifact RunExecutionResult to /tmp/dbt/target/run_results.json
[0m04:59:49.350249 [info ] [Dummy-1   ]: 
[0m04:59:49.350801 [info ] [Dummy-1   ]: [32mCompleted successfully[0m
[0m04:59:49.351212 [info ] [Dummy-1   ]: 
[0m04:59:49.351663 [info ] [Dummy-1   ]: Done. PASS=1 WARN=0 ERROR=0 SKIP=0 TOTAL=1
[0m04:59:49.353291 [debug] [Dummy-1   ]: Resource report: {"command_name": "seed", "command_success": true, "command_wall_clock_time": 7.5344443, "process_in_blocks": "0", "process_kernel_time": 0.89, "process_mem_max_rss": "520484", "process_out_blocks": "0", "process_user_time": 6.11}
[0m04:59:49.353897 [debug] [Dummy-1   ]: Command `cli seed` succeeded at 04:59:49.353648 after 7.54 seconds
[0m04:59:49.354396 [debug] [Dummy-1   ]: Flushing usage events


============================== 05:00:19.653948 | a26ecaeb-60cd-4007-a3fc-702961ec8ef7 ==============================
[0m05:00:19.653948 [info ] [Dummy-1   ]: Running with dbt=1.9.4
[0m05:00:19.654849 [debug] [Dummy-1   ]: running dbt with arguments {'printer_width': '80', 'indirect_selection': 'eager', 'write_json': 'True', 'log_cache_events': 'False', 'partial_parse': 'True', 'cache_selected_only': 'False', 'warn_error': 'None', 'debug': 'False', 'fail_fast': 'False', 'log_path': '/tmp/dbt/logs', 'version_check': 'True', 'profiles_dir': '/tmp/dbt_effective_profiles_n2cnligk', 'use_colors': 'True', 'use_experimental_parser': 'False', 'empty': 'False', 'quiet': 'False', 'no_print': 'None', 'log_format': 'default', 'introspect': 'True', 'warn_error_options': 'WarnErrorOptions(include=[], exclude=[])', 'static_parser': 'True', 'target_path': 'None', 'invocation_command': 'dbt ', 'send_anonymous_usage_stats': 'False'}
[0m05:00:19.932131 [info ] [Dummy-1   ]: Registered adapter: snowflake=1.9.2
[0m05:00:20.486829 [debug] [Dummy-1   ]: checksum: 53ed91fada2233efb98368d1716b44ab532c83a9c293cf1890b7905d5b45fb25, vars: {}, profile: , target: dev, version: 1.9.4
[0m05:00:20.815504 [debug] [Dummy-1   ]: Partial parsing enabled: 0 files deleted, 0 files added, 0 files changed.
[0m05:00:20.816094 [debug] [Dummy-1   ]: Partial parsing enabled, no changes found, skipping parsing
[0m05:00:20.991244 [debug] [Dummy-1   ]: Wrote artifact WritableManifest to /tmp/dbt/target/manifest.json
[0m05:00:20.993521 [debug] [Dummy-1   ]: Wrote artifact SemanticManifest to /tmp/dbt/target/semantic_manifest.json
[0m05:00:21.043537 [info ] [Dummy-1   ]: Found 31 models, 1 seed, 20 data tests, 10 sources, 478 macros
[0m05:00:21.046202 [info ] [Dummy-1   ]: 
[0m05:00:21.046801 [info ] [Dummy-1   ]: Concurrency: 4 threads (target='dev')
[0m05:00:21.047251 [info ] [Dummy-1   ]: 
[0m05:00:21.048006 [debug] [Dummy-1   ]: Acquiring new snowflake connection 'master'
[0m05:00:21.050788 [debug] [ThreadPool]: Acquiring new snowflake connection 'list_UPI_FRAUD_MONITORING'
[0m05:00:21.158183 [debug] [ThreadPool]: Using snowflake connection "list_UPI_FRAUD_MONITORING"
[0m05:00:21.158759 [debug] [ThreadPool]: On list_UPI_FRAUD_MONITORING: /* {"app": "dbt", "dbt_version": "1.9.4", "profile_name": "default", "target_name": "dev", "connection_name": "list_UPI_FRAUD_MONITORING"} */
show terse schemas in database UPI_FRAUD_MONITORING
    limit 10000
[0m05:00:21.159217 [debug] [ThreadPool]: Opening a new connection, currently in state init
[0m05:00:21.534309 [debug] [ThreadPool]: SQL status: SUCCESS 5 in 0.375 seconds
[0m05:00:21.544107 [debug] [ThreadPool]: Re-using an available connection from the pool (formerly list_UPI_FRAUD_MONITORING, now list_UPI_FRAUD_MONITORING_TRANSFORM)
[0m05:00:21.546180 [debug] [ThreadPool]: Acquiring new snowflake connection 'list_UPI_FRAUD_MONITORING_ANALYTICS'
[0m05:00:21.559630 [debug] [ThreadPool]: Using snowflake connection "list_UPI_FRAUD_MONITORING_TRANSFORM"
[0m05:00:21.563559 [debug] [ThreadPool]: Using snowflake connection "list_UPI_FRAUD_MONITORING_ANALYTICS"
[0m05:00:21.564176 [debug] [ThreadPool]: On list_UPI_FRAUD_MONITORING_TRANSFORM: /* {"app": "dbt", "dbt_version": "1.9.4", "profile_name": "default", "target_name": "dev", "connection_name": "list_UPI_FRAUD_MONITORING_TRANSFORM"} */
alter session set quoted_identifiers_ignore_case = false;
[0m05:00:21.564796 [debug] [ThreadPool]: On list_UPI_FRAUD_MONITORING_ANALYTICS: /* {"app": "dbt", "dbt_version": "1.9.4", "profile_name": "default", "target_name": "dev", "connection_name": "list_UPI_FRAUD_MONITORING_ANALYTICS"} */
alter session set quoted_identifiers_ignore_case = false;
[0m05:00:21.565276 [debug] [ThreadPool]: Opening a new connection, currently in state init
[0m05:00:21.565701 [debug] [ThreadPool]: Opening a new connection, currently in state init
[0m05:00:21.936730 [debug] [ThreadPool]: SQL status: SUCCESS 1 in 0.371 seconds
[0m05:00:21.941362 [debug] [ThreadPool]: Using snowflake connection "list_UPI_FRAUD_MONITORING_ANALYTICS"
[0m05:00:21.941925 [debug] [ThreadPool]: On list_UPI_FRAUD_MONITORING_ANALYTICS: /* {"app": "dbt", "dbt_version": "1.9.4", "profile_name": "default", "target_name": "dev", "connection_name": "list_UPI_FRAUD_MONITORING_ANALYTICS"} */
show objects in UPI_FRAUD_MONITORING.ANALYTICS
    limit 10000
    
;
[0m05:00:21.942590 [debug] [ThreadPool]: SQL status: SUCCESS 1 in 0.377 seconds
[0m05:00:21.944812 [debug] [ThreadPool]: Using snowflake connection "list_UPI_FRAUD_MONITORING_TRANSFORM"
[0m05:00:21.945318 [debug] [ThreadPool]: On list_UPI_FRAUD_MONITORING_TRANSFORM: /* {"app": "dbt", "dbt_version": "1.9.4", "profile_name": "default", "target_name": "dev", "connection_name": "list_UPI_FRAUD_MONITORING_TRANSFORM"} */
show objects in UPI_FRAUD_MONITORING.TRANSFORM
    limit 10000
    
;
[0m05:00:22.023523 [debug] [ThreadPool]: SQL status: SUCCESS 0 in 0.080 seconds
[0m05:00:22.025594 [debug] [ThreadPool]: Using snowflake connection "list_UPI_FRAUD_MONITORING_ANALYTICS"
[0m05:00:22.026126 [debug] [ThreadPool]: On list_UPI_FRAUD_MONITORING_ANALYTICS: /* {"app": "dbt", "dbt_version": "1.9.4", "profile_name": "default", "target_name": "dev", "connection_name": "list_UPI_FRAUD_MONITORING_ANALYTICS"} */
alter session unset quoted_identifiers_ignore_case;
[0m05:00:22.073180 [debug] [ThreadPool]: SQL status: SUCCESS 31 in 0.127 seconds
[0m05:00:22.075976 [debug] [ThreadPool]: Using snowflake connection "list_UPI_FRAUD_MONITORING_TRANSFORM"
[0m05:00:22.076594 [debug] [ThreadPool]: On list_UPI_FRAUD_MONITORING_TRANSFORM: /* {"app": "dbt", "dbt_version": "1.9.4", "profile_name": "default", "target_name": "dev", "connection_name": "list_UPI_FRAUD_MONITORING_TRANSFORM"} */
alter session unset quoted_identifiers_ignore_case;
[0m05:00:22.084924 [debug] [ThreadPool]: SQL status: SUCCESS 1 in 0.058 seconds
[0m05:00:22.580450 [debug] [ThreadPool]: SQL status: SUCCESS 1 in 0.503 seconds
[0m05:00:22.601876 [debug] [Thread-2 (]: Began running node model.UPI_Fraud_Monitoring.gld_rule_result
[0m05:00:22.602688 [info ] [Thread-2 (]: 1 of 1 START sql incremental model ANALYTICS.gld_rule_result ................... [RUN]
[0m05:00:22.603753 [debug] [Thread-2 (]: Re-using an available connection from the pool (formerly list_UPI_FRAUD_MONITORING_TRANSFORM, now model.UPI_Fraud_Monitoring.gld_rule_result)
[0m05:00:22.604257 [debug] [Thread-2 (]: Began compiling node model.UPI_Fraud_Monitoring.gld_rule_result
[0m05:00:22.620833 [debug] [Thread-2 (]: Writing injected SQL for node "model.UPI_Fraud_Monitoring.gld_rule_result"
[0m05:00:22.621692 [debug] [Thread-2 (]: Began executing node model.UPI_Fraud_Monitoring.gld_rule_result
[0m05:00:22.684907 [debug] [Thread-2 (]: Writing runtime sql for node "model.UPI_Fraud_Monitoring.gld_rule_result"
[0m05:00:22.688953 [debug] [Thread-2 (]: Using snowflake connection "model.UPI_Fraud_Monitoring.gld_rule_result"
[0m05:00:22.689728 [debug] [Thread-2 (]: On model.UPI_Fraud_Monitoring.gld_rule_result: /* {"app": "dbt", "dbt_version": "1.9.4", "profile_name": "default", "target_name": "dev", "node_id": "model.UPI_Fraud_Monitoring.gld_rule_result"} */
create or replace transient table UPI_FRAUD_MONITORING.ANALYTICS.gld_rule_result
         as
        (

with result_set as (

    -- FR001: High Value UPI Transaction
    select
        TRANSACTION_ID, CUSTOMER_ID, ACCOUNT_ID,
        'FR001' as RULE_ID,
        90 as RISK_SCORE,
        'HIGH_VALUE_UPI' as SEVERITY,
        CREATED_DATE_TIME,
        CREATED_LOAD_ID
    from UPI_FRAUD_MONITORING.TRANSFORM.sl_transaction
    where UPDATED_DATE_TIME is null
      and TXN_AMOUNT > 100000

    union all

    -- FR002: Velocity Breach (>10 txns within 5 min window)
    select
        TRANSACTION_ID, CUSTOMER_ID, ACCOUNT_ID,
        'FR002' as RULE_ID,
        95 as RISK_SCORE,
        'VELOCITY' as SEVERITY,
        CREATED_DATE_TIME,
        CREATED_LOAD_ID
    from (
        select
            TRANSACTION_ID, CUSTOMER_ID, ACCOUNT_ID,
            CREATED_DATE_TIME, CREATED_LOAD_ID,
            count(*) over (
                partition by CUSTOMER_ID
                order by TXN_DATETIME
                range between interval '5 MINUTE' preceding and current row
            ) as CNT
        from UPI_FRAUD_MONITORING.TRANSFORM.sl_transaction
        where UPDATED_DATE_TIME is null
    )
    where CNT > 10

    union all

    -- FR005: New/Untrusted Device
    select
        T.TRANSACTION_ID, T.CUSTOMER_ID, T.ACCOUNT_ID,
        'FR005' as RULE_ID,
        80 as RISK_SCORE,
        'NEW_DEVICE' as SEVERITY,
        T.CREATED_DATE_TIME,
        T.CREATED_LOAD_ID
    from UPI_FRAUD_MONITORING.TRANSFORM.sl_transaction T
    join UPI_FRAUD_MONITORING.TRANSFORM.sl_device D
        on T.DEVICE_ID = D.DEVICE_ID
    where T.UPDATED_DATE_TIME is null
      and D.UPDATED_DATE_TIME is null
      and D.TRUSTED_FLAG = 'N'

    union all

    -- FR007: Blacklisted Beneficiary (watchlist match)
    select
        T.TRANSACTION_ID, T.CUSTOMER_ID, T.ACCOUNT_ID,
        'FR007' as RULE_ID,
        100 as RISK_SCORE,
        'BLACKLISTED_BENEFICIARY' as SEVERITY,
        T.CREATED_DATE_TIME,
        T.CREATED_LOAD_ID
    from UPI_FRAUD_MONITORING.TRANSFORM.sl_transaction T
    join UPI_FRAUD_MONITORING.TRANSFORM.sl_beneficiary B
        on T.BENEFICIARY_ID = B.BENEFICIARY_ID
    join UPI_FRAUD_MONITORING.TRANSFORM.sl_watchlist W
        on B.BENEFICIARY_NAME = W.ENTITY_NAME
    where T.UPDATED_DATE_TIME is null
      and B.UPDATED_DATE_TIME is null
      and W.UPDATED_DATE_TIME is null

),

enriched as (
    select
        cast(UUID_STRING() as VARCHAR(100)) as RULE_RESULT_ID,
        cast(r.RULE_ID as VARCHAR(20)) as RULE_ID,
        cast(f.FRAUD_NAME as VARCHAR(200)) as RULE_NAME,
        cast(r.TRANSACTION_ID as VARCHAR(100)) as TRANSACTION_ID,
        cast(r.CUSTOMER_ID as VARCHAR(50)) as CUSTOMER_ID,
        cast(r.ACCOUNT_ID as VARCHAR(50)) as ACCOUNT_ID,
        cast(r.RISK_SCORE as NUMBER) as RISK_SCORE,
        cast(r.SEVERITY as VARCHAR(20)) as SEVERITY,
        cast('ACTIVE' as VARCHAR(20)) as RULE_STATUS,
        CURRENT_TIMESTAMP()::TIMESTAMP_NTZ as DETECTED_TS,
        r.CREATED_DATE_TIME,
        r.CREATED_LOAD_ID
    from result_set r
    left join UPI_FRAUD_MONITORING.TRANSFORM.dim_fraud_rule f
        on r.RULE_ID = f.FRAUD_CODE
)



    select * from enriched


        );
[0m05:00:22.690314 [debug] [Thread-2 (]: Opening a new connection, currently in state init
[0m05:00:23.876824 [debug] [Thread-2 (]: SQL status: SUCCESS 1 in 1.186 seconds
[0m05:00:23.888706 [debug] [Thread-2 (]: Applying DROP to: UPI_FRAUD_MONITORING.ANALYTICS.gld_rule_result__dbt_tmp
[0m05:00:23.904520 [debug] [Thread-2 (]: Using snowflake connection "model.UPI_Fraud_Monitoring.gld_rule_result"
[0m05:00:23.905160 [debug] [Thread-2 (]: On model.UPI_Fraud_Monitoring.gld_rule_result: /* {"app": "dbt", "dbt_version": "1.9.4", "profile_name": "default", "target_name": "dev", "node_id": "model.UPI_Fraud_Monitoring.gld_rule_result"} */
drop view if exists UPI_FRAUD_MONITORING.ANALYTICS.gld_rule_result__dbt_tmp cascade
[0m05:00:23.953637 [debug] [Thread-2 (]: SQL status: SUCCESS 1 in 0.048 seconds
[0m05:00:23.976635 [info ] [Thread-2 (]: 1 of 1 OK created sql incremental model ANALYTICS.gld_rule_result .............. [[32mSUCCESS 1[0m in 1.37s]
[0m05:00:23.977481 [debug] [Thread-2 (]: Finished running node model.UPI_Fraud_Monitoring.gld_rule_result
[0m05:00:23.980330 [debug] [Dummy-1   ]: Connection 'master' was properly closed.
[0m05:00:23.980944 [debug] [Dummy-1   ]: Connection 'model.UPI_Fraud_Monitoring.gld_rule_result' was properly closed.
[0m05:00:23.981391 [debug] [Dummy-1   ]: Connection 'list_UPI_FRAUD_MONITORING_ANALYTICS' was properly closed.
[0m05:00:23.981855 [info ] [Dummy-1   ]: 
[0m05:00:23.982340 [info ] [Dummy-1   ]: Finished running 1 incremental model in 0 hours 0 minutes and 2.93 seconds (2.93s).
[0m05:00:23.983152 [debug] [Dummy-1   ]: Command end result
[0m05:00:24.020925 [debug] [Dummy-1   ]: Wrote artifact WritableManifest to /tmp/dbt/target/manifest.json
[0m05:00:24.023102 [debug] [Dummy-1   ]: Wrote artifact SemanticManifest to /tmp/dbt/target/semantic_manifest.json
[0m05:00:24.029296 [debug] [Dummy-1   ]: Wrote artifact RunExecutionResult to /tmp/dbt/target/run_results.json
[0m05:00:24.029817 [info ] [Dummy-1   ]: 
[0m05:00:24.030463 [info ] [Dummy-1   ]: [32mCompleted successfully[0m
[0m05:00:24.030928 [info ] [Dummy-1   ]: 
[0m05:00:24.031456 [info ] [Dummy-1   ]: Done. PASS=1 WARN=0 ERROR=0 SKIP=0 TOTAL=1
[0m05:00:24.033238 [debug] [Dummy-1   ]: Resource report: {"command_name": "run", "command_success": true, "command_wall_clock_time": 4.4536495, "process_in_blocks": "0", "process_kernel_time": 0.91, "process_mem_max_rss": "458152", "process_out_blocks": "0", "process_user_time": 4.37}
[0m05:00:24.033841 [debug] [Dummy-1   ]: Command `cli run` succeeded at 05:00:24.033607 after 4.45 seconds
[0m05:00:24.034349 [debug] [Dummy-1   ]: Flushing usage events


============================== 05:02:30.289141 | 587f07f1-8406-41c0-be04-3836c7b95b52 ==============================
[0m05:02:30.289141 [info ] [Dummy-1   ]: Running with dbt=1.9.4
[0m05:02:30.290099 [debug] [Dummy-1   ]: running dbt with arguments {'printer_width': '80', 'indirect_selection': 'eager', 'write_json': 'True', 'log_cache_events': 'False', 'partial_parse': 'True', 'cache_selected_only': 'False', 'warn_error': 'None', 'fail_fast': 'False', 'debug': 'False', 'log_path': '/tmp/dbt/logs', 'profiles_dir': '/tmp/dbt_effective_profiles_h8uuh1xq', 'version_check': 'True', 'use_colors': 'True', 'use_experimental_parser': 'False', 'empty': 'None', 'quiet': 'False', 'no_print': 'None', 'warn_error_options': 'WarnErrorOptions(include=[], exclude=[])', 'invocation_command': 'dbt ', 'static_parser': 'True', 'introspect': 'True', 'target_path': 'None', 'log_format': 'default', 'send_anonymous_usage_stats': 'False'}
[0m05:02:30.570814 [info ] [Dummy-1   ]: Registered adapter: snowflake=1.9.2
[0m05:02:31.102712 [debug] [Dummy-1   ]: checksum: 53ed91fada2233efb98368d1716b44ab532c83a9c293cf1890b7905d5b45fb25, vars: {}, profile: , target: dev, version: 1.9.4
[0m05:02:31.437211 [debug] [Dummy-1   ]: Partial parsing enabled: 0 files deleted, 0 files added, 0 files changed.
[0m05:02:31.437812 [debug] [Dummy-1   ]: Partial parsing enabled, no changes found, skipping parsing
[0m05:02:31.613041 [debug] [Dummy-1   ]: Wrote artifact WritableManifest to /tmp/dbt/target/manifest.json
[0m05:02:31.615149 [debug] [Dummy-1   ]: Wrote artifact SemanticManifest to /tmp/dbt/target/semantic_manifest.json
[0m05:02:31.666174 [info ] [Dummy-1   ]: Found 31 models, 1 seed, 20 data tests, 10 sources, 478 macros
[0m05:02:31.668844 [info ] [Dummy-1   ]: 
[0m05:02:31.669431 [info ] [Dummy-1   ]: Concurrency: 4 threads (target='dev')
[0m05:02:31.669883 [info ] [Dummy-1   ]: 
[0m05:02:31.670632 [debug] [Dummy-1   ]: Acquiring new snowflake connection 'master'
[0m05:02:31.673051 [debug] [ThreadPool]: Acquiring new snowflake connection 'list_UPI_FRAUD_MONITORING'
[0m05:02:31.779812 [debug] [ThreadPool]: Using snowflake connection "list_UPI_FRAUD_MONITORING"
[0m05:02:31.780457 [debug] [ThreadPool]: On list_UPI_FRAUD_MONITORING: /* {"app": "dbt", "dbt_version": "1.9.4", "profile_name": "default", "target_name": "dev", "connection_name": "list_UPI_FRAUD_MONITORING"} */
show terse schemas in database UPI_FRAUD_MONITORING
    limit 10000
[0m05:02:31.780950 [debug] [ThreadPool]: Opening a new connection, currently in state init
[0m05:02:32.135453 [debug] [ThreadPool]: SQL status: SUCCESS 5 in 0.354 seconds
[0m05:02:32.145518 [debug] [ThreadPool]: Re-using an available connection from the pool (formerly list_UPI_FRAUD_MONITORING, now list_UPI_FRAUD_MONITORING_TRANSFORM)
[0m05:02:32.147504 [debug] [ThreadPool]: Acquiring new snowflake connection 'list_UPI_FRAUD_MONITORING_ANALYTICS'
[0m05:02:32.161085 [debug] [ThreadPool]: Using snowflake connection "list_UPI_FRAUD_MONITORING_TRANSFORM"
[0m05:02:32.165093 [debug] [ThreadPool]: Using snowflake connection "list_UPI_FRAUD_MONITORING_ANALYTICS"
[0m05:02:32.165694 [debug] [ThreadPool]: On list_UPI_FRAUD_MONITORING_TRANSFORM: /* {"app": "dbt", "dbt_version": "1.9.4", "profile_name": "default", "target_name": "dev", "connection_name": "list_UPI_FRAUD_MONITORING_TRANSFORM"} */
alter session set quoted_identifiers_ignore_case = false;
[0m05:02:32.166208 [debug] [ThreadPool]: On list_UPI_FRAUD_MONITORING_ANALYTICS: /* {"app": "dbt", "dbt_version": "1.9.4", "profile_name": "default", "target_name": "dev", "connection_name": "list_UPI_FRAUD_MONITORING_ANALYTICS"} */
alter session set quoted_identifiers_ignore_case = false;
[0m05:02:32.166691 [debug] [ThreadPool]: Opening a new connection, currently in state init
[0m05:02:32.167149 [debug] [ThreadPool]: Opening a new connection, currently in state init
[0m05:02:32.519850 [debug] [ThreadPool]: SQL status: SUCCESS 1 in 0.353 seconds
[0m05:02:32.524451 [debug] [ThreadPool]: Using snowflake connection "list_UPI_FRAUD_MONITORING_TRANSFORM"
[0m05:02:32.525154 [debug] [ThreadPool]: SQL status: SUCCESS 1 in 0.358 seconds
[0m05:02:32.525677 [debug] [ThreadPool]: On list_UPI_FRAUD_MONITORING_TRANSFORM: /* {"app": "dbt", "dbt_version": "1.9.4", "profile_name": "default", "target_name": "dev", "connection_name": "list_UPI_FRAUD_MONITORING_TRANSFORM"} */
show objects in UPI_FRAUD_MONITORING.TRANSFORM
    limit 10000
    
;
[0m05:02:32.527368 [debug] [ThreadPool]: Using snowflake connection "list_UPI_FRAUD_MONITORING_ANALYTICS"
[0m05:02:32.528152 [debug] [ThreadPool]: On list_UPI_FRAUD_MONITORING_ANALYTICS: /* {"app": "dbt", "dbt_version": "1.9.4", "profile_name": "default", "target_name": "dev", "connection_name": "list_UPI_FRAUD_MONITORING_ANALYTICS"} */
show objects in UPI_FRAUD_MONITORING.ANALYTICS
    limit 10000
    
;
[0m05:02:32.629002 [debug] [ThreadPool]: SQL status: SUCCESS 1 in 0.100 seconds
[0m05:02:32.630408 [debug] [ThreadPool]: SQL status: SUCCESS 31 in 0.102 seconds
[0m05:02:32.632505 [debug] [ThreadPool]: Using snowflake connection "list_UPI_FRAUD_MONITORING_ANALYTICS"
[0m05:02:32.635033 [debug] [ThreadPool]: Using snowflake connection "list_UPI_FRAUD_MONITORING_TRANSFORM"
[0m05:02:32.635581 [debug] [ThreadPool]: On list_UPI_FRAUD_MONITORING_ANALYTICS: /* {"app": "dbt", "dbt_version": "1.9.4", "profile_name": "default", "target_name": "dev", "connection_name": "list_UPI_FRAUD_MONITORING_ANALYTICS"} */
alter session unset quoted_identifiers_ignore_case;
[0m05:02:32.636043 [debug] [ThreadPool]: On list_UPI_FRAUD_MONITORING_TRANSFORM: /* {"app": "dbt", "dbt_version": "1.9.4", "profile_name": "default", "target_name": "dev", "connection_name": "list_UPI_FRAUD_MONITORING_TRANSFORM"} */
alter session unset quoted_identifiers_ignore_case;
[0m05:02:32.700910 [debug] [ThreadPool]: SQL status: SUCCESS 1 in 0.064 seconds
[0m05:02:32.711099 [debug] [ThreadPool]: SQL status: SUCCESS 1 in 0.075 seconds
[0m05:02:32.722814 [debug] [Thread-2 (]: Began running node seed.UPI_Fraud_Monitoring.dim_fraud_rule
[0m05:02:32.723616 [info ] [Thread-2 (]: 1 of 1 START seed file TRANSFORM.dim_fraud_rule ................................ [RUN]
[0m05:02:32.724700 [debug] [Thread-2 (]: Re-using an available connection from the pool (formerly list_UPI_FRAUD_MONITORING_TRANSFORM, now seed.UPI_Fraud_Monitoring.dim_fraud_rule)
[0m05:02:32.725253 [debug] [Thread-2 (]: Began compiling node seed.UPI_Fraud_Monitoring.dim_fraud_rule
[0m05:02:32.725766 [debug] [Thread-2 (]: Began executing node seed.UPI_Fraud_Monitoring.dim_fraud_rule
[0m05:02:32.770441 [debug] [Thread-2 (]: Applying DROP to: "UPI_FRAUD_MONITORING"."TRANSFORM"."DIM_FRAUD_RULE"
[0m05:02:32.779606 [debug] [Thread-2 (]: Using snowflake connection "seed.UPI_Fraud_Monitoring.dim_fraud_rule"
[0m05:02:32.780318 [debug] [Thread-2 (]: On seed.UPI_Fraud_Monitoring.dim_fraud_rule: /* {"app": "dbt", "dbt_version": "1.9.4", "profile_name": "default", "target_name": "dev", "node_id": "seed.UPI_Fraud_Monitoring.dim_fraud_rule"} */
drop table if exists "UPI_FRAUD_MONITORING"."TRANSFORM"."DIM_FRAUD_RULE" cascade
[0m05:02:32.781066 [debug] [Thread-2 (]: Opening a new connection, currently in state init
[0m05:02:33.661486 [debug] [Thread-2 (]: SQL status: SUCCESS 1 in 0.880 seconds
[0m05:02:33.670614 [debug] [Thread-2 (]: Using snowflake connection "seed.UPI_Fraud_Monitoring.dim_fraud_rule"
[0m05:02:33.671383 [debug] [Thread-2 (]: On seed.UPI_Fraud_Monitoring.dim_fraud_rule: /* {"app": "dbt", "dbt_version": "1.9.4", "profile_name": "default", "target_name": "dev", "node_id": "seed.UPI_Fraud_Monitoring.dim_fraud_rule"} */
create table UPI_FRAUD_MONITORING.TRANSFORM.dim_fraud_rule ("FRAUD_CODE" text,"FRAUD_NAME" text,"RISK_LEVEL" text,"RULE_CATEGORY" text,"RULE_DESCRIPTION" text)
[0m05:02:33.888154 [debug] [Thread-2 (]: SQL status: SUCCESS 1 in 0.216 seconds
[0m05:02:33.903013 [debug] [Thread-2 (]: Using snowflake connection "seed.UPI_Fraud_Monitoring.dim_fraud_rule"
[0m05:02:33.903609 [debug] [Thread-2 (]: On seed.UPI_Fraud_Monitoring.dim_fraud_rule: /* {"app": "dbt", "dbt_version": "1.9.4", "profile_name": "default", "target_name": "dev", "node_id": "seed.UPI_Fraud_Monitoring.dim_fraud_rule"} */
BEGIN
[0m05:02:33.980633 [debug] [Thread-2 (]: SQL status: SUCCESS 1 in 0.076 seconds
[0m05:02:33.981817 [debug] [Thread-2 (]: Using snowflake connection "seed.UPI_Fraud_Monitoring.dim_fraud_rule"
[0m05:02:33.982385 [debug] [Thread-2 (]: On seed.UPI_Fraud_Monitoring.dim_fraud_rule: /* {"app": "dbt", "dbt_version": "1.9.4", "profile_name": "default", "target_name": "dev", "node_id": "seed.UPI_Fraud_Monitoring.dim_fraud_rule"} */
insert into UPI_FRAUD_MONITORING.TRANSFORM.dim_fraud_rule ("FRAUD_CODE", "FRAUD_NAME", "RISK_LEVEL", "RULE_CATEGORY", "RULE_DESCRIPTION") values
            (%s,%s,%s,%s,%s),(%s,%s,%s,%s,%s),(%s,%s,%s,%s,%s),(%s,%s,%s,%s,%s),(%s,%s,%s,%s,%s),(%s,%s,%s,%s,%s),(%s,%s,%s,%s,%s),(%s,%s,%s,%s,%s),(%s,%s,%s,%s,%s),(%s,%s,%s,%s,%s),(%s,%s,%s,%s,%s),(%s,%s,%s,%s,%s),(%...
[0m05:02:34.265146 [debug] [Thread-2 (]: SQL status: SUCCESS 15 in 0.282 seconds
[0m05:02:34.265942 [debug] [Thread-2 (]: Using snowflake connection "seed.UPI_Fraud_Monitoring.dim_fraud_rule"
[0m05:02:34.266486 [debug] [Thread-2 (]: On seed.UPI_Fraud_Monitoring.dim_fraud_rule: /* {"app": "dbt", "dbt_version": "1.9.4", "profile_name": "default", "target_name": "dev", "node_id": "seed.UPI_Fraud_Monitoring.dim_fraud_rule"} */
COMMIT
[0m05:02:34.472112 [debug] [Thread-2 (]: SQL status: SUCCESS 1 in 0.205 seconds
[0m05:02:34.478394 [debug] [Thread-2 (]: Writing runtime SQL for node "seed.UPI_Fraud_Monitoring.dim_fraud_rule"
[0m05:02:34.507508 [info ] [Thread-2 (]: 1 of 1 OK loaded seed file TRANSFORM.dim_fraud_rule ............................ [[32mCREATE 15[0m in 1.78s]
[0m05:02:34.508322 [debug] [Thread-2 (]: Finished running node seed.UPI_Fraud_Monitoring.dim_fraud_rule
[0m05:02:34.511462 [debug] [Dummy-1   ]: Connection 'master' was properly closed.
[0m05:02:34.511949 [debug] [Dummy-1   ]: Connection 'seed.UPI_Fraud_Monitoring.dim_fraud_rule' was properly closed.
[0m05:02:34.512420 [debug] [Dummy-1   ]: Connection 'list_UPI_FRAUD_MONITORING_ANALYTICS' was properly closed.
[0m05:02:34.512893 [info ] [Dummy-1   ]: 
[0m05:02:34.513358 [info ] [Dummy-1   ]: Finished running 1 seed in 0 hours 0 minutes and 2.84 seconds (2.84s).
[0m05:02:34.514141 [debug] [Dummy-1   ]: Command end result
[0m05:02:34.551345 [debug] [Dummy-1   ]: Wrote artifact WritableManifest to /tmp/dbt/target/manifest.json
[0m05:02:34.553501 [debug] [Dummy-1   ]: Wrote artifact SemanticManifest to /tmp/dbt/target/semantic_manifest.json
[0m05:02:34.559469 [debug] [Dummy-1   ]: Wrote artifact RunExecutionResult to /tmp/dbt/target/run_results.json
[0m05:02:34.559944 [info ] [Dummy-1   ]: 
[0m05:02:34.560620 [info ] [Dummy-1   ]: [32mCompleted successfully[0m
[0m05:02:34.561063 [info ] [Dummy-1   ]: 
[0m05:02:34.561496 [info ] [Dummy-1   ]: Done. PASS=1 WARN=0 ERROR=0 SKIP=0 TOTAL=1
[0m05:02:34.563170 [debug] [Dummy-1   ]: Resource report: {"command_name": "seed", "command_success": true, "command_wall_clock_time": 4.348971, "process_in_blocks": "0", "process_kernel_time": 0.81, "process_mem_max_rss": "453828", "process_out_blocks": "0", "process_user_time": 4.43}
[0m05:02:34.563782 [debug] [Dummy-1   ]: Command `cli seed` succeeded at 05:02:34.563533 after 4.35 seconds
[0m05:02:34.564299 [debug] [Dummy-1   ]: Flushing usage events


============================== 05:05:52.464425 | 81a55979-71c6-4135-924e-504d72015240 ==============================
[0m05:05:52.464425 [info ] [Dummy-1   ]: Running with dbt=1.9.4
[0m05:05:52.465251 [debug] [Dummy-1   ]: running dbt with arguments {'printer_width': '80', 'indirect_selection': 'eager', 'write_json': 'True', 'log_cache_events': 'False', 'partial_parse': 'True', 'cache_selected_only': 'False', 'profiles_dir': '/tmp/dbt_effective_profiles_lmxrxabi', 'debug': 'False', 'warn_error': 'None', 'log_path': '/tmp/dbt/logs', 'fail_fast': 'False', 'version_check': 'True', 'use_colors': 'True', 'use_experimental_parser': 'False', 'empty': 'False', 'quiet': 'False', 'no_print': 'None', 'warn_error_options': 'WarnErrorOptions(include=[], exclude=[])', 'static_parser': 'True', 'invocation_command': 'dbt ', 'log_format': 'default', 'target_path': 'None', 'introspect': 'True', 'send_anonymous_usage_stats': 'False'}
[0m05:05:52.734588 [info ] [Dummy-1   ]: Registered adapter: snowflake=1.9.2
[0m05:05:53.273212 [debug] [Dummy-1   ]: checksum: 53ed91fada2233efb98368d1716b44ab532c83a9c293cf1890b7905d5b45fb25, vars: {}, profile: , target: dev, version: 1.9.4
[0m05:05:53.592535 [debug] [Dummy-1   ]: Partial parsing enabled: 0 files deleted, 1 files added, 0 files changed.
[0m05:05:53.593416 [debug] [Dummy-1   ]: Partial parsing: added file: UPI_Fraud_Monitoring://models/gold/gld_fraud_alert.sql
[0m05:05:54.071560 [debug] [Dummy-1   ]: Wrote artifact WritableManifest to /tmp/dbt/target/manifest.json
[0m05:05:54.073497 [debug] [Dummy-1   ]: Wrote artifact SemanticManifest to /tmp/dbt/target/semantic_manifest.json
[0m05:05:54.117636 [info ] [Dummy-1   ]: Found 32 models, 1 seed, 20 data tests, 10 sources, 478 macros
[0m05:05:54.119895 [info ] [Dummy-1   ]: 
[0m05:05:54.120485 [info ] [Dummy-1   ]: Concurrency: 4 threads (target='dev')
[0m05:05:54.120958 [info ] [Dummy-1   ]: 
[0m05:05:54.121686 [debug] [Dummy-1   ]: Acquiring new snowflake connection 'master'
[0m05:05:54.123820 [debug] [ThreadPool]: Acquiring new snowflake connection 'list_UPI_FRAUD_MONITORING'
[0m05:05:54.206935 [debug] [ThreadPool]: Using snowflake connection "list_UPI_FRAUD_MONITORING"
[0m05:05:54.207519 [debug] [ThreadPool]: On list_UPI_FRAUD_MONITORING: /* {"app": "dbt", "dbt_version": "1.9.4", "profile_name": "default", "target_name": "dev", "connection_name": "list_UPI_FRAUD_MONITORING"} */
show terse schemas in database UPI_FRAUD_MONITORING
    limit 10000
[0m05:05:54.208020 [debug] [ThreadPool]: Opening a new connection, currently in state init
[0m05:05:54.516428 [debug] [ThreadPool]: SQL status: SUCCESS 5 in 0.308 seconds
[0m05:05:54.525985 [debug] [ThreadPool]: Re-using an available connection from the pool (formerly list_UPI_FRAUD_MONITORING, now list_UPI_FRAUD_MONITORING_TRANSFORM)
[0m05:05:54.527692 [debug] [ThreadPool]: Acquiring new snowflake connection 'list_UPI_FRAUD_MONITORING_ANALYTICS'
[0m05:05:54.540677 [debug] [ThreadPool]: Using snowflake connection "list_UPI_FRAUD_MONITORING_TRANSFORM"
[0m05:05:54.544018 [debug] [ThreadPool]: Using snowflake connection "list_UPI_FRAUD_MONITORING_ANALYTICS"
[0m05:05:54.544605 [debug] [ThreadPool]: On list_UPI_FRAUD_MONITORING_TRANSFORM: /* {"app": "dbt", "dbt_version": "1.9.4", "profile_name": "default", "target_name": "dev", "connection_name": "list_UPI_FRAUD_MONITORING_TRANSFORM"} */
alter session set quoted_identifiers_ignore_case = false;
[0m05:05:54.545084 [debug] [ThreadPool]: On list_UPI_FRAUD_MONITORING_ANALYTICS: /* {"app": "dbt", "dbt_version": "1.9.4", "profile_name": "default", "target_name": "dev", "connection_name": "list_UPI_FRAUD_MONITORING_ANALYTICS"} */
alter session set quoted_identifiers_ignore_case = false;
[0m05:05:54.545542 [debug] [ThreadPool]: Opening a new connection, currently in state init
[0m05:05:54.545966 [debug] [ThreadPool]: Opening a new connection, currently in state init
[0m05:05:54.838524 [debug] [ThreadPool]: SQL status: SUCCESS 1 in 0.292 seconds
[0m05:05:54.842979 [debug] [ThreadPool]: Using snowflake connection "list_UPI_FRAUD_MONITORING_ANALYTICS"
[0m05:05:54.843505 [debug] [ThreadPool]: On list_UPI_FRAUD_MONITORING_ANALYTICS: /* {"app": "dbt", "dbt_version": "1.9.4", "profile_name": "default", "target_name": "dev", "connection_name": "list_UPI_FRAUD_MONITORING_ANALYTICS"} */
show objects in UPI_FRAUD_MONITORING.ANALYTICS
    limit 10000
    
;
[0m05:05:54.858156 [debug] [ThreadPool]: SQL status: SUCCESS 1 in 0.313 seconds
[0m05:05:54.859802 [debug] [ThreadPool]: Using snowflake connection "list_UPI_FRAUD_MONITORING_TRANSFORM"
[0m05:05:54.860296 [debug] [ThreadPool]: On list_UPI_FRAUD_MONITORING_TRANSFORM: /* {"app": "dbt", "dbt_version": "1.9.4", "profile_name": "default", "target_name": "dev", "connection_name": "list_UPI_FRAUD_MONITORING_TRANSFORM"} */
show objects in UPI_FRAUD_MONITORING.TRANSFORM
    limit 10000
    
;
[0m05:05:54.926251 [debug] [ThreadPool]: SQL status: SUCCESS 1 in 0.082 seconds
[0m05:05:54.928032 [debug] [ThreadPool]: Using snowflake connection "list_UPI_FRAUD_MONITORING_ANALYTICS"
[0m05:05:54.928575 [debug] [ThreadPool]: On list_UPI_FRAUD_MONITORING_ANALYTICS: /* {"app": "dbt", "dbt_version": "1.9.4", "profile_name": "default", "target_name": "dev", "connection_name": "list_UPI_FRAUD_MONITORING_ANALYTICS"} */
alter session unset quoted_identifiers_ignore_case;
[0m05:05:54.978425 [debug] [ThreadPool]: SQL status: SUCCESS 1 in 0.049 seconds
[0m05:05:54.997378 [debug] [ThreadPool]: SQL status: SUCCESS 31 in 0.136 seconds
[0m05:05:54.999793 [debug] [ThreadPool]: Using snowflake connection "list_UPI_FRAUD_MONITORING_TRANSFORM"
[0m05:05:55.000272 [debug] [ThreadPool]: On list_UPI_FRAUD_MONITORING_TRANSFORM: /* {"app": "dbt", "dbt_version": "1.9.4", "profile_name": "default", "target_name": "dev", "connection_name": "list_UPI_FRAUD_MONITORING_TRANSFORM"} */
alter session unset quoted_identifiers_ignore_case;
[0m05:05:55.046221 [debug] [ThreadPool]: SQL status: SUCCESS 1 in 0.045 seconds
[0m05:05:55.065306 [debug] [Thread-2 (]: Began running node model.UPI_Fraud_Monitoring.gld_fraud_alert
[0m05:05:55.066031 [info ] [Thread-2 (]: 1 of 1 START sql incremental model ANALYTICS.gld_fraud_alert ................... [RUN]
[0m05:05:55.066667 [debug] [Thread-2 (]: Re-using an available connection from the pool (formerly list_UPI_FRAUD_MONITORING_TRANSFORM, now model.UPI_Fraud_Monitoring.gld_fraud_alert)
[0m05:05:55.067176 [debug] [Thread-2 (]: Began compiling node model.UPI_Fraud_Monitoring.gld_fraud_alert
[0m05:05:55.076589 [debug] [Thread-2 (]: Writing injected SQL for node "model.UPI_Fraud_Monitoring.gld_fraud_alert"
[0m05:05:55.077232 [debug] [Thread-2 (]: Began executing node model.UPI_Fraud_Monitoring.gld_fraud_alert
[0m05:05:55.137585 [debug] [Thread-2 (]: Writing runtime sql for node "model.UPI_Fraud_Monitoring.gld_fraud_alert"
[0m05:05:55.139180 [debug] [Thread-2 (]: Using snowflake connection "model.UPI_Fraud_Monitoring.gld_fraud_alert"
[0m05:05:55.139701 [debug] [Thread-2 (]: On model.UPI_Fraud_Monitoring.gld_fraud_alert: /* {"app": "dbt", "dbt_version": "1.9.4", "profile_name": "default", "target_name": "dev", "node_id": "model.UPI_Fraud_Monitoring.gld_fraud_alert"} */
create or replace transient table UPI_FRAUD_MONITORING.ANALYTICS.gld_fraud_alert
         as
        (

with alerts as (
    select
        cast(UUID_STRING() as VARCHAR(100)) as ALERT_ID,
        cast(RULE_ID as VARCHAR(20)) as RULE_ID,
        cast(CUSTOMER_ID as VARCHAR(50)) as CUSTOMER_ID,
        cast(TRANSACTION_ID as VARCHAR(100)) as TRANSACTION_ID,
        cast(RISK_SCORE as NUMBER) as RISK_SCORE,
        cast(
            CASE
                WHEN RISK_SCORE >= 95 THEN 'CRITICAL'
                WHEN RISK_SCORE >= 85 THEN 'HIGH'
                WHEN RISK_SCORE >= 70 THEN 'MEDIUM'
                ELSE 'LOW'
            END as VARCHAR(20)
        ) as SEVERITY,
        cast('OPEN' as VARCHAR(30)) as ALERT_STATUS,
        CREATED_DATE_TIME,
        CREATED_LOAD_ID
    from UPI_FRAUD_MONITORING.ANALYTICS.gld_rule_result
)



    select * from alerts


        );
[0m05:05:55.140172 [debug] [Thread-2 (]: Opening a new connection, currently in state init
[0m05:05:55.930482 [debug] [Thread-2 (]: SQL status: SUCCESS 1 in 0.790 seconds
[0m05:05:55.941849 [debug] [Thread-2 (]: Applying DROP to: UPI_FRAUD_MONITORING.ANALYTICS.gld_fraud_alert__dbt_tmp
[0m05:05:55.957528 [debug] [Thread-2 (]: Using snowflake connection "model.UPI_Fraud_Monitoring.gld_fraud_alert"
[0m05:05:55.958119 [debug] [Thread-2 (]: On model.UPI_Fraud_Monitoring.gld_fraud_alert: /* {"app": "dbt", "dbt_version": "1.9.4", "profile_name": "default", "target_name": "dev", "node_id": "model.UPI_Fraud_Monitoring.gld_fraud_alert"} */
drop view if exists UPI_FRAUD_MONITORING.ANALYTICS.gld_fraud_alert__dbt_tmp cascade
[0m05:05:55.997719 [debug] [Thread-2 (]: SQL status: SUCCESS 1 in 0.039 seconds
[0m05:05:56.020502 [info ] [Thread-2 (]: 1 of 1 OK created sql incremental model ANALYTICS.gld_fraud_alert .............. [[32mSUCCESS 1[0m in 0.95s]
[0m05:05:56.021329 [debug] [Thread-2 (]: Finished running node model.UPI_Fraud_Monitoring.gld_fraud_alert
[0m05:05:56.024576 [debug] [Dummy-1   ]: Connection 'master' was properly closed.
[0m05:05:56.025161 [debug] [Dummy-1   ]: Connection 'model.UPI_Fraud_Monitoring.gld_fraud_alert' was properly closed.
[0m05:05:56.025582 [debug] [Dummy-1   ]: Connection 'list_UPI_FRAUD_MONITORING_ANALYTICS' was properly closed.
[0m05:05:56.026033 [info ] [Dummy-1   ]: 
[0m05:05:56.026551 [info ] [Dummy-1   ]: Finished running 1 incremental model in 0 hours 0 minutes and 1.90 seconds (1.90s).
[0m05:05:56.027355 [debug] [Dummy-1   ]: Command end result
[0m05:05:56.063381 [debug] [Dummy-1   ]: Wrote artifact WritableManifest to /tmp/dbt/target/manifest.json
[0m05:05:56.065499 [debug] [Dummy-1   ]: Wrote artifact SemanticManifest to /tmp/dbt/target/semantic_manifest.json
[0m05:05:56.071440 [debug] [Dummy-1   ]: Wrote artifact RunExecutionResult to /tmp/dbt/target/run_results.json
[0m05:05:56.071919 [info ] [Dummy-1   ]: 
[0m05:05:56.072612 [info ] [Dummy-1   ]: [32mCompleted successfully[0m
[0m05:05:56.073085 [info ] [Dummy-1   ]: 
[0m05:05:56.073582 [info ] [Dummy-1   ]: Done. PASS=1 WARN=0 ERROR=0 SKIP=0 TOTAL=1
[0m05:05:56.075145 [debug] [Dummy-1   ]: Resource report: {"command_name": "run", "command_success": true, "command_wall_clock_time": 3.6826935, "process_in_blocks": "0", "process_kernel_time": 0.84, "process_mem_max_rss": "459352", "process_out_blocks": "0", "process_user_time": 4.47}
[0m05:05:56.075749 [debug] [Dummy-1   ]: Command `cli run` succeeded at 05:05:56.075500 after 3.68 seconds
[0m05:05:56.076249 [debug] [Dummy-1   ]: Flushing usage events


============================== 05:07:47.349338 | 50cac639-320c-4e6b-b0fc-c4b69a68bb8b ==============================
[0m05:07:47.349338 [info ] [Dummy-1   ]: Running with dbt=1.9.4
[0m05:07:47.350233 [debug] [Dummy-1   ]: running dbt with arguments {'printer_width': '80', 'indirect_selection': 'eager', 'write_json': 'True', 'log_cache_events': 'False', 'partial_parse': 'True', 'cache_selected_only': 'False', 'warn_error': 'None', 'version_check': 'True', 'debug': 'False', 'log_path': '/tmp/dbt/logs', 'profiles_dir': '/tmp/dbt_effective_profiles_putjvt8f', 'fail_fast': 'False', 'use_colors': 'True', 'use_experimental_parser': 'False', 'no_print': 'None', 'quiet': 'False', 'empty': 'False', 'warn_error_options': 'WarnErrorOptions(include=[], exclude=[])', 'invocation_command': 'dbt ', 'log_format': 'default', 'static_parser': 'True', 'target_path': 'None', 'introspect': 'True', 'send_anonymous_usage_stats': 'False'}
[0m05:07:47.627022 [info ] [Dummy-1   ]: Registered adapter: snowflake=1.9.2
[0m05:07:48.168812 [debug] [Dummy-1   ]: checksum: 53ed91fada2233efb98368d1716b44ab532c83a9c293cf1890b7905d5b45fb25, vars: {}, profile: , target: dev, version: 1.9.4
[0m05:07:48.515488 [debug] [Dummy-1   ]: Partial parsing enabled: 0 files deleted, 0 files added, 1 files changed.
[0m05:07:48.517331 [debug] [Dummy-1   ]: Partial parsing: updated file: UPI_Fraud_Monitoring://models/schema.yml
[0m05:07:49.045156 [debug] [Dummy-1   ]: Wrote artifact WritableManifest to /tmp/dbt/target/manifest.json
[0m05:07:49.047291 [debug] [Dummy-1   ]: Wrote artifact SemanticManifest to /tmp/dbt/target/semantic_manifest.json
[0m05:07:49.093102 [info ] [Dummy-1   ]: Found 32 models, 1 seed, 22 data tests, 10 sources, 478 macros
[0m05:07:49.095840 [info ] [Dummy-1   ]: 
[0m05:07:49.096497 [info ] [Dummy-1   ]: Concurrency: 4 threads (target='dev')
[0m05:07:49.096994 [info ] [Dummy-1   ]: 
[0m05:07:49.097723 [debug] [Dummy-1   ]: Acquiring new snowflake connection 'master'
[0m05:07:49.103733 [debug] [ThreadPool]: Acquiring new snowflake connection 'list_UPI_FRAUD_MONITORING'
[0m05:07:49.187437 [debug] [ThreadPool]: Using snowflake connection "list_UPI_FRAUD_MONITORING"
[0m05:07:49.188007 [debug] [ThreadPool]: On list_UPI_FRAUD_MONITORING: /* {"app": "dbt", "dbt_version": "1.9.4", "profile_name": "default", "target_name": "dev", "connection_name": "list_UPI_FRAUD_MONITORING"} */
show terse schemas in database UPI_FRAUD_MONITORING
    limit 10000
[0m05:07:49.188553 [debug] [ThreadPool]: Opening a new connection, currently in state init
[0m05:07:49.533284 [debug] [ThreadPool]: SQL status: SUCCESS 5 in 0.345 seconds
[0m05:07:49.539292 [debug] [ThreadPool]: Re-using an available connection from the pool (formerly list_UPI_FRAUD_MONITORING, now list_UPI_FRAUD_MONITORING_TRANSFORM)
[0m05:07:49.541182 [debug] [ThreadPool]: Acquiring new snowflake connection 'list_UPI_FRAUD_MONITORING_ANALYTICS'
[0m05:07:49.554181 [debug] [ThreadPool]: Using snowflake connection "list_UPI_FRAUD_MONITORING_TRANSFORM"
[0m05:07:49.558862 [debug] [ThreadPool]: Using snowflake connection "list_UPI_FRAUD_MONITORING_ANALYTICS"
[0m05:07:49.559442 [debug] [ThreadPool]: On list_UPI_FRAUD_MONITORING_TRANSFORM: /* {"app": "dbt", "dbt_version": "1.9.4", "profile_name": "default", "target_name": "dev", "connection_name": "list_UPI_FRAUD_MONITORING_TRANSFORM"} */
alter session set quoted_identifiers_ignore_case = false;
[0m05:07:49.559947 [debug] [ThreadPool]: On list_UPI_FRAUD_MONITORING_ANALYTICS: /* {"app": "dbt", "dbt_version": "1.9.4", "profile_name": "default", "target_name": "dev", "connection_name": "list_UPI_FRAUD_MONITORING_ANALYTICS"} */
alter session set quoted_identifiers_ignore_case = false;
[0m05:07:49.560514 [debug] [ThreadPool]: Opening a new connection, currently in state init
[0m05:07:49.561035 [debug] [ThreadPool]: Opening a new connection, currently in state init
[0m05:07:49.904082 [debug] [ThreadPool]: SQL status: SUCCESS 1 in 0.343 seconds
[0m05:07:49.908757 [debug] [ThreadPool]: Using snowflake connection "list_UPI_FRAUD_MONITORING_ANALYTICS"
[0m05:07:49.909294 [debug] [ThreadPool]: On list_UPI_FRAUD_MONITORING_ANALYTICS: /* {"app": "dbt", "dbt_version": "1.9.4", "profile_name": "default", "target_name": "dev", "connection_name": "list_UPI_FRAUD_MONITORING_ANALYTICS"} */
show objects in UPI_FRAUD_MONITORING.ANALYTICS
    limit 10000
    
;
[0m05:07:49.913209 [debug] [ThreadPool]: SQL status: SUCCESS 1 in 0.353 seconds
[0m05:07:49.915088 [debug] [ThreadPool]: Using snowflake connection "list_UPI_FRAUD_MONITORING_TRANSFORM"
[0m05:07:49.915600 [debug] [ThreadPool]: On list_UPI_FRAUD_MONITORING_TRANSFORM: /* {"app": "dbt", "dbt_version": "1.9.4", "profile_name": "default", "target_name": "dev", "connection_name": "list_UPI_FRAUD_MONITORING_TRANSFORM"} */
show objects in UPI_FRAUD_MONITORING.TRANSFORM
    limit 10000
    
;
[0m05:07:50.000908 [debug] [ThreadPool]: SQL status: SUCCESS 2 in 0.091 seconds
[0m05:07:50.003316 [debug] [ThreadPool]: Using snowflake connection "list_UPI_FRAUD_MONITORING_ANALYTICS"
[0m05:07:50.003856 [debug] [ThreadPool]: On list_UPI_FRAUD_MONITORING_ANALYTICS: /* {"app": "dbt", "dbt_version": "1.9.4", "profile_name": "default", "target_name": "dev", "connection_name": "list_UPI_FRAUD_MONITORING_ANALYTICS"} */
alter session unset quoted_identifiers_ignore_case;
[0m05:07:50.030251 [debug] [ThreadPool]: SQL status: SUCCESS 31 in 0.114 seconds
[0m05:07:50.033013 [debug] [ThreadPool]: Using snowflake connection "list_UPI_FRAUD_MONITORING_TRANSFORM"
[0m05:07:50.033531 [debug] [ThreadPool]: On list_UPI_FRAUD_MONITORING_TRANSFORM: /* {"app": "dbt", "dbt_version": "1.9.4", "profile_name": "default", "target_name": "dev", "connection_name": "list_UPI_FRAUD_MONITORING_TRANSFORM"} */
alter session unset quoted_identifiers_ignore_case;
[0m05:07:50.058333 [debug] [ThreadPool]: SQL status: SUCCESS 1 in 0.054 seconds
[0m05:07:50.081023 [debug] [ThreadPool]: SQL status: SUCCESS 1 in 0.047 seconds
[0m05:07:50.101948 [debug] [Thread-2 (]: Began running node model.UPI_Fraud_Monitoring.gld_rule_result
[0m05:07:50.102816 [info ] [Thread-2 (]: 1 of 2 START sql incremental model ANALYTICS.gld_rule_result ................... [RUN]
[0m05:07:50.103525 [debug] [Thread-2 (]: Re-using an available connection from the pool (formerly list_UPI_FRAUD_MONITORING_TRANSFORM, now model.UPI_Fraud_Monitoring.gld_rule_result)
[0m05:07:50.104044 [debug] [Thread-2 (]: Began compiling node model.UPI_Fraud_Monitoring.gld_rule_result
[0m05:07:50.120797 [debug] [Thread-2 (]: Writing injected SQL for node "model.UPI_Fraud_Monitoring.gld_rule_result"
[0m05:07:50.121659 [debug] [Thread-2 (]: Began executing node model.UPI_Fraud_Monitoring.gld_rule_result
[0m05:07:50.215898 [debug] [Thread-2 (]: Using snowflake connection "model.UPI_Fraud_Monitoring.gld_rule_result"
[0m05:07:50.217397 [debug] [Thread-2 (]: On model.UPI_Fraud_Monitoring.gld_rule_result: /* {"app": "dbt", "dbt_version": "1.9.4", "profile_name": "default", "target_name": "dev", "node_id": "model.UPI_Fraud_Monitoring.gld_rule_result"} */
/* {"app": "dbt", "dbt_version": "1.9.4", "profile_name": "default", "target_name": "dev", "node_id": "model.UPI_Fraud_Monitoring.gld_rule_result"} */
select * from (
        

with result_set as (

    -- FR001: High Value UPI Transaction
    select
        TRANSACTION_ID, CUSTOMER_ID, ACCOUNT_ID,
        'FR001' as RULE_ID,
        90 as RISK_SCORE,
        'HIGH_VALUE_UPI' as SEVERITY,
        CREATED_DATE_TIME,
        CREATED_LOAD_ID
    from UPI_FRAUD_MONITORING.TRANSFORM.sl_transaction
    where UPDATED_DATE_TIME is null
      and TXN_AMOUNT > 100000

    union all

    -- FR002: Velocity Breach (>10 txns within 5 min window)
    select
        TRANSACTION_ID, CUSTOMER_ID, ACCOUNT_ID,
        'FR002' as RULE_ID,
        95 as RISK_SCORE,
        'VELOCITY' as SEVERITY,
        CREATED_DATE_TIME,
        CREATED_LOAD_ID
    from (
        select
            TRANSACTION_ID, CUSTOMER_ID, ACCOUNT_ID,
            CREATED_DATE_TIME, CREATED_LOAD_ID,
            count(*) over (
                partition by CUSTOMER_ID
                order by TXN_DATETIME
                range between interval '5 MINUTE' preceding and current row
            ) as CNT
        from UPI_FRAUD_MONITORING.TRANSFORM.sl_transaction
        where UPDATED_DATE_TIME is null
    )
    where CNT > 10

    union all

    -- FR005: New/Untrusted Device
    select
        T.TRANSACTION_ID, T.CUSTOMER_ID, T.ACCOUNT_ID,
        'FR005' as RULE_ID,
        80 as RISK_SCORE,
        'NEW_DEVICE' as SEVERITY,
        T.CREATED_DATE_TIME,
        T.CREATED_LOAD_ID
    from UPI_FRAUD_MONITORING.TRANSFORM.sl_transaction T
    join UPI_FRAUD_MONITORING.TRANSFORM.sl_device D
        on T.DEVICE_ID = D.DEVICE_ID
    where T.UPDATED_DATE_TIME is null
      and D.UPDATED_DATE_TIME is null
      and D.TRUSTED_FLAG = 'N'

    union all

    -- FR007: Blacklisted Beneficiary (watchlist match)
    select
        T.TRANSACTION_ID, T.CUSTOMER_ID, T.ACCOUNT_ID,
        'FR007' as RULE_ID,
        100 as RISK_SCORE,
        'BLACKLISTED_BENEFICIARY' as SEVERITY,
        T.CREATED_DATE_TIME,
        T.CREATED_LOAD_ID
    from UPI_FRAUD_MONITORING.TRANSFORM.sl_transaction T
    join UPI_FRAUD_MONITORING.TRANSFORM.sl_beneficiary B
        on T.BENEFICIARY_ID = B.BENEFICIARY_ID
    join UPI_FRAUD_MONITORING.TRANSFORM.sl_watchlist W
        on B.BENEFICIARY_NAME = W.ENTITY_NAME
    where T.UPDATED_DATE_TIME is null
      and B.UPDATED_DATE_TIME is null
      and W.UPDATED_DATE_TIME is null

),

enriched as (
    select
        cast(UUID_STRING() as VARCHAR(100)) as RULE_RESULT_ID,
        cast(r.RULE_ID as VARCHAR(20)) as RULE_ID,
        cast(f.FRAUD_NAME as VARCHAR(200)) as RULE_NAME,
        cast(r.TRANSACTION_ID as VARCHAR(100)) as TRANSACTION_ID,
        cast(r.CUSTOMER_ID as VARCHAR(50)) as CUSTOMER_ID,
        cast(r.ACCOUNT_ID as VARCHAR(50)) as ACCOUNT_ID,
        cast(r.RISK_SCORE as NUMBER) as RISK_SCORE,
        cast(r.SEVERITY as VARCHAR(20)) as SEVERITY,
        cast('ACTIVE' as VARCHAR(20)) as RULE_STATUS,
        CURRENT_TIMESTAMP()::TIMESTAMP_NTZ as DETECTED_TS,
        r.CREATED_DATE_TIME,
        r.CREATED_LOAD_ID
    from result_set r
    left join UPI_FRAUD_MONITORING.TRANSFORM.dim_fraud_rule f
        on r.RULE_ID = f.FRAUD_CODE
)



    select * from enriched


    ) as __dbt_sbq
    where false
    limit 0
[0m05:07:50.218837 [debug] [Thread-2 (]: Opening a new connection, currently in state init
[0m05:07:51.278427 [debug] [Thread-2 (]: SQL status: SUCCESS 0 in 1.060 seconds
[0m05:07:51.302994 [debug] [Thread-2 (]: Using snowflake connection "model.UPI_Fraud_Monitoring.gld_rule_result"
[0m05:07:51.304305 [debug] [Thread-2 (]: On model.UPI_Fraud_Monitoring.gld_rule_result: /* {"app": "dbt", "dbt_version": "1.9.4", "profile_name": "default", "target_name": "dev", "node_id": "model.UPI_Fraud_Monitoring.gld_rule_result"} */
/* {"app": "dbt", "dbt_version": "1.9.4", "profile_name": "default", "target_name": "dev", "node_id": "model.UPI_Fraud_Monitoring.gld_rule_result"} */
select * from (
        select
    
      
    cast(null as VARCHAR(100))
     as RULE_RESULT_ID, 
      
    cast(null as VARCHAR(20))
     as RULE_ID, 
      
    cast(null as VARCHAR(200))
     as RULE_NAME, 
      
    cast(null as VARCHAR(100))
     as TRANSACTION_ID, 
      
    cast(null as VARCHAR(50))
     as CUSTOMER_ID, 
      
    cast(null as VARCHAR(50))
     as ACCOUNT_ID, 
      
    cast(null as NUMBER(38,0))
     as RISK_SCORE, 
      
    cast(null as VARCHAR(20))
     as SEVERITY, 
      
    cast(null as VARCHAR(20))
     as RULE_STATUS, 
      
    cast(null as TIMESTAMP_NTZ)
     as DETECTED_TS, 
      
    cast(null as TIMESTAMP_NTZ)
     as CREATED_DATE_TIME, 
      
    cast(null as NUMBER(38,0))
     as CREATED_LOAD_ID
    ) as __dbt_sbq
    where false
    limit 0
[0m05:07:51.353873 [debug] [Thread-2 (]: SQL status: SUCCESS 0 in 0.048 seconds
[0m05:07:51.399288 [debug] [Thread-2 (]: Writing runtime sql for node "model.UPI_Fraud_Monitoring.gld_rule_result"
[0m05:07:51.403954 [debug] [Thread-2 (]: Using snowflake connection "model.UPI_Fraud_Monitoring.gld_rule_result"
[0m05:07:51.404905 [debug] [Thread-2 (]: On model.UPI_Fraud_Monitoring.gld_rule_result: /* {"app": "dbt", "dbt_version": "1.9.4", "profile_name": "default", "target_name": "dev", "node_id": "model.UPI_Fraud_Monitoring.gld_rule_result"} */
create or replace transient table UPI_FRAUD_MONITORING.ANALYTICS.gld_rule_result
          
  (
    RULE_RESULT_ID VARCHAR(100) not null,
    RULE_ID VARCHAR(20),
    RULE_NAME VARCHAR(200),
    TRANSACTION_ID VARCHAR(100),
    CUSTOMER_ID VARCHAR(50),
    ACCOUNT_ID VARCHAR(50),
    RISK_SCORE NUMBER(38,0),
    SEVERITY VARCHAR(20),
    RULE_STATUS VARCHAR(20),
    DETECTED_TS TIMESTAMP_NTZ,
    CREATED_DATE_TIME TIMESTAMP_NTZ,
    CREATED_LOAD_ID NUMBER(38,0)
    
    )

          
        
         as
        (
    select RULE_RESULT_ID, RULE_ID, RULE_NAME, TRANSACTION_ID, CUSTOMER_ID, ACCOUNT_ID, RISK_SCORE, SEVERITY, RULE_STATUS, DETECTED_TS, CREATED_DATE_TIME, CREATED_LOAD_ID
    from (
        

with result_set as (

    -- FR001: High Value UPI Transaction
    select
        TRANSACTION_ID, CUSTOMER_ID, ACCOUNT_ID,
        'FR001' as RULE_ID,
        90 as RISK_SCORE,
        'HIGH_VALUE_UPI' as SEVERITY,
        CREATED_DATE_TIME,
        CREATED_LOAD_ID
    from UPI_FRAUD_MONITORING.TRANSFORM.sl_transaction
    where UPDATED_DATE_TIME is null
      and TXN_AMOUNT > 100000

    union all

    -- FR002: Velocity Breach (>10 txns within 5 min window)
    select
        TRANSACTION_ID, CUSTOMER_ID, ACCOUNT_ID,
        'FR002' as RULE_ID,
        95 as RISK_SCORE,
        'VELOCITY' as SEVERITY,
        CREATED_DATE_TIME,
        CREATED_LOAD_ID
    from (
        select
            TRANSACTION_ID, CUSTOMER_ID, ACCOUNT_ID,
            CREATED_DATE_TIME, CREATED_LOAD_ID,
            count(*) over (
                partition by CUSTOMER_ID
                order by TXN_DATETIME
                range between interval '5 MINUTE' preceding and current row
            ) as CNT
        from UPI_FRAUD_MONITORING.TRANSFORM.sl_transaction
        where UPDATED_DATE_TIME is null
    )
    where CNT > 10

    union all

    -- FR005: New/Untrusted Device
    select
        T.TRANSACTION_ID, T.CUSTOMER_ID, T.ACCOUNT_ID,
        'FR005' as RULE_ID,
        80 as RISK_SCORE,
        'NEW_DEVICE' as SEVERITY,
        T.CREATED_DATE_TIME,
        T.CREATED_LOAD_ID
    from UPI_FRAUD_MONITORING.TRANSFORM.sl_transaction T
    join UPI_FRAUD_MONITORING.TRANSFORM.sl_device D
        on T.DEVICE_ID = D.DEVICE_ID
    where T.UPDATED_DATE_TIME is null
      and D.UPDATED_DATE_TIME is null
      and D.TRUSTED_FLAG = 'N'

    union all

    -- FR007: Blacklisted Beneficiary (watchlist match)
    select
        T.TRANSACTION_ID, T.CUSTOMER_ID, T.ACCOUNT_ID,
        'FR007' as RULE_ID,
        100 as RISK_SCORE,
        'BLACKLISTED_BENEFICIARY' as SEVERITY,
        T.CREATED_DATE_TIME,
        T.CREATED_LOAD_ID
    from UPI_FRAUD_MONITORING.TRANSFORM.sl_transaction T
    join UPI_FRAUD_MONITORING.TRANSFORM.sl_beneficiary B
        on T.BENEFICIARY_ID = B.BENEFICIARY_ID
    join UPI_FRAUD_MONITORING.TRANSFORM.sl_watchlist W
        on B.BENEFICIARY_NAME = W.ENTITY_NAME
    where T.UPDATED_DATE_TIME is null
      and B.UPDATED_DATE_TIME is null
      and W.UPDATED_DATE_TIME is null

),

enriched as (
    select
        cast(UUID_STRING() as VARCHAR(100)) as RULE_RESULT_ID,
        cast(r.RULE_ID as VARCHAR(20)) as RULE_ID,
        cast(f.FRAUD_NAME as VARCHAR(200)) as RULE_NAME,
        cast(r.TRANSACTION_ID as VARCHAR(100)) as TRANSACTION_ID,
        cast(r.CUSTOMER_ID as VARCHAR(50)) as CUSTOMER_ID,
        cast(r.ACCOUNT_ID as VARCHAR(50)) as ACCOUNT_ID,
        cast(r.RISK_SCORE as NUMBER) as RISK_SCORE,
        cast(r.SEVERITY as VARCHAR(20)) as SEVERITY,
        cast('ACTIVE' as VARCHAR(20)) as RULE_STATUS,
        CURRENT_TIMESTAMP()::TIMESTAMP_NTZ as DETECTED_TS,
        r.CREATED_DATE_TIME,
        r.CREATED_LOAD_ID
    from result_set r
    left join UPI_FRAUD_MONITORING.TRANSFORM.dim_fraud_rule f
        on r.RULE_ID = f.FRAUD_CODE
)



    select * from enriched


    ) as model_subq
        );
[0m05:07:51.977051 [debug] [Thread-2 (]: SQL status: SUCCESS 1 in 0.571 seconds
[0m05:07:51.989474 [debug] [Thread-2 (]: Applying DROP to: UPI_FRAUD_MONITORING.ANALYTICS.gld_rule_result__dbt_tmp
[0m05:07:52.006788 [debug] [Thread-2 (]: Using snowflake connection "model.UPI_Fraud_Monitoring.gld_rule_result"
[0m05:07:52.007471 [debug] [Thread-2 (]: On model.UPI_Fraud_Monitoring.gld_rule_result: /* {"app": "dbt", "dbt_version": "1.9.4", "profile_name": "default", "target_name": "dev", "node_id": "model.UPI_Fraud_Monitoring.gld_rule_result"} */
drop view if exists UPI_FRAUD_MONITORING.ANALYTICS.gld_rule_result__dbt_tmp cascade
[0m05:07:52.058670 [debug] [Thread-2 (]: SQL status: SUCCESS 1 in 0.050 seconds
[0m05:07:52.085030 [info ] [Thread-2 (]: 1 of 2 OK created sql incremental model ANALYTICS.gld_rule_result .............. [[32mSUCCESS 1[0m in 1.98s]
[0m05:07:52.085888 [debug] [Thread-2 (]: Finished running node model.UPI_Fraud_Monitoring.gld_rule_result
[0m05:07:52.087363 [debug] [Thread-4 (]: Began running node model.UPI_Fraud_Monitoring.gld_fraud_alert
[0m05:07:52.088267 [info ] [Thread-4 (]: 2 of 2 START sql incremental model ANALYTICS.gld_fraud_alert ................... [RUN]
[0m05:07:52.089142 [debug] [Thread-4 (]: Acquiring new snowflake connection 'model.UPI_Fraud_Monitoring.gld_fraud_alert'
[0m05:07:52.089688 [debug] [Thread-4 (]: Began compiling node model.UPI_Fraud_Monitoring.gld_fraud_alert
[0m05:07:52.095729 [debug] [Thread-4 (]: Writing injected SQL for node "model.UPI_Fraud_Monitoring.gld_fraud_alert"
[0m05:07:52.096639 [debug] [Thread-4 (]: Began executing node model.UPI_Fraud_Monitoring.gld_fraud_alert
[0m05:07:52.189150 [debug] [Thread-4 (]: Using snowflake connection "model.UPI_Fraud_Monitoring.gld_fraud_alert"
[0m05:07:52.190433 [debug] [Thread-4 (]: On model.UPI_Fraud_Monitoring.gld_fraud_alert: /* {"app": "dbt", "dbt_version": "1.9.4", "profile_name": "default", "target_name": "dev", "node_id": "model.UPI_Fraud_Monitoring.gld_fraud_alert"} */
/* {"app": "dbt", "dbt_version": "1.9.4", "profile_name": "default", "target_name": "dev", "node_id": "model.UPI_Fraud_Monitoring.gld_fraud_alert"} */
select * from (
        

with alerts as (
    select
        cast(UUID_STRING() as VARCHAR(100)) as ALERT_ID,
        cast(RULE_ID as VARCHAR(20)) as RULE_ID,
        cast(CUSTOMER_ID as VARCHAR(50)) as CUSTOMER_ID,
        cast(TRANSACTION_ID as VARCHAR(100)) as TRANSACTION_ID,
        cast(RISK_SCORE as NUMBER) as RISK_SCORE,
        cast(
            CASE
                WHEN RISK_SCORE >= 95 THEN 'CRITICAL'
                WHEN RISK_SCORE >= 85 THEN 'HIGH'
                WHEN RISK_SCORE >= 70 THEN 'MEDIUM'
                ELSE 'LOW'
            END as VARCHAR(20)
        ) as SEVERITY,
        cast('OPEN' as VARCHAR(30)) as ALERT_STATUS,
        CREATED_DATE_TIME,
        CREATED_LOAD_ID
    from UPI_FRAUD_MONITORING.ANALYTICS.gld_rule_result
)



    select * from alerts


    ) as __dbt_sbq
    where false
    limit 0
[0m05:07:52.191871 [debug] [Thread-4 (]: Opening a new connection, currently in state init
[0m05:07:52.580795 [debug] [Thread-4 (]: SQL status: SUCCESS 0 in 0.389 seconds
[0m05:07:52.587516 [debug] [Thread-4 (]: Using snowflake connection "model.UPI_Fraud_Monitoring.gld_fraud_alert"
[0m05:07:52.589002 [debug] [Thread-4 (]: On model.UPI_Fraud_Monitoring.gld_fraud_alert: /* {"app": "dbt", "dbt_version": "1.9.4", "profile_name": "default", "target_name": "dev", "node_id": "model.UPI_Fraud_Monitoring.gld_fraud_alert"} */
/* {"app": "dbt", "dbt_version": "1.9.4", "profile_name": "default", "target_name": "dev", "node_id": "model.UPI_Fraud_Monitoring.gld_fraud_alert"} */
select * from (
        select
    
      
    cast(null as VARCHAR(100))
     as ALERT_ID, 
      
    cast(null as VARCHAR(20))
     as RULE_ID, 
      
    cast(null as VARCHAR(50))
     as CUSTOMER_ID, 
      
    cast(null as VARCHAR(100))
     as TRANSACTION_ID, 
      
    cast(null as NUMBER(38,0))
     as RISK_SCORE, 
      
    cast(null as VARCHAR(20))
     as SEVERITY, 
      
    cast(null as VARCHAR(30))
     as ALERT_STATUS, 
      
    cast(null as TIMESTAMP_NTZ)
     as CREATED_DATE_TIME, 
      
    cast(null as NUMBER(38,0))
     as CREATED_LOAD_ID
    ) as __dbt_sbq
    where false
    limit 0
[0m05:07:52.634649 [debug] [Thread-4 (]: SQL status: SUCCESS 0 in 0.044 seconds
[0m05:07:52.637736 [debug] [Thread-4 (]: Writing runtime sql for node "model.UPI_Fraud_Monitoring.gld_fraud_alert"
[0m05:07:52.640234 [debug] [Thread-4 (]: Using snowflake connection "model.UPI_Fraud_Monitoring.gld_fraud_alert"
[0m05:07:52.641030 [debug] [Thread-4 (]: On model.UPI_Fraud_Monitoring.gld_fraud_alert: /* {"app": "dbt", "dbt_version": "1.9.4", "profile_name": "default", "target_name": "dev", "node_id": "model.UPI_Fraud_Monitoring.gld_fraud_alert"} */
create or replace transient table UPI_FRAUD_MONITORING.ANALYTICS.gld_fraud_alert
          
  (
    ALERT_ID VARCHAR(100) not null,
    RULE_ID VARCHAR(20),
    CUSTOMER_ID VARCHAR(50),
    TRANSACTION_ID VARCHAR(100),
    RISK_SCORE NUMBER(38,0),
    SEVERITY VARCHAR(20),
    ALERT_STATUS VARCHAR(30),
    CREATED_DATE_TIME TIMESTAMP_NTZ,
    CREATED_LOAD_ID NUMBER(38,0)
    
    )

          
        
         as
        (
    select ALERT_ID, RULE_ID, CUSTOMER_ID, TRANSACTION_ID, RISK_SCORE, SEVERITY, ALERT_STATUS, CREATED_DATE_TIME, CREATED_LOAD_ID
    from (
        

with alerts as (
    select
        cast(UUID_STRING() as VARCHAR(100)) as ALERT_ID,
        cast(RULE_ID as VARCHAR(20)) as RULE_ID,
        cast(CUSTOMER_ID as VARCHAR(50)) as CUSTOMER_ID,
        cast(TRANSACTION_ID as VARCHAR(100)) as TRANSACTION_ID,
        cast(RISK_SCORE as NUMBER) as RISK_SCORE,
        cast(
            CASE
                WHEN RISK_SCORE >= 95 THEN 'CRITICAL'
                WHEN RISK_SCORE >= 85 THEN 'HIGH'
                WHEN RISK_SCORE >= 70 THEN 'MEDIUM'
                ELSE 'LOW'
            END as VARCHAR(20)
        ) as SEVERITY,
        cast('OPEN' as VARCHAR(30)) as ALERT_STATUS,
        CREATED_DATE_TIME,
        CREATED_LOAD_ID
    from UPI_FRAUD_MONITORING.ANALYTICS.gld_rule_result
)



    select * from alerts


    ) as model_subq
        );
[0m05:07:53.112491 [debug] [Thread-4 (]: SQL status: SUCCESS 1 in 0.471 seconds
[0m05:07:53.117739 [debug] [Thread-4 (]: Applying DROP to: UPI_FRAUD_MONITORING.ANALYTICS.gld_fraud_alert__dbt_tmp
[0m05:07:53.119114 [debug] [Thread-4 (]: Using snowflake connection "model.UPI_Fraud_Monitoring.gld_fraud_alert"
[0m05:07:53.119713 [debug] [Thread-4 (]: On model.UPI_Fraud_Monitoring.gld_fraud_alert: /* {"app": "dbt", "dbt_version": "1.9.4", "profile_name": "default", "target_name": "dev", "node_id": "model.UPI_Fraud_Monitoring.gld_fraud_alert"} */
drop view if exists UPI_FRAUD_MONITORING.ANALYTICS.gld_fraud_alert__dbt_tmp cascade
[0m05:07:53.170948 [debug] [Thread-4 (]: SQL status: SUCCESS 1 in 0.051 seconds
[0m05:07:53.174219 [info ] [Thread-4 (]: 2 of 2 OK created sql incremental model ANALYTICS.gld_fraud_alert .............. [[32mSUCCESS 1[0m in 1.08s]
[0m05:07:53.175062 [debug] [Thread-4 (]: Finished running node model.UPI_Fraud_Monitoring.gld_fraud_alert
[0m05:07:53.178743 [debug] [Dummy-1   ]: Connection 'master' was properly closed.
[0m05:07:53.179349 [debug] [Dummy-1   ]: Connection 'model.UPI_Fraud_Monitoring.gld_rule_result' was properly closed.
[0m05:07:53.179812 [debug] [Dummy-1   ]: Connection 'list_UPI_FRAUD_MONITORING_ANALYTICS' was properly closed.
[0m05:07:53.180235 [debug] [Dummy-1   ]: Connection 'model.UPI_Fraud_Monitoring.gld_fraud_alert' was properly closed.
[0m05:07:53.180909 [info ] [Dummy-1   ]: 
[0m05:07:53.181451 [info ] [Dummy-1   ]: Finished running 2 incremental models in 0 hours 0 minutes and 4.08 seconds (4.08s).
[0m05:07:53.182394 [debug] [Dummy-1   ]: Command end result
[0m05:07:53.221553 [debug] [Dummy-1   ]: Wrote artifact WritableManifest to /tmp/dbt/target/manifest.json
[0m05:07:53.223876 [debug] [Dummy-1   ]: Wrote artifact SemanticManifest to /tmp/dbt/target/semantic_manifest.json
[0m05:07:53.230123 [debug] [Dummy-1   ]: Wrote artifact RunExecutionResult to /tmp/dbt/target/run_results.json
[0m05:07:53.230642 [info ] [Dummy-1   ]: 
[0m05:07:53.231256 [info ] [Dummy-1   ]: [32mCompleted successfully[0m
[0m05:07:53.231723 [info ] [Dummy-1   ]: 
[0m05:07:53.232217 [info ] [Dummy-1   ]: Done. PASS=2 WARN=0 ERROR=0 SKIP=0 TOTAL=2
[0m05:07:53.234134 [debug] [Dummy-1   ]: Resource report: {"command_name": "run", "command_success": true, "command_wall_clock_time": 5.959012, "process_in_blocks": "0", "process_kernel_time": 0.91, "process_mem_max_rss": "456132", "process_out_blocks": "0", "process_user_time": 4.91}
[0m05:07:53.234781 [debug] [Dummy-1   ]: Command `cli run` succeeded at 05:07:53.234523 after 5.96 seconds
[0m05:07:53.235339 [debug] [Dummy-1   ]: Flushing usage events
